Frame,Centroid_X,Centroid_Y,Movement_X (dX),Movement_Y (dY),Movement (pixels),Original_FPS,Playback_FPS,Actual_Playback_Time_s,Actual_FPS,Actual_Slowdown_Factor
0,473,251,0,0,0,131.49452966588623,30,111.0849769115448,30,4.383150988862875
1,472,251,-1,0,1.0,131.49452966588623,30,111.0849769115448,30,4.383150988862875
2,472,251,0,0,0.0,131.49452966588623,30,111.0849769115448,30,4.383150988862875
3,472,251,0,0,0.0,131.49452966588623,30,111.0849769115448,30,4.383150988862875
4,472,251,0,0,0.0,131.49452966588623,30,111.0849769115448,30,4.383150988862875
5,473,251,1,0,1.0,131.49452966588623,30,111.0849769115448,30,4.383150988862875
6,472,251,-1,0,1.0,131.49452966588623,30,111.0849769115448,30,4.383150988862875
7,473,251,1,0,1.0,131.49452966588623,30,111.0849769115448,30,4.383150988862875
8,472,251,-1,0,1.0,131.49452966588623,30,111.0849769115448,30,4.383150988862875
9,472,251,0,0,0.0,131.49452966588623,30,111.0849769115448,30,4.383150988862875
10,472,251,0,0,0.0,131.49452966588623,30,111.0849769115448,30,4.383150988862875
11,472,251,0,0,0.0,131.49452966588623,30,111.0849769115448,30,4.383150988862875
12,472,251,0,0,0.0,131.49452966588623,30,111.0849769115448,30,4.383150988862875
13,472,251,0,0,0.0,131.49452966588623,30,111.0849769115448,30,4.383150988862875
14,472,251,0,0,0.0,131.49452966588623,30,111.0849769115448,30,4.383150988862875
15,472,251,0,0,0.0,131.49452966588623,30,111.0849769115448,30,4.383150988862875
16,472,251,0,0,0.0,131.49452966588623,30,111.0849769115448,30,4.383150988862875
17,472,251,0,0,0.0,131.49452966588623,30,111.0849769115448,30,4.383150988862875
18,473,251,1,0,1.0,131.49452966588623,30,111.0849769115448,30,4.383150988862875
19,472,251,-1,0,1.0,131.49452966588623,30,111.0849769115448,30,4.383150988862875
20,472,251,0,0,0.0,131.49452966588623,30,111.0849769115448,30,4.383150988862875
21,472,251,0,0,0.0,131.49452966588623,30,111.0849769115448,30,4.383150988862875
22,472,251,0,0,0.0,131.49452966588623,30,111.0849769115448,30,4.383150988862875
23,472,251,0,0,0.0,131.49452966588623,30,111.0849769115448,30,4.383150988862875
24,472,251,0,0,0.0,131.49452966588623,30,111.0849769115448,30,4.383150988862875
25,472,251,0,0,0.0,131.49452966588623,30,111.0849769115448,30,4.383150988862875
26,472,251,0,0,0.0,131.49452966588623,30,111.0849769115448,30,4.383150988862875
27,473,251,1,0,1.0,131.49452966588623,30,111.0849769115448,30,4.383150988862875
28,472,251,-1,0,1.0,131.49452966588623,30,111.0849769115448,30,4.383150988862875
29,472,251,0,0,0.0,131.49452966588623,30,111.0849769115448,30,4.383150988862875
30,472,251,0,0,0.0,131.49452966588623,30,111.0849769115448,30,4.383150988862875
31,472,251,0,0,0.0,131.49452966588623,30,111.0849769115448,30,4.383150988862875
32,472,251,0,0,0.0,131.49452966588623,30,111.0849769115448,30,4.383150988862875
33,473,251,1,0,1.0,131.49452966588623,30,111.0849769115448,30,4.383150988862875
34,472,251,-1,0,1.0,131.49452966588623,30,111.0849769115448,30,4.383150988862875
35,472,251,0,0,0.0,131.49452966588623,30,111.0849769115448,30,4.383150988862875
36,472,251,0,0,0.0,131.49452966588623,30,111.0849769115448,30,4.383150988862875
37,472,251,0,0,0.0,131.49452966588623,30,111.0849769115448,30,4.383150988862875
38,472,251,0,0,0.0,131.49452966588623,30,111.0849769115448,30,4.383150988862875
39,472,251,0,0,0.0,131.49452966588623,30,111.0849769115448,30,4.383150988862875
40,472,251,0,0,0.0,131.49452966588623,30,111.0849769115448,30,4.383150988862875
41,472,251,0,0,0.0,131.49452966588623,30,111.0849769115448,30,4.383150988862875
42,472,251,0,0,0.0,131.49452966588623,30,111.0849769115448,30,4.383150988862875
43,472,251,0,0,0.0,131.49452966588623,30,111.0849769115448,30,4.383150988862875
44,472,251,0,0,0.0,131.49452966588623,30,111.0849769115448,30,4.383150988862875
45,472,251,0,0,0.0,131.49452966588623,30,111.0849769115448,30,4.383150988862875
46,472,251,0,0,0.0,131.49452966588623,30,111.0849769115448,30,4.383150988862875
47,472,251,0,0,0.0,131.49452966588623,30,111.0849769115448,30,4.383150988862875
48,472,251,0,0,0.0,131.49452966588623,30,111.0849769115448,30,4.383150988862875
49,472,251,0,0,0.0,131.49452966588623,30,111.0849769115448,30,4.383150988862875
50,472,251,0,0,0.0,131.49452966588623,30,111.0849769115448,30,4.383150988862875
51,472,251,0,0,0.0,131.49452966588623,30,111.0849769115448,30,4.383150988862875
52,473,251,1,0,1.0,131.49452966588623,30,111.0849769115448,30,4.383150988862875
53,472,251,-1,0,1.0,131.49452966588623,30,111.0849769115448,30,4.383150988862875
54,472,251,0,0,0.0,131.49452966588623,30,111.0849769115448,30,4.383150988862875
55,472,251,0,0,0.0,131.49452966588623,30,111.0849769115448,30,4.383150988862875
56,472,251,0,0,0.0,131.49452966588623,30,111.0849769115448,30,4.383150988862875
57,472,251,0,0,0.0,131.49452966588623,30,111.0849769115448,30,4.383150988862875
58,472,251,0,0,0.0,131.49452966588623,30,111.0849769115448,30,4.383150988862875
59,473,251,1,0,1.0,131.49452966588623,30,111.0849769115448,30,4.383150988862875
60,472,251,-1,0,1.0,131.49452966588623,30,111.0849769115448,30,4.383150988862875
61,473,251,1,0,1.0,131.49452966588623,30,111.0849769115448,30,4.383150988862875
62,472,251,-1,0,1.0,131.49452966588623,30,111.0849769115448,30,4.383150988862875
63,472,251,0,0,0.0,131.49452966588623,30,111.0849769115448,30,4.383150988862875
64,472,251,0,0,0.0,131.49452966588623,30,111.0849769115448,30,4.383150988862875
65,473,251,1,0,1.0,131.49452966588623,30,111.0849769115448,30,4.383150988862875
66,472,251,-1,0,1.0,131.49452966588623,30,111.0849769115448,30,4.383150988862875
67,472,251,0,0,0.0,131.49452966588623,30,111.0849769115448,30,4.383150988862875
68,472,251,0,0,0.0,131.49452966588623,30,111.0849769115448,30,4.383150988862875
69,473,251,1,0,1.0,131.49452966588623,30,111.0849769115448,30,4.383150988862875
70,472,251,-1,0,1.0,131.49452966588623,30,111.0849769115448,30,4.383150988862875
71,472,251,0,0,0.0,131.49452966588623,30,111.0849769115448,30,4.383150988862875
72,472,251,0,0,0.0,131.49452966588623,30,111.0849769115448,30,4.383150988862875
73,472,251,0,0,0.0,131.49452966588623,30,111.0849769115448,30,4.383150988862875
74,472,251,0,0,0.0,131.49452966588623,30,111.0849769115448,30,4.383150988862875
75,473,251,1,0,1.0,131.49452966588623,30,111.0849769115448,30,4.383150988862875
76,472,251,-1,0,1.0,131.49452966588623,30,111.0849769115448,30,4.383150988862875
77,472,251,0,0,0.0,131.49452966588623,30,111.0849769115448,30,4.383150988862875
78,472,251,0,0,0.0,131.49452966588623,30,111.0849769115448,30,4.383150988862875
79,472,251,0,0,0.0,131.49452966588623,30,111.0849769115448,30,4.383150988862875
80,472,251,0,0,0.0,131.49452966588623,30,111.0849769115448,30,4.383150988862875
81,472,251,0,0,0.0,131.49452966588623,30,111.0849769115448,30,4.383150988862875
82,472,251,0,0,0.0,131.49452966588623,30,111.0849769115448,30,4.383150988862875
83,472,251,0,0,0.0,131.49452966588623,30,111.0849769115448,30,4.383150988862875
84,472,251,0,0,0.0,131.49452966588623,30,111.0849769115448,30,4.383150988862875
85,472,251,0,0,0.0,131.49452966588623,30,111.0849769115448,30,4.383150988862875
86,472,251,0,0,0.0,131.49452966588623,30,111.0849769115448,30,4.383150988862875
87,472,251,0,0,0.0,131.49452966588623,30,111.0849769115448,30,4.383150988862875
88,472,251,0,0,0.0,131.49452966588623,30,111.0849769115448,30,4.383150988862875
89,472,251,0,0,0.0,131.49452966588623,30,111.0849769115448,30,4.383150988862875
90,472,251,0,0,0.0,131.49452966588623,30,111.0849769115448,30,4.383150988862875
91,472,251,0,0,0.0,131.49452966588623,30,111.0849769115448,30,4.383150988862875
92,472,251,0,0,0.0,131.49452966588623,30,111.0849769115448,30,4.383150988862875
93,472,251,0,0,0.0,131.49452966588623,30,111.0849769115448,30,4.383150988862875
94,472,251,0,0,0.0,131.49452966588623,30,111.0849769115448,30,4.383150988862875
95,472,251,0,0,0.0,131.49452966588623,30,111.0849769115448,30,4.383150988862875
96,472,251,0,0,0.0,131.49452966588623,30,111.0849769115448,30,4.383150988862875
97,472,251,0,0,0.0,131.49452966588623,30,111.0849769115448,30,4.383150988862875
98,473,250,1,-1,1.4142135623730951,131.49452966588623,30,111.0849769115448,30,4.383150988862875
99,472,251,-1,1,1.4142135623730951,131.49452966588623,30,111.0849769115448,30,4.383150988862875
100,472,250,0,-1,1.0,131.49452966588623,30,111.0849769115448,30,4.383150988862875
101,472,251,0,1,1.0,131.49452966588623,30,111.0849769115448,30,4.383150988862875
102,472,251,0,0,0.0,131.49452966588623,30,111.0849769115448,30,4.383150988862875
103,472,251,0,0,0.0,131.49452966588623,30,111.0849769115448,30,4.383150988862875
104,472,251,0,0,0.0,131.49452966588623,30,111.0849769115448,30,4.383150988862875
105,472,251,0,0,0.0,131.49452966588623,30,111.0849769115448,30,4.383150988862875
106,472,251,0,0,0.0,131.49452966588623,30,111.0849769115448,30,4.383150988862875
107,472,251,0,0,0.0,131.49452966588623,30,111.0849769115448,30,4.383150988862875
108,472,251,0,0,0.0,131.49452966588623,30,111.0849769115448,30,4.383150988862875
109,472,251,0,0,0.0,131.49452966588623,30,111.0849769115448,30,4.383150988862875
110,472,251,0,0,0.0,131.49452966588623,30,111.0849769115448,30,4.383150988862875
111,472,251,0,0,0.0,131.49452966588623,30,111.0849769115448,30,4.383150988862875
112,472,251,0,0,0.0,131.49452966588623,30,111.0849769115448,30,4.383150988862875
113,472,251,0,0,0.0,131.49452966588623,30,111.0849769115448,30,4.383150988862875
114,472,251,0,0,0.0,131.49452966588623,30,111.0849769115448,30,4.383150988862875
115,472,251,0,0,0.0,131.49452966588623,30,111.0849769115448,30,4.383150988862875
116,472,251,0,0,0.0,131.49452966588623,30,111.0849769115448,30,4.383150988862875
117,472,251,0,0,0.0,131.49452966588623,30,111.0849769115448,30,4.383150988862875
118,472,251,0,0,0.0,131.49452966588623,30,111.0849769115448,30,4.383150988862875
119,472,251,0,0,0.0,131.49452966588623,30,111.0849769115448,30,4.383150988862875
120,472,251,0,0,0.0,131.49452966588623,30,111.0849769115448,30,4.383150988862875
121,472,251,0,0,0.0,131.49452966588623,30,111.0849769115448,30,4.383150988862875
122,472,251,0,0,0.0,131.49452966588623,30,111.0849769115448,30,4.383150988862875
123,472,251,0,0,0.0,131.49452966588623,30,111.0849769115448,30,4.383150988862875
124,472,251,0,0,0.0,131.49452966588623,30,111.0849769115448,30,4.383150988862875
125,472,251,0,0,0.0,131.49452966588623,30,111.0849769115448,30,4.383150988862875
126,472,251,0,0,0.0,131.49452966588623,30,111.0849769115448,30,4.383150988862875
127,472,251,0,0,0.0,131.49452966588623,30,111.0849769115448,30,4.383150988862875
128,472,251,0,0,0.0,131.49452966588623,30,111.0849769115448,30,4.383150988862875
129,472,251,0,0,0.0,131.49452966588623,30,111.0849769115448,30,4.383150988862875
130,472,251,0,0,0.0,131.49452966588623,30,111.0849769115448,30,4.383150988862875
131,472,251,0,0,0.0,131.49452966588623,30,111.0849769115448,30,4.383150988862875
132,472,251,0,0,0.0,131.49452966588623,30,111.0849769115448,30,4.383150988862875
133,472,251,0,0,0.0,131.49452966588623,30,111.0849769115448,30,4.383150988862875
134,472,251,0,0,0.0,131.49452966588623,30,111.0849769115448,30,4.383150988862875
135,472,251,0,0,0.0,131.49452966588623,30,111.0849769115448,30,4.383150988862875
136,472,251,0,0,0.0,131.49452966588623,30,111.0849769115448,30,4.383150988862875
137,472,251,0,0,0.0,131.49452966588623,30,111.0849769115448,30,4.383150988862875
138,472,251,0,0,0.0,131.49452966588623,30,111.0849769115448,30,4.383150988862875
139,472,251,0,0,0.0,131.49452966588623,30,111.0849769115448,30,4.383150988862875
140,472,251,0,0,0.0,131.49452966588623,30,111.0849769115448,30,4.383150988862875
141,472,251,0,0,0.0,131.49452966588623,30,111.0849769115448,30,4.383150988862875
142,472,251,0,0,0.0,131.49452966588623,30,111.0849769115448,30,4.383150988862875
143,472,251,0,0,0.0,131.49452966588623,30,111.0849769115448,30,4.383150988862875
144,472,251,0,0,0.0,131.49452966588623,30,111.0849769115448,30,4.383150988862875
145,472,251,0,0,0.0,131.49452966588623,30,111.0849769115448,30,4.383150988862875
146,472,251,0,0,0.0,131.49452966588623,30,111.0849769115448,30,4.383150988862875
147,472,251,0,0,0.0,131.49452966588623,30,111.0849769115448,30,4.383150988862875
148,472,251,0,0,0.0,131.49452966588623,30,111.0849769115448,30,4.383150988862875
149,472,251,0,0,0.0,131.49452966588623,30,111.0849769115448,30,4.383150988862875
150,472,251,0,0,0.0,131.49452966588623,30,111.0849769115448,30,4.383150988862875
151,472,251,0,0,0.0,131.49452966588623,30,111.0849769115448,30,4.383150988862875
152,472,251,0,0,0.0,131.49452966588623,30,111.0849769115448,30,4.383150988862875
153,472,251,0,0,0.0,131.49452966588623,30,111.0849769115448,30,4.383150988862875
154,472,251,0,0,0.0,131.49452966588623,30,111.0849769115448,30,4.383150988862875
155,472,251,0,0,0.0,131.49452966588623,30,111.0849769115448,30,4.383150988862875
156,472,251,0,0,0.0,131.49452966588623,30,111.0849769115448,30,4.383150988862875
157,472,251,0,0,0.0,131.49452966588623,30,111.0849769115448,30,4.383150988862875
158,472,251,0,0,0.0,131.49452966588623,30,111.0849769115448,30,4.383150988862875
159,472,251,0,0,0.0,131.49452966588623,30,111.0849769115448,30,4.383150988862875
160,472,251,0,0,0.0,131.49452966588623,30,111.0849769115448,30,4.383150988862875
161,472,251,0,0,0.0,131.49452966588623,30,111.0849769115448,30,4.383150988862875
162,472,251,0,0,0.0,131.49452966588623,30,111.0849769115448,30,4.383150988862875
163,472,251,0,0,0.0,131.49452966588623,30,111.0849769115448,30,4.383150988862875
164,472,251,0,0,0.0,131.49452966588623,30,111.0849769115448,30,4.383150988862875
165,472,251,0,0,0.0,131.49452966588623,30,111.0849769115448,30,4.383150988862875
166,472,251,0,0,0.0,131.49452966588623,30,111.0849769115448,30,4.383150988862875
167,472,251,0,0,0.0,131.49452966588623,30,111.0849769115448,30,4.383150988862875
168,472,251,0,0,0.0,131.49452966588623,30,111.0849769115448,30,4.383150988862875
169,472,251,0,0,0.0,131.49452966588623,30,111.0849769115448,30,4.383150988862875
170,472,251,0,0,0.0,131.49452966588623,30,111.0849769115448,30,4.383150988862875
171,472,251,0,0,0.0,131.49452966588623,30,111.0849769115448,30,4.383150988862875
172,472,251,0,0,0.0,131.49452966588623,30,111.0849769115448,30,4.383150988862875
173,472,251,0,0,0.0,131.49452966588623,30,111.0849769115448,30,4.383150988862875
174,472,251,0,0,0.0,131.49452966588623,30,111.0849769115448,30,4.383150988862875
175,472,251,0,0,0.0,131.49452966588623,30,111.0849769115448,30,4.383150988862875
176,472,251,0,0,0.0,131.49452966588623,30,111.0849769115448,30,4.383150988862875
177,472,251,0,0,0.0,131.49452966588623,30,111.0849769115448,30,4.383150988862875
178,472,251,0,0,0.0,131.49452966588623,30,111.0849769115448,30,4.383150988862875
179,472,251,0,0,0.0,131.49452966588623,30,111.0849769115448,30,4.383150988862875
180,472,251,0,0,0.0,131.49452966588623,30,111.0849769115448,30,4.383150988862875
181,472,251,0,0,0.0,131.49452966588623,30,111.0849769115448,30,4.383150988862875
182,472,251,0,0,0.0,131.49452966588623,30,111.0849769115448,30,4.383150988862875
183,472,251,0,0,0.0,131.49452966588623,30,111.0849769115448,30,4.383150988862875
184,472,251,0,0,0.0,131.49452966588623,30,111.0849769115448,30,4.383150988862875
185,472,251,0,0,0.0,131.49452966588623,30,111.0849769115448,30,4.383150988862875
186,472,251,0,0,0.0,131.49452966588623,30,111.0849769115448,30,4.383150988862875
187,472,251,0,0,0.0,131.49452966588623,30,111.0849769115448,30,4.383150988862875
188,472,251,0,0,0.0,131.49452966588623,30,111.0849769115448,30,4.383150988862875
189,472,251,0,0,0.0,131.49452966588623,30,111.0849769115448,30,4.383150988862875
190,472,251,0,0,0.0,131.49452966588623,30,111.0849769115448,30,4.383150988862875
191,472,251,0,0,0.0,131.49452966588623,30,111.0849769115448,30,4.383150988862875
192,472,251,0,0,0.0,131.49452966588623,30,111.0849769115448,30,4.383150988862875
193,472,251,0,0,0.0,131.49452966588623,30,111.0849769115448,30,4.383150988862875
194,472,251,0,0,0.0,131.49452966588623,30,111.0849769115448,30,4.383150988862875
195,472,251,0,0,0.0,131.49452966588623,30,111.0849769115448,30,4.383150988862875
196,472,251,0,0,0.0,131.49452966588623,30,111.0849769115448,30,4.383150988862875
197,472,251,0,0,0.0,131.49452966588623,30,111.0849769115448,30,4.383150988862875
198,472,251,0,0,0.0,131.49452966588623,30,111.0849769115448,30,4.383150988862875
199,472,251,0,0,0.0,131.49452966588623,30,111.0849769115448,30,4.383150988862875
200,472,251,0,0,0.0,131.49452966588623,30,111.0849769115448,30,4.383150988862875
201,472,251,0,0,0.0,131.49452966588623,30,111.0849769115448,30,4.383150988862875
202,472,251,0,0,0.0,131.49452966588623,30,111.0849769115448,30,4.383150988862875
203,472,251,0,0,0.0,131.49452966588623,30,111.0849769115448,30,4.383150988862875
204,472,251,0,0,0.0,131.49452966588623,30,111.0849769115448,30,4.383150988862875
205,472,251,0,0,0.0,131.49452966588623,30,111.0849769115448,30,4.383150988862875
206,472,251,0,0,0.0,131.49452966588623,30,111.0849769115448,30,4.383150988862875
207,472,251,0,0,0.0,131.49452966588623,30,111.0849769115448,30,4.383150988862875
208,472,251,0,0,0.0,131.49452966588623,30,111.0849769115448,30,4.383150988862875
209,472,251,0,0,0.0,131.49452966588623,30,111.0849769115448,30,4.383150988862875
210,472,251,0,0,0.0,131.49452966588623,30,111.0849769115448,30,4.383150988862875
211,472,251,0,0,0.0,131.49452966588623,30,111.0849769115448,30,4.383150988862875
212,472,251,0,0,0.0,131.49452966588623,30,111.0849769115448,30,4.383150988862875
213,472,251,0,0,0.0,131.49452966588623,30,111.0849769115448,30,4.383150988862875
214,472,251,0,0,0.0,131.49452966588623,30,111.0849769115448,30,4.383150988862875
215,472,251,0,0,0.0,131.49452966588623,30,111.0849769115448,30,4.383150988862875
216,472,251,0,0,0.0,131.49452966588623,30,111.0849769115448,30,4.383150988862875
217,472,251,0,0,0.0,131.49452966588623,30,111.0849769115448,30,4.383150988862875
218,472,251,0,0,0.0,131.49452966588623,30,111.0849769115448,30,4.383150988862875
219,472,251,0,0,0.0,131.49452966588623,30,111.0849769115448,30,4.383150988862875
220,472,251,0,0,0.0,131.49452966588623,30,111.0849769115448,30,4.383150988862875
221,472,251,0,0,0.0,131.49452966588623,30,111.0849769115448,30,4.383150988862875
222,472,251,0,0,0.0,131.49452966588623,30,111.0849769115448,30,4.383150988862875
223,472,251,0,0,0.0,131.49452966588623,30,111.0849769115448,30,4.383150988862875
224,472,251,0,0,0.0,131.49452966588623,30,111.0849769115448,30,4.383150988862875
225,472,251,0,0,0.0,131.49452966588623,30,111.0849769115448,30,4.383150988862875
226,472,251,0,0,0.0,131.49452966588623,30,111.0849769115448,30,4.383150988862875
227,472,251,0,0,0.0,131.49452966588623,30,111.0849769115448,30,4.383150988862875
228,472,251,0,0,0.0,131.49452966588623,30,111.0849769115448,30,4.383150988862875
229,472,251,0,0,0.0,131.49452966588623,30,111.0849769115448,30,4.383150988862875
230,472,251,0,0,0.0,131.49452966588623,30,111.0849769115448,30,4.383150988862875
231,472,251,0,0,0.0,131.49452966588623,30,111.0849769115448,30,4.383150988862875
232,472,251,0,0,0.0,131.49452966588623,30,111.0849769115448,30,4.383150988862875
233,472,251,0,0,0.0,131.49452966588623,30,111.0849769115448,30,4.383150988862875
234,472,251,0,0,0.0,131.49452966588623,30,111.0849769115448,30,4.383150988862875
235,472,251,0,0,0.0,131.49452966588623,30,111.0849769115448,30,4.383150988862875
236,472,251,0,0,0.0,131.49452966588623,30,111.0849769115448,30,4.383150988862875
237,472,250,0,-1,1.0,131.49452966588623,30,111.0849769115448,30,4.383150988862875
238,472,257,0,7,7.0,131.49452966588623,30,111.0849769115448,30,4.383150988862875
239,473,256,1,-1,1.4142135623730951,131.49452966588623,30,111.0849769115448,30,4.383150988862875
240,471,251,-2,-5,5.385164807134504,131.49452966588623,30,111.0849769115448,30,4.383150988862875
241,472,255,1,4,4.123105625617661,131.49452966588623,30,111.0849769115448,30,4.383150988862875
242,470,257,-2,2,2.8284271247461903,131.49452966588623,30,111.0849769115448,30,4.383150988862875
243,470,253,0,-4,4.0,131.49452966588623,30,111.0849769115448,30,4.383150988862875
244,468,253,-2,0,2.0,131.49452966588623,30,111.0849769115448,30,4.383150988862875
245,469,257,1,4,4.123105625617661,131.49452966588623,30,111.0849769115448,30,4.383150988862875
246,468,255,-1,-2,2.23606797749979,131.49452966588623,30,111.0849769115448,30,4.383150988862875
247,467,252,-1,-3,3.1622776601683795,131.49452966588623,30,111.0849769115448,30,4.383150988862875
248,467,255,0,3,3.0,131.49452966588623,30,111.0849769115448,30,4.383150988862875
249,466,256,-1,1,1.4142135623730951,131.49452966588623,30,111.0849769115448,30,4.383150988862875
250,465,253,-1,-3,3.1622776601683795,131.49452966588623,30,111.0849769115448,30,4.383150988862875
251,464,254,-1,1,1.4142135623730951,131.49452966588623,30,111.0849769115448,30,4.383150988862875
252,464,257,0,3,3.0,131.49452966588623,30,111.0849769115448,30,4.383150988862875
253,463,255,-1,-2,2.23606797749979,131.49452966588623,30,111.0849769115448,30,4.383150988862875
254,462,253,-1,-2,2.23606797749979,131.49452966588623,30,111.0849769115448,30,4.383150988862875
255,462,256,0,3,3.0,131.49452966588623,30,111.0849769115448,30,4.383150988862875
256,461,256,-1,0,1.0,131.49452966588623,30,111.0849769115448,30,4.383150988862875
257,460,253,-1,-3,3.1622776601683795,131.49452966588623,30,111.0849769115448,30,4.383150988862875
258,460,255,0,2,2.0,131.49452966588623,30,111.0849769115448,30,4.383150988862875
259,459,256,-1,1,1.4142135623730951,131.49452966588623,30,111.0849769115448,30,4.383150988862875
260,458,254,-1,-2,2.23606797749979,131.49452966588623,30,111.0849769115448,30,4.383150988862875
261,458,254,0,0,0.0,131.49452966588623,30,111.0849769115448,30,4.383150988862875
262,457,256,-1,2,2.23606797749979,131.49452966588623,30,111.0849769115448,30,4.383150988862875
263,456,256,-1,0,1.0,131.49452966588623,30,111.0849769115448,30,4.383150988862875
264,455,254,-1,-2,2.23606797749979,131.49452966588623,30,111.0849769115448,30,4.383150988862875
265,455,255,0,1,1.0,131.49452966588623,30,111.0849769115448,30,4.383150988862875
266,454,256,-1,1,1.4142135623730951,131.49452966588623,30,111.0849769115448,30,4.383150988862875
267,453,255,-1,-1,1.4142135623730951,131.49452966588623,30,111.0849769115448,30,4.383150988862875
268,453,255,0,0,0.0,131.49452966588623,30,111.0849769115448,30,4.383150988862875
269,452,256,-1,1,1.4142135623730951,131.49452966588623,30,111.0849769115448,30,4.383150988862875
270,451,255,-1,-1,1.4142135623730951,131.49452966588623,30,111.0849769115448,30,4.383150988862875
271,450,254,-1,-1,1.4142135623730951,131.49452966588623,30,111.0849769115448,30,4.383150988862875
272,450,256,0,2,2.0,131.49452966588623,30,111.0849769115448,30,4.383150988862875
273,449,256,-1,0,1.0,131.49452966588623,30,111.0849769115448,30,4.383150988862875
274,449,255,0,-1,1.0,131.49452966588623,30,111.0849769115448,30,4.383150988862875
275,448,255,-1,0,1.0,131.49452966588623,30,111.0849769115448,30,4.383150988862875
276,448,256,0,1,1.0,131.49452966588623,30,111.0849769115448,30,4.383150988862875
277,447,255,-1,-1,1.4142135623730951,131.49452966588623,30,111.0849769115448,30,4.383150988862875
278,447,255,0,0,0.0,131.49452966588623,30,111.0849769115448,30,4.383150988862875
279,446,256,-1,1,1.4142135623730951,131.49452966588623,30,111.0849769115448,30,4.383150988862875
280,446,256,0,0,0.0,131.49452966588623,30,111.0849769115448,30,4.383150988862875
281,446,255,0,-1,1.0,131.49452966588623,30,111.0849769115448,30,4.383150988862875
282,445,255,-1,0,1.0,131.49452966588623,30,111.0849769115448,30,4.383150988862875
283,445,256,0,1,1.0,131.49452966588623,30,111.0849769115448,30,4.383150988862875
284,445,255,0,-1,1.0,131.49452966588623,30,111.0849769115448,30,4.383150988862875
285,445,255,0,0,0.0,131.49452966588623,30,111.0849769115448,30,4.383150988862875
286,445,256,0,1,1.0,131.49452966588623,30,111.0849769115448,30,4.383150988862875
287,445,255,0,-1,1.0,131.49452966588623,30,111.0849769115448,30,4.383150988862875
288,445,255,0,0,0.0,131.49452966588623,30,111.0849769115448,30,4.383150988862875
289,445,256,0,1,1.0,131.49452966588623,30,111.0849769115448,30,4.383150988862875
290,445,256,0,0,0.0,131.49452966588623,30,111.0849769115448,30,4.383150988862875
291,445,255,0,-1,1.0,131.49452966588623,30,111.0849769115448,30,4.383150988862875
292,445,255,0,0,0.0,131.49452966588623,30,111.0849769115448,30,4.383150988862875
293,445,256,0,1,1.0,131.49452966588623,30,111.0849769115448,30,4.383150988862875
294,445,255,0,-1,1.0,131.49452966588623,30,111.0849769115448,30,4.383150988862875
295,445,255,0,0,0.0,131.49452966588623,30,111.0849769115448,30,4.383150988862875
296,445,256,0,1,1.0,131.49452966588623,30,111.0849769115448,30,4.383150988862875
297,445,255,0,-1,1.0,131.49452966588623,30,111.0849769115448,30,4.383150988862875
298,446,255,1,0,1.0,131.49452966588623,30,111.0849769115448,30,4.383150988862875
299,446,255,0,0,0.0,131.49452966588623,30,111.0849769115448,30,4.383150988862875
300,446,256,0,1,1.0,131.49452966588623,30,111.0849769115448,30,4.383150988862875
301,446,255,0,-1,1.0,131.49452966588623,30,111.0849769115448,30,4.383150988862875
302,447,255,1,0,1.0,131.49452966588623,30,111.0849769115448,30,4.383150988862875
303,447,255,0,0,0.0,131.49452966588623,30,111.0849769115448,30,4.383150988862875
304,447,255,0,0,0.0,131.49452966588623,30,111.0849769115448,30,4.383150988862875
305,448,255,1,0,1.0,131.49452966588623,30,111.0849769115448,30,4.383150988862875
306,448,255,0,0,0.0,131.49452966588623,30,111.0849769115448,30,4.383150988862875
307,448,255,0,0,0.0,131.49452966588623,30,111.0849769115448,30,4.383150988862875
308,449,255,1,0,1.0,131.49452966588623,30,111.0849769115448,30,4.383150988862875
309,449,255,0,0,0.0,131.49452966588623,30,111.0849769115448,30,4.383150988862875
310,450,255,1,0,1.0,131.49452966588623,30,111.0849769115448,30,4.383150988862875
311,450,255,0,0,0.0,131.49452966588623,30,111.0849769115448,30,4.383150988862875
312,450,255,0,0,0.0,131.49452966588623,30,111.0849769115448,30,4.383150988862875
313,451,255,1,0,1.0,131.49452966588623,30,111.0849769115448,30,4.383150988862875
314,451,255,0,0,0.0,131.49452966588623,30,111.0849769115448,30,4.383150988862875
315,452,255,1,0,1.0,131.49452966588623,30,111.0849769115448,30,4.383150988862875
316,453,255,1,0,1.0,131.49452966588623,30,111.0849769115448,30,4.383150988862875
317,453,255,0,0,0.0,131.49452966588623,30,111.0849769115448,30,4.383150988862875
318,454,255,1,0,1.0,131.49452966588623,30,111.0849769115448,30,4.383150988862875
319,454,255,0,0,0.0,131.49452966588623,30,111.0849769115448,30,4.383150988862875
320,455,255,1,0,1.0,131.49452966588623,30,111.0849769115448,30,4.383150988862875
321,456,255,1,0,1.0,131.49452966588623,30,111.0849769115448,30,4.383150988862875
322,457,255,1,0,1.0,131.49452966588623,30,111.0849769115448,30,4.383150988862875
323,457,255,0,0,0.0,131.49452966588623,30,111.0849769115448,30,4.383150988862875
324,458,254,1,-1,1.4142135623730951,131.49452966588623,30,111.0849769115448,30,4.383150988862875
325,459,254,1,0,1.0,131.49452966588623,30,111.0849769115448,30,4.383150988862875
326,459,254,0,0,0.0,131.49452966588623,30,111.0849769115448,30,4.383150988862875
327,460,254,1,0,1.0,131.49452966588623,30,111.0849769115448,30,4.383150988862875
328,461,254,1,0,1.0,131.49452966588623,30,111.0849769115448,30,4.383150988862875
329,462,254,1,0,1.0,131.49452966588623,30,111.0849769115448,30,4.383150988862875
330,463,254,1,0,1.0,131.49452966588623,30,111.0849769115448,30,4.383150988862875
331,464,254,1,0,1.0,131.49452966588623,30,111.0849769115448,30,4.383150988862875
332,465,254,1,0,1.0,131.49452966588623,30,111.0849769115448,30,4.383150988862875
333,466,254,1,0,1.0,131.49452966588623,30,111.0849769115448,30,4.383150988862875
334,467,254,1,0,1.0,131.49452966588623,30,111.0849769115448,30,4.383150988862875
335,468,254,1,0,1.0,131.49452966588623,30,111.0849769115448,30,4.383150988862875
336,469,254,1,0,1.0,131.49452966588623,30,111.0849769115448,30,4.383150988862875
337,470,254,1,0,1.0,131.49452966588623,30,111.0849769115448,30,4.383150988862875
338,471,254,1,0,1.0,131.49452966588623,30,111.0849769115448,30,4.383150988862875
339,472,254,1,0,1.0,131.49452966588623,30,111.0849769115448,30,4.383150988862875
340,473,254,1,0,1.0,131.49452966588623,30,111.0849769115448,30,4.383150988862875
341,474,254,1,0,1.0,131.49452966588623,30,111.0849769115448,30,4.383150988862875
342,475,254,1,0,1.0,131.49452966588623,30,111.0849769115448,30,4.383150988862875
343,476,254,1,0,1.0,131.49452966588623,30,111.0849769115448,30,4.383150988862875
344,477,254,1,0,1.0,131.49452966588623,30,111.0849769115448,30,4.383150988862875
345,479,254,2,0,2.0,131.49452966588623,30,111.0849769115448,30,4.383150988862875
346,480,254,1,0,1.0,131.49452966588623,30,111.0849769115448,30,4.383150988862875
347,481,254,1,0,1.0,131.49452966588623,30,111.0849769115448,30,4.383150988862875
348,482,254,1,0,1.0,131.49452966588623,30,111.0849769115448,30,4.383150988862875
349,484,254,2,0,2.0,131.49452966588623,30,111.0849769115448,30,4.383150988862875
350,485,254,1,0,1.0,131.49452966588623,30,111.0849769115448,30,4.383150988862875
351,486,254,1,0,1.0,131.49452966588623,30,111.0849769115448,30,4.383150988862875
352,487,254,1,0,1.0,131.49452966588623,30,111.0849769115448,30,4.383150988862875
353,489,254,2,0,2.0,131.49452966588623,30,111.0849769115448,30,4.383150988862875
354,489,254,0,0,0.0,131.49452966588623,30,111.0849769115448,30,4.383150988862875
355,490,254,1,0,1.0,131.49452966588623,30,111.0849769115448,30,4.383150988862875
356,491,254,1,0,1.0,131.49452966588623,30,111.0849769115448,30,4.383150988862875
357,492,254,1,0,1.0,131.49452966588623,30,111.0849769115448,30,4.383150988862875
358,493,254,1,0,1.0,131.49452966588623,30,111.0849769115448,30,4.383150988862875
359,494,254,1,0,1.0,131.49452966588623,30,111.0849769115448,30,4.383150988862875
360,495,254,1,0,1.0,131.49452966588623,30,111.0849769115448,30,4.383150988862875
361,496,254,1,0,1.0,131.49452966588623,30,111.0849769115448,30,4.383150988862875
362,497,254,1,0,1.0,131.49452966588623,30,111.0849769115448,30,4.383150988862875
363,497,254,0,0,0.0,131.49452966588623,30,111.0849769115448,30,4.383150988862875
364,498,254,1,0,1.0,131.49452966588623,30,111.0849769115448,30,4.383150988862875
365,499,254,1,0,1.0,131.49452966588623,30,111.0849769115448,30,4.383150988862875
366,500,254,1,0,1.0,131.49452966588623,30,111.0849769115448,30,4.383150988862875
367,500,254,0,0,0.0,131.49452966588623,30,111.0849769115448,30,4.383150988862875
368,501,254,1,0,1.0,131.49452966588623,30,111.0849769115448,30,4.383150988862875
369,502,254,1,0,1.0,131.49452966588623,30,111.0849769115448,30,4.383150988862875
370,503,254,1,0,1.0,131.49452966588623,30,111.0849769115448,30,4.383150988862875
371,503,254,0,0,0.0,131.49452966588623,30,111.0849769115448,30,4.383150988862875
372,504,253,1,-1,1.4142135623730951,131.49452966588623,30,111.0849769115448,30,4.383150988862875
373,504,253,0,0,0.0,131.49452966588623,30,111.0849769115448,30,4.383150988862875
374,505,254,1,1,1.4142135623730951,131.49452966588623,30,111.0849769115448,30,4.383150988862875
375,505,254,0,0,0.0,131.49452966588623,30,111.0849769115448,30,4.383150988862875
376,506,253,1,-1,1.4142135623730951,131.49452966588623,30,111.0849769115448,30,4.383150988862875
377,507,254,1,1,1.4142135623730951,131.49452966588623,30,111.0849769115448,30,4.383150988862875
378,507,254,0,0,0.0,131.49452966588623,30,111.0849769115448,30,4.383150988862875
379,508,254,1,0,1.0,131.49452966588623,30,111.0849769115448,30,4.383150988862875
380,508,254,0,0,0.0,131.49452966588623,30,111.0849769115448,30,4.383150988862875
381,508,254,0,0,0.0,131.49452966588623,30,111.0849769115448,30,4.383150988862875
382,509,254,1,0,1.0,131.49452966588623,30,111.0849769115448,30,4.383150988862875
383,509,254,0,0,0.0,131.49452966588623,30,111.0849769115448,30,4.383150988862875
384,509,254,0,0,0.0,131.49452966588623,30,111.0849769115448,30,4.383150988862875
385,510,254,1,0,1.0,131.49452966588623,30,111.0849769115448,30,4.383150988862875
386,510,254,0,0,0.0,131.49452966588623,30,111.0849769115448,30,4.383150988862875
387,510,254,0,0,0.0,131.49452966588623,30,111.0849769115448,30,4.383150988862875
388,510,254,0,0,0.0,131.49452966588623,30,111.0849769115448,30,4.383150988862875
389,510,254,0,0,0.0,131.49452966588623,30,111.0849769115448,30,4.383150988862875
390,510,254,0,0,0.0,131.49452966588623,30,111.0849769115448,30,4.383150988862875
391,510,254,0,0,0.0,131.49452966588623,30,111.0849769115448,30,4.383150988862875
392,510,254,0,0,0.0,131.49452966588623,30,111.0849769115448,30,4.383150988862875
393,510,254,0,0,0.0,131.49452966588623,30,111.0849769115448,30,4.383150988862875
394,510,254,0,0,0.0,131.49452966588623,30,111.0849769115448,30,4.383150988862875
395,510,254,0,0,0.0,131.49452966588623,30,111.0849769115448,30,4.383150988862875
396,510,254,0,0,0.0,131.49452966588623,30,111.0849769115448,30,4.383150988862875
397,510,254,0,0,0.0,131.49452966588623,30,111.0849769115448,30,4.383150988862875
398,510,254,0,0,0.0,131.49452966588623,30,111.0849769115448,30,4.383150988862875
399,508,254,-2,0,2.0,131.49452966588623,30,111.0849769115448,30,4.383150988862875
400,508,254,0,0,0.0,131.49452966588623,30,111.0849769115448,30,4.383150988862875
401,508,254,0,0,0.0,131.49452966588623,30,111.0849769115448,30,4.383150988862875
402,507,254,-1,0,1.0,131.49452966588623,30,111.0849769115448,30,4.383150988862875
403,507,254,0,0,0.0,131.49452966588623,30,111.0849769115448,30,4.383150988862875
404,506,254,-1,0,1.0,131.49452966588623,30,111.0849769115448,30,4.383150988862875
405,506,254,0,0,0.0,131.49452966588623,30,111.0849769115448,30,4.383150988862875
406,505,254,-1,0,1.0,131.49452966588623,30,111.0849769115448,30,4.383150988862875
407,505,254,0,0,0.0,131.49452966588623,30,111.0849769115448,30,4.383150988862875
408,504,254,-1,0,1.0,131.49452966588623,30,111.0849769115448,30,4.383150988862875
409,504,254,0,0,0.0,131.49452966588623,30,111.0849769115448,30,4.383150988862875
410,503,254,-1,0,1.0,131.49452966588623,30,111.0849769115448,30,4.383150988862875
411,502,254,-1,0,1.0,131.49452966588623,30,111.0849769115448,30,4.383150988862875
412,502,254,0,0,0.0,131.49452966588623,30,111.0849769115448,30,4.383150988862875
413,501,254,-1,0,1.0,131.49452966588623,30,111.0849769115448,30,4.383150988862875
414,501,254,0,0,0.0,131.49452966588623,30,111.0849769115448,30,4.383150988862875
415,500,254,-1,0,1.0,131.49452966588623,30,111.0849769115448,30,4.383150988862875
416,499,254,-1,0,1.0,131.49452966588623,30,111.0849769115448,30,4.383150988862875
417,499,254,0,0,0.0,131.49452966588623,30,111.0849769115448,30,4.383150988862875
418,498,255,-1,1,1.4142135623730951,131.49452966588623,30,111.0849769115448,30,4.383150988862875
419,498,255,0,0,0.0,131.49452966588623,30,111.0849769115448,30,4.383150988862875
420,497,255,-1,0,1.0,131.49452966588623,30,111.0849769115448,30,4.383150988862875
421,496,255,-1,0,1.0,131.49452966588623,30,111.0849769115448,30,4.383150988862875
422,496,255,0,0,0.0,131.49452966588623,30,111.0849769115448,30,4.383150988862875
423,495,255,-1,0,1.0,131.49452966588623,30,111.0849769115448,30,4.383150988862875
424,494,255,-1,0,1.0,131.49452966588623,30,111.0849769115448,30,4.383150988862875
425,493,255,-1,0,1.0,131.49452966588623,30,111.0849769115448,30,4.383150988862875
426,492,255,-1,0,1.0,131.49452966588623,30,111.0849769115448,30,4.383150988862875
427,491,255,-1,0,1.0,131.49452966588623,30,111.0849769115448,30,4.383150988862875
428,490,255,-1,0,1.0,131.49452966588623,30,111.0849769115448,30,4.383150988862875
429,489,255,-1,0,1.0,131.49452966588623,30,111.0849769115448,30,4.383150988862875
430,488,255,-1,0,1.0,131.49452966588623,30,111.0849769115448,30,4.383150988862875
431,487,255,-1,0,1.0,131.49452966588623,30,111.0849769115448,30,4.383150988862875
432,485,255,-2,0,2.0,131.49452966588623,30,111.0849769115448,30,4.383150988862875
433,484,255,-1,0,1.0,131.49452966588623,30,111.0849769115448,30,4.383150988862875
434,483,255,-1,0,1.0,131.49452966588623,30,111.0849769115448,30,4.383150988862875
435,482,255,-1,0,1.0,131.49452966588623,30,111.0849769115448,30,4.383150988862875
436,481,255,-1,0,1.0,131.49452966588623,30,111.0849769115448,30,4.383150988862875
437,480,255,-1,0,1.0,131.49452966588623,30,111.0849769115448,30,4.383150988862875
438,479,255,-1,0,1.0,131.49452966588623,30,111.0849769115448,30,4.383150988862875
439,478,255,-1,0,1.0,131.49452966588623,30,111.0849769115448,30,4.383150988862875
440,477,255,-1,0,1.0,131.49452966588623,30,111.0849769115448,30,4.383150988862875
441,476,255,-1,0,1.0,131.49452966588623,30,111.0849769115448,30,4.383150988862875
442,475,255,-1,0,1.0,131.49452966588623,30,111.0849769115448,30,4.383150988862875
443,474,255,-1,0,1.0,131.49452966588623,30,111.0849769115448,30,4.383150988862875
444,473,256,-1,1,1.4142135623730951,131.49452966588623,30,111.0849769115448,30,4.383150988862875
445,472,255,-1,-1,1.4142135623730951,131.49452966588623,30,111.0849769115448,30,4.383150988862875
446,470,255,-2,0,2.0,131.49452966588623,30,111.0849769115448,30,4.383150988862875
447,470,256,0,1,1.0,131.49452966588623,30,111.0849769115448,30,4.383150988862875
448,468,256,-2,0,2.0,131.49452966588623,30,111.0849769115448,30,4.383150988862875
449,467,255,-1,-1,1.4142135623730951,131.49452966588623,30,111.0849769115448,30,4.383150988862875
450,466,256,-1,1,1.4142135623730951,131.49452966588623,30,111.0849769115448,30,4.383150988862875
451,466,256,0,0,0.0,131.49452966588623,30,111.0849769115448,30,4.383150988862875
452,465,256,-1,0,1.0,131.49452966588623,30,111.0849769115448,30,4.383150988862875
453,464,256,-1,0,1.0,131.49452966588623,30,111.0849769115448,30,4.383150988862875
454,462,256,-2,0,2.0,131.49452966588623,30,111.0849769115448,30,4.383150988862875
455,462,256,0,0,0.0,131.49452966588623,30,111.0849769115448,30,4.383150988862875
456,461,256,-1,0,1.0,131.49452966588623,30,111.0849769115448,30,4.383150988862875
457,460,256,-1,0,1.0,131.49452966588623,30,111.0849769115448,30,4.383150988862875
458,459,256,-1,0,1.0,131.49452966588623,30,111.0849769115448,30,4.383150988862875
459,458,256,-1,0,1.0,131.49452966588623,30,111.0849769115448,30,4.383150988862875
460,458,256,0,0,0.0,131.49452966588623,30,111.0849769115448,30,4.383150988862875
461,457,256,-1,0,1.0,131.49452966588623,30,111.0849769115448,30,4.383150988862875
462,456,256,-1,0,1.0,131.49452966588623,30,111.0849769115448,30,4.383150988862875
463,455,256,-1,0,1.0,131.49452966588623,30,111.0849769115448,30,4.383150988862875
464,455,256,0,0,0.0,131.49452966588623,30,111.0849769115448,30,4.383150988862875
465,454,256,-1,0,1.0,131.49452966588623,30,111.0849769115448,30,4.383150988862875
466,453,256,-1,0,1.0,131.49452966588623,30,111.0849769115448,30,4.383150988862875
467,453,256,0,0,0.0,131.49452966588623,30,111.0849769115448,30,4.383150988862875
468,452,256,-1,0,1.0,131.49452966588623,30,111.0849769115448,30,4.383150988862875
469,451,256,-1,0,1.0,131.49452966588623,30,111.0849769115448,30,4.383150988862875
470,450,256,-1,0,1.0,131.49452966588623,30,111.0849769115448,30,4.383150988862875
471,449,256,-1,0,1.0,131.49452966588623,30,111.0849769115448,30,4.383150988862875
472,448,256,-1,0,1.0,131.49452966588623,30,111.0849769115448,30,4.383150988862875
473,447,256,-1,0,1.0,131.49452966588623,30,111.0849769115448,30,4.383150988862875
474,446,256,-1,0,1.0,131.49452966588623,30,111.0849769115448,30,4.383150988862875
475,446,256,0,0,0.0,131.49452966588623,30,111.0849769115448,30,4.383150988862875
476,446,256,0,0,0.0,131.49452966588623,30,111.0849769115448,30,4.383150988862875
477,446,256,0,0,0.0,131.49452966588623,30,111.0849769115448,30,4.383150988862875
478,446,256,0,0,0.0,131.49452966588623,30,111.0849769115448,30,4.383150988862875
479,446,256,0,0,0.0,131.49452966588623,30,111.0849769115448,30,4.383150988862875
480,446,256,0,0,0.0,131.49452966588623,30,111.0849769115448,30,4.383150988862875
481,446,256,0,0,0.0,131.49452966588623,30,111.0849769115448,30,4.383150988862875
482,446,256,0,0,0.0,131.49452966588623,30,111.0849769115448,30,4.383150988862875
483,446,256,0,0,0.0,131.49452966588623,30,111.0849769115448,30,4.383150988862875
484,446,256,0,0,0.0,131.49452966588623,30,111.0849769115448,30,4.383150988862875
485,446,256,0,0,0.0,131.49452966588623,30,111.0849769115448,30,4.383150988862875
486,447,256,1,0,1.0,131.49452966588623,30,111.0849769115448,30,4.383150988862875
487,447,256,0,0,0.0,131.49452966588623,30,111.0849769115448,30,4.383150988862875
488,447,256,0,0,0.0,131.49452966588623,30,111.0849769115448,30,4.383150988862875
489,447,256,0,0,0.0,131.49452966588623,30,111.0849769115448,30,4.383150988862875
490,447,256,0,0,0.0,131.49452966588623,30,111.0849769115448,30,4.383150988862875
491,448,256,1,0,1.0,131.49452966588623,30,111.0849769115448,30,4.383150988862875
492,448,256,0,0,0.0,131.49452966588623,30,111.0849769115448,30,4.383150988862875
493,448,256,0,0,0.0,131.49452966588623,30,111.0849769115448,30,4.383150988862875
494,449,256,1,0,1.0,131.49452966588623,30,111.0849769115448,30,4.383150988862875
495,449,256,0,0,0.0,131.49452966588623,30,111.0849769115448,30,4.383150988862875
496,450,256,1,0,1.0,131.49452966588623,30,111.0849769115448,30,4.383150988862875
497,450,256,0,0,0.0,131.49452966588623,30,111.0849769115448,30,4.383150988862875
498,451,256,1,0,1.0,131.49452966588623,30,111.0849769115448,30,4.383150988862875
499,451,256,0,0,0.0,131.49452966588623,30,111.0849769115448,30,4.383150988862875
500,452,256,1,0,1.0,131.49452966588623,30,111.0849769115448,30,4.383150988862875
501,452,255,0,-1,1.0,131.49452966588623,30,111.0849769115448,30,4.383150988862875
502,452,255,0,0,0.0,131.49452966588623,30,111.0849769115448,30,4.383150988862875
503,453,255,1,0,1.0,131.49452966588623,30,111.0849769115448,30,4.383150988862875
504,454,255,1,0,1.0,131.49452966588623,30,111.0849769115448,30,4.383150988862875
505,454,255,0,0,0.0,131.49452966588623,30,111.0849769115448,30,4.383150988862875
506,455,255,1,0,1.0,131.49452966588623,30,111.0849769115448,30,4.383150988862875
507,455,255,0,0,0.0,131.49452966588623,30,111.0849769115448,30,4.383150988862875
508,456,255,1,0,1.0,131.49452966588623,30,111.0849769115448,30,4.383150988862875
509,457,255,1,0,1.0,131.49452966588623,30,111.0849769115448,30,4.383150988862875
510,457,255,0,0,0.0,131.49452966588623,30,111.0849769115448,30,4.383150988862875
511,458,255,1,0,1.0,131.49452966588623,30,111.0849769115448,30,4.383150988862875
512,459,255,1,0,1.0,131.49452966588623,30,111.0849769115448,30,4.383150988862875
513,459,255,0,0,0.0,131.49452966588623,30,111.0849769115448,30,4.383150988862875
514,460,255,1,0,1.0,131.49452966588623,30,111.0849769115448,30,4.383150988862875
515,461,255,1,0,1.0,131.49452966588623,30,111.0849769115448,30,4.383150988862875
516,462,255,1,0,1.0,131.49452966588623,30,111.0849769115448,30,4.383150988862875
517,462,255,0,0,0.0,131.49452966588623,30,111.0849769115448,30,4.383150988862875
518,463,255,1,0,1.0,131.49452966588623,30,111.0849769115448,30,4.383150988862875
519,464,255,1,0,1.0,131.49452966588623,30,111.0849769115448,30,4.383150988862875
520,465,255,1,0,1.0,131.49452966588623,30,111.0849769115448,30,4.383150988862875
521,466,255,1,0,1.0,131.49452966588623,30,111.0849769115448,30,4.383150988862875
522,467,255,1,0,1.0,131.49452966588623,30,111.0849769115448,30,4.383150988862875
523,468,255,1,0,1.0,131.49452966588623,30,111.0849769115448,30,4.383150988862875
524,469,255,1,0,1.0,131.49452966588623,30,111.0849769115448,30,4.383150988862875
525,470,255,1,0,1.0,131.49452966588623,30,111.0849769115448,30,4.383150988862875
526,471,255,1,0,1.0,131.49452966588623,30,111.0849769115448,30,4.383150988862875
527,472,255,1,0,1.0,131.49452966588623,30,111.0849769115448,30,4.383150988862875
528,473,255,1,0,1.0,131.49452966588623,30,111.0849769115448,30,4.383150988862875
529,474,255,1,0,1.0,131.49452966588623,30,111.0849769115448,30,4.383150988862875
530,475,255,1,0,1.0,131.49452966588623,30,111.0849769115448,30,4.383150988862875
531,476,255,1,0,1.0,131.49452966588623,30,111.0849769115448,30,4.383150988862875
532,478,255,2,0,2.0,131.49452966588623,30,111.0849769115448,30,4.383150988862875
533,479,255,1,0,1.0,131.49452966588623,30,111.0849769115448,30,4.383150988862875
534,480,254,1,-1,1.4142135623730951,131.49452966588623,30,111.0849769115448,30,4.383150988862875
535,480,254,0,0,0.0,131.49452966588623,30,111.0849769115448,30,4.383150988862875
536,482,254,2,0,2.0,131.49452966588623,30,111.0849769115448,30,4.383150988862875
537,483,254,1,0,1.0,131.49452966588623,30,111.0849769115448,30,4.383150988862875
538,485,254,2,0,2.0,131.49452966588623,30,111.0849769115448,30,4.383150988862875
539,486,254,1,0,1.0,131.49452966588623,30,111.0849769115448,30,4.383150988862875
540,487,254,1,0,1.0,131.49452966588623,30,111.0849769115448,30,4.383150988862875
541,488,254,1,0,1.0,131.49452966588623,30,111.0849769115448,30,4.383150988862875
542,489,254,1,0,1.0,131.49452966588623,30,111.0849769115448,30,4.383150988862875
543,490,254,1,0,1.0,131.49452966588623,30,111.0849769115448,30,4.383150988862875
544,491,254,1,0,1.0,131.49452966588623,30,111.0849769115448,30,4.383150988862875
545,492,254,1,0,1.0,131.49452966588623,30,111.0849769115448,30,4.383150988862875
546,493,254,1,0,1.0,131.49452966588623,30,111.0849769115448,30,4.383150988862875
547,494,254,1,0,1.0,131.49452966588623,30,111.0849769115448,30,4.383150988862875
548,495,254,1,0,1.0,131.49452966588623,30,111.0849769115448,30,4.383150988862875
549,496,254,1,0,1.0,131.49452966588623,30,111.0849769115448,30,4.383150988862875
550,497,254,1,0,1.0,131.49452966588623,30,111.0849769115448,30,4.383150988862875
551,498,254,1,0,1.0,131.49452966588623,30,111.0849769115448,30,4.383150988862875
552,498,254,0,0,0.0,131.49452966588623,30,111.0849769115448,30,4.383150988862875
553,499,254,1,0,1.0,131.49452966588623,30,111.0849769115448,30,4.383150988862875
554,500,254,1,0,1.0,131.49452966588623,30,111.0849769115448,30,4.383150988862875
555,501,254,1,0,1.0,131.49452966588623,30,111.0849769115448,30,4.383150988862875
556,501,254,0,0,0.0,131.49452966588623,30,111.0849769115448,30,4.383150988862875
557,502,254,1,0,1.0,131.49452966588623,30,111.0849769115448,30,4.383150988862875
558,502,254,0,0,0.0,131.49452966588623,30,111.0849769115448,30,4.383150988862875
559,503,254,1,0,1.0,131.49452966588623,30,111.0849769115448,30,4.383150988862875
560,504,254,1,0,1.0,131.49452966588623,30,111.0849769115448,30,4.383150988862875
561,505,254,1,0,1.0,131.49452966588623,30,111.0849769115448,30,4.383150988862875
562,505,254,0,0,0.0,131.49452966588623,30,111.0849769115448,30,4.383150988862875
563,506,254,1,0,1.0,131.49452966588623,30,111.0849769115448,30,4.383150988862875
564,506,254,0,0,0.0,131.49452966588623,30,111.0849769115448,30,4.383150988862875
565,507,254,1,0,1.0,131.49452966588623,30,111.0849769115448,30,4.383150988862875
566,507,254,0,0,0.0,131.49452966588623,30,111.0849769115448,30,4.383150988862875
567,508,254,1,0,1.0,131.49452966588623,30,111.0849769115448,30,4.383150988862875
568,508,254,0,0,0.0,131.49452966588623,30,111.0849769115448,30,4.383150988862875
569,509,254,1,0,1.0,131.49452966588623,30,111.0849769115448,30,4.383150988862875
570,509,254,0,0,0.0,131.49452966588623,30,111.0849769115448,30,4.383150988862875
571,509,254,0,0,0.0,131.49452966588623,30,111.0849769115448,30,4.383150988862875
572,510,254,1,0,1.0,131.49452966588623,30,111.0849769115448,30,4.383150988862875
573,510,254,0,0,0.0,131.49452966588623,30,111.0849769115448,30,4.383150988862875
574,510,254,0,0,0.0,131.49452966588623,30,111.0849769115448,30,4.383150988862875
575,510,254,0,0,0.0,131.49452966588623,30,111.0849769115448,30,4.383150988862875
576,511,254,1,0,1.0,131.49452966588623,30,111.0849769115448,30,4.383150988862875
577,510,254,-1,0,1.0,131.49452966588623,30,111.0849769115448,30,4.383150988862875
578,510,254,0,0,0.0,131.49452966588623,30,111.0849769115448,30,4.383150988862875
579,511,254,1,0,1.0,131.49452966588623,30,111.0849769115448,30,4.383150988862875
580,511,254,0,0,0.0,131.49452966588623,30,111.0849769115448,30,4.383150988862875
581,511,254,0,0,0.0,131.49452966588623,30,111.0849769115448,30,4.383150988862875
582,511,254,0,0,0.0,131.49452966588623,30,111.0849769115448,30,4.383150988862875
583,511,254,0,0,0.0,131.49452966588623,30,111.0849769115448,30,4.383150988862875
584,511,254,0,0,0.0,131.49452966588623,30,111.0849769115448,30,4.383150988862875
585,510,254,-1,0,1.0,131.49452966588623,30,111.0849769115448,30,4.383150988862875
586,511,254,1,0,1.0,131.49452966588623,30,111.0849769115448,30,4.383150988862875
587,510,254,-1,0,1.0,131.49452966588623,30,111.0849769115448,30,4.383150988862875
588,510,254,0,0,0.0,131.49452966588623,30,111.0849769115448,30,4.383150988862875
589,510,254,0,0,0.0,131.49452966588623,30,111.0849769115448,30,4.383150988862875
590,510,254,0,0,0.0,131.49452966588623,30,111.0849769115448,30,4.383150988862875
591,510,254,0,0,0.0,131.49452966588623,30,111.0849769115448,30,4.383150988862875
592,509,254,-1,0,1.0,131.49452966588623,30,111.0849769115448,30,4.383150988862875
593,509,254,0,0,0.0,131.49452966588623,30,111.0849769115448,30,4.383150988862875
594,509,254,0,0,0.0,131.49452966588623,30,111.0849769115448,30,4.383150988862875
595,508,254,-1,0,1.0,131.49452966588623,30,111.0849769115448,30,4.383150988862875
596,508,254,0,0,0.0,131.49452966588623,30,111.0849769115448,30,4.383150988862875
597,508,254,0,0,0.0,131.49452966588623,30,111.0849769115448,30,4.383150988862875
598,508,254,0,0,0.0,131.49452966588623,30,111.0849769115448,30,4.383150988862875
599,507,254,-1,0,1.0,131.49452966588623,30,111.0849769115448,30,4.383150988862875
600,506,254,-1,0,1.0,131.49452966588623,30,111.0849769115448,30,4.383150988862875
601,506,254,0,0,0.0,131.49452966588623,30,111.0849769115448,30,4.383150988862875
602,506,254,0,0,0.0,131.49452966588623,30,111.0849769115448,30,4.383150988862875
603,505,255,-1,1,1.4142135623730951,131.49452966588623,30,111.0849769115448,30,4.383150988862875
604,504,254,-1,-1,1.4142135623730951,131.49452966588623,30,111.0849769115448,30,4.383150988862875
605,504,254,0,0,0.0,131.49452966588623,30,111.0849769115448,30,4.383150988862875
606,503,255,-1,1,1.4142135623730951,131.49452966588623,30,111.0849769115448,30,4.383150988862875
607,503,255,0,0,0.0,131.49452966588623,30,111.0849769115448,30,4.383150988862875
608,502,255,-1,0,1.0,131.49452966588623,30,111.0849769115448,30,4.383150988862875
609,502,255,0,0,0.0,131.49452966588623,30,111.0849769115448,30,4.383150988862875
610,501,255,-1,0,1.0,131.49452966588623,30,111.0849769115448,30,4.383150988862875
611,501,255,0,0,0.0,131.49452966588623,30,111.0849769115448,30,4.383150988862875
612,500,255,-1,0,1.0,131.49452966588623,30,111.0849769115448,30,4.383150988862875
613,499,255,-1,0,1.0,131.49452966588623,30,111.0849769115448,30,4.383150988862875
614,498,255,-1,0,1.0,131.49452966588623,30,111.0849769115448,30,4.383150988862875
615,498,255,0,0,0.0,131.49452966588623,30,111.0849769115448,30,4.383150988862875
616,498,255,0,0,0.0,131.49452966588623,30,111.0849769115448,30,4.383150988862875
617,497,255,-1,0,1.0,131.49452966588623,30,111.0849769115448,30,4.383150988862875
618,496,255,-1,0,1.0,131.49452966588623,30,111.0849769115448,30,4.383150988862875
619,495,255,-1,0,1.0,131.49452966588623,30,111.0849769115448,30,4.383150988862875
620,494,255,-1,0,1.0,131.49452966588623,30,111.0849769115448,30,4.383150988862875
621,494,255,0,0,0.0,131.49452966588623,30,111.0849769115448,30,4.383150988862875
622,492,255,-2,0,2.0,131.49452966588623,30,111.0849769115448,30,4.383150988862875
623,492,255,0,0,0.0,131.49452966588623,30,111.0849769115448,30,4.383150988862875
624,491,255,-1,0,1.0,131.49452966588623,30,111.0849769115448,30,4.383150988862875
625,490,255,-1,0,1.0,131.49452966588623,30,111.0849769115448,30,4.383150988862875
626,488,255,-2,0,2.0,131.49452966588623,30,111.0849769115448,30,4.383150988862875
627,487,256,-1,1,1.4142135623730951,131.49452966588623,30,111.0849769115448,30,4.383150988862875
628,486,256,-1,0,1.0,131.49452966588623,30,111.0849769115448,30,4.383150988862875
629,485,256,-1,0,1.0,131.49452966588623,30,111.0849769115448,30,4.383150988862875
630,484,255,-1,-1,1.4142135623730951,131.49452966588623,30,111.0849769115448,30,4.383150988862875
631,483,256,-1,1,1.4142135623730951,131.49452966588623,30,111.0849769115448,30,4.383150988862875
632,482,256,-1,0,1.0,131.49452966588623,30,111.0849769115448,30,4.383150988862875
633,480,256,-2,0,2.0,131.49452966588623,30,111.0849769115448,30,4.383150988862875
634,479,256,-1,0,1.0,131.49452966588623,30,111.0849769115448,30,4.383150988862875
635,478,256,-1,0,1.0,131.49452966588623,30,111.0849769115448,30,4.383150988862875
636,477,256,-1,0,1.0,131.49452966588623,30,111.0849769115448,30,4.383150988862875
637,476,256,-1,0,1.0,131.49452966588623,30,111.0849769115448,30,4.383150988862875
638,475,256,-1,0,1.0,131.49452966588623,30,111.0849769115448,30,4.383150988862875
639,474,256,-1,0,1.0,131.49452966588623,30,111.0849769115448,30,4.383150988862875
640,473,256,-1,0,1.0,131.49452966588623,30,111.0849769115448,30,4.383150988862875
641,472,256,-1,0,1.0,131.49452966588623,30,111.0849769115448,30,4.383150988862875
642,471,256,-1,0,1.0,131.49452966588623,30,111.0849769115448,30,4.383150988862875
643,470,256,-1,0,1.0,131.49452966588623,30,111.0849769115448,30,4.383150988862875
644,469,256,-1,0,1.0,131.49452966588623,30,111.0849769115448,30,4.383150988862875
645,468,256,-1,0,1.0,131.49452966588623,30,111.0849769115448,30,4.383150988862875
646,467,256,-1,0,1.0,131.49452966588623,30,111.0849769115448,30,4.383150988862875
647,466,256,-1,0,1.0,131.49452966588623,30,111.0849769115448,30,4.383150988862875
648,465,256,-1,0,1.0,131.49452966588623,30,111.0849769115448,30,4.383150988862875
649,464,256,-1,0,1.0,131.49452966588623,30,111.0849769115448,30,4.383150988862875
650,463,256,-1,0,1.0,131.49452966588623,30,111.0849769115448,30,4.383150988862875
651,462,256,-1,0,1.0,131.49452966588623,30,111.0849769115448,30,4.383150988862875
652,461,256,-1,0,1.0,131.49452966588623,30,111.0849769115448,30,4.383150988862875
653,460,256,-1,0,1.0,131.49452966588623,30,111.0849769115448,30,4.383150988862875
654,460,256,0,0,0.0,131.49452966588623,30,111.0849769115448,30,4.383150988862875
655,459,256,-1,0,1.0,131.49452966588623,30,111.0849769115448,30,4.383150988862875
656,458,256,-1,0,1.0,131.49452966588623,30,111.0849769115448,30,4.383150988862875
657,457,256,-1,0,1.0,131.49452966588623,30,111.0849769115448,30,4.383150988862875
658,456,256,-1,0,1.0,131.49452966588623,30,111.0849769115448,30,4.383150988862875
659,456,256,0,0,0.0,131.49452966588623,30,111.0849769115448,30,4.383150988862875
660,455,256,-1,0,1.0,131.49452966588623,30,111.0849769115448,30,4.383150988862875
661,454,256,-1,0,1.0,131.49452966588623,30,111.0849769115448,30,4.383150988862875
662,453,256,-1,0,1.0,131.49452966588623,30,111.0849769115448,30,4.383150988862875
663,453,256,0,0,0.0,131.49452966588623,30,111.0849769115448,30,4.383150988862875
664,452,256,-1,0,1.0,131.49452966588623,30,111.0849769115448,30,4.383150988862875
665,452,256,0,0,0.0,131.49452966588623,30,111.0849769115448,30,4.383150988862875
666,451,256,-1,0,1.0,131.49452966588623,30,111.0849769115448,30,4.383150988862875
667,450,256,-1,0,1.0,131.49452966588623,30,111.0849769115448,30,4.383150988862875
668,450,256,0,0,0.0,131.49452966588623,30,111.0849769115448,30,4.383150988862875
669,449,256,-1,0,1.0,131.49452966588623,30,111.0849769115448,30,4.383150988862875
670,449,256,0,0,0.0,131.49452966588623,30,111.0849769115448,30,4.383150988862875
671,449,256,0,0,0.0,131.49452966588623,30,111.0849769115448,30,4.383150988862875
672,448,256,-1,0,1.0,131.49452966588623,30,111.0849769115448,30,4.383150988862875
673,448,256,0,0,0.0,131.49452966588623,30,111.0849769115448,30,4.383150988862875
674,448,256,0,0,0.0,131.49452966588623,30,111.0849769115448,30,4.383150988862875
675,447,256,-1,0,1.0,131.49452966588623,30,111.0849769115448,30,4.383150988862875
676,447,256,0,0,0.0,131.49452966588623,30,111.0849769115448,30,4.383150988862875
677,447,256,0,0,0.0,131.49452966588623,30,111.0849769115448,30,4.383150988862875
678,447,256,0,0,0.0,131.49452966588623,30,111.0849769115448,30,4.383150988862875
679,447,256,0,0,0.0,131.49452966588623,30,111.0849769115448,30,4.383150988862875
680,446,256,-1,0,1.0,131.49452966588623,30,111.0849769115448,30,4.383150988862875
681,446,256,0,0,0.0,131.49452966588623,30,111.0849769115448,30,4.383150988862875
682,446,256,0,0,0.0,131.49452966588623,30,111.0849769115448,30,4.383150988862875
683,446,256,0,0,0.0,131.49452966588623,30,111.0849769115448,30,4.383150988862875
684,446,256,0,0,0.0,131.49452966588623,30,111.0849769115448,30,4.383150988862875
685,446,256,0,0,0.0,131.49452966588623,30,111.0849769115448,30,4.383150988862875
686,446,256,0,0,0.0,131.49452966588623,30,111.0849769115448,30,4.383150988862875
687,446,256,0,0,0.0,131.49452966588623,30,111.0849769115448,30,4.383150988862875
688,446,256,0,0,0.0,131.49452966588623,30,111.0849769115448,30,4.383150988862875
689,447,256,1,0,1.0,131.49452966588623,30,111.0849769115448,30,4.383150988862875
690,447,256,0,0,0.0,131.49452966588623,30,111.0849769115448,30,4.383150988862875
691,447,256,0,0,0.0,131.49452966588623,30,111.0849769115448,30,4.383150988862875
692,447,256,0,0,0.0,131.49452966588623,30,111.0849769115448,30,4.383150988862875
693,447,256,0,0,0.0,131.49452966588623,30,111.0849769115448,30,4.383150988862875
694,447,256,0,0,0.0,131.49452966588623,30,111.0849769115448,30,4.383150988862875
695,448,256,1,0,1.0,131.49452966588623,30,111.0849769115448,30,4.383150988862875
696,448,256,0,0,0.0,131.49452966588623,30,111.0849769115448,30,4.383150988862875
697,448,256,0,0,0.0,131.49452966588623,30,111.0849769115448,30,4.383150988862875
698,449,256,1,0,1.0,131.49452966588623,30,111.0849769115448,30,4.383150988862875
699,449,256,0,0,0.0,131.49452966588623,30,111.0849769115448,30,4.383150988862875
700,449,256,0,0,0.0,131.49452966588623,30,111.0849769115448,30,4.383150988862875
701,450,256,1,0,1.0,131.49452966588623,30,111.0849769115448,30,4.383150988862875
702,450,256,0,0,0.0,131.49452966588623,30,111.0849769115448,30,4.383150988862875
703,451,256,1,0,1.0,131.49452966588623,30,111.0849769115448,30,4.383150988862875
704,451,256,0,0,0.0,131.49452966588623,30,111.0849769115448,30,4.383150988862875
705,451,256,0,0,0.0,131.49452966588623,30,111.0849769115448,30,4.383150988862875
706,452,256,1,0,1.0,131.49452966588623,30,111.0849769115448,30,4.383150988862875
707,452,256,0,0,0.0,131.49452966588623,30,111.0849769115448,30,4.383150988862875
708,453,256,1,0,1.0,131.49452966588623,30,111.0849769115448,30,4.383150988862875
709,453,256,0,0,0.0,131.49452966588623,30,111.0849769115448,30,4.383150988862875
710,454,256,1,0,1.0,131.49452966588623,30,111.0849769115448,30,4.383150988862875
711,455,256,1,0,1.0,131.49452966588623,30,111.0849769115448,30,4.383150988862875
712,455,256,0,0,0.0,131.49452966588623,30,111.0849769115448,30,4.383150988862875
713,456,256,1,0,1.0,131.49452966588623,30,111.0849769115448,30,4.383150988862875
714,456,256,0,0,0.0,131.49452966588623,30,111.0849769115448,30,4.383150988862875
715,457,255,1,-1,1.4142135623730951,131.49452966588623,30,111.0849769115448,30,4.383150988862875
716,458,256,1,1,1.4142135623730951,131.49452966588623,30,111.0849769115448,30,4.383150988862875
717,459,256,1,0,1.0,131.49452966588623,30,111.0849769115448,30,4.383150988862875
718,459,255,0,-1,1.0,131.49452966588623,30,111.0849769115448,30,4.383150988862875
719,460,256,1,1,1.4142135623730951,131.49452966588623,30,111.0849769115448,30,4.383150988862875
720,461,255,1,-1,1.4142135623730951,131.49452966588623,30,111.0849769115448,30,4.383150988862875
721,461,255,0,0,0.0,131.49452966588623,30,111.0849769115448,30,4.383150988862875
722,462,255,1,0,1.0,131.49452966588623,30,111.0849769115448,30,4.383150988862875
723,463,255,1,0,1.0,131.49452966588623,30,111.0849769115448,30,4.383150988862875
724,464,255,1,0,1.0,131.49452966588623,30,111.0849769115448,30,4.383150988862875
725,465,255,1,0,1.0,131.49452966588623,30,111.0849769115448,30,4.383150988862875
726,466,255,1,0,1.0,131.49452966588623,30,111.0849769115448,30,4.383150988862875
727,467,255,1,0,1.0,131.49452966588623,30,111.0849769115448,30,4.383150988862875
728,468,255,1,0,1.0,131.49452966588623,30,111.0849769115448,30,4.383150988862875
729,469,255,1,0,1.0,131.49452966588623,30,111.0849769115448,30,4.383150988862875
730,470,255,1,0,1.0,131.49452966588623,30,111.0849769115448,30,4.383150988862875
731,471,255,1,0,1.0,131.49452966588623,30,111.0849769115448,30,4.383150988862875
732,472,255,1,0,1.0,131.49452966588623,30,111.0849769115448,30,4.383150988862875
733,473,255,1,0,1.0,131.49452966588623,30,111.0849769115448,30,4.383150988862875
734,474,255,1,0,1.0,131.49452966588623,30,111.0849769115448,30,4.383150988862875
735,475,255,1,0,1.0,131.49452966588623,30,111.0849769115448,30,4.383150988862875
736,476,255,1,0,1.0,131.49452966588623,30,111.0849769115448,30,4.383150988862875
737,477,255,1,0,1.0,131.49452966588623,30,111.0849769115448,30,4.383150988862875
738,478,255,1,0,1.0,131.49452966588623,30,111.0849769115448,30,4.383150988862875
739,479,255,1,0,1.0,131.49452966588623,30,111.0849769115448,30,4.383150988862875
740,480,255,1,0,1.0,131.49452966588623,30,111.0849769115448,30,4.383150988862875
741,482,255,2,0,2.0,131.49452966588623,30,111.0849769115448,30,4.383150988862875
742,483,255,1,0,1.0,131.49452966588623,30,111.0849769115448,30,4.383150988862875
743,484,255,1,0,1.0,131.49452966588623,30,111.0849769115448,30,4.383150988862875
744,485,255,1,0,1.0,131.49452966588623,30,111.0849769115448,30,4.383150988862875
745,487,255,2,0,2.0,131.49452966588623,30,111.0849769115448,30,4.383150988862875
746,488,255,1,0,1.0,131.49452966588623,30,111.0849769115448,30,4.383150988862875
747,489,254,1,-1,1.4142135623730951,131.49452966588623,30,111.0849769115448,30,4.383150988862875
748,490,255,1,1,1.4142135623730951,131.49452966588623,30,111.0849769115448,30,4.383150988862875
749,491,254,1,-1,1.4142135623730951,131.49452966588623,30,111.0849769115448,30,4.383150988862875
750,492,255,1,1,1.4142135623730951,131.49452966588623,30,111.0849769115448,30,4.383150988862875
751,493,255,1,0,1.0,131.49452966588623,30,111.0849769115448,30,4.383150988862875
752,494,255,1,0,1.0,131.49452966588623,30,111.0849769115448,30,4.383150988862875
753,495,254,1,-1,1.4142135623730951,131.49452966588623,30,111.0849769115448,30,4.383150988862875
754,495,254,0,0,0.0,131.49452966588623,30,111.0849769115448,30,4.383150988862875
755,496,255,1,1,1.4142135623730951,131.49452966588623,30,111.0849769115448,30,4.383150988862875
756,497,255,1,0,1.0,131.49452966588623,30,111.0849769115448,30,4.383150988862875
757,498,254,1,-1,1.4142135623730951,131.49452966588623,30,111.0849769115448,30,4.383150988862875
758,499,254,1,0,1.0,131.49452966588623,30,111.0849769115448,30,4.383150988862875
759,499,254,0,0,0.0,131.49452966588623,30,111.0849769115448,30,4.383150988862875
760,500,254,1,0,1.0,131.49452966588623,30,111.0849769115448,30,4.383150988862875
761,501,254,1,0,1.0,131.49452966588623,30,111.0849769115448,30,4.383150988862875
762,501,254,0,0,0.0,131.49452966588623,30,111.0849769115448,30,4.383150988862875
763,502,254,1,0,1.0,131.49452966588623,30,111.0849769115448,30,4.383150988862875
764,503,254,1,0,1.0,131.49452966588623,30,111.0849769115448,30,4.383150988862875
765,504,254,1,0,1.0,131.49452966588623,30,111.0849769115448,30,4.383150988862875
766,504,254,0,0,0.0,131.49452966588623,30,111.0849769115448,30,4.383150988862875
767,505,254,1,0,1.0,131.49452966588623,30,111.0849769115448,30,4.383150988862875
768,506,254,1,0,1.0,131.49452966588623,30,111.0849769115448,30,4.383150988862875
769,506,254,0,0,0.0,131.49452966588623,30,111.0849769115448,30,4.383150988862875
770,507,254,1,0,1.0,131.49452966588623,30,111.0849769115448,30,4.383150988862875
771,507,254,0,0,0.0,131.49452966588623,30,111.0849769115448,30,4.383150988862875
772,508,254,1,0,1.0,131.49452966588623,30,111.0849769115448,30,4.383150988862875
773,508,254,0,0,0.0,131.49452966588623,30,111.0849769115448,30,4.383150988862875
774,509,254,1,0,1.0,131.49452966588623,30,111.0849769115448,30,4.383150988862875
775,509,254,0,0,0.0,131.49452966588623,30,111.0849769115448,30,4.383150988862875
776,509,254,0,0,0.0,131.49452966588623,30,111.0849769115448,30,4.383150988862875
777,510,254,1,0,1.0,131.49452966588623,30,111.0849769115448,30,4.383150988862875
778,510,254,0,0,0.0,131.49452966588623,30,111.0849769115448,30,4.383150988862875
779,510,254,0,0,0.0,131.49452966588623,30,111.0849769115448,30,4.383150988862875
780,511,254,1,0,1.0,131.49452966588623,30,111.0849769115448,30,4.383150988862875
781,511,254,0,0,0.0,131.49452966588623,30,111.0849769115448,30,4.383150988862875
782,511,254,0,0,0.0,131.49452966588623,30,111.0849769115448,30,4.383150988862875
783,511,254,0,0,0.0,131.49452966588623,30,111.0849769115448,30,4.383150988862875
784,511,254,0,0,0.0,131.49452966588623,30,111.0849769115448,30,4.383150988862875
785,511,254,0,0,0.0,131.49452966588623,30,111.0849769115448,30,4.383150988862875
786,511,254,0,0,0.0,131.49452966588623,30,111.0849769115448,30,4.383150988862875
787,511,254,0,0,0.0,131.49452966588623,30,111.0849769115448,30,4.383150988862875
788,511,254,0,0,0.0,131.49452966588623,30,111.0849769115448,30,4.383150988862875
789,511,254,0,0,0.0,131.49452966588623,30,111.0849769115448,30,4.383150988862875
790,511,254,0,0,0.0,131.49452966588623,30,111.0849769115448,30,4.383150988862875
791,511,254,0,0,0.0,131.49452966588623,30,111.0849769115448,30,4.383150988862875
792,510,254,-1,0,1.0,131.49452966588623,30,111.0849769115448,30,4.383150988862875
793,510,254,0,0,0.0,131.49452966588623,30,111.0849769115448,30,4.383150988862875
794,510,254,0,0,0.0,131.49452966588623,30,111.0849769115448,30,4.383150988862875
795,510,254,0,0,0.0,131.49452966588623,30,111.0849769115448,30,4.383150988862875
796,510,254,0,0,0.0,131.49452966588623,30,111.0849769115448,30,4.383150988862875
797,510,254,0,0,0.0,131.49452966588623,30,111.0849769115448,30,4.383150988862875
798,509,254,-1,0,1.0,131.49452966588623,30,111.0849769115448,30,4.383150988862875
799,509,254,0,0,0.0,131.49452966588623,30,111.0849769115448,30,4.383150988862875
800,509,254,0,0,0.0,131.49452966588623,30,111.0849769115448,30,4.383150988862875
801,508,254,-1,0,1.0,131.49452966588623,30,111.0849769115448,30,4.383150988862875
802,508,255,0,1,1.0,131.49452966588623,30,111.0849769115448,30,4.383150988862875
803,508,255,0,0,0.0,131.49452966588623,30,111.0849769115448,30,4.383150988862875
804,507,255,-1,0,1.0,131.49452966588623,30,111.0849769115448,30,4.383150988862875
805,507,255,0,0,0.0,131.49452966588623,30,111.0849769115448,30,4.383150988862875
806,507,255,0,0,0.0,131.49452966588623,30,111.0849769115448,30,4.383150988862875
807,506,255,-1,0,1.0,131.49452966588623,30,111.0849769115448,30,4.383150988862875
808,505,255,-1,0,1.0,131.49452966588623,30,111.0849769115448,30,4.383150988862875
809,505,255,0,0,0.0,131.49452966588623,30,111.0849769115448,30,4.383150988862875
810,504,255,-1,0,1.0,131.49452966588623,30,111.0849769115448,30,4.383150988862875
811,504,255,0,0,0.0,131.49452966588623,30,111.0849769115448,30,4.383150988862875
812,503,255,-1,0,1.0,131.49452966588623,30,111.0849769115448,30,4.383150988862875
813,503,255,0,0,0.0,131.49452966588623,30,111.0849769115448,30,4.383150988862875
814,502,255,-1,0,1.0,131.49452966588623,30,111.0849769115448,30,4.383150988862875
815,501,255,-1,0,1.0,131.49452966588623,30,111.0849769115448,30,4.383150988862875
816,501,255,0,0,0.0,131.49452966588623,30,111.0849769115448,30,4.383150988862875
817,500,255,-1,0,1.0,131.49452966588623,30,111.0849769115448,30,4.383150988862875
818,500,255,0,0,0.0,131.49452966588623,30,111.0849769115448,30,4.383150988862875
819,499,255,-1,0,1.0,131.49452966588623,30,111.0849769115448,30,4.383150988862875
820,498,255,-1,0,1.0,131.49452966588623,30,111.0849769115448,30,4.383150988862875
821,498,255,0,0,0.0,131.49452966588623,30,111.0849769115448,30,4.383150988862875
822,497,255,-1,0,1.0,131.49452966588623,30,111.0849769115448,30,4.383150988862875
823,496,255,-1,0,1.0,131.49452966588623,30,111.0849769115448,30,4.383150988862875
824,496,255,0,0,0.0,131.49452966588623,30,111.0849769115448,30,4.383150988862875
825,495,256,-1,1,1.4142135623730951,131.49452966588623,30,111.0849769115448,30,4.383150988862875
826,494,256,-1,0,1.0,131.49452966588623,30,111.0849769115448,30,4.383150988862875
827,494,256,0,0,0.0,131.49452966588623,30,111.0849769115448,30,4.383150988862875
828,492,256,-2,0,2.0,131.49452966588623,30,111.0849769115448,30,4.383150988862875
829,491,256,-1,0,1.0,131.49452966588623,30,111.0849769115448,30,4.383150988862875
830,490,256,-1,0,1.0,131.49452966588623,30,111.0849769115448,30,4.383150988862875
831,489,256,-1,0,1.0,131.49452966588623,30,111.0849769115448,30,4.383150988862875
832,488,256,-1,0,1.0,131.49452966588623,30,111.0849769115448,30,4.383150988862875
833,487,256,-1,0,1.0,131.49452966588623,30,111.0849769115448,30,4.383150988862875
834,486,256,-1,0,1.0,131.49452966588623,30,111.0849769115448,30,4.383150988862875
835,485,256,-1,0,1.0,131.49452966588623,30,111.0849769115448,30,4.383150988862875
836,483,256,-2,0,2.0,131.49452966588623,30,111.0849769115448,30,4.383150988862875
837,482,256,-1,0,1.0,131.49452966588623,30,111.0849769115448,30,4.383150988862875
838,481,256,-1,0,1.0,131.49452966588623,30,111.0849769115448,30,4.383150988862875
839,480,256,-1,0,1.0,131.49452966588623,30,111.0849769115448,30,4.383150988862875
840,479,256,-1,0,1.0,131.49452966588623,30,111.0849769115448,30,4.383150988862875
841,478,256,-1,0,1.0,131.49452966588623,30,111.0849769115448,30,4.383150988862875
842,477,256,-1,0,1.0,131.49452966588623,30,111.0849769115448,30,4.383150988862875
843,476,256,-1,0,1.0,131.49452966588623,30,111.0849769115448,30,4.383150988862875
844,475,256,-1,0,1.0,131.49452966588623,30,111.0849769115448,30,4.383150988862875
845,473,256,-2,0,2.0,131.49452966588623,30,111.0849769115448,30,4.383150988862875
846,473,256,0,0,0.0,131.49452966588623,30,111.0849769115448,30,4.383150988862875
847,471,256,-2,0,2.0,131.49452966588623,30,111.0849769115448,30,4.383150988862875
848,470,256,-1,0,1.0,131.49452966588623,30,111.0849769115448,30,4.383150988862875
849,469,256,-1,0,1.0,131.49452966588623,30,111.0849769115448,30,4.383150988862875
850,468,256,-1,0,1.0,131.49452966588623,30,111.0849769115448,30,4.383150988862875
851,467,256,-1,0,1.0,131.49452966588623,30,111.0849769115448,30,4.383150988862875
852,466,256,-1,0,1.0,131.49452966588623,30,111.0849769115448,30,4.383150988862875
853,465,256,-1,0,1.0,131.49452966588623,30,111.0849769115448,30,4.383150988862875
854,464,256,-1,0,1.0,131.49452966588623,30,111.0849769115448,30,4.383150988862875
855,464,256,0,0,0.0,131.49452966588623,30,111.0849769115448,30,4.383150988862875
856,462,256,-2,0,2.0,131.49452966588623,30,111.0849769115448,30,4.383150988862875
857,462,256,0,0,0.0,131.49452966588623,30,111.0849769115448,30,4.383150988862875
858,461,256,-1,0,1.0,131.49452966588623,30,111.0849769115448,30,4.383150988862875
859,460,256,-1,0,1.0,131.49452966588623,30,111.0849769115448,30,4.383150988862875
860,459,256,-1,0,1.0,131.49452966588623,30,111.0849769115448,30,4.383150988862875
861,458,257,-1,1,1.4142135623730951,131.49452966588623,30,111.0849769115448,30,4.383150988862875
862,458,257,0,0,0.0,131.49452966588623,30,111.0849769115448,30,4.383150988862875
863,457,256,-1,-1,1.4142135623730951,131.49452966588623,30,111.0849769115448,30,4.383150988862875
864,456,257,-1,1,1.4142135623730951,131.49452966588623,30,111.0849769115448,30,4.383150988862875
865,455,257,-1,0,1.0,131.49452966588623,30,111.0849769115448,30,4.383150988862875
866,455,257,0,0,0.0,131.49452966588623,30,111.0849769115448,30,4.383150988862875
867,454,257,-1,0,1.0,131.49452966588623,30,111.0849769115448,30,4.383150988862875
868,453,257,-1,0,1.0,131.49452966588623,30,111.0849769115448,30,4.383150988862875
869,453,257,0,0,0.0,131.49452966588623,30,111.0849769115448,30,4.383150988862875
870,452,257,-1,0,1.0,131.49452966588623,30,111.0849769115448,30,4.383150988862875
871,451,257,-1,0,1.0,131.49452966588623,30,111.0849769115448,30,4.383150988862875
872,451,257,0,0,0.0,131.49452966588623,30,111.0849769115448,30,4.383150988862875
873,450,257,-1,0,1.0,131.49452966588623,30,111.0849769115448,30,4.383150988862875
874,450,257,0,0,0.0,131.49452966588623,30,111.0849769115448,30,4.383150988862875
875,449,257,-1,0,1.0,131.49452966588623,30,111.0849769115448,30,4.383150988862875
876,449,256,0,-1,1.0,131.49452966588623,30,111.0849769115448,30,4.383150988862875
877,448,257,-1,1,1.4142135623730951,131.49452966588623,30,111.0849769115448,30,4.383150988862875
878,448,256,0,-1,1.0,131.49452966588623,30,111.0849769115448,30,4.383150988862875
879,448,257,0,1,1.0,131.49452966588623,30,111.0849769115448,30,4.383150988862875
880,447,257,-1,0,1.0,131.49452966588623,30,111.0849769115448,30,4.383150988862875
881,447,257,0,0,0.0,131.49452966588623,30,111.0849769115448,30,4.383150988862875
882,447,257,0,0,0.0,131.49452966588623,30,111.0849769115448,30,4.383150988862875
883,447,257,0,0,0.0,131.49452966588623,30,111.0849769115448,30,4.383150988862875
884,446,257,-1,0,1.0,131.49452966588623,30,111.0849769115448,30,4.383150988862875
885,446,257,0,0,0.0,131.49452966588623,30,111.0849769115448,30,4.383150988862875
886,446,256,0,-1,1.0,131.49452966588623,30,111.0849769115448,30,4.383150988862875
887,446,257,0,1,1.0,131.49452966588623,30,111.0849769115448,30,4.383150988862875
888,446,257,0,0,0.0,131.49452966588623,30,111.0849769115448,30,4.383150988862875
889,446,257,0,0,0.0,131.49452966588623,30,111.0849769115448,30,4.383150988862875
890,446,257,0,0,0.0,131.49452966588623,30,111.0849769115448,30,4.383150988862875
891,446,257,0,0,0.0,131.49452966588623,30,111.0849769115448,30,4.383150988862875
892,446,256,0,-1,1.0,131.49452966588623,30,111.0849769115448,30,4.383150988862875
893,447,257,1,1,1.4142135623730951,131.49452966588623,30,111.0849769115448,30,4.383150988862875
894,446,257,-1,0,1.0,131.49452966588623,30,111.0849769115448,30,4.383150988862875
895,447,256,1,-1,1.4142135623730951,131.49452966588623,30,111.0849769115448,30,4.383150988862875
896,447,256,0,0,0.0,131.49452966588623,30,111.0849769115448,30,4.383150988862875
897,447,257,0,1,1.0,131.49452966588623,30,111.0849769115448,30,4.383150988862875
898,447,256,0,-1,1.0,131.49452966588623,30,111.0849769115448,30,4.383150988862875
899,447,256,0,0,0.0,131.49452966588623,30,111.0849769115448,30,4.383150988862875
900,448,257,1,1,1.4142135623730951,131.49452966588623,30,111.0849769115448,30,4.383150988862875
901,448,256,0,-1,1.0,131.49452966588623,30,111.0849769115448,30,4.383150988862875
902,448,256,0,0,0.0,131.49452966588623,30,111.0849769115448,30,4.383150988862875
903,449,256,1,0,1.0,131.49452966588623,30,111.0849769115448,30,4.383150988862875
904,449,256,0,0,0.0,131.49452966588623,30,111.0849769115448,30,4.383150988862875
905,449,256,0,0,0.0,131.49452966588623,30,111.0849769115448,30,4.383150988862875
906,449,256,0,0,0.0,131.49452966588623,30,111.0849769115448,30,4.383150988862875
907,450,256,1,0,1.0,131.49452966588623,30,111.0849769115448,30,4.383150988862875
908,450,256,0,0,0.0,131.49452966588623,30,111.0849769115448,30,4.383150988862875
909,451,256,1,0,1.0,131.49452966588623,30,111.0849769115448,30,4.383150988862875
910,451,256,0,0,0.0,131.49452966588623,30,111.0849769115448,30,4.383150988862875
911,452,256,1,0,1.0,131.49452966588623,30,111.0849769115448,30,4.383150988862875
912,452,256,0,0,0.0,131.49452966588623,30,111.0849769115448,30,4.383150988862875
913,453,256,1,0,1.0,131.49452966588623,30,111.0849769115448,30,4.383150988862875
914,453,256,0,0,0.0,131.49452966588623,30,111.0849769115448,30,4.383150988862875
915,454,256,1,0,1.0,131.49452966588623,30,111.0849769115448,30,4.383150988862875
916,454,256,0,0,0.0,131.49452966588623,30,111.0849769115448,30,4.383150988862875
917,455,256,1,0,1.0,131.49452966588623,30,111.0849769115448,30,4.383150988862875
918,456,256,1,0,1.0,131.49452966588623,30,111.0849769115448,30,4.383150988862875
919,456,256,0,0,0.0,131.49452966588623,30,111.0849769115448,30,4.383150988862875
920,457,256,1,0,1.0,131.49452966588623,30,111.0849769115448,30,4.383150988862875
921,458,256,1,0,1.0,131.49452966588623,30,111.0849769115448,30,4.383150988862875
922,458,256,0,0,0.0,131.49452966588623,30,111.0849769115448,30,4.383150988862875
923,459,256,1,0,1.0,131.49452966588623,30,111.0849769115448,30,4.383150988862875
924,460,256,1,0,1.0,131.49452966588623,30,111.0849769115448,30,4.383150988862875
925,460,256,0,0,0.0,131.49452966588623,30,111.0849769115448,30,4.383150988862875
926,461,256,1,0,1.0,131.49452966588623,30,111.0849769115448,30,4.383150988862875
927,462,256,1,0,1.0,131.49452966588623,30,111.0849769115448,30,4.383150988862875
928,463,256,1,0,1.0,131.49452966588623,30,111.0849769115448,30,4.383150988862875
929,464,256,1,0,1.0,131.49452966588623,30,111.0849769115448,30,4.383150988862875
930,465,256,1,0,1.0,131.49452966588623,30,111.0849769115448,30,4.383150988862875
931,465,256,0,0,0.0,131.49452966588623,30,111.0849769115448,30,4.383150988862875
932,466,256,1,0,1.0,131.49452966588623,30,111.0849769115448,30,4.383150988862875
933,467,256,1,0,1.0,131.49452966588623,30,111.0849769115448,30,4.383150988862875
934,468,255,1,-1,1.4142135623730951,131.49452966588623,30,111.0849769115448,30,4.383150988862875
935,469,256,1,1,1.4142135623730951,131.49452966588623,30,111.0849769115448,30,4.383150988862875
936,470,256,1,0,1.0,131.49452966588623,30,111.0849769115448,30,4.383150988862875
937,471,255,1,-1,1.4142135623730951,131.49452966588623,30,111.0849769115448,30,4.383150988862875
938,472,255,1,0,1.0,131.49452966588623,30,111.0849769115448,30,4.383150988862875
939,473,255,1,0,1.0,131.49452966588623,30,111.0849769115448,30,4.383150988862875
940,474,255,1,0,1.0,131.49452966588623,30,111.0849769115448,30,4.383150988862875
941,475,255,1,0,1.0,131.49452966588623,30,111.0849769115448,30,4.383150988862875
942,476,255,1,0,1.0,131.49452966588623,30,111.0849769115448,30,4.383150988862875
943,478,255,2,0,2.0,131.49452966588623,30,111.0849769115448,30,4.383150988862875
944,479,255,1,0,1.0,131.49452966588623,30,111.0849769115448,30,4.383150988862875
945,480,255,1,0,1.0,131.49452966588623,30,111.0849769115448,30,4.383150988862875
946,481,255,1,0,1.0,131.49452966588623,30,111.0849769115448,30,4.383150988862875
947,482,255,1,0,1.0,131.49452966588623,30,111.0849769115448,30,4.383150988862875
948,484,255,2,0,2.0,131.49452966588623,30,111.0849769115448,30,4.383150988862875
949,485,255,1,0,1.0,131.49452966588623,30,111.0849769115448,30,4.383150988862875
950,486,255,1,0,1.0,131.49452966588623,30,111.0849769115448,30,4.383150988862875
951,488,255,2,0,2.0,131.49452966588623,30,111.0849769115448,30,4.383150988862875
952,489,255,1,0,1.0,131.49452966588623,30,111.0849769115448,30,4.383150988862875
953,490,255,1,0,1.0,131.49452966588623,30,111.0849769115448,30,4.383150988862875
954,491,255,1,0,1.0,131.49452966588623,30,111.0849769115448,30,4.383150988862875
955,491,255,0,0,0.0,131.49452966588623,30,111.0849769115448,30,4.383150988862875
956,493,255,2,0,2.0,131.49452966588623,30,111.0849769115448,30,4.383150988862875
957,494,255,1,0,1.0,131.49452966588623,30,111.0849769115448,30,4.383150988862875
958,494,255,0,0,0.0,131.49452966588623,30,111.0849769115448,30,4.383150988862875
959,495,255,1,0,1.0,131.49452966588623,30,111.0849769115448,30,4.383150988862875
960,496,255,1,0,1.0,131.49452966588623,30,111.0849769115448,30,4.383150988862875
961,497,255,1,0,1.0,131.49452966588623,30,111.0849769115448,30,4.383150988862875
962,498,255,1,0,1.0,131.49452966588623,30,111.0849769115448,30,4.383150988862875
963,499,255,1,0,1.0,131.49452966588623,30,111.0849769115448,30,4.383150988862875
964,499,255,0,0,0.0,131.49452966588623,30,111.0849769115448,30,4.383150988862875
965,500,255,1,0,1.0,131.49452966588623,30,111.0849769115448,30,4.383150988862875
966,501,255,1,0,1.0,131.49452966588623,30,111.0849769115448,30,4.383150988862875
967,501,255,0,0,0.0,131.49452966588623,30,111.0849769115448,30,4.383150988862875
968,502,255,1,0,1.0,131.49452966588623,30,111.0849769115448,30,4.383150988862875
969,503,255,1,0,1.0,131.49452966588623,30,111.0849769115448,30,4.383150988862875
970,503,255,0,0,0.0,131.49452966588623,30,111.0849769115448,30,4.383150988862875
971,504,255,1,0,1.0,131.49452966588623,30,111.0849769115448,30,4.383150988862875
972,504,255,0,0,0.0,131.49452966588623,30,111.0849769115448,30,4.383150988862875
973,505,254,1,-1,1.4142135623730951,131.49452966588623,30,111.0849769115448,30,4.383150988862875
974,506,254,1,0,1.0,131.49452966588623,30,111.0849769115448,30,4.383150988862875
975,506,255,0,1,1.0,131.49452966588623,30,111.0849769115448,30,4.383150988862875
976,507,254,1,-1,1.4142135623730951,131.49452966588623,30,111.0849769115448,30,4.383150988862875
977,508,254,1,0,1.0,131.49452966588623,30,111.0849769115448,30,4.383150988862875
978,508,254,0,0,0.0,131.49452966588623,30,111.0849769115448,30,4.383150988862875
979,508,254,0,0,0.0,131.49452966588623,30,111.0849769115448,30,4.383150988862875
980,509,254,1,0,1.0,131.49452966588623,30,111.0849769115448,30,4.383150988862875
981,509,254,0,0,0.0,131.49452966588623,30,111.0849769115448,30,4.383150988862875
982,509,254,0,0,0.0,131.49452966588623,30,111.0849769115448,30,4.383150988862875
983,510,255,1,1,1.4142135623730951,131.49452966588623,30,111.0849769115448,30,4.383150988862875
984,510,254,0,-1,1.0,131.49452966588623,30,111.0849769115448,30,4.383150988862875
985,510,254,0,0,0.0,131.49452966588623,30,111.0849769115448,30,4.383150988862875
986,511,254,1,0,1.0,131.49452966588623,30,111.0849769115448,30,4.383150988862875
987,511,255,0,1,1.0,131.49452966588623,30,111.0849769115448,30,4.383150988862875
988,511,255,0,0,0.0,131.49452966588623,30,111.0849769115448,30,4.383150988862875
989,511,255,0,0,0.0,131.49452966588623,30,111.0849769115448,30,4.383150988862875
990,511,254,0,-1,1.0,131.49452966588623,30,111.0849769115448,30,4.383150988862875
991,511,254,0,0,0.0,131.49452966588623,30,111.0849769115448,30,4.383150988862875
992,511,255,0,1,1.0,131.49452966588623,30,111.0849769115448,30,4.383150988862875
993,511,255,0,0,0.0,131.49452966588623,30,111.0849769115448,30,4.383150988862875
994,511,255,0,0,0.0,131.49452966588623,30,111.0849769115448,30,4.383150988862875
995,511,255,0,0,0.0,131.49452966588623,30,111.0849769115448,30,4.383150988862875
996,511,255,0,0,0.0,131.49452966588623,30,111.0849769115448,30,4.383150988862875
997,510,255,-1,0,1.0,131.49452966588623,30,111.0849769115448,30,4.383150988862875
998,510,254,0,-1,1.0,131.49452966588623,30,111.0849769115448,30,4.383150988862875
999,510,255,0,1,1.0,131.49452966588623,30,111.0849769115448,30,4.383150988862875
1000,510,255,0,0,0.0,131.49452966588623,30,111.0849769115448,30,4.383150988862875
1001,510,255,0,0,0.0,131.49452966588623,30,111.0849769115448,30,4.383150988862875
1002,510,255,0,0,0.0,131.49452966588623,30,111.0849769115448,30,4.383150988862875
1003,509,255,-1,0,1.0,131.49452966588623,30,111.0849769115448,30,4.383150988862875
1004,509,255,0,0,0.0,131.49452966588623,30,111.0849769115448,30,4.383150988862875
1005,509,255,0,0,0.0,131.49452966588623,30,111.0849769115448,30,4.383150988862875
1006,509,255,0,0,0.0,131.49452966588623,30,111.0849769115448,30,4.383150988862875
1007,508,255,-1,0,1.0,131.49452966588623,30,111.0849769115448,30,4.383150988862875
1008,508,255,0,0,0.0,131.49452966588623,30,111.0849769115448,30,4.383150988862875
1009,507,255,-1,0,1.0,131.49452966588623,30,111.0849769115448,30,4.383150988862875
1010,507,255,0,0,0.0,131.49452966588623,30,111.0849769115448,30,4.383150988862875
1011,507,255,0,0,0.0,131.49452966588623,30,111.0849769115448,30,4.383150988862875
1012,506,255,-1,0,1.0,131.49452966588623,30,111.0849769115448,30,4.383150988862875
1013,506,255,0,0,0.0,131.49452966588623,30,111.0849769115448,30,4.383150988862875
1014,505,255,-1,0,1.0,131.49452966588623,30,111.0849769115448,30,4.383150988862875
1015,505,255,0,0,0.0,131.49452966588623,30,111.0849769115448,30,4.383150988862875
1016,504,255,-1,0,1.0,131.49452966588623,30,111.0849769115448,30,4.383150988862875
1017,504,255,0,0,0.0,131.49452966588623,30,111.0849769115448,30,4.383150988862875
1018,503,255,-1,0,1.0,131.49452966588623,30,111.0849769115448,30,4.383150988862875
1019,502,255,-1,0,1.0,131.49452966588623,30,111.0849769115448,30,4.383150988862875
1020,502,255,0,0,0.0,131.49452966588623,30,111.0849769115448,30,4.383150988862875
1021,501,255,-1,0,1.0,131.49452966588623,30,111.0849769115448,30,4.383150988862875
1022,500,255,-1,0,1.0,131.49452966588623,30,111.0849769115448,30,4.383150988862875
1023,500,256,0,1,1.0,131.49452966588623,30,111.0849769115448,30,4.383150988862875
1024,499,255,-1,-1,1.4142135623730951,131.49452966588623,30,111.0849769115448,30,4.383150988862875
1025,499,256,0,1,1.0,131.49452966588623,30,111.0849769115448,30,4.383150988862875
1026,498,256,-1,0,1.0,131.49452966588623,30,111.0849769115448,30,4.383150988862875
1027,497,256,-1,0,1.0,131.49452966588623,30,111.0849769115448,30,4.383150988862875
1028,497,256,0,0,0.0,131.49452966588623,30,111.0849769115448,30,4.383150988862875
1029,496,256,-1,0,1.0,131.49452966588623,30,111.0849769115448,30,4.383150988862875
1030,495,256,-1,0,1.0,131.49452966588623,30,111.0849769115448,30,4.383150988862875
1031,495,256,0,0,0.0,131.49452966588623,30,111.0849769115448,30,4.383150988862875
1032,494,256,-1,0,1.0,131.49452966588623,30,111.0849769115448,30,4.383150988862875
1033,493,256,-1,0,1.0,131.49452966588623,30,111.0849769115448,30,4.383150988862875
1034,492,256,-1,0,1.0,131.49452966588623,30,111.0849769115448,30,4.383150988862875
1035,491,256,-1,0,1.0,131.49452966588623,30,111.0849769115448,30,4.383150988862875
1036,490,256,-1,0,1.0,131.49452966588623,30,111.0849769115448,30,4.383150988862875
1037,489,256,-1,0,1.0,131.49452966588623,30,111.0849769115448,30,4.383150988862875
1038,488,256,-1,0,1.0,131.49452966588623,30,111.0849769115448,30,4.383150988862875
1039,486,256,-2,0,2.0,131.49452966588623,30,111.0849769115448,30,4.383150988862875
1040,485,256,-1,0,1.0,131.49452966588623,30,111.0849769115448,30,4.383150988862875
1041,484,256,-1,0,1.0,131.49452966588623,30,111.0849769115448,30,4.383150988862875
1042,482,256,-2,0,2.0,131.49452966588623,30,111.0849769115448,30,4.383150988862875
1043,481,256,-1,0,1.0,131.49452966588623,30,111.0849769115448,30,4.383150988862875
1044,480,256,-1,0,1.0,131.49452966588623,30,111.0849769115448,30,4.383150988862875
1045,479,256,-1,0,1.0,131.49452966588623,30,111.0849769115448,30,4.383150988862875
1046,478,257,-1,1,1.4142135623730951,131.49452966588623,30,111.0849769115448,30,4.383150988862875
1047,477,256,-1,-1,1.4142135623730951,131.49452966588623,30,111.0849769115448,30,4.383150988862875
1048,476,257,-1,1,1.4142135623730951,131.49452966588623,30,111.0849769115448,30,4.383150988862875
1049,475,257,-1,0,1.0,131.49452966588623,30,111.0849769115448,30,4.383150988862875
1050,474,257,-1,0,1.0,131.49452966588623,30,111.0849769115448,30,4.383150988862875
1051,473,256,-1,-1,1.4142135623730951,131.49452966588623,30,111.0849769115448,30,4.383150988862875
1052,472,256,-1,0,1.0,131.49452966588623,30,111.0849769115448,30,4.383150988862875
1053,471,256,-1,0,1.0,131.49452966588623,30,111.0849769115448,30,4.383150988862875
1054,470,257,-1,1,1.4142135623730951,131.49452966588623,30,111.0849769115448,30,4.383150988862875
1055,469,256,-1,-1,1.4142135623730951,131.49452966588623,30,111.0849769115448,30,4.383150988862875
1056,468,257,-1,1,1.4142135623730951,131.49452966588623,30,111.0849769115448,30,4.383150988862875
1057,467,257,-1,0,1.0,131.49452966588623,30,111.0849769115448,30,4.383150988862875
1058,466,257,-1,0,1.0,131.49452966588623,30,111.0849769115448,30,4.383150988862875
1059,465,257,-1,0,1.0,131.49452966588623,30,111.0849769115448,30,4.383150988862875
1060,464,257,-1,0,1.0,131.49452966588623,30,111.0849769115448,30,4.383150988862875
1061,463,257,-1,0,1.0,131.49452966588623,30,111.0849769115448,30,4.383150988862875
1062,462,257,-1,0,1.0,131.49452966588623,30,111.0849769115448,30,4.383150988862875
1063,461,257,-1,0,1.0,131.49452966588623,30,111.0849769115448,30,4.383150988862875
1064,460,257,-1,0,1.0,131.49452966588623,30,111.0849769115448,30,4.383150988862875
1065,459,257,-1,0,1.0,131.49452966588623,30,111.0849769115448,30,4.383150988862875
1066,458,257,-1,0,1.0,131.49452966588623,30,111.0849769115448,30,4.383150988862875
1067,458,257,0,0,0.0,131.49452966588623,30,111.0849769115448,30,4.383150988862875
1068,457,257,-1,0,1.0,131.49452966588623,30,111.0849769115448,30,4.383150988862875
1069,456,257,-1,0,1.0,131.49452966588623,30,111.0849769115448,30,4.383150988862875
1070,455,257,-1,0,1.0,131.49452966588623,30,111.0849769115448,30,4.383150988862875
1071,455,257,0,0,0.0,131.49452966588623,30,111.0849769115448,30,4.383150988862875
1072,454,257,-1,0,1.0,131.49452966588623,30,111.0849769115448,30,4.383150988862875
1073,454,257,0,0,0.0,131.49452966588623,30,111.0849769115448,30,4.383150988862875
1074,453,257,-1,0,1.0,131.49452966588623,30,111.0849769115448,30,4.383150988862875
1075,452,257,-1,0,1.0,131.49452966588623,30,111.0849769115448,30,4.383150988862875
1076,452,257,0,0,0.0,131.49452966588623,30,111.0849769115448,30,4.383150988862875
1077,451,257,-1,0,1.0,131.49452966588623,30,111.0849769115448,30,4.383150988862875
1078,451,257,0,0,0.0,131.49452966588623,30,111.0849769115448,30,4.383150988862875
1079,450,257,-1,0,1.0,131.49452966588623,30,111.0849769115448,30,4.383150988862875
1080,450,257,0,0,0.0,131.49452966588623,30,111.0849769115448,30,4.383150988862875
1081,449,257,-1,0,1.0,131.49452966588623,30,111.0849769115448,30,4.383150988862875
1082,449,257,0,0,0.0,131.49452966588623,30,111.0849769115448,30,4.383150988862875
1083,448,257,-1,0,1.0,131.49452966588623,30,111.0849769115448,30,4.383150988862875
1084,448,257,0,0,0.0,131.49452966588623,30,111.0849769115448,30,4.383150988862875
1085,448,257,0,0,0.0,131.49452966588623,30,111.0849769115448,30,4.383150988862875
1086,447,257,-1,0,1.0,131.49452966588623,30,111.0849769115448,30,4.383150988862875
1087,447,257,0,0,0.0,131.49452966588623,30,111.0849769115448,30,4.383150988862875
1088,447,257,0,0,0.0,131.49452966588623,30,111.0849769115448,30,4.383150988862875
1089,447,257,0,0,0.0,131.49452966588623,30,111.0849769115448,30,4.383150988862875
1090,447,257,0,0,0.0,131.49452966588623,30,111.0849769115448,30,4.383150988862875
1091,446,257,-1,0,1.0,131.49452966588623,30,111.0849769115448,30,4.383150988862875
1092,447,257,1,0,1.0,131.49452966588623,30,111.0849769115448,30,4.383150988862875
1093,446,257,-1,0,1.0,131.49452966588623,30,111.0849769115448,30,4.383150988862875
1094,446,257,0,0,0.0,131.49452966588623,30,111.0849769115448,30,4.383150988862875
1095,446,257,0,0,0.0,131.49452966588623,30,111.0849769115448,30,4.383150988862875
1096,446,257,0,0,0.0,131.49452966588623,30,111.0849769115448,30,4.383150988862875
1097,446,257,0,0,0.0,131.49452966588623,30,111.0849769115448,30,4.383150988862875
1098,446,257,0,0,0.0,131.49452966588623,30,111.0849769115448,30,4.383150988862875
1099,447,257,1,0,1.0,131.49452966588623,30,111.0849769115448,30,4.383150988862875
1100,447,257,0,0,0.0,131.49452966588623,30,111.0849769115448,30,4.383150988862875
1101,447,257,0,0,0.0,131.49452966588623,30,111.0849769115448,30,4.383150988862875
1102,447,257,0,0,0.0,131.49452966588623,30,111.0849769115448,30,4.383150988862875
1103,448,257,1,0,1.0,131.49452966588623,30,111.0849769115448,30,4.383150988862875
1104,448,257,0,0,0.0,131.49452966588623,30,111.0849769115448,30,4.383150988862875
1105,448,257,0,0,0.0,131.49452966588623,30,111.0849769115448,30,4.383150988862875
1106,448,257,0,0,0.0,131.49452966588623,30,111.0849769115448,30,4.383150988862875
1107,448,257,0,0,0.0,131.49452966588623,30,111.0849769115448,30,4.383150988862875
1108,449,257,1,0,1.0,131.49452966588623,30,111.0849769115448,30,4.383150988862875
1109,449,257,0,0,0.0,131.49452966588623,30,111.0849769115448,30,4.383150988862875
1110,449,257,0,0,0.0,131.49452966588623,30,111.0849769115448,30,4.383150988862875
1111,450,257,1,0,1.0,131.49452966588623,30,111.0849769115448,30,4.383150988862875
1112,450,257,0,0,0.0,131.49452966588623,30,111.0849769115448,30,4.383150988862875
1113,451,257,1,0,1.0,131.49452966588623,30,111.0849769115448,30,4.383150988862875
1114,451,257,0,0,0.0,131.49452966588623,30,111.0849769115448,30,4.383150988862875
1115,452,257,1,0,1.0,131.49452966588623,30,111.0849769115448,30,4.383150988862875
1116,452,257,0,0,0.0,131.49452966588623,30,111.0849769115448,30,4.383150988862875
1117,452,256,0,-1,1.0,131.49452966588623,30,111.0849769115448,30,4.383150988862875
1118,453,256,1,0,1.0,131.49452966588623,30,111.0849769115448,30,4.383150988862875
1119,453,256,0,0,0.0,131.49452966588623,30,111.0849769115448,30,4.383150988862875
1120,454,256,1,0,1.0,131.49452966588623,30,111.0849769115448,30,4.383150988862875
1121,455,256,1,0,1.0,131.49452966588623,30,111.0849769115448,30,4.383150988862875
1122,455,256,0,0,0.0,131.49452966588623,30,111.0849769115448,30,4.383150988862875
1123,455,256,0,0,0.0,131.49452966588623,30,111.0849769115448,30,4.383150988862875
1124,456,256,1,0,1.0,131.49452966588623,30,111.0849769115448,30,4.383150988862875
1125,457,256,1,0,1.0,131.49452966588623,30,111.0849769115448,30,4.383150988862875
1126,457,256,0,0,0.0,131.49452966588623,30,111.0849769115448,30,4.383150988862875
1127,458,256,1,0,1.0,131.49452966588623,30,111.0849769115448,30,4.383150988862875
1128,459,256,1,0,1.0,131.49452966588623,30,111.0849769115448,30,4.383150988862875
1129,460,256,1,0,1.0,131.49452966588623,30,111.0849769115448,30,4.383150988862875
1130,461,256,1,0,1.0,131.49452966588623,30,111.0849769115448,30,4.383150988862875
1131,461,256,0,0,0.0,131.49452966588623,30,111.0849769115448,30,4.383150988862875
1132,462,256,1,0,1.0,131.49452966588623,30,111.0849769115448,30,4.383150988862875
1133,463,256,1,0,1.0,131.49452966588623,30,111.0849769115448,30,4.383150988862875
1134,464,256,1,0,1.0,131.49452966588623,30,111.0849769115448,30,4.383150988862875
1135,464,256,0,0,0.0,131.49452966588623,30,111.0849769115448,30,4.383150988862875
1136,465,256,1,0,1.0,131.49452966588623,30,111.0849769115448,30,4.383150988862875
1137,466,256,1,0,1.0,131.49452966588623,30,111.0849769115448,30,4.383150988862875
1138,467,256,1,0,1.0,131.49452966588623,30,111.0849769115448,30,4.383150988862875
1139,468,256,1,0,1.0,131.49452966588623,30,111.0849769115448,30,4.383150988862875
1140,469,256,1,0,1.0,131.49452966588623,30,111.0849769115448,30,4.383150988862875
1141,470,256,1,0,1.0,131.49452966588623,30,111.0849769115448,30,4.383150988862875
1142,471,256,1,0,1.0,131.49452966588623,30,111.0849769115448,30,4.383150988862875
1143,472,256,1,0,1.0,131.49452966588623,30,111.0849769115448,30,4.383150988862875
1144,473,256,1,0,1.0,131.49452966588623,30,111.0849769115448,30,4.383150988862875
1145,474,256,1,0,1.0,131.49452966588623,30,111.0849769115448,30,4.383150988862875
1146,475,256,1,0,1.0,131.49452966588623,30,111.0849769115448,30,4.383150988862875
1147,476,255,1,-1,1.4142135623730951,131.49452966588623,30,111.0849769115448,30,4.383150988862875
1148,478,255,2,0,2.0,131.49452966588623,30,111.0849769115448,30,4.383150988862875
1149,479,256,1,1,1.4142135623730951,131.49452966588623,30,111.0849769115448,30,4.383150988862875
1150,480,255,1,-1,1.4142135623730951,131.49452966588623,30,111.0849769115448,30,4.383150988862875
1151,481,255,1,0,1.0,131.49452966588623,30,111.0849769115448,30,4.383150988862875
1152,482,255,1,0,1.0,131.49452966588623,30,111.0849769115448,30,4.383150988862875
1153,484,255,2,0,2.0,131.49452966588623,30,111.0849769115448,30,4.383150988862875
1154,485,255,1,0,1.0,131.49452966588623,30,111.0849769115448,30,4.383150988862875
1155,486,255,1,0,1.0,131.49452966588623,30,111.0849769115448,30,4.383150988862875
1156,488,255,2,0,2.0,131.49452966588623,30,111.0849769115448,30,4.383150988862875
1157,489,255,1,0,1.0,131.49452966588623,30,111.0849769115448,30,4.383150988862875
1158,489,255,0,0,0.0,131.49452966588623,30,111.0849769115448,30,4.383150988862875
1159,491,255,2,0,2.0,131.49452966588623,30,111.0849769115448,30,4.383150988862875
1160,492,255,1,0,1.0,131.49452966588623,30,111.0849769115448,30,4.383150988862875
1161,492,255,0,0,0.0,131.49452966588623,30,111.0849769115448,30,4.383150988862875
1162,494,255,2,0,2.0,131.49452966588623,30,111.0849769115448,30,4.383150988862875
1163,494,255,0,0,0.0,131.49452966588623,30,111.0849769115448,30,4.383150988862875
1164,495,255,1,0,1.0,131.49452966588623,30,111.0849769115448,30,4.383150988862875
1165,496,255,1,0,1.0,131.49452966588623,30,111.0849769115448,30,4.383150988862875
1166,497,255,1,0,1.0,131.49452966588623,30,111.0849769115448,30,4.383150988862875
1167,498,255,1,0,1.0,131.49452966588623,30,111.0849769115448,30,4.383150988862875
1168,498,255,0,0,0.0,131.49452966588623,30,111.0849769115448,30,4.383150988862875
1169,499,255,1,0,1.0,131.49452966588623,30,111.0849769115448,30,4.383150988862875
1170,500,255,1,0,1.0,131.49452966588623,30,111.0849769115448,30,4.383150988862875
1171,501,255,1,0,1.0,131.49452966588623,30,111.0849769115448,30,4.383150988862875
1172,501,255,0,0,0.0,131.49452966588623,30,111.0849769115448,30,4.383150988862875
1173,502,255,1,0,1.0,131.49452966588623,30,111.0849769115448,30,4.383150988862875
1174,503,255,1,0,1.0,131.49452966588623,30,111.0849769115448,30,4.383150988862875
1175,504,255,1,0,1.0,131.49452966588623,30,111.0849769115448,30,4.383150988862875
1176,504,255,0,0,0.0,131.49452966588623,30,111.0849769115448,30,4.383150988862875
1177,505,255,1,0,1.0,131.49452966588623,30,111.0849769115448,30,4.383150988862875
1178,505,255,0,0,0.0,131.49452966588623,30,111.0849769115448,30,4.383150988862875
1179,506,255,1,0,1.0,131.49452966588623,30,111.0849769115448,30,4.383150988862875
1180,507,255,1,0,1.0,131.49452966588623,30,111.0849769115448,30,4.383150988862875
1181,507,255,0,0,0.0,131.49452966588623,30,111.0849769115448,30,4.383150988862875
1182,508,255,1,0,1.0,131.49452966588623,30,111.0849769115448,30,4.383150988862875
1183,508,255,0,0,0.0,131.49452966588623,30,111.0849769115448,30,4.383150988862875
1184,508,255,0,0,0.0,131.49452966588623,30,111.0849769115448,30,4.383150988862875
1185,509,255,1,0,1.0,131.49452966588623,30,111.0849769115448,30,4.383150988862875
1186,509,255,0,0,0.0,131.49452966588623,30,111.0849769115448,30,4.383150988862875
1187,509,255,0,0,0.0,131.49452966588623,30,111.0849769115448,30,4.383150988862875
1188,510,255,1,0,1.0,131.49452966588623,30,111.0849769115448,30,4.383150988862875
1189,510,255,0,0,0.0,131.49452966588623,30,111.0849769115448,30,4.383150988862875
1190,510,255,0,0,0.0,131.49452966588623,30,111.0849769115448,30,4.383150988862875
1191,510,255,0,0,0.0,131.49452966588623,30,111.0849769115448,30,4.383150988862875
1192,511,255,1,0,1.0,131.49452966588623,30,111.0849769115448,30,4.383150988862875
1193,511,255,0,0,0.0,131.49452966588623,30,111.0849769115448,30,4.383150988862875
1194,510,255,-1,0,1.0,131.49452966588623,30,111.0849769115448,30,4.383150988862875
1195,511,255,1,0,1.0,131.49452966588623,30,111.0849769115448,30,4.383150988862875
1196,511,255,0,0,0.0,131.49452966588623,30,111.0849769115448,30,4.383150988862875
1197,511,255,0,0,0.0,131.49452966588623,30,111.0849769115448,30,4.383150988862875
1198,511,255,0,0,0.0,131.49452966588623,30,111.0849769115448,30,4.383150988862875
1199,511,255,0,0,0.0,131.49452966588623,30,111.0849769115448,30,4.383150988862875
1200,511,255,0,0,0.0,131.49452966588623,30,111.0849769115448,30,4.383150988862875
1201,511,255,0,0,0.0,131.49452966588623,30,111.0849769115448,30,4.383150988862875
1202,511,255,0,0,0.0,131.49452966588623,30,111.0849769115448,30,4.383150988862875
1203,511,255,0,0,0.0,131.49452966588623,30,111.0849769115448,30,4.383150988862875
1204,510,255,-1,0,1.0,131.49452966588623,30,111.0849769115448,30,4.383150988862875
1205,510,255,0,0,0.0,131.49452966588623,30,111.0849769115448,30,4.383150988862875
1206,510,255,0,0,0.0,131.49452966588623,30,111.0849769115448,30,4.383150988862875
1207,510,255,0,0,0.0,131.49452966588623,30,111.0849769115448,30,4.383150988862875
1208,510,255,0,0,0.0,131.49452966588623,30,111.0849769115448,30,4.383150988862875
1209,509,255,-1,0,1.0,131.49452966588623,30,111.0849769115448,30,4.383150988862875
1210,509,255,0,0,0.0,131.49452966588623,30,111.0849769115448,30,4.383150988862875
1211,509,255,0,0,0.0,131.49452966588623,30,111.0849769115448,30,4.383150988862875
1212,508,255,-1,0,1.0,131.49452966588623,30,111.0849769115448,30,4.383150988862875
1213,508,255,0,0,0.0,131.49452966588623,30,111.0849769115448,30,4.383150988862875
1214,508,255,0,0,0.0,131.49452966588623,30,111.0849769115448,30,4.383150988862875
1215,508,255,0,0,0.0,131.49452966588623,30,111.0849769115448,30,4.383150988862875
1216,507,255,-1,0,1.0,131.49452966588623,30,111.0849769115448,30,4.383150988862875
1217,506,255,-1,0,1.0,131.49452966588623,30,111.0849769115448,30,4.383150988862875
1218,506,255,0,0,0.0,131.49452966588623,30,111.0849769115448,30,4.383150988862875
1219,506,255,0,0,0.0,131.49452966588623,30,111.0849769115448,30,4.383150988862875
1220,505,255,-1,0,1.0,131.49452966588623,30,111.0849769115448,30,4.383150988862875
1221,504,255,-1,0,1.0,131.49452966588623,30,111.0849769115448,30,4.383150988862875
1222,504,255,0,0,0.0,131.49452966588623,30,111.0849769115448,30,4.383150988862875
1223,503,255,-1,0,1.0,131.49452966588623,30,111.0849769115448,30,4.383150988862875
1224,502,256,-1,1,1.4142135623730951,131.49452966588623,30,111.0849769115448,30,4.383150988862875
1225,502,256,0,0,0.0,131.49452966588623,30,111.0849769115448,30,4.383150988862875
1226,501,255,-1,-1,1.4142135623730951,131.49452966588623,30,111.0849769115448,30,4.383150988862875
1227,500,256,-1,1,1.4142135623730951,131.49452966588623,30,111.0849769115448,30,4.383150988862875
1228,500,256,0,0,0.0,131.49452966588623,30,111.0849769115448,30,4.383150988862875
1229,499,256,-1,0,1.0,131.49452966588623,30,111.0849769115448,30,4.383150988862875
1230,499,256,0,0,0.0,131.49452966588623,30,111.0849769115448,30,4.383150988862875
1231,498,256,-1,0,1.0,131.49452966588623,30,111.0849769115448,30,4.383150988862875
1232,497,256,-1,0,1.0,131.49452966588623,30,111.0849769115448,30,4.383150988862875
1233,497,256,0,0,0.0,131.49452966588623,30,111.0849769115448,30,4.383150988862875
1234,496,256,-1,0,1.0,131.49452966588623,30,111.0849769115448,30,4.383150988862875
1235,495,256,-1,0,1.0,131.49452966588623,30,111.0849769115448,30,4.383150988862875
1236,495,256,0,0,0.0,131.49452966588623,30,111.0849769115448,30,4.383150988862875
1237,494,256,-1,0,1.0,131.49452966588623,30,111.0849769115448,30,4.383150988862875
1238,493,256,-1,0,1.0,131.49452966588623,30,111.0849769115448,30,4.383150988862875
1239,492,256,-1,0,1.0,131.49452966588623,30,111.0849769115448,30,4.383150988862875
1240,491,256,-1,0,1.0,131.49452966588623,30,111.0849769115448,30,4.383150988862875
1241,490,256,-1,0,1.0,131.49452966588623,30,111.0849769115448,30,4.383150988862875
1242,489,256,-1,0,1.0,131.49452966588623,30,111.0849769115448,30,4.383150988862875
1243,488,256,-1,0,1.0,131.49452966588623,30,111.0849769115448,30,4.383150988862875
1244,487,256,-1,0,1.0,131.49452966588623,30,111.0849769115448,30,4.383150988862875
1245,486,257,-1,1,1.4142135623730951,131.49452966588623,30,111.0849769115448,30,4.383150988862875
1246,484,257,-2,0,2.0,131.49452966588623,30,111.0849769115448,30,4.383150988862875
1247,483,256,-1,-1,1.4142135623730951,131.49452966588623,30,111.0849769115448,30,4.383150988862875
1248,482,257,-1,1,1.4142135623730951,131.49452966588623,30,111.0849769115448,30,4.383150988862875
1249,481,257,-1,0,1.0,131.49452966588623,30,111.0849769115448,30,4.383150988862875
1250,480,257,-1,0,1.0,131.49452966588623,30,111.0849769115448,30,4.383150988862875
1251,479,257,-1,0,1.0,131.49452966588623,30,111.0849769115448,30,4.383150988862875
1252,478,257,-1,0,1.0,131.49452966588623,30,111.0849769115448,30,4.383150988862875
1253,477,257,-1,0,1.0,131.49452966588623,30,111.0849769115448,30,4.383150988862875
1254,476,257,-1,0,1.0,131.49452966588623,30,111.0849769115448,30,4.383150988862875
1255,475,257,-1,0,1.0,131.49452966588623,30,111.0849769115448,30,4.383150988862875
1256,474,257,-1,0,1.0,131.49452966588623,30,111.0849769115448,30,4.383150988862875
1257,473,257,-1,0,1.0,131.49452966588623,30,111.0849769115448,30,4.383150988862875
1258,472,257,-1,0,1.0,131.49452966588623,30,111.0849769115448,30,4.383150988862875
1259,470,257,-2,0,2.0,131.49452966588623,30,111.0849769115448,30,4.383150988862875
1260,469,257,-1,0,1.0,131.49452966588623,30,111.0849769115448,30,4.383150988862875
1261,469,257,0,0,0.0,131.49452966588623,30,111.0849769115448,30,4.383150988862875
1262,468,256,-1,-1,1.4142135623730951,131.49452966588623,30,111.0849769115448,30,4.383150988862875
1263,466,257,-2,1,2.23606797749979,131.49452966588623,30,111.0849769115448,30,4.383150988862875
1264,466,257,0,0,0.0,131.49452966588623,30,111.0849769115448,30,4.383150988862875
1265,464,257,-2,0,2.0,131.49452966588623,30,111.0849769115448,30,4.383150988862875
1266,463,257,-1,0,1.0,131.49452966588623,30,111.0849769115448,30,4.383150988862875
1267,463,257,0,0,0.0,131.49452966588623,30,111.0849769115448,30,4.383150988862875
1268,462,257,-1,0,1.0,131.49452966588623,30,111.0849769115448,30,4.383150988862875
1269,461,257,-1,0,1.0,131.49452966588623,30,111.0849769115448,30,4.383150988862875
1270,460,257,-1,0,1.0,131.49452966588623,30,111.0849769115448,30,4.383150988862875
1271,459,257,-1,0,1.0,131.49452966588623,30,111.0849769115448,30,4.383150988862875
1272,458,257,-1,0,1.0,131.49452966588623,30,111.0849769115448,30,4.383150988862875
1273,458,257,0,0,0.0,131.49452966588623,30,111.0849769115448,30,4.383150988862875
1274,457,257,-1,0,1.0,131.49452966588623,30,111.0849769115448,30,4.383150988862875
1275,456,257,-1,0,1.0,131.49452966588623,30,111.0849769115448,30,4.383150988862875
1276,456,257,0,0,0.0,131.49452966588623,30,111.0849769115448,30,4.383150988862875
1277,455,257,-1,0,1.0,131.49452966588623,30,111.0849769115448,30,4.383150988862875
1278,454,257,-1,0,1.0,131.49452966588623,30,111.0849769115448,30,4.383150988862875
1279,453,257,-1,0,1.0,131.49452966588623,30,111.0849769115448,30,4.383150988862875
1280,453,257,0,0,0.0,131.49452966588623,30,111.0849769115448,30,4.383150988862875
1281,452,257,-1,0,1.0,131.49452966588623,30,111.0849769115448,30,4.383150988862875
1282,451,257,-1,0,1.0,131.49452966588623,30,111.0849769115448,30,4.383150988862875
1283,451,257,0,0,0.0,131.49452966588623,30,111.0849769115448,30,4.383150988862875
1284,451,257,0,0,0.0,131.49452966588623,30,111.0849769115448,30,4.383150988862875
1285,450,257,-1,0,1.0,131.49452966588623,30,111.0849769115448,30,4.383150988862875
1286,450,257,0,0,0.0,131.49452966588623,30,111.0849769115448,30,4.383150988862875
1287,449,257,-1,0,1.0,131.49452966588623,30,111.0849769115448,30,4.383150988862875
1288,449,257,0,0,0.0,131.49452966588623,30,111.0849769115448,30,4.383150988862875
1289,448,257,-1,0,1.0,131.49452966588623,30,111.0849769115448,30,4.383150988862875
1290,448,257,0,0,0.0,131.49452966588623,30,111.0849769115448,30,4.383150988862875
1291,448,257,0,0,0.0,131.49452966588623,30,111.0849769115448,30,4.383150988862875
1292,448,257,0,0,0.0,131.49452966588623,30,111.0849769115448,30,4.383150988862875
1293,447,257,-1,0,1.0,131.49452966588623,30,111.0849769115448,30,4.383150988862875
1294,447,257,0,0,0.0,131.49452966588623,30,111.0849769115448,30,4.383150988862875
1295,447,257,0,0,0.0,131.49452966588623,30,111.0849769115448,30,4.383150988862875
1296,447,257,0,0,0.0,131.49452966588623,30,111.0849769115448,30,4.383150988862875
1297,447,257,0,0,0.0,131.49452966588623,30,111.0849769115448,30,4.383150988862875
1298,447,257,0,0,0.0,131.49452966588623,30,111.0849769115448,30,4.383150988862875
1299,447,257,0,0,0.0,131.49452966588623,30,111.0849769115448,30,4.383150988862875
1300,447,257,0,0,0.0,131.49452966588623,30,111.0849769115448,30,4.383150988862875
1301,447,257,0,0,0.0,131.49452966588623,30,111.0849769115448,30,4.383150988862875
1302,446,257,-1,0,1.0,131.49452966588623,30,111.0849769115448,30,4.383150988862875
1303,447,257,1,0,1.0,131.49452966588623,30,111.0849769115448,30,4.383150988862875
1304,447,257,0,0,0.0,131.49452966588623,30,111.0849769115448,30,4.383150988862875
1305,447,257,0,0,0.0,131.49452966588623,30,111.0849769115448,30,4.383150988862875
1306,447,257,0,0,0.0,131.49452966588623,30,111.0849769115448,30,4.383150988862875
1307,447,257,0,0,0.0,131.49452966588623,30,111.0849769115448,30,4.383150988862875
1308,447,257,0,0,0.0,131.49452966588623,30,111.0849769115448,30,4.383150988862875
1309,447,257,0,0,0.0,131.49452966588623,30,111.0849769115448,30,4.383150988862875
1310,448,257,1,0,1.0,131.49452966588623,30,111.0849769115448,30,4.383150988862875
1311,448,257,0,0,0.0,131.49452966588623,30,111.0849769115448,30,4.383150988862875
1312,448,257,0,0,0.0,131.49452966588623,30,111.0849769115448,30,4.383150988862875
1313,449,257,1,0,1.0,131.49452966588623,30,111.0849769115448,30,4.383150988862875
1314,449,257,0,0,0.0,131.49452966588623,30,111.0849769115448,30,4.383150988862875
1315,449,257,0,0,0.0,131.49452966588623,30,111.0849769115448,30,4.383150988862875
1316,450,257,1,0,1.0,131.49452966588623,30,111.0849769115448,30,4.383150988862875
1317,450,257,0,0,0.0,131.49452966588623,30,111.0849769115448,30,4.383150988862875
1318,450,257,0,0,0.0,131.49452966588623,30,111.0849769115448,30,4.383150988862875
1319,451,257,1,0,1.0,131.49452966588623,30,111.0849769115448,30,4.383150988862875
1320,451,257,0,0,0.0,131.49452966588623,30,111.0849769115448,30,4.383150988862875
1321,452,257,1,0,1.0,131.49452966588623,30,111.0849769115448,30,4.383150988862875
1322,452,257,0,0,0.0,131.49452966588623,30,111.0849769115448,30,4.383150988862875
1323,452,257,0,0,0.0,131.49452966588623,30,111.0849769115448,30,4.383150988862875
1324,453,257,1,0,1.0,131.49452966588623,30,111.0849769115448,30,4.383150988862875
1325,453,257,0,0,0.0,131.49452966588623,30,111.0849769115448,30,4.383150988862875
1326,454,257,1,0,1.0,131.49452966588623,30,111.0849769115448,30,4.383150988862875
1327,454,257,0,0,0.0,131.49452966588623,30,111.0849769115448,30,4.383150988862875
1328,455,257,1,0,1.0,131.49452966588623,30,111.0849769115448,30,4.383150988862875
1329,455,257,0,0,0.0,131.49452966588623,30,111.0849769115448,30,4.383150988862875
1330,456,257,1,0,1.0,131.49452966588623,30,111.0849769115448,30,4.383150988862875
1331,457,256,1,-1,1.4142135623730951,131.49452966588623,30,111.0849769115448,30,4.383150988862875
1332,457,256,0,0,0.0,131.49452966588623,30,111.0849769115448,30,4.383150988862875
1333,458,256,1,0,1.0,131.49452966588623,30,111.0849769115448,30,4.383150988862875
1334,459,256,1,0,1.0,131.49452966588623,30,111.0849769115448,30,4.383150988862875
1335,459,256,0,0,0.0,131.49452966588623,30,111.0849769115448,30,4.383150988862875
1336,460,256,1,0,1.0,131.49452966588623,30,111.0849769115448,30,4.383150988862875
1337,461,256,1,0,1.0,131.49452966588623,30,111.0849769115448,30,4.383150988862875
1338,462,256,1,0,1.0,131.49452966588623,30,111.0849769115448,30,4.383150988862875
1339,462,256,0,0,0.0,131.49452966588623,30,111.0849769115448,30,4.383150988862875
1340,463,256,1,0,1.0,131.49452966588623,30,111.0849769115448,30,4.383150988862875
1341,464,256,1,0,1.0,131.49452966588623,30,111.0849769115448,30,4.383150988862875
1342,465,256,1,0,1.0,131.49452966588623,30,111.0849769115448,30,4.383150988862875
1343,466,256,1,0,1.0,131.49452966588623,30,111.0849769115448,30,4.383150988862875
1344,467,256,1,0,1.0,131.49452966588623,30,111.0849769115448,30,4.383150988862875
1345,468,256,1,0,1.0,131.49452966588623,30,111.0849769115448,30,4.383150988862875
1346,469,256,1,0,1.0,131.49452966588623,30,111.0849769115448,30,4.383150988862875
1347,470,256,1,0,1.0,131.49452966588623,30,111.0849769115448,30,4.383150988862875
1348,470,256,0,0,0.0,131.49452966588623,30,111.0849769115448,30,4.383150988862875
1349,471,256,1,0,1.0,131.49452966588623,30,111.0849769115448,30,4.383150988862875
1350,472,256,1,0,1.0,131.49452966588623,30,111.0849769115448,30,4.383150988862875
1351,473,256,1,0,1.0,131.49452966588623,30,111.0849769115448,30,4.383150988862875
1352,474,256,1,0,1.0,131.49452966588623,30,111.0849769115448,30,4.383150988862875
1353,476,256,2,0,2.0,131.49452966588623,30,111.0849769115448,30,4.383150988862875
1354,477,256,1,0,1.0,131.49452966588623,30,111.0849769115448,30,4.383150988862875
1355,478,256,1,0,1.0,131.49452966588623,30,111.0849769115448,30,4.383150988862875
1356,479,256,1,0,1.0,131.49452966588623,30,111.0849769115448,30,4.383150988862875
1357,480,256,1,0,1.0,131.49452966588623,30,111.0849769115448,30,4.383150988862875
1358,482,255,2,-1,2.23606797749979,131.49452966588623,30,111.0849769115448,30,4.383150988862875
1359,483,255,1,0,1.0,131.49452966588623,30,111.0849769115448,30,4.383150988862875
1360,484,256,1,1,1.4142135623730951,131.49452966588623,30,111.0849769115448,30,4.383150988862875
1361,485,255,1,-1,1.4142135623730951,131.49452966588623,30,111.0849769115448,30,4.383150988862875
1362,486,255,1,0,1.0,131.49452966588623,30,111.0849769115448,30,4.383150988862875
1363,488,255,2,0,2.0,131.49452966588623,30,111.0849769115448,30,4.383150988862875
1364,489,255,1,0,1.0,131.49452966588623,30,111.0849769115448,30,4.383150988862875
1365,490,255,1,0,1.0,131.49452966588623,30,111.0849769115448,30,4.383150988862875
1366,491,255,1,0,1.0,131.49452966588623,30,111.0849769115448,30,4.383150988862875
1367,492,255,1,0,1.0,131.49452966588623,30,111.0849769115448,30,4.383150988862875
1368,493,255,1,0,1.0,131.49452966588623,30,111.0849769115448,30,4.383150988862875
1369,494,255,1,0,1.0,131.49452966588623,30,111.0849769115448,30,4.383150988862875
1370,494,255,0,0,0.0,131.49452966588623,30,111.0849769115448,30,4.383150988862875
1371,495,255,1,0,1.0,131.49452966588623,30,111.0849769115448,30,4.383150988862875
1372,496,255,1,0,1.0,131.49452966588623,30,111.0849769115448,30,4.383150988862875
1373,497,255,1,0,1.0,131.49452966588623,30,111.0849769115448,30,4.383150988862875
1374,498,255,1,0,1.0,131.49452966588623,30,111.0849769115448,30,4.383150988862875
1375,498,255,0,0,0.0,131.49452966588623,30,111.0849769115448,30,4.383150988862875
1376,499,255,1,0,1.0,131.49452966588623,30,111.0849769115448,30,4.383150988862875
1377,500,255,1,0,1.0,131.49452966588623,30,111.0849769115448,30,4.383150988862875
1378,501,255,1,0,1.0,131.49452966588623,30,111.0849769115448,30,4.383150988862875
1379,501,255,0,0,0.0,131.49452966588623,30,111.0849769115448,30,4.383150988862875
1380,502,255,1,0,1.0,131.49452966588623,30,111.0849769115448,30,4.383150988862875
1381,503,255,1,0,1.0,131.49452966588623,30,111.0849769115448,30,4.383150988862875
1382,504,255,1,0,1.0,131.49452966588623,30,111.0849769115448,30,4.383150988862875
1383,504,255,0,0,0.0,131.49452966588623,30,111.0849769115448,30,4.383150988862875
1384,505,255,1,0,1.0,131.49452966588623,30,111.0849769115448,30,4.383150988862875
1385,506,255,1,0,1.0,131.49452966588623,30,111.0849769115448,30,4.383150988862875
1386,506,255,0,0,0.0,131.49452966588623,30,111.0849769115448,30,4.383150988862875
1387,507,255,1,0,1.0,131.49452966588623,30,111.0849769115448,30,4.383150988862875
1388,507,255,0,0,0.0,131.49452966588623,30,111.0849769115448,30,4.383150988862875
1389,507,255,0,0,0.0,131.49452966588623,30,111.0849769115448,30,4.383150988862875
1390,508,255,1,0,1.0,131.49452966588623,30,111.0849769115448,30,4.383150988862875
1391,508,255,0,0,0.0,131.49452966588623,30,111.0849769115448,30,4.383150988862875
1392,509,255,1,0,1.0,131.49452966588623,30,111.0849769115448,30,4.383150988862875
1393,509,255,0,0,0.0,131.49452966588623,30,111.0849769115448,30,4.383150988862875
1394,510,255,1,0,1.0,131.49452966588623,30,111.0849769115448,30,4.383150988862875
1395,510,255,0,0,0.0,131.49452966588623,30,111.0849769115448,30,4.383150988862875
1396,510,255,0,0,0.0,131.49452966588623,30,111.0849769115448,30,4.383150988862875
1397,510,255,0,0,0.0,131.49452966588623,30,111.0849769115448,30,4.383150988862875
1398,511,255,1,0,1.0,131.49452966588623,30,111.0849769115448,30,4.383150988862875
1399,511,255,0,0,0.0,131.49452966588623,30,111.0849769115448,30,4.383150988862875
1400,511,255,0,0,0.0,131.49452966588623,30,111.0849769115448,30,4.383150988862875
1401,511,255,0,0,0.0,131.49452966588623,30,111.0849769115448,30,4.383150988862875
1402,511,255,0,0,0.0,131.49452966588623,30,111.0849769115448,30,4.383150988862875
1403,511,255,0,0,0.0,131.49452966588623,30,111.0849769115448,30,4.383150988862875
1404,511,255,0,0,0.0,131.49452966588623,30,111.0849769115448,30,4.383150988862875
1405,511,255,0,0,0.0,131.49452966588623,30,111.0849769115448,30,4.383150988862875
1406,511,255,0,0,0.0,131.49452966588623,30,111.0849769115448,30,4.383150988862875
1407,511,255,0,0,0.0,131.49452966588623,30,111.0849769115448,30,4.383150988862875
1408,511,255,0,0,0.0,131.49452966588623,30,111.0849769115448,30,4.383150988862875
1409,511,255,0,0,0.0,131.49452966588623,30,111.0849769115448,30,4.383150988862875
1410,511,255,0,0,0.0,131.49452966588623,30,111.0849769115448,30,4.383150988862875
1411,510,255,-1,0,1.0,131.49452966588623,30,111.0849769115448,30,4.383150988862875
1412,510,255,0,0,0.0,131.49452966588623,30,111.0849769115448,30,4.383150988862875
1413,510,255,0,0,0.0,131.49452966588623,30,111.0849769115448,30,4.383150988862875
1414,510,255,0,0,0.0,131.49452966588623,30,111.0849769115448,30,4.383150988862875
1415,510,255,0,0,0.0,131.49452966588623,30,111.0849769115448,30,4.383150988862875
1416,510,255,0,0,0.0,131.49452966588623,30,111.0849769115448,30,4.383150988862875
1417,509,255,-1,0,1.0,131.49452966588623,30,111.0849769115448,30,4.383150988862875
1418,509,255,0,0,0.0,131.49452966588623,30,111.0849769115448,30,4.383150988862875
1419,509,255,0,0,0.0,131.49452966588623,30,111.0849769115448,30,4.383150988862875
1420,508,255,-1,0,1.0,131.49452966588623,30,111.0849769115448,30,4.383150988862875
1421,508,255,0,0,0.0,131.49452966588623,30,111.0849769115448,30,4.383150988862875
1422,508,255,0,0,0.0,131.49452966588623,30,111.0849769115448,30,4.383150988862875
1423,507,255,-1,0,1.0,131.49452966588623,30,111.0849769115448,30,4.383150988862875
1424,507,255,0,0,0.0,131.49452966588623,30,111.0849769115448,30,4.383150988862875
1425,506,256,-1,1,1.4142135623730951,131.49452966588623,30,111.0849769115448,30,4.383150988862875
1426,506,255,0,-1,1.0,131.49452966588623,30,111.0849769115448,30,4.383150988862875
1427,505,255,-1,0,1.0,131.49452966588623,30,111.0849769115448,30,4.383150988862875
1428,505,256,0,1,1.0,131.49452966588623,30,111.0849769115448,30,4.383150988862875
1429,504,256,-1,0,1.0,131.49452966588623,30,111.0849769115448,30,4.383150988862875
1430,504,256,0,0,0.0,131.49452966588623,30,111.0849769115448,30,4.383150988862875
1431,503,256,-1,0,1.0,131.49452966588623,30,111.0849769115448,30,4.383150988862875
1432,502,256,-1,0,1.0,131.49452966588623,30,111.0849769115448,30,4.383150988862875
1433,502,256,0,0,0.0,131.49452966588623,30,111.0849769115448,30,4.383150988862875
1434,501,256,-1,0,1.0,131.49452966588623,30,111.0849769115448,30,4.383150988862875
1435,500,256,-1,0,1.0,131.49452966588623,30,111.0849769115448,30,4.383150988862875
1436,500,256,0,0,0.0,131.49452966588623,30,111.0849769115448,30,4.383150988862875
1437,499,256,-1,0,1.0,131.49452966588623,30,111.0849769115448,30,4.383150988862875
1438,499,256,0,0,0.0,131.49452966588623,30,111.0849769115448,30,4.383150988862875
1439,498,256,-1,0,1.0,131.49452966588623,30,111.0849769115448,30,4.383150988862875
1440,497,256,-1,0,1.0,131.49452966588623,30,111.0849769115448,30,4.383150988862875
1441,497,256,0,0,0.0,131.49452966588623,30,111.0849769115448,30,4.383150988862875
1442,496,256,-1,0,1.0,131.49452966588623,30,111.0849769115448,30,4.383150988862875
1443,495,256,-1,0,1.0,131.49452966588623,30,111.0849769115448,30,4.383150988862875
1444,495,256,0,0,0.0,131.49452966588623,30,111.0849769115448,30,4.383150988862875
1445,494,256,-1,0,1.0,131.49452966588623,30,111.0849769115448,30,4.383150988862875
1446,493,256,-1,0,1.0,131.49452966588623,30,111.0849769115448,30,4.383150988862875
1447,492,256,-1,0,1.0,131.49452966588623,30,111.0849769115448,30,4.383150988862875
1448,491,256,-1,0,1.0,131.49452966588623,30,111.0849769115448,30,4.383150988862875
1449,490,256,-1,0,1.0,131.49452966588623,30,111.0849769115448,30,4.383150988862875
1450,489,256,-1,0,1.0,131.49452966588623,30,111.0849769115448,30,4.383150988862875
1451,488,256,-1,0,1.0,131.49452966588623,30,111.0849769115448,30,4.383150988862875
1452,487,256,-1,0,1.0,131.49452966588623,30,111.0849769115448,30,4.383150988862875
1453,486,257,-1,1,1.4142135623730951,131.49452966588623,30,111.0849769115448,30,4.383150988862875
1454,485,257,-1,0,1.0,131.49452966588623,30,111.0849769115448,30,4.383150988862875
1455,484,257,-1,0,1.0,131.49452966588623,30,111.0849769115448,30,4.383150988862875
1456,482,257,-2,0,2.0,131.49452966588623,30,111.0849769115448,30,4.383150988862875
1457,481,257,-1,0,1.0,131.49452966588623,30,111.0849769115448,30,4.383150988862875
1458,480,257,-1,0,1.0,131.49452966588623,30,111.0849769115448,30,4.383150988862875
1459,479,257,-1,0,1.0,131.49452966588623,30,111.0849769115448,30,4.383150988862875
1460,478,257,-1,0,1.0,131.49452966588623,30,111.0849769115448,30,4.383150988862875
1461,477,257,-1,0,1.0,131.49452966588623,30,111.0849769115448,30,4.383150988862875
1462,476,257,-1,0,1.0,131.49452966588623,30,111.0849769115448,30,4.383150988862875
1463,475,257,-1,0,1.0,131.49452966588623,30,111.0849769115448,30,4.383150988862875
1464,474,257,-1,0,1.0,131.49452966588623,30,111.0849769115448,30,4.383150988862875
1465,473,257,-1,0,1.0,131.49452966588623,30,111.0849769115448,30,4.383150988862875
1466,472,257,-1,0,1.0,131.49452966588623,30,111.0849769115448,30,4.383150988862875
1467,471,257,-1,0,1.0,131.49452966588623,30,111.0849769115448,30,4.383150988862875
1468,470,257,-1,0,1.0,131.49452966588623,30,111.0849769115448,30,4.383150988862875
1469,469,257,-1,0,1.0,131.49452966588623,30,111.0849769115448,30,4.383150988862875
1470,468,257,-1,0,1.0,131.49452966588623,30,111.0849769115448,30,4.383150988862875
1471,467,257,-1,0,1.0,131.49452966588623,30,111.0849769115448,30,4.383150988862875
1472,466,257,-1,0,1.0,131.49452966588623,30,111.0849769115448,30,4.383150988862875
1473,465,257,-1,0,1.0,131.49452966588623,30,111.0849769115448,30,4.383150988862875
1474,464,257,-1,0,1.0,131.49452966588623,30,111.0849769115448,30,4.383150988862875
1475,463,257,-1,0,1.0,131.49452966588623,30,111.0849769115448,30,4.383150988862875
1476,462,257,-1,0,1.0,131.49452966588623,30,111.0849769115448,30,4.383150988862875
1477,461,257,-1,0,1.0,131.49452966588623,30,111.0849769115448,30,4.383150988862875
1478,460,257,-1,0,1.0,131.49452966588623,30,111.0849769115448,30,4.383150988862875
1479,459,257,-1,0,1.0,131.49452966588623,30,111.0849769115448,30,4.383150988862875
1480,459,257,0,0,0.0,131.49452966588623,30,111.0849769115448,30,4.383150988862875
1481,458,257,-1,0,1.0,131.49452966588623,30,111.0849769115448,30,4.383150988862875
1482,457,257,-1,0,1.0,131.49452966588623,30,111.0849769115448,30,4.383150988862875
1483,456,257,-1,0,1.0,131.49452966588623,30,111.0849769115448,30,4.383150988862875
1484,456,257,0,0,0.0,131.49452966588623,30,111.0849769115448,30,4.383150988862875
1485,455,257,-1,0,1.0,131.49452966588623,30,111.0849769115448,30,4.383150988862875
1486,454,257,-1,0,1.0,131.49452966588623,30,111.0849769115448,30,4.383150988862875
1487,454,257,0,0,0.0,131.49452966588623,30,111.0849769115448,30,4.383150988862875
1488,453,257,-1,0,1.0,131.49452966588623,30,111.0849769115448,30,4.383150988862875
1489,,,,,,131.49452966588623,30,111.0849769115448,30,4.383150988862875
1490,,,,,,131.49452966588623,30,111.0849769115448,30,4.383150988862875
1491,,,,,,131.49452966588623,30,111.0849769115448,30,4.383150988862875
1492,452,214,-1,-43,43.01162633521314,131.49452966588623,30,111.0849769115448,30,4.383150988862875
1493,460,120,8,-94,94.33981132056604,131.49452966588623,30,111.0849769115448,30,4.383150988862875
1494,,,,,,131.49452966588623,30,111.0849769115448,30,4.383150988862875
1495,462,118,2,-2,2.8284271247461903,131.49452966588623,30,111.0849769115448,30,4.383150988862875
1496,456,185,-6,67,67.26812023536856,131.49452966588623,30,111.0849769115448,30,4.383150988862875
1497,,,,,,131.49452966588623,30,111.0849769115448,30,4.383150988862875
1498,470,21,14,-164,164.59647626847908,131.49452966588623,30,111.0849769115448,30,4.383150988862875
1499,460,126,-10,105,105.47511554864494,131.49452966588623,30,111.0849769115448,30,4.383150988862875
1500,461,140,1,14,14.035668847618199,131.49452966588623,30,111.0849769115448,30,4.383150988862875
1501,466,50,5,-90,90.13878188659973,131.49452966588623,30,111.0849769115448,30,4.383150988862875
1502,469,46,3,-4,5.0,131.49452966588623,30,111.0849769115448,30,4.383150988862875
1503,456,147,-13,101,101.83319694480774,131.49452966588623,30,111.0849769115448,30,4.383150988862875
1504,462,120,6,-27,27.65863337187866,131.49452966588623,30,111.0849769115448,30,4.383150988862875
1505,470,53,8,-67,67.47592163134935,131.49452966588623,30,111.0849769115448,30,4.383150988862875
1506,459,97,-11,44,45.35416188179427,131.49452966588623,30,111.0849769115448,30,4.383150988862875
1507,460,139,1,42,42.01190307520001,131.49452966588623,30,111.0849769115448,30,4.383150988862875
1508,457,101,-3,-38,38.118237105091836,131.49452966588623,30,111.0849769115448,30,4.383150988862875
1509,471,59,14,-42,44.27188724235731,131.49452966588623,30,111.0849769115448,30,4.383150988862875
1510,460,108,-11,49,50.21951811795888,131.49452966588623,30,111.0849769115448,30,4.383150988862875
1511,465,126,5,18,18.681541692269406,131.49452966588623,30,111.0849769115448,30,4.383150988862875
1512,456,88,-9,-38,39.05124837953327,131.49452966588623,30,111.0849769115448,30,4.383150988862875
1513,465,68,9,-20,21.93171219946131,131.49452966588623,30,111.0849769115448,30,4.383150988862875
1514,465,114,0,46,46.0,131.49452966588623,30,111.0849769115448,30,4.383150988862875
1515,466,111,1,-3,3.1622776601683795,131.49452966588623,30,111.0849769115448,30,4.383150988862875
1516,460,73,-6,-38,38.47076812334269,131.49452966588623,30,111.0849769115448,30,4.383150988862875
1517,457,83,-3,10,10.44030650891055,131.49452966588623,30,111.0849769115448,30,4.383150988862875
1518,466,115,9,32,33.24154027718932,131.49452966588623,30,111.0849769115448,30,4.383150988862875
1519,462,100,-4,-15,15.524174696260024,131.49452966588623,30,111.0849769115448,30,4.383150988862875
1520,463,75,1,-25,25.019992006393608,131.49452966588623,30,111.0849769115448,30,4.383150988862875
1521,460,95,-3,20,20.223748416156685,131.49452966588623,30,111.0849769115448,30,4.383150988862875
1522,466,111,6,16,17.08800749063506,131.49452966588623,30,111.0849769115448,30,4.383150988862875
1523,459,90,-7,-21,22.135943621178654,131.49452966588623,30,111.0849769115448,30,4.383150988862875
1524,458,78,-1,-12,12.041594578792296,131.49452966588623,30,111.0849769115448,30,4.383150988862875
1525,465,102,7,24,25.0,131.49452966588623,30,111.0849769115448,30,4.383150988862875
1526,465,105,0,3,3.0,131.49452966588623,30,111.0849769115448,30,4.383150988862875
1527,458,83,-7,-22,23.08679276123039,131.49452966588623,30,111.0849769115448,30,4.383150988862875
1528,459,84,1,1,1.4142135623730951,131.49452966588623,30,111.0849769115448,30,4.383150988862875
1529,465,104,6,20,20.8806130178211,131.49452966588623,30,111.0849769115448,30,4.383150988862875
1530,464,98,-1,-6,6.082762530298219,131.49452966588623,30,111.0849769115448,30,4.383150988862875
1531,459,82,-5,-16,16.76305461424021,131.49452966588623,30,111.0849769115448,30,4.383150988862875
1532,461,92,2,10,10.198039027185569,131.49452966588623,30,111.0849769115448,30,4.383150988862875
1533,465,103,4,11,11.704699910719626,131.49452966588623,30,111.0849769115448,30,4.383150988862875
1534,461,91,-4,-12,12.649110640673518,131.49452966588623,30,111.0849769115448,30,4.383150988862875
1535,458,82,-3,-9,9.486832980505138,131.49452966588623,30,111.0849769115448,30,4.383150988862875
1536,464,97,6,15,16.15549442140351,131.49452966588623,30,111.0849769115448,30,4.383150988862875
1537,465,100,1,3,3.1622776601683795,131.49452966588623,30,111.0849769115448,30,4.383150988862875
1538,460,87,-5,-13,13.92838827718412,131.49452966588623,30,111.0849769115448,30,4.383150988862875
1539,460,87,0,0,0.0,131.49452966588623,30,111.0849769115448,30,4.383150988862875
1540,465,99,5,12,13.0,131.49452966588623,30,111.0849769115448,30,4.383150988862875
1541,463,95,-2,-4,4.47213595499958,131.49452966588623,30,111.0849769115448,30,4.383150988862875
1542,460,85,-3,-10,10.44030650891055,131.49452966588623,30,111.0849769115448,30,4.383150988862875
1543,462,91,2,6,6.324555320336759,131.49452966588623,30,111.0849769115448,30,4.383150988862875
1544,465,98,3,7,7.615773105863909,131.49452966588623,30,111.0849769115448,30,4.383150988862875
1545,462,91,-3,-7,7.615773105863909,131.49452966588623,30,111.0849769115448,30,4.383150988862875
1546,459,85,-3,-6,6.708203932499369,131.49452966588623,30,111.0849769115448,30,4.383150988862875
1547,464,94,5,9,10.295630140987,131.49452966588623,30,111.0849769115448,30,4.383150988862875
1548,464,97,0,3,3.0,131.49452966588623,30,111.0849769115448,30,4.383150988862875
1549,461,88,-3,-9,9.486832980505138,131.49452966588623,30,111.0849769115448,30,4.383150988862875
1550,461,88,0,0,0.0,131.49452966588623,30,111.0849769115448,30,4.383150988862875
1551,464,96,3,8,8.54400374531753,131.49452966588623,30,111.0849769115448,30,4.383150988862875
1552,463,93,-1,-3,3.1622776601683795,131.49452966588623,30,111.0849769115448,30,4.383150988862875
1553,460,86,-3,-7,7.615773105863909,131.49452966588623,30,111.0849769115448,30,4.383150988862875
1554,462,90,2,4,4.47213595499958,131.49452966588623,30,111.0849769115448,30,4.383150988862875
1555,464,95,2,5,5.385164807134504,131.49452966588623,30,111.0849769115448,30,4.383150988862875
1556,462,90,-2,-5,5.385164807134504,131.49452966588623,30,111.0849769115448,30,4.383150988862875
1557,461,87,-1,-3,3.1622776601683795,131.49452966588623,30,111.0849769115448,30,4.383150988862875
1558,463,92,2,5,5.385164807134504,131.49452966588623,30,111.0849769115448,30,4.383150988862875
1559,464,94,1,2,2.23606797749979,131.49452966588623,30,111.0849769115448,30,4.383150988862875
1560,461,88,-3,-6,6.708203932499369,131.49452966588623,30,111.0849769115448,30,4.383150988862875
1561,461,88,0,0,0.0,131.49452966588623,30,111.0849769115448,30,4.383150988862875
1562,464,93,3,5,5.830951894845301,131.49452966588623,30,111.0849769115448,30,4.383150988862875
1563,463,92,-1,-1,1.4142135623730951,131.49452966588623,30,111.0849769115448,30,4.383150988862875
1564,460,87,-3,-5,5.830951894845301,131.49452966588623,30,111.0849769115448,30,4.383150988862875
1565,462,90,2,3,3.605551275463989,131.49452966588623,30,111.0849769115448,30,4.383150988862875
1566,463,93,1,3,3.1622776601683795,131.49452966588623,30,111.0849769115448,30,4.383150988862875
1567,462,90,-1,-3,3.1622776601683795,131.49452966588623,30,111.0849769115448,30,4.383150988862875
1568,461,87,-1,-3,3.1622776601683795,131.49452966588623,30,111.0849769115448,30,4.383150988862875
1569,463,91,2,4,4.47213595499958,131.49452966588623,30,111.0849769115448,30,4.383150988862875
1570,463,92,0,1,1.0,131.49452966588623,30,111.0849769115448,30,4.383150988862875
1571,461,88,-2,-4,4.47213595499958,131.49452966588623,30,111.0849769115448,30,4.383150988862875
1572,461,88,0,0,0.0,131.49452966588623,30,111.0849769115448,30,4.383150988862875
1573,462,92,1,4,4.123105625617661,131.49452966588623,30,111.0849769115448,30,4.383150988862875
1574,462,90,0,-2,2.0,131.49452966588623,30,111.0849769115448,30,4.383150988862875
1575,461,87,-1,-3,3.1622776601683795,131.49452966588623,30,111.0849769115448,30,4.383150988862875
1576,462,89,1,2,2.23606797749979,131.49452966588623,30,111.0849769115448,30,4.383150988862875
1577,463,91,1,2,2.23606797749979,131.49452966588623,30,111.0849769115448,30,4.383150988862875
1578,462,89,-1,-2,2.23606797749979,131.49452966588623,30,111.0849769115448,30,4.383150988862875
1579,461,87,-1,-2,2.23606797749979,131.49452966588623,30,111.0849769115448,30,4.383150988862875
1580,462,90,1,3,3.1622776601683795,131.49452966588623,30,111.0849769115448,30,4.383150988862875
1581,462,90,0,0,0.0,131.49452966588623,30,111.0849769115448,30,4.383150988862875
1582,461,88,-1,-2,2.23606797749979,131.49452966588623,30,111.0849769115448,30,4.383150988862875
1583,461,88,0,0,0.0,131.49452966588623,30,111.0849769115448,30,4.383150988862875
1584,462,90,1,2,2.23606797749979,131.49452966588623,30,111.0849769115448,30,4.383150988862875
1585,461,89,-1,-1,1.4142135623730951,131.49452966588623,30,111.0849769115448,30,4.383150988862875
1586,461,87,0,-2,2.0,131.49452966588623,30,111.0849769115448,30,4.383150988862875
1587,461,89,0,2,2.0,131.49452966588623,30,111.0849769115448,30,4.383150988862875
1588,462,90,1,1,1.4142135623730951,131.49452966588623,30,111.0849769115448,30,4.383150988862875
1589,461,88,-1,-2,2.23606797749979,131.49452966588623,30,111.0849769115448,30,4.383150988862875
1590,460,87,-1,-1,1.4142135623730951,131.49452966588623,30,111.0849769115448,30,4.383150988862875
1591,462,89,2,2,2.8284271247461903,131.49452966588623,30,111.0849769115448,30,4.383150988862875
1592,461,89,-1,0,1.0,131.49452966588623,30,111.0849769115448,30,4.383150988862875
1593,461,87,0,-2,2.0,131.49452966588623,30,111.0849769115448,30,4.383150988862875
1594,461,88,0,1,1.0,131.49452966588623,30,111.0849769115448,30,4.383150988862875
1595,462,89,1,1,1.4142135623730951,131.49452966588623,30,111.0849769115448,30,4.383150988862875
1596,461,89,-1,0,1.0,131.49452966588623,30,111.0849769115448,30,4.383150988862875
1597,461,87,0,-2,2.0,131.49452966588623,30,111.0849769115448,30,4.383150988862875
1598,461,88,0,1,1.0,131.49452966588623,30,111.0849769115448,30,4.383150988862875
1599,461,89,0,1,1.0,131.49452966588623,30,111.0849769115448,30,4.383150988862875
1600,461,88,0,-1,1.0,131.49452966588623,30,111.0849769115448,30,4.383150988862875
1601,460,87,-1,-1,1.4142135623730951,131.49452966588623,30,111.0849769115448,30,4.383150988862875
1602,461,88,1,1,1.4142135623730951,131.49452966588623,30,111.0849769115448,30,4.383150988862875
1603,461,88,0,0,0.0,131.49452966588623,30,111.0849769115448,30,4.383150988862875
1604,460,87,-1,-1,1.4142135623730951,131.49452966588623,30,111.0849769115448,30,4.383150988862875
1605,460,87,0,0,0.0,131.49452966588623,30,111.0849769115448,30,4.383150988862875
1606,461,88,1,1,1.4142135623730951,131.49452966588623,30,111.0849769115448,30,4.383150988862875
1607,461,88,0,0,0.0,131.49452966588623,30,111.0849769115448,30,4.383150988862875
1608,460,87,-1,-1,1.4142135623730951,131.49452966588623,30,111.0849769115448,30,4.383150988862875
1609,461,88,1,1,1.4142135623730951,131.49452966588623,30,111.0849769115448,30,4.383150988862875
1610,461,88,0,0,0.0,131.49452966588623,30,111.0849769115448,30,4.383150988862875
1611,460,87,-1,-1,1.4142135623730951,131.49452966588623,30,111.0849769115448,30,4.383150988862875
1612,460,87,0,0,0.0,131.49452966588623,30,111.0849769115448,30,4.383150988862875
1613,461,88,1,1,1.4142135623730951,131.49452966588623,30,111.0849769115448,30,4.383150988862875
1614,461,88,0,0,0.0,131.49452966588623,30,111.0849769115448,30,4.383150988862875
1615,460,87,-1,-1,1.4142135623730951,131.49452966588623,30,111.0849769115448,30,4.383150988862875
1616,460,87,0,0,0.0,131.49452966588623,30,111.0849769115448,30,4.383150988862875
1617,461,88,1,1,1.4142135623730951,131.49452966588623,30,111.0849769115448,30,4.383150988862875
1618,460,87,-1,-1,1.4142135623730951,131.49452966588623,30,111.0849769115448,30,4.383150988862875
1619,460,87,0,0,0.0,131.49452966588623,30,111.0849769115448,30,4.383150988862875
1620,460,87,0,0,0.0,131.49452966588623,30,111.0849769115448,30,4.383150988862875
1621,460,87,0,0,0.0,131.49452966588623,30,111.0849769115448,30,4.383150988862875
1622,460,87,0,0,0.0,131.49452966588623,30,111.0849769115448,30,4.383150988862875
1623,460,87,0,0,0.0,131.49452966588623,30,111.0849769115448,30,4.383150988862875
1624,460,87,0,0,0.0,131.49452966588623,30,111.0849769115448,30,4.383150988862875
1625,460,87,0,0,0.0,131.49452966588623,30,111.0849769115448,30,4.383150988862875
1626,460,87,0,0,0.0,131.49452966588623,30,111.0849769115448,30,4.383150988862875
1627,460,87,0,0,0.0,131.49452966588623,30,111.0849769115448,30,4.383150988862875
1628,460,87,0,0,0.0,131.49452966588623,30,111.0849769115448,30,4.383150988862875
1629,461,87,1,0,1.0,131.49452966588623,30,111.0849769115448,30,4.383150988862875
1630,460,86,-1,-1,1.4142135623730951,131.49452966588623,30,111.0849769115448,30,4.383150988862875
1631,460,87,0,1,1.0,131.49452966588623,30,111.0849769115448,30,4.383150988862875
1632,460,87,0,0,0.0,131.49452966588623,30,111.0849769115448,30,4.383150988862875
1633,460,86,0,-1,1.0,131.49452966588623,30,111.0849769115448,30,4.383150988862875
1634,460,86,0,0,0.0,131.49452966588623,30,111.0849769115448,30,4.383150988862875
1635,429,337,-31,251,252.90709756746645,131.49452966588623,30,111.0849769115448,30,4.383150988862875
1636,413,335,-16,-2,16.1245154965971,131.49452966588623,30,111.0849769115448,30,4.383150988862875
1637,,,,,,131.49452966588623,30,111.0849769115448,30,4.383150988862875
1638,509,135,96,-200,221.84679398179276,131.49452966588623,30,111.0849769115448,30,4.383150988862875
1639,499,336,-10,201,201.2486024796197,131.49452966588623,30,111.0849769115448,30,4.383150988862875
1640,,,,,,131.49452966588623,30,111.0849769115448,30,4.383150988862875
1641,472,154,-27,-182,183.99184764548673,131.49452966588623,30,111.0849769115448,30,4.383150988862875
1642,431,272,-41,118,124.91997438360288,131.49452966588623,30,111.0849769115448,30,4.383150988862875
1643,446,285,15,13,19.849433241279208,131.49452966588623,30,111.0849769115448,30,4.383150988862875
1644,474,194,28,-91,95.2102935611481,131.49452966588623,30,111.0849769115448,30,4.383150988862875
1645,511,198,37,4,37.21558813185679,131.49452966588623,30,111.0849769115448,30,4.383150988862875
1646,501,297,-10,99,99.50376877284599,131.49452966588623,30,111.0849769115448,30,4.383150988862875
1647,480,250,-21,-47,51.478150704935004,131.49452966588623,30,111.0849769115448,30,4.383150988862875
1648,469,199,-11,-51,52.172789842982326,131.49452966588623,30,111.0849769115448,30,4.383150988862875
1649,430,275,-39,76,85.42247947700886,131.49452966588623,30,111.0849769115448,30,4.383150988862875
1650,455,269,25,-6,25.709920264364882,131.49452966588623,30,111.0849769115448,30,4.383150988862875
1651,482,210,27,-59,64.88451279003334,131.49452966588623,30,111.0849769115448,30,4.383150988862875
1652,510,247,28,37,46.400431032480725,131.49452966588623,30,111.0849769115448,30,4.383150988862875
1653,503,275,-7,28,28.861739379323623,131.49452966588623,30,111.0849769115448,30,4.383150988862875
1654,474,235,-29,-40,49.4064773081425,131.49452966588623,30,111.0849769115448,30,4.383150988862875
1655,454,220,-20,-15,25.0,131.49452966588623,30,111.0849769115448,30,4.383150988862875
1656,439,270,-15,50,52.20153254455275,131.49452966588623,30,111.0849769115448,30,4.383150988862875
1657,457,254,18,-16,24.08318915758459,131.49452966588623,30,111.0849769115448,30,4.383150988862875
1658,487,222,30,-32,43.86342439892262,131.49452966588623,30,111.0849769115448,30,4.383150988862875
1659,514,252,27,30,40.36087214122113,131.49452966588623,30,111.0849769115448,30,4.383150988862875
1660,499,262,-15,10,18.027756377319946,131.49452966588623,30,111.0849769115448,30,4.383150988862875
1661,471,234,-28,-28,39.59797974644666,131.49452966588623,30,111.0849769115448,30,4.383150988862875
1662,438,240,-33,6,33.54101966249684,131.49452966588623,30,111.0849769115448,30,4.383150988862875
1663,445,263,7,23,24.041630560342615,131.49452966588623,30,111.0849769115448,30,4.383150988862875
1664,460,246,15,-17,22.67156809750927,131.49452966588623,30,111.0849769115448,30,4.383150988862875
1665,489,232,29,-14,32.202484376209235,131.49452966588623,30,111.0849769115448,30,4.383150988862875
1666,517,253,28,21,35.0,131.49452966588623,30,111.0849769115448,30,4.383150988862875
1667,494,253,-23,0,23.0,131.49452966588623,30,111.0849769115448,30,4.383150988862875
1668,466,240,-28,-13,30.870698080866262,131.49452966588623,30,111.0849769115448,30,4.383150988862875
1669,438,249,-28,9,29.410882339705484,131.49452966588623,30,111.0849769115448,30,4.383150988862875
1670,452,257,14,8,16.1245154965971,131.49452966588623,30,111.0849769115448,30,4.383150988862875
1671,467,243,15,-14,20.518284528683193,131.49452966588623,30,111.0849769115448,30,4.383150988862875
1672,501,241,34,-2,34.058772731852805,131.49452966588623,30,111.0849769115448,30,4.383150988862875
1673,511,252,10,11,14.866068747318506,131.49452966588623,30,111.0849769115448,30,4.383150988862875
1674,487,249,-24,-3,24.186773244895647,131.49452966588623,30,111.0849769115448,30,4.383150988862875
1675,457,246,-30,-3,30.14962686336267,131.49452966588623,30,111.0849769115448,30,4.383150988862875
1676,438,251,-19,5,19.6468827043885,131.49452966588623,30,111.0849769115448,30,4.383150988862875
1677,457,252,19,1,19.026297590440446,131.49452966588623,30,111.0849769115448,30,4.383150988862875
1678,476,244,19,-8,20.615528128088304,131.49452966588623,30,111.0849769115448,30,4.383150988862875
1679,513,246,37,2,37.05401462729781,131.49452966588623,30,111.0849769115448,30,4.383150988862875
1680,504,250,-9,4,9.848857801796104,131.49452966588623,30,111.0849769115448,30,4.383150988862875
1681,481,249,-23,-1,23.021728866442675,131.49452966588623,30,111.0849769115448,30,4.383150988862875
1682,449,249,-32,0,32.0,131.49452966588623,30,111.0849769115448,30,4.383150988862875
1683,442,251,-7,2,7.280109889280518,131.49452966588623,30,111.0849769115448,30,4.383150988862875
1684,462,250,20,-1,20.024984394500787,131.49452966588623,30,111.0849769115448,30,4.383150988862875
1685,487,246,25,-4,25.317977802344327,131.49452966588623,30,111.0849769115448,30,4.383150988862875
1686,517,248,30,2,30.066592756745816,131.49452966588623,30,111.0849769115448,30,4.383150988862875
1687,498,249,-19,1,19.026297590440446,131.49452966588623,30,111.0849769115448,30,4.383150988862875
1688,475,250,-23,1,23.021728866442675,131.49452966588623,30,111.0849769115448,30,4.383150988862875
1689,443,251,-32,1,32.01562118716424,131.49452966588623,30,111.0849769115448,30,4.383150988862875
1690,446,251,3,0,3.0,131.49452966588623,30,111.0849769115448,30,4.383150988862875
1691,467,249,21,-2,21.095023109728988,131.49452966588623,30,111.0849769115448,30,4.383150988862875
1692,497,248,30,-1,30.01666203960727,131.49452966588623,30,111.0849769115448,30,4.383150988862875
1693,517,248,20,0,20.0,131.49452966588623,30,111.0849769115448,30,4.383150988862875
1694,493,248,-24,0,24.0,131.49452966588623,30,111.0849769115448,30,4.383150988862875
1695,468,252,-25,4,25.317977802344327,131.49452966588623,30,111.0849769115448,30,4.383150988862875
1696,439,252,-29,0,29.0,131.49452966588623,30,111.0849769115448,30,4.383150988862875
1697,452,250,13,-2,13.152946437965905,131.49452966588623,30,111.0849769115448,30,4.383150988862875
1698,472,249,20,-1,20.024984394500787,131.49452966588623,30,111.0849769115448,30,4.383150988862875
1699,506,250,34,1,34.0147027033899,131.49452966588623,30,111.0849769115448,30,4.383150988862875
1700,512,248,6,-2,6.324555320336759,131.49452966588623,30,111.0849769115448,30,4.383150988862875
1701,488,249,-24,1,24.020824298928627,131.49452966588623,30,111.0849769115448,30,4.383150988862875
1702,460,253,-28,4,28.284271247461902,131.49452966588623,30,111.0849769115448,30,4.383150988862875
1703,439,252,-21,-1,21.02379604162864,131.49452966588623,30,111.0849769115448,30,4.383150988862875
1704,457,249,18,-3,18.24828759089466,131.49452966588623,30,111.0849769115448,30,4.383150988862875
1705,478,250,21,1,21.02379604162864,131.49452966588623,30,111.0849769115448,30,4.383150988862875
1706,513,250,35,0,35.0,131.49452966588623,30,111.0849769115448,30,4.383150988862875
1707,506,247,-7,-3,7.615773105863909,131.49452966588623,30,111.0849769115448,30,4.383150988862875
1708,484,250,-22,3,22.20360331117452,131.49452966588623,30,111.0849769115448,30,4.383150988862875
1709,452,254,-32,4,32.2490309931942,131.49452966588623,30,111.0849769115448,30,4.383150988862875
1710,441,251,-11,-3,11.40175425099138,131.49452966588623,30,111.0849769115448,30,4.383150988862875
1711,462,249,21,-2,21.095023109728988,131.49452966588623,30,111.0849769115448,30,4.383150988862875
1712,486,251,24,2,24.08318915758459,131.49452966588623,30,111.0849769115448,30,4.383150988862875
1713,518,251,32,0,32.0,131.49452966588623,30,111.0849769115448,30,4.383150988862875
1714,499,247,-19,-4,19.4164878389476,131.49452966588623,30,111.0849769115448,30,4.383150988862875
1715,478,252,-21,5,21.587033144922902,131.49452966588623,30,111.0849769115448,30,4.383150988862875
1716,446,255,-32,3,32.14031735997639,131.49452966588623,30,111.0849769115448,30,4.383150988862875
1717,445,251,-1,-4,4.123105625617661,131.49452966588623,30,111.0849769115448,30,4.383150988862875
1718,466,249,21,-2,21.095023109728988,131.49452966588623,30,111.0849769115448,30,4.383150988862875
1719,495,252,29,3,29.154759474226502,131.49452966588623,30,111.0849769115448,30,4.383150988862875
1720,518,250,23,-2,23.08679276123039,131.49452966588623,30,111.0849769115448,30,4.383150988862875
1721,493,247,-25,-3,25.179356624028344,131.49452966588623,30,111.0849769115448,30,4.383150988862875
1722,471,253,-22,6,22.80350850198276,131.49452966588623,30,111.0849769115448,30,4.383150988862875
1723,441,255,-30,2,30.066592756745816,131.49452966588623,30,111.0849769115448,30,4.383150988862875
1724,450,250,9,-5,10.295630140987,131.49452966588623,30,111.0849769115448,30,4.383150988862875
1725,471,250,21,0,21.0,131.49452966588623,30,111.0849769115448,30,4.383150988862875
1726,504,252,33,2,33.06055050963308,131.49452966588623,30,111.0849769115448,30,4.383150988862875
1727,514,249,10,-3,10.44030650891055,131.49452966588623,30,111.0849769115448,30,4.383150988862875
1728,489,248,-25,-1,25.019992006393608,131.49452966588623,30,111.0849769115448,30,4.383150988862875
1729,464,255,-25,7,25.96150997149434,131.49452966588623,30,111.0849769115448,30,4.383150988862875
1730,439,254,-25,-1,25.019992006393608,131.49452966588623,30,111.0849769115448,30,4.383150988862875
1731,455,250,16,-4,16.492422502470642,131.49452966588623,30,111.0849769115448,30,4.383150988862875
1732,475,250,20,0,20.0,131.49452966588623,30,111.0849769115448,30,4.383150988862875
1733,511,253,36,3,36.124783736376884,131.49452966588623,30,111.0849769115448,30,4.383150988862875
1734,509,248,-2,-5,5.385164807134504,131.49452966588623,30,111.0849769115448,30,4.383150988862875
1735,486,250,-23,2,23.08679276123039,131.49452966588623,30,111.0849769115448,30,4.383150988862875
1736,457,256,-29,6,29.614185789921695,131.49452966588623,30,111.0849769115448,30,4.383150988862875
1737,440,253,-17,-3,17.26267650163207,131.49452966588623,30,111.0849769115448,30,4.383150988862875
1738,458,249,18,-4,18.439088914585774,131.49452966588623,30,111.0849769115448,30,4.383150988862875
1739,481,251,23,2,23.08679276123039,131.49452966588623,30,111.0849769115448,30,4.383150988862875
1740,515,253,34,2,34.058772731852805,131.49452966588623,30,111.0849769115448,30,4.383150988862875
1741,505,248,-10,-5,11.180339887498949,131.49452966588623,30,111.0849769115448,30,4.383150988862875
1742,485,252,-20,4,20.396078054371138,131.49452966588623,30,111.0849769115448,30,4.383150988862875
1743,452,256,-33,4,33.24154027718932,131.49452966588623,30,111.0849769115448,30,4.383150988862875
1744,441,252,-11,-4,11.704699910719626,131.49452966588623,30,111.0849769115448,30,4.383150988862875
1745,461,250,20,-2,20.09975124224178,131.49452966588623,30,111.0849769115448,30,4.383150988862875
1746,485,252,24,2,24.08318915758459,131.49452966588623,30,111.0849769115448,30,4.383150988862875
1747,518,252,33,0,33.0,131.49452966588623,30,111.0849769115448,30,4.383150988862875
1748,502,247,-16,-5,16.76305461424021,131.49452966588623,30,111.0849769115448,30,4.383150988862875
1749,480,253,-22,6,22.80350850198276,131.49452966588623,30,111.0849769115448,30,4.383150988862875
1750,446,256,-34,3,34.132096331752024,131.49452966588623,30,111.0849769115448,30,4.383150988862875
1751,445,251,-1,-5,5.0990195135927845,131.49452966588623,30,111.0849769115448,30,4.383150988862875
1752,465,250,20,-1,20.024984394500787,131.49452966588623,30,111.0849769115448,30,4.383150988862875
1753,493,253,28,3,28.160255680657446,131.49452966588623,30,111.0849769115448,30,4.383150988862875
1754,519,251,26,-2,26.076809620810597,131.49452966588623,30,111.0849769115448,30,4.383150988862875
1755,496,248,-23,-3,23.194827009486403,131.49452966588623,30,111.0849769115448,30,4.383150988862875
1756,476,254,-20,6,20.8806130178211,131.49452966588623,30,111.0849769115448,30,4.383150988862875
1757,442,256,-34,2,34.058772731852805,131.49452966588623,30,111.0849769115448,30,4.383150988862875
1758,448,251,6,-5,7.810249675906654,131.49452966588623,30,111.0849769115448,30,4.383150988862875
1759,468,251,20,0,20.0,131.49452966588623,30,111.0849769115448,30,4.383150988862875
1760,499,254,31,3,31.144823004794873,131.49452966588623,30,111.0849769115448,30,4.383150988862875
1761,518,250,19,-4,19.4164878389476,131.49452966588623,30,111.0849769115448,30,4.383150988862875
1762,493,248,-25,-2,25.079872407968907,131.49452966588623,30,111.0849769115448,30,4.383150988862875
1763,471,255,-22,7,23.08679276123039,131.49452966588623,30,111.0849769115448,30,4.383150988862875
1764,440,255,-31,0,31.0,131.49452966588623,30,111.0849769115448,30,4.383150988862875
1765,452,251,12,-4,12.649110640673518,131.49452966588623,30,111.0849769115448,30,4.383150988862875
1766,472,252,20,1,20.024984394500787,131.49452966588623,30,111.0849769115448,30,4.383150988862875
1767,507,254,35,2,35.05709628591621,131.49452966588623,30,111.0849769115448,30,4.383150988862875
1768,514,249,7,-5,8.602325267042627,131.49452966588623,30,111.0849769115448,30,4.383150988862875
1769,490,250,-24,1,24.020824298928627,131.49452966588623,30,111.0849769115448,30,4.383150988862875
1770,464,256,-26,6,26.68332812825267,131.49452966588623,30,111.0849769115448,30,4.383150988862875
1771,439,254,-25,-2,25.079872407968907,131.49452966588623,30,111.0849769115448,30,4.383150988862875
1772,456,251,17,-3,17.26267650163207,131.49452966588623,30,111.0849769115448,30,4.383150988862875
1773,474,252,18,1,18.027756377319946,131.49452966588623,30,111.0849769115448,30,4.383150988862875
1774,511,254,37,2,37.05401462729781,131.49452966588623,30,111.0849769115448,30,4.383150988862875
1775,511,249,0,-5,5.0,131.49452966588623,30,111.0849769115448,30,4.383150988862875
1776,489,251,-22,2,22.090722034374522,131.49452966588623,30,111.0849769115448,30,4.383150988862875
1777,460,257,-29,6,29.614185789921695,131.49452966588623,30,111.0849769115448,30,4.383150988862875
1778,439,254,-21,-3,21.213203435596427,131.49452966588623,30,111.0849769115448,30,4.383150988862875
1779,458,250,19,-4,19.4164878389476,131.49452966588623,30,111.0849769115448,30,4.383150988862875
1780,478,253,20,3,20.223748416156685,131.49452966588623,30,111.0849769115448,30,4.383150988862875
1781,515,254,37,1,37.013511046643494,131.49452966588623,30,111.0849769115448,30,4.383150988862875
1782,508,248,-7,-6,9.219544457292887,131.49452966588623,30,111.0849769115448,30,4.383150988862875
1783,487,252,-21,4,21.37755832643195,131.49452966588623,30,111.0849769115448,30,4.383150988862875
1784,455,257,-32,5,32.38826948140329,131.49452966588623,30,111.0849769115448,30,4.383150988862875
1785,440,253,-15,-4,15.524174696260024,131.49452966588623,30,111.0849769115448,30,4.383150988862875
1786,461,251,21,-2,21.095023109728988,131.49452966588623,30,111.0849769115448,30,4.383150988862875
1787,485,254,24,3,24.186773244895647,131.49452966588623,30,111.0849769115448,30,4.383150988862875
1788,519,253,34,-1,34.0147027033899,131.49452966588623,30,111.0849769115448,30,4.383150988862875
1789,503,248,-16,-5,16.76305461424021,131.49452966588623,30,111.0849769115448,30,4.383150988862875
1790,482,254,-21,6,21.840329667841555,131.49452966588623,30,111.0849769115448,30,4.383150988862875
1791,448,257,-34,3,34.132096331752024,131.49452966588623,30,111.0849769115448,30,4.383150988862875
1792,443,252,-5,-5,7.0710678118654755,131.49452966588623,30,111.0849769115448,30,4.383150988862875
1793,464,251,21,-1,21.02379604162864,131.49452966588623,30,111.0849769115448,30,4.383150988862875
1794,491,254,27,3,27.16615541441225,131.49452966588623,30,111.0849769115448,30,4.383150988862875
1795,519,252,28,-2,28.071337695236398,131.49452966588623,30,111.0849769115448,30,4.383150988862875
1796,498,248,-21,-4,21.37755832643195,131.49452966588623,30,111.0849769115448,30,4.383150988862875
1797,478,255,-20,7,21.18962010041709,131.49452966588623,30,111.0849769115448,30,4.383150988862875
1798,444,257,-34,2,34.058772731852805,131.49452966588623,30,111.0849769115448,30,4.383150988862875
1799,447,252,3,-5,5.830951894845301,131.49452966588623,30,111.0849769115448,30,4.383150988862875
1800,467,252,20,0,20.0,131.49452966588623,30,111.0849769115448,30,4.383150988862875
1801,496,254,29,2,29.068883707497267,131.49452966588623,30,111.0849769115448,30,4.383150988862875
1802,519,252,23,-2,23.08679276123039,131.49452966588623,30,111.0849769115448,30,4.383150988862875
1803,495,249,-24,-3,24.186773244895647,131.49452966588623,30,111.0849769115448,30,4.383150988862875
1804,474,256,-21,7,22.135943621178654,131.49452966588623,30,111.0849769115448,30,4.383150988862875
1805,442,256,-32,0,32.0,131.49452966588623,30,111.0849769115448,30,4.383150988862875
1806,450,252,8,-4,8.94427190999916,131.49452966588623,30,111.0849769115448,30,4.383150988862875
1807,469,252,19,0,19.0,131.49452966588623,30,111.0849769115448,30,4.383150988862875
1808,501,255,32,3,32.14031735997639,131.49452966588623,30,111.0849769115448,30,4.383150988862875
1809,517,251,16,-4,16.492422502470642,131.49452966588623,30,111.0849769115448,30,4.383150988862875
1810,493,250,-24,-1,24.020824298928627,131.49452966588623,30,111.0849769115448,30,4.383150988862875
1811,470,257,-23,7,24.041630560342615,131.49452966588623,30,111.0849769115448,30,4.383150988862875
1812,440,256,-30,-1,30.01666203960727,131.49452966588623,30,111.0849769115448,30,4.383150988862875
1813,452,252,12,-4,12.649110640673518,131.49452966588623,30,111.0849769115448,30,4.383150988862875
1814,471,252,19,0,19.0,131.49452966588623,30,111.0849769115448,30,4.383150988862875
1815,506,255,35,3,35.12833614050059,131.49452966588623,30,111.0849769115448,30,4.383150988862875
1816,515,250,9,-5,10.295630140987,131.49452966588623,30,111.0849769115448,30,4.383150988862875
1817,492,251,-23,1,23.021728866442675,131.49452966588623,30,111.0849769115448,30,4.383150988862875
1818,466,257,-26,6,26.68332812825267,131.49452966588623,30,111.0849769115448,30,4.383150988862875
1819,439,255,-27,-2,27.073972741361768,131.49452966588623,30,111.0849769115448,30,4.383150988862875
1820,455,251,16,-4,16.492422502470642,131.49452966588623,30,111.0849769115448,30,4.383150988862875
1821,474,253,19,2,19.1049731745428,131.49452966588623,30,111.0849769115448,30,4.383150988862875
1822,511,255,37,2,37.05401462729781,131.49452966588623,30,111.0849769115448,30,4.383150988862875
1823,512,250,1,-5,5.0990195135927845,131.49452966588623,30,111.0849769115448,30,4.383150988862875
1824,489,252,-23,2,23.08679276123039,131.49452966588623,30,111.0849769115448,30,4.383150988862875
1825,460,258,-29,6,29.614185789921695,131.49452966588623,30,111.0849769115448,30,4.383150988862875
1826,439,254,-21,-4,21.37755832643195,131.49452966588623,30,111.0849769115448,30,4.383150988862875
1827,458,251,19,-3,19.235384061671343,131.49452966588623,30,111.0849769115448,30,4.383150988862875
1828,479,254,21,3,21.213203435596427,131.49452966588623,30,111.0849769115448,30,4.383150988862875
1829,515,255,36,1,36.013886210738214,131.49452966588623,30,111.0849769115448,30,4.383150988862875
1830,508,249,-7,-6,9.219544457292887,131.49452966588623,30,111.0849769115448,30,4.383150988862875
1831,486,253,-22,4,22.360679774997898,131.49452966588623,30,111.0849769115448,30,4.383150988862875
1832,455,258,-31,5,31.400636936215164,131.49452966588623,30,111.0849769115448,30,4.383150988862875
1833,441,254,-14,-4,14.560219778561036,131.49452966588623,30,111.0849769115448,30,4.383150988862875
1834,462,252,21,-2,21.095023109728988,131.49452966588623,30,111.0849769115448,30,4.383150988862875
1835,483,254,21,2,21.095023109728988,131.49452966588623,30,111.0849769115448,30,4.383150988862875
1836,517,254,34,0,34.0,131.49452966588623,30,111.0849769115448,30,4.383150988862875
1837,504,249,-13,-5,13.92838827718412,131.49452966588623,30,111.0849769115448,30,4.383150988862875
1838,484,254,-20,5,20.615528128088304,131.49452966588623,30,111.0849769115448,30,4.383150988862875
1839,451,258,-33,4,33.24154027718932,131.49452966588623,30,111.0849769115448,30,4.383150988862875
1840,442,253,-9,-5,10.295630140987,131.49452966588623,30,111.0849769115448,30,4.383150988862875
1841,463,252,21,-1,21.02379604162864,131.49452966588623,30,111.0849769115448,30,4.383150988862875
1842,488,255,25,3,25.179356624028344,131.49452966588623,30,111.0849769115448,30,4.383150988862875
1843,519,253,31,-2,31.064449134018133,131.49452966588623,30,111.0849769115448,30,4.383150988862875
1844,500,249,-19,-4,19.4164878389476,131.49452966588623,30,111.0849769115448,30,4.383150988862875
1845,481,255,-19,6,19.924858845171276,131.49452966588623,30,111.0849769115448,30,4.383150988862875
1846,448,257,-33,2,33.06055050963308,131.49452966588623,30,111.0849769115448,30,4.383150988862875
1847,445,253,-3,-4,5.0,131.49452966588623,30,111.0849769115448,30,4.383150988862875
1848,465,252,20,-1,20.024984394500787,131.49452966588623,30,111.0849769115448,30,4.383150988862875
1849,493,255,28,3,28.160255680657446,131.49452966588623,30,111.0849769115448,30,4.383150988862875
1850,519,253,26,-2,26.076809620810597,131.49452966588623,30,111.0849769115448,30,4.383150988862875
1851,498,249,-21,-4,21.37755832643195,131.49452966588623,30,111.0849769115448,30,4.383150988862875
1852,477,256,-21,7,22.135943621178654,131.49452966588623,30,111.0849769115448,30,4.383150988862875
1853,444,257,-33,1,33.015148038438355,131.49452966588623,30,111.0849769115448,30,4.383150988862875
1854,448,252,4,-5,6.4031242374328485,131.49452966588623,30,111.0849769115448,30,4.383150988862875
1855,467,252,19,0,19.0,131.49452966588623,30,111.0849769115448,30,4.383150988862875
1856,498,255,31,3,31.144823004794873,131.49452966588623,30,111.0849769115448,30,4.383150988862875
1857,519,252,21,-3,21.213203435596427,131.49452966588623,30,111.0849769115448,30,4.383150988862875
1858,495,250,-24,-2,24.08318915758459,131.49452966588623,30,111.0849769115448,30,4.383150988862875
1859,473,257,-22,7,23.08679276123039,131.49452966588623,30,111.0849769115448,30,4.383150988862875
1860,441,256,-32,-1,32.01562118716424,131.49452966588623,30,111.0849769115448,30,4.383150988862875
1861,451,252,10,-4,10.770329614269007,131.49452966588623,30,111.0849769115448,30,4.383150988862875
1862,471,253,20,1,20.024984394500787,131.49452966588623,30,111.0849769115448,30,4.383150988862875
1863,505,255,34,2,34.058772731852805,131.49452966588623,30,111.0849769115448,30,4.383150988862875
1864,517,251,12,-4,12.649110640673518,131.49452966588623,30,111.0849769115448,30,4.383150988862875
1865,492,250,-25,-1,25.019992006393608,131.49452966588623,30,111.0849769115448,30,4.383150988862875
1866,467,258,-25,8,26.248809496813376,131.49452966588623,30,111.0849769115448,30,4.383150988862875
1867,439,256,-28,-2,28.071337695236398,131.49452966588623,30,111.0849769115448,30,4.383150988862875
1868,455,252,16,-4,16.492422502470642,131.49452966588623,30,111.0849769115448,30,4.383150988862875
1869,474,253,19,1,19.026297590440446,131.49452966588623,30,111.0849769115448,30,4.383150988862875
1870,510,255,36,2,36.05551275463989,131.49452966588623,30,111.0849769115448,30,4.383150988862875
1871,513,250,3,-5,5.830951894845301,131.49452966588623,30,111.0849769115448,30,4.383150988862875
1872,489,252,-24,2,24.08318915758459,131.49452966588623,30,111.0849769115448,30,4.383150988862875
1873,461,258,-28,6,28.635642126552707,131.49452966588623,30,111.0849769115448,30,4.383150988862875
1874,439,255,-22,-3,22.20360331117452,131.49452966588623,30,111.0849769115448,30,4.383150988862875
1875,459,252,20,-3,20.223748416156685,131.49452966588623,30,111.0849769115448,30,4.383150988862875
1876,477,254,18,2,18.110770276274835,131.49452966588623,30,111.0849769115448,30,4.383150988862875
1877,514,255,37,1,37.013511046643494,131.49452966588623,30,111.0849769115448,30,4.383150988862875
1878,507,249,-7,-6,9.219544457292887,131.49452966588623,30,111.0849769115448,30,4.383150988862875
1879,487,254,-20,5,20.615528128088304,131.49452966588623,30,111.0849769115448,30,4.383150988862875
1880,455,258,-32,4,32.2490309931942,131.49452966588623,30,111.0849769115448,30,4.383150988862875
1881,441,254,-14,-4,14.560219778561036,131.49452966588623,30,111.0849769115448,30,4.383150988862875
1882,461,252,20,-2,20.09975124224178,131.49452966588623,30,111.0849769115448,30,4.383150988862875
1883,484,255,23,3,23.194827009486403,131.49452966588623,30,111.0849769115448,30,4.383150988862875
1884,518,254,34,-1,34.0147027033899,131.49452966588623,30,111.0849769115448,30,4.383150988862875
1885,504,249,-14,-5,14.866068747318506,131.49452966588623,30,111.0849769115448,30,4.383150988862875
1886,484,255,-20,6,20.8806130178211,131.49452966588623,30,111.0849769115448,30,4.383150988862875
1887,451,258,-33,3,33.13608305156178,131.49452966588623,30,111.0849769115448,30,4.383150988862875
1888,443,253,-8,-5,9.433981132056603,131.49452966588623,30,111.0849769115448,30,4.383150988862875
1889,464,252,21,-1,21.02379604162864,131.49452966588623,30,111.0849769115448,30,4.383150988862875
1890,489,255,25,3,25.179356624028344,131.49452966588623,30,111.0849769115448,30,4.383150988862875
1891,519,254,30,-1,30.01666203960727,131.49452966588623,30,111.0849769115448,30,4.383150988862875
1892,501,249,-18,-5,18.681541692269406,131.49452966588623,30,111.0849769115448,30,4.383150988862875
1893,481,256,-20,7,21.18962010041709,131.49452966588623,30,111.0849769115448,30,4.383150988862875
1894,446,258,-35,2,35.05709628591621,131.49452966588623,30,111.0849769115448,30,4.383150988862875
1895,446,253,0,-5,5.0,131.49452966588623,30,111.0849769115448,30,4.383150988862875
1896,466,252,20,-1,20.024984394500787,131.49452966588623,30,111.0849769115448,30,4.383150988862875
1897,494,256,28,4,28.284271247461902,131.49452966588623,30,111.0849769115448,30,4.383150988862875
1898,520,253,26,-3,26.1725046566048,131.49452966588623,30,111.0849769115448,30,4.383150988862875
1899,497,250,-23,-3,23.194827009486403,131.49452966588623,30,111.0849769115448,30,4.383150988862875
1900,476,257,-21,7,22.135943621178654,131.49452966588623,30,111.0849769115448,30,4.383150988862875
1901,442,257,-34,0,34.0,131.49452966588623,30,111.0849769115448,30,4.383150988862875
1902,449,253,7,-4,8.06225774829855,131.49452966588623,30,111.0849769115448,30,4.383150988862875
1903,470,253,21,0,21.0,131.49452966588623,30,111.0849769115448,30,4.383150988862875
1904,500,256,30,3,30.14962686336267,131.49452966588623,30,111.0849769115448,30,4.383150988862875
1905,519,252,19,-4,19.4164878389476,131.49452966588623,30,111.0849769115448,30,4.383150988862875
1906,494,250,-25,-2,25.079872407968907,131.49452966588623,30,111.0849769115448,30,4.383150988862875
1907,471,258,-23,8,24.351591323771842,131.49452966588623,30,111.0849769115448,30,4.383150988862875
1908,441,257,-30,-1,30.01666203960727,131.49452966588623,30,111.0849769115448,30,4.383150988862875
1909,452,253,11,-4,11.704699910719626,131.49452966588623,30,111.0849769115448,30,4.383150988862875
1910,472,253,20,0,20.0,131.49452966588623,30,111.0849769115448,30,4.383150988862875
1911,505,256,33,3,33.13608305156178,131.49452966588623,30,111.0849769115448,30,4.383150988862875
1912,516,251,11,-5,12.083045973594572,131.49452966588623,30,111.0849769115448,30,4.383150988862875
1913,492,251,-24,0,24.0,131.49452966588623,30,111.0849769115448,30,4.383150988862875
1914,467,258,-25,7,25.96150997149434,131.49452966588623,30,111.0849769115448,30,4.383150988862875
1915,440,256,-27,-2,27.073972741361768,131.49452966588623,30,111.0849769115448,30,4.383150988862875
1916,457,252,17,-4,17.46424919657298,131.49452966588623,30,111.0849769115448,30,4.383150988862875
1917,476,254,19,2,19.1049731745428,131.49452966588623,30,111.0849769115448,30,4.383150988862875
1918,511,255,35,1,35.014282800023196,131.49452966588623,30,111.0849769115448,30,4.383150988862875
1919,511,250,0,-5,5.0,131.49452966588623,30,111.0849769115448,30,4.383150988862875
1920,490,253,-21,3,21.213203435596427,131.49452966588623,30,111.0849769115448,30,4.383150988862875
1921,461,259,-29,6,29.614185789921695,131.49452966588623,30,111.0849769115448,30,4.383150988862875
1922,439,255,-22,-4,22.360679774997898,131.49452966588623,30,111.0849769115448,30,4.383150988862875
1923,459,252,20,-3,20.223748416156685,131.49452966588623,30,111.0849769115448,30,4.383150988862875
1924,479,254,20,2,20.09975124224178,131.49452966588623,30,111.0849769115448,30,4.383150988862875
1925,515,255,36,1,36.013886210738214,131.49452966588623,30,111.0849769115448,30,4.383150988862875
1926,508,250,-7,-5,8.602325267042627,131.49452966588623,30,111.0849769115448,30,4.383150988862875
1927,487,254,-21,4,21.37755832643195,131.49452966588623,30,111.0849769115448,30,4.383150988862875
1928,456,259,-31,5,31.400636936215164,131.49452966588623,30,111.0849769115448,30,4.383150988862875
1929,441,254,-15,-5,15.811388300841896,131.49452966588623,30,111.0849769115448,30,4.383150988862875
1930,461,252,20,-2,20.09975124224178,131.49452966588623,30,111.0849769115448,30,4.383150988862875
1931,484,255,23,3,23.194827009486403,131.49452966588623,30,111.0849769115448,30,4.383150988862875
1932,518,255,34,0,34.0,131.49452966588623,30,111.0849769115448,30,4.383150988862875
1933,505,250,-13,-5,13.92838827718412,131.49452966588623,30,111.0849769115448,30,4.383150988862875
1934,484,255,-21,5,21.587033144922902,131.49452966588623,30,111.0849769115448,30,4.383150988862875
1935,449,258,-35,3,35.12833614050059,131.49452966588623,30,111.0849769115448,30,4.383150988862875
1936,444,254,-5,-4,6.4031242374328485,131.49452966588623,30,111.0849769115448,30,4.383150988862875
1937,465,253,21,-1,21.02379604162864,131.49452966588623,30,111.0849769115448,30,4.383150988862875
1938,491,256,26,3,26.1725046566048,131.49452966588623,30,111.0849769115448,30,4.383150988862875
1939,520,254,29,-2,29.068883707497267,131.49452966588623,30,111.0849769115448,30,4.383150988862875
1940,499,250,-21,-4,21.37755832643195,131.49452966588623,30,111.0849769115448,30,4.383150988862875
1941,479,256,-20,6,20.8806130178211,131.49452966588623,30,111.0849769115448,30,4.383150988862875
1942,445,258,-34,2,34.058772731852805,131.49452966588623,30,111.0849769115448,30,4.383150988862875
1943,447,253,2,-5,5.385164807134504,131.49452966588623,30,111.0849769115448,30,4.383150988862875
1944,468,253,21,0,21.0,131.49452966588623,30,111.0849769115448,30,4.383150988862875
1945,496,256,28,3,28.160255680657446,131.49452966588623,30,111.0849769115448,30,4.383150988862875
1946,519,253,23,-3,23.194827009486403,131.49452966588623,30,111.0849769115448,30,4.383150988862875
1947,495,250,-24,-3,24.186773244895647,131.49452966588623,30,111.0849769115448,30,4.383150988862875
1948,475,257,-20,7,21.18962010041709,131.49452966588623,30,111.0849769115448,30,4.383150988862875
1949,442,258,-33,1,33.015148038438355,131.49452966588623,30,111.0849769115448,30,4.383150988862875
1950,451,253,9,-5,10.295630140987,131.49452966588623,30,111.0849769115448,30,4.383150988862875
1951,470,253,19,0,19.0,131.49452966588623,30,111.0849769115448,30,4.383150988862875
1952,501,256,31,3,31.144823004794873,131.49452966588623,30,111.0849769115448,30,4.383150988862875
1953,518,252,17,-4,17.46424919657298,131.49452966588623,30,111.0849769115448,30,4.383150988862875
1954,493,251,-25,-1,25.019992006393608,131.49452966588623,30,111.0849769115448,30,4.383150988862875
1955,468,258,-25,7,25.96150997149434,131.49452966588623,30,111.0849769115448,30,4.383150988862875
1956,440,257,-28,-1,28.0178514522438,131.49452966588623,30,111.0849769115448,30,4.383150988862875
1957,455,253,15,-4,15.524174696260024,131.49452966588623,30,111.0849769115448,30,4.383150988862875
1958,473,254,18,1,18.027756377319946,131.49452966588623,30,111.0849769115448,30,4.383150988862875
1959,508,256,35,2,35.05709628591621,131.49452966588623,30,111.0849769115448,30,4.383150988862875
1960,514,251,6,-5,7.810249675906654,131.49452966588623,30,111.0849769115448,30,4.383150988862875
1961,491,252,-23,1,23.021728866442675,131.49452966588623,30,111.0849769115448,30,4.383150988862875
1962,464,259,-27,7,27.892651361962706,131.49452966588623,30,111.0849769115448,30,4.383150988862875
1963,439,256,-25,-3,25.179356624028344,131.49452966588623,30,111.0849769115448,30,4.383150988862875
1964,457,253,18,-3,18.24828759089466,131.49452966588623,30,111.0849769115448,30,4.383150988862875
1965,476,254,19,1,19.026297590440446,131.49452966588623,30,111.0849769115448,30,4.383150988862875
1966,513,256,37,2,37.05401462729781,131.49452966588623,30,111.0849769115448,30,4.383150988862875
1967,511,251,-2,-5,5.385164807134504,131.49452966588623,30,111.0849769115448,30,4.383150988862875
1968,489,253,-22,2,22.090722034374522,131.49452966588623,30,111.0849769115448,30,4.383150988862875
1969,459,259,-30,6,30.59411708155671,131.49452966588623,30,111.0849769115448,30,4.383150988862875
1970,440,255,-19,-4,19.4164878389476,131.49452966588623,30,111.0849769115448,30,4.383150988862875
1971,460,253,20,-2,20.09975124224178,131.49452966588623,30,111.0849769115448,30,4.383150988862875
1972,481,255,21,2,21.095023109728988,131.49452966588623,30,111.0849769115448,30,4.383150988862875
1973,517,256,36,1,36.013886210738214,131.49452966588623,30,111.0849769115448,30,4.383150988862875
1974,507,250,-10,-6,11.661903789690601,131.49452966588623,30,111.0849769115448,30,4.383150988862875
1975,486,254,-21,4,21.37755832643195,131.49452966588623,30,111.0849769115448,30,4.383150988862875
1976,453,259,-33,5,33.37663853655727,131.49452966588623,30,111.0849769115448,30,4.383150988862875
1977,442,255,-11,-4,11.704699910719626,131.49452966588623,30,111.0849769115448,30,4.383150988862875
1978,463,253,21,-2,21.095023109728988,131.49452966588623,30,111.0849769115448,30,4.383150988862875
1979,486,255,23,2,23.08679276123039,131.49452966588623,30,111.0849769115448,30,4.383150988862875
1980,518,255,32,0,32.0,131.49452966588623,30,111.0849769115448,30,4.383150988862875
1981,503,250,-15,-5,15.811388300841896,131.49452966588623,30,111.0849769115448,30,4.383150988862875
1982,482,256,-21,6,21.840329667841555,131.49452966588623,30,111.0849769115448,30,4.383150988862875
1983,449,259,-33,3,33.13608305156178,131.49452966588623,30,111.0849769115448,30,4.383150988862875
1984,444,254,-5,-5,7.0710678118654755,131.49452966588623,30,111.0849769115448,30,4.383150988862875
1985,466,253,22,-1,22.02271554554524,131.49452966588623,30,111.0849769115448,30,4.383150988862875
1986,491,256,25,3,25.179356624028344,131.49452966588623,30,111.0849769115448,30,4.383150988862875
1987,519,254,28,-2,28.071337695236398,131.49452966588623,30,111.0849769115448,30,4.383150988862875
1988,499,250,-20,-4,20.396078054371138,131.49452966588623,30,111.0849769115448,30,4.383150988862875
1989,479,257,-20,7,21.18962010041709,131.49452966588623,30,111.0849769115448,30,4.383150988862875
1990,445,258,-34,1,34.0147027033899,131.49452966588623,30,111.0849769115448,30,4.383150988862875
1991,448,254,3,-4,5.0,131.49452966588623,30,111.0849769115448,30,4.383150988862875
1992,468,253,20,-1,20.024984394500787,131.49452966588623,30,111.0849769115448,30,4.383150988862875
1993,498,256,30,3,30.14962686336267,131.49452966588623,30,111.0849769115448,30,4.383150988862875
1994,519,253,21,-3,21.213203435596427,131.49452966588623,30,111.0849769115448,30,4.383150988862875
1995,496,251,-23,-2,23.08679276123039,131.49452966588623,30,111.0849769115448,30,4.383150988862875
1996,474,258,-22,7,23.08679276123039,131.49452966588623,30,111.0849769115448,30,4.383150988862875
1997,442,258,-32,0,32.0,131.49452966588623,30,111.0849769115448,30,4.383150988862875
1998,452,253,10,-5,11.180339887498949,131.49452966588623,30,111.0849769115448,30,4.383150988862875
1999,470,254,18,1,18.027756377319946,131.49452966588623,30,111.0849769115448,30,4.383150988862875
2000,503,256,33,2,33.06055050963308,131.49452966588623,30,111.0849769115448,30,4.383150988862875
2001,517,252,14,-4,14.560219778561036,131.49452966588623,30,111.0849769115448,30,4.383150988862875
2002,493,252,-24,0,24.0,131.49452966588623,30,111.0849769115448,30,4.383150988862875
2003,469,259,-24,7,25.0,131.49452966588623,30,111.0849769115448,30,4.383150988862875
2004,440,257,-29,-2,29.068883707497267,131.49452966588623,30,111.0849769115448,30,4.383150988862875
2005,455,253,15,-4,15.524174696260024,131.49452966588623,30,111.0849769115448,30,4.383150988862875
2006,474,254,19,1,19.026297590440446,131.49452966588623,30,111.0849769115448,30,4.383150988862875
2007,509,256,35,2,35.05709628591621,131.49452966588623,30,111.0849769115448,30,4.383150988862875
2008,514,251,5,-5,7.0710678118654755,131.49452966588623,30,111.0849769115448,30,4.383150988862875
2009,491,253,-23,2,23.08679276123039,131.49452966588623,30,111.0849769115448,30,4.383150988862875
2010,463,259,-28,6,28.635642126552707,131.49452966588623,30,111.0849769115448,30,4.383150988862875
2011,439,256,-24,-3,24.186773244895647,131.49452966588623,30,111.0849769115448,30,4.383150988862875
2012,458,253,19,-3,19.235384061671343,131.49452966588623,30,111.0849769115448,30,4.383150988862875
2013,478,255,20,2,20.09975124224178,131.49452966588623,30,111.0849769115448,30,4.383150988862875
2014,514,256,36,1,36.013886210738214,131.49452966588623,30,111.0849769115448,30,4.383150988862875
2015,510,251,-4,-5,6.4031242374328485,131.49452966588623,30,111.0849769115448,30,4.383150988862875
2016,488,254,-22,3,22.20360331117452,131.49452966588623,30,111.0849769115448,30,4.383150988862875
2017,457,259,-31,5,31.400636936215164,131.49452966588623,30,111.0849769115448,30,4.383150988862875
2018,441,255,-16,-4,16.492422502470642,131.49452966588623,30,111.0849769115448,30,4.383150988862875
2019,462,253,21,-2,21.095023109728988,131.49452966588623,30,111.0849769115448,30,4.383150988862875
2020,482,255,20,2,20.09975124224178,131.49452966588623,30,111.0849769115448,30,4.383150988862875
2021,517,256,35,1,35.014282800023196,131.49452966588623,30,111.0849769115448,30,4.383150988862875
2022,506,250,-11,-6,12.529964086141668,131.49452966588623,30,111.0849769115448,30,4.383150988862875
2023,485,255,-21,5,21.587033144922902,131.49452966588623,30,111.0849769115448,30,4.383150988862875
2024,453,259,-32,4,32.2490309931942,131.49452966588623,30,111.0849769115448,30,4.383150988862875
2025,442,255,-11,-4,11.704699910719626,131.49452966588623,30,111.0849769115448,30,4.383150988862875
2026,464,253,22,-2,22.090722034374522,131.49452966588623,30,111.0849769115448,30,4.383150988862875
2027,486,256,22,3,22.20360331117452,131.49452966588623,30,111.0849769115448,30,4.383150988862875
2028,518,255,32,-1,32.01562118716424,131.49452966588623,30,111.0849769115448,30,4.383150988862875
2029,502,250,-16,-5,16.76305461424021,131.49452966588623,30,111.0849769115448,30,4.383150988862875
2030,483,256,-19,6,19.924858845171276,131.49452966588623,30,111.0849769115448,30,4.383150988862875
2031,450,259,-33,3,33.13608305156178,131.49452966588623,30,111.0849769115448,30,4.383150988862875
2032,444,254,-6,-5,7.810249675906654,131.49452966588623,30,111.0849769115448,30,4.383150988862875
2033,465,253,21,-1,21.02379604162864,131.49452966588623,30,111.0849769115448,30,4.383150988862875
2034,491,256,26,3,26.1725046566048,131.49452966588623,30,111.0849769115448,30,4.383150988862875
2035,520,254,29,-2,29.068883707497267,131.49452966588623,30,111.0849769115448,30,4.383150988862875
2036,500,251,-20,-3,20.223748416156685,131.49452966588623,30,111.0849769115448,30,4.383150988862875
2037,480,257,-20,6,20.8806130178211,131.49452966588623,30,111.0849769115448,30,4.383150988862875
2038,445,258,-35,1,35.014282800023196,131.49452966588623,30,111.0849769115448,30,4.383150988862875
2039,447,254,2,-4,4.47213595499958,131.49452966588623,30,111.0849769115448,30,4.383150988862875
2040,467,253,20,-1,20.024984394500787,131.49452966588623,30,111.0849769115448,30,4.383150988862875
2041,496,256,29,3,29.154759474226502,131.49452966588623,30,111.0849769115448,30,4.383150988862875
2042,520,254,24,-2,24.08318915758459,131.49452966588623,30,111.0849769115448,30,4.383150988862875
2043,496,251,-24,-3,24.186773244895647,131.49452966588623,30,111.0849769115448,30,4.383150988862875
2044,475,258,-21,7,22.135943621178654,131.49452966588623,30,111.0849769115448,30,4.383150988862875
2045,442,258,-33,0,33.0,131.49452966588623,30,111.0849769115448,30,4.383150988862875
2046,451,253,9,-5,10.295630140987,131.49452966588623,30,111.0849769115448,30,4.383150988862875
2047,470,254,19,1,19.026297590440446,131.49452966588623,30,111.0849769115448,30,4.383150988862875
2048,502,257,32,3,32.14031735997639,131.49452966588623,30,111.0849769115448,30,4.383150988862875
2049,518,253,16,-4,16.492422502470642,131.49452966588623,30,111.0849769115448,30,4.383150988862875
2050,493,251,-25,-2,25.079872407968907,131.49452966588623,30,111.0849769115448,30,4.383150988862875
2051,470,258,-23,7,24.041630560342615,131.49452966588623,30,111.0849769115448,30,4.383150988862875
2052,440,257,-30,-1,30.01666203960727,131.49452966588623,30,111.0849769115448,30,4.383150988862875
2053,454,253,14,-4,14.560219778561036,131.49452966588623,30,111.0849769115448,30,4.383150988862875
2054,473,254,19,1,19.026297590440446,131.49452966588623,30,111.0849769115448,30,4.383150988862875
2055,507,256,34,2,34.058772731852805,131.49452966588623,30,111.0849769115448,30,4.383150988862875
2056,515,252,8,-4,8.94427190999916,131.49452966588623,30,111.0849769115448,30,4.383150988862875
2057,491,252,-24,0,24.0,131.49452966588623,30,111.0849769115448,30,4.383150988862875
2058,466,259,-25,7,25.96150997149434,131.49452966588623,30,111.0849769115448,30,4.383150988862875
2059,440,257,-26,-2,26.076809620810597,131.49452966588623,30,111.0849769115448,30,4.383150988862875
2060,457,253,17,-4,17.46424919657298,131.49452966588623,30,111.0849769115448,30,4.383150988862875
2061,475,255,18,2,18.110770276274835,131.49452966588623,30,111.0849769115448,30,4.383150988862875
2062,511,256,36,1,36.013886210738214,131.49452966588623,30,111.0849769115448,30,4.383150988862875
2063,512,251,1,-5,5.0990195135927845,131.49452966588623,30,111.0849769115448,30,4.383150988862875
2064,490,253,-22,2,22.090722034374522,131.49452966588623,30,111.0849769115448,30,4.383150988862875
2065,462,259,-28,6,28.635642126552707,131.49452966588623,30,111.0849769115448,30,4.383150988862875
2066,440,256,-22,-3,22.20360331117452,131.49452966588623,30,111.0849769115448,30,4.383150988862875
2067,459,253,19,-3,19.235384061671343,131.49452966588623,30,111.0849769115448,30,4.383150988862875
2068,479,255,20,2,20.09975124224178,131.49452966588623,30,111.0849769115448,30,4.383150988862875
2069,515,256,36,1,36.013886210738214,131.49452966588623,30,111.0849769115448,30,4.383150988862875
2070,509,251,-6,-5,7.810249675906654,131.49452966588623,30,111.0849769115448,30,4.383150988862875
2071,488,255,-21,4,21.37755832643195,131.49452966588623,30,111.0849769115448,30,4.383150988862875
2072,457,259,-31,4,31.25699921617557,131.49452966588623,30,111.0849769115448,30,4.383150988862875
2073,441,255,-16,-4,16.492422502470642,131.49452966588623,30,111.0849769115448,30,4.383150988862875
2074,462,253,21,-2,21.095023109728988,131.49452966588623,30,111.0849769115448,30,4.383150988862875
2075,483,256,21,3,21.213203435596427,131.49452966588623,30,111.0849769115448,30,4.383150988862875
2076,518,256,35,0,35.0,131.49452966588623,30,111.0849769115448,30,4.383150988862875
2077,505,251,-13,-5,13.92838827718412,131.49452966588623,30,111.0849769115448,30,4.383150988862875
2078,485,256,-20,5,20.615528128088304,131.49452966588623,30,111.0849769115448,30,4.383150988862875
2079,451,259,-34,3,34.132096331752024,131.49452966588623,30,111.0849769115448,30,4.383150988862875
2080,443,255,-8,-4,8.94427190999916,131.49452966588623,30,111.0849769115448,30,4.383150988862875
2081,465,253,22,-2,22.090722034374522,131.49452966588623,30,111.0849769115448,30,4.383150988862875
2082,488,256,23,3,23.194827009486403,131.49452966588623,30,111.0849769115448,30,4.383150988862875
2083,520,255,32,-1,32.01562118716424,131.49452966588623,30,111.0849769115448,30,4.383150988862875
2084,501,251,-19,-4,19.4164878389476,131.49452966588623,30,111.0849769115448,30,4.383150988862875
2085,481,257,-20,6,20.8806130178211,131.49452966588623,30,111.0849769115448,30,4.383150988862875
2086,447,259,-34,2,34.058772731852805,131.49452966588623,30,111.0849769115448,30,4.383150988862875
2087,446,254,-1,-5,5.0990195135927845,131.49452966588623,30,111.0849769115448,30,4.383150988862875
2088,467,254,21,0,21.0,131.49452966588623,30,111.0849769115448,30,4.383150988862875
2089,493,256,26,2,26.076809620810597,131.49452966588623,30,111.0849769115448,30,4.383150988862875
2090,520,254,27,-2,27.073972741361768,131.49452966588623,30,111.0849769115448,30,4.383150988862875
2091,498,251,-22,-3,22.20360331117452,131.49452966588623,30,111.0849769115448,30,4.383150988862875
2092,477,258,-21,7,22.135943621178654,131.49452966588623,30,111.0849769115448,30,4.383150988862875
2093,445,258,-32,0,32.0,131.49452966588623,30,111.0849769115448,30,4.383150988862875
2094,449,254,4,-4,5.656854249492381,131.49452966588623,30,111.0849769115448,30,4.383150988862875
2095,469,254,20,0,20.0,131.49452966588623,30,111.0849769115448,30,4.383150988862875
2096,498,257,29,3,29.154759474226502,131.49452966588623,30,111.0849769115448,30,4.383150988862875
2097,519,253,21,-4,21.37755832643195,131.49452966588623,30,111.0849769115448,30,4.383150988862875
2098,496,251,-23,-2,23.08679276123039,131.49452966588623,30,111.0849769115448,30,4.383150988862875
2099,474,259,-22,8,23.40939982143925,131.49452966588623,30,111.0849769115448,30,4.383150988862875
2100,442,258,-32,-1,32.01562118716424,131.49452966588623,30,111.0849769115448,30,4.383150988862875
2101,452,254,10,-4,10.770329614269007,131.49452966588623,30,111.0849769115448,30,4.383150988862875
2102,471,254,19,0,19.0,131.49452966588623,30,111.0849769115448,30,4.383150988862875
2103,503,257,32,3,32.14031735997639,131.49452966588623,30,111.0849769115448,30,4.383150988862875
2104,518,253,15,-4,15.524174696260024,131.49452966588623,30,111.0849769115448,30,4.383150988862875
2105,494,252,-24,-1,24.020824298928627,131.49452966588623,30,111.0849769115448,30,4.383150988862875
2106,470,259,-24,7,25.0,131.49452966588623,30,111.0849769115448,30,4.383150988862875
2107,440,257,-30,-2,30.066592756745816,131.49452966588623,30,111.0849769115448,30,4.383150988862875
2108,455,253,15,-4,15.524174696260024,131.49452966588623,30,111.0849769115448,30,4.383150988862875
2109,474,255,19,2,19.1049731745428,131.49452966588623,30,111.0849769115448,30,4.383150988862875
2110,509,257,35,2,35.05709628591621,131.49452966588623,30,111.0849769115448,30,4.383150988862875
2111,515,252,6,-5,7.810249675906654,131.49452966588623,30,111.0849769115448,30,4.383150988862875
2112,491,253,-24,1,24.020824298928627,131.49452966588623,30,111.0849769115448,30,4.383150988862875
2113,464,259,-27,6,27.65863337187866,131.49452966588623,30,111.0849769115448,30,4.383150988862875
2114,439,257,-25,-2,25.079872407968907,131.49452966588623,30,111.0849769115448,30,4.383150988862875
2115,458,253,19,-4,19.4164878389476,131.49452966588623,30,111.0849769115448,30,4.383150988862875
2116,478,255,20,2,20.09975124224178,131.49452966588623,30,111.0849769115448,30,4.383150988862875
2117,513,256,35,1,35.014282800023196,131.49452966588623,30,111.0849769115448,30,4.383150988862875
2118,511,251,-2,-5,5.385164807134504,131.49452966588623,30,111.0849769115448,30,4.383150988862875
2119,489,254,-22,3,22.20360331117452,131.49452966588623,30,111.0849769115448,30,4.383150988862875
2120,459,259,-30,5,30.4138126514911,131.49452966588623,30,111.0849769115448,30,4.383150988862875
2121,440,256,-19,-3,19.235384061671343,131.49452966588623,30,111.0849769115448,30,4.383150988862875
2122,462,254,22,-2,22.090722034374522,131.49452966588623,30,111.0849769115448,30,4.383150988862875
2123,482,256,20,2,20.09975124224178,131.49452966588623,30,111.0849769115448,30,4.383150988862875
2124,516,256,34,0,34.0,131.49452966588623,30,111.0849769115448,30,4.383150988862875
2125,507,251,-9,-5,10.295630140987,131.49452966588623,30,111.0849769115448,30,4.383150988862875
2126,486,255,-21,4,21.37755832643195,131.49452966588623,30,111.0849769115448,30,4.383150988862875
2127,454,260,-32,5,32.38826948140329,131.49452966588623,30,111.0849769115448,30,4.383150988862875
2128,442,255,-12,-5,13.0,131.49452966588623,30,111.0849769115448,30,4.383150988862875
2129,463,254,21,-1,21.02379604162864,131.49452966588623,30,111.0849769115448,30,4.383150988862875
2130,486,256,23,2,23.08679276123039,131.49452966588623,30,111.0849769115448,30,4.383150988862875
2131,519,255,33,-1,33.015148038438355,131.49452966588623,30,111.0849769115448,30,4.383150988862875
2132,503,251,-16,-4,16.492422502470642,131.49452966588623,30,111.0849769115448,30,4.383150988862875
2133,483,257,-20,6,20.8806130178211,131.49452966588623,30,111.0849769115448,30,4.383150988862875
2134,450,259,-33,2,33.06055050963308,131.49452966588623,30,111.0849769115448,30,4.383150988862875
2135,444,254,-6,-5,7.810249675906654,131.49452966588623,30,111.0849769115448,30,4.383150988862875
2136,465,254,21,0,21.0,131.49452966588623,30,111.0849769115448,30,4.383150988862875
2137,491,256,26,2,26.076809620810597,131.49452966588623,30,111.0849769115448,30,4.383150988862875
2138,520,255,29,-1,29.017236257093817,131.49452966588623,30,111.0849769115448,30,4.383150988862875
2139,500,251,-20,-4,20.396078054371138,131.49452966588623,30,111.0849769115448,30,4.383150988862875
2140,479,258,-21,7,22.135943621178654,131.49452966588623,30,111.0849769115448,30,4.383150988862875
2141,445,259,-34,1,34.0147027033899,131.49452966588623,30,111.0849769115448,30,4.383150988862875
2142,447,254,2,-5,5.385164807134504,131.49452966588623,30,111.0849769115448,30,4.383150988862875
2143,468,254,21,0,21.0,131.49452966588623,30,111.0849769115448,30,4.383150988862875
2144,497,257,29,3,29.154759474226502,131.49452966588623,30,111.0849769115448,30,4.383150988862875
2145,520,254,23,-3,23.194827009486403,131.49452966588623,30,111.0849769115448,30,4.383150988862875
2146,496,251,-24,-3,24.186773244895647,131.49452966588623,30,111.0849769115448,30,4.383150988862875
2147,475,258,-21,7,22.135943621178654,131.49452966588623,30,111.0849769115448,30,4.383150988862875
2148,442,258,-33,0,33.0,131.49452966588623,30,111.0849769115448,30,4.383150988862875
2149,451,254,9,-4,9.848857801796104,131.49452966588623,30,111.0849769115448,30,4.383150988862875
2150,471,254,20,0,20.0,131.49452966588623,30,111.0849769115448,30,4.383150988862875
2151,503,257,32,3,32.14031735997639,131.49452966588623,30,111.0849769115448,30,4.383150988862875
2152,518,253,15,-4,15.524174696260024,131.49452966588623,30,111.0849769115448,30,4.383150988862875
2153,493,252,-25,-1,25.019992006393608,131.49452966588623,30,111.0849769115448,30,4.383150988862875
2154,470,259,-23,7,24.041630560342615,131.49452966588623,30,111.0849769115448,30,4.383150988862875
2155,440,258,-30,-1,30.01666203960727,131.49452966588623,30,111.0849769115448,30,4.383150988862875
2156,455,254,15,-4,15.524174696260024,131.49452966588623,30,111.0849769115448,30,4.383150988862875
2157,474,255,19,1,19.026297590440446,131.49452966588623,30,111.0849769115448,30,4.383150988862875
2158,508,257,34,2,34.058772731852805,131.49452966588623,30,111.0849769115448,30,4.383150988862875
2159,515,252,7,-5,8.602325267042627,131.49452966588623,30,111.0849769115448,30,4.383150988862875
2160,491,253,-24,1,24.020824298928627,131.49452966588623,30,111.0849769115448,30,4.383150988862875
2161,465,260,-26,7,26.92582403567252,131.49452966588623,30,111.0849769115448,30,4.383150988862875
2162,440,257,-25,-3,25.179356624028344,131.49452966588623,30,111.0849769115448,30,4.383150988862875
2163,457,254,17,-3,17.26267650163207,131.49452966588623,30,111.0849769115448,30,4.383150988862875
2164,476,255,19,1,19.026297590440446,131.49452966588623,30,111.0849769115448,30,4.383150988862875
2165,511,257,35,2,35.05709628591621,131.49452966588623,30,111.0849769115448,30,4.383150988862875
2166,512,252,1,-5,5.0990195135927845,131.49452966588623,30,111.0849769115448,30,4.383150988862875
2167,490,254,-22,2,22.090722034374522,131.49452966588623,30,111.0849769115448,30,4.383150988862875
2168,461,260,-29,6,29.614185789921695,131.49452966588623,30,111.0849769115448,30,4.383150988862875
2169,440,256,-21,-4,21.37755832643195,131.49452966588623,30,111.0849769115448,30,4.383150988862875
2170,460,254,20,-2,20.09975124224178,131.49452966588623,30,111.0849769115448,30,4.383150988862875
2171,479,256,19,2,19.1049731745428,131.49452966588623,30,111.0849769115448,30,4.383150988862875
2172,515,256,36,0,36.0,131.49452966588623,30,111.0849769115448,30,4.383150988862875
2173,509,251,-6,-5,7.810249675906654,131.49452966588623,30,111.0849769115448,30,4.383150988862875
2174,488,255,-21,4,21.37755832643195,131.49452966588623,30,111.0849769115448,30,4.383150988862875
2175,457,260,-31,5,31.400636936215164,131.49452966588623,30,111.0849769115448,30,4.383150988862875
2176,441,255,-16,-5,16.76305461424021,131.49452966588623,30,111.0849769115448,30,4.383150988862875
2177,462,254,21,-1,21.02379604162864,131.49452966588623,30,111.0849769115448,30,4.383150988862875
2178,484,256,22,2,22.090722034374522,131.49452966588623,30,111.0849769115448,30,4.383150988862875
2179,518,256,34,0,34.0,131.49452966588623,30,111.0849769115448,30,4.383150988862875
2180,505,251,-13,-5,13.92838827718412,131.49452966588623,30,111.0849769115448,30,4.383150988862875
2181,485,256,-20,5,20.615528128088304,131.49452966588623,30,111.0849769115448,30,4.383150988862875
2182,451,260,-34,4,34.23448553724738,131.49452966588623,30,111.0849769115448,30,4.383150988862875
2183,443,255,-8,-5,9.433981132056603,131.49452966588623,30,111.0849769115448,30,4.383150988862875
2184,465,254,22,-1,22.02271554554524,131.49452966588623,30,111.0849769115448,30,4.383150988862875
2185,489,257,24,3,24.186773244895647,131.49452966588623,30,111.0849769115448,30,4.383150988862875
2186,520,255,31,-2,31.064449134018133,131.49452966588623,30,111.0849769115448,30,4.383150988862875
2187,500,251,-20,-4,20.396078054371138,131.49452966588623,30,111.0849769115448,30,4.383150988862875
2188,481,257,-19,6,19.924858845171276,131.49452966588623,30,111.0849769115448,30,4.383150988862875
2189,447,259,-34,2,34.058772731852805,131.49452966588623,30,111.0849769115448,30,4.383150988862875
2190,447,255,0,-4,4.0,131.49452966588623,30,111.0849769115448,30,4.383150988862875
2191,468,254,21,-1,21.02379604162864,131.49452966588623,30,111.0849769115448,30,4.383150988862875
2192,494,257,26,3,26.1725046566048,131.49452966588623,30,111.0849769115448,30,4.383150988862875
2193,519,254,25,-3,25.179356624028344,131.49452966588623,30,111.0849769115448,30,4.383150988862875
2194,497,251,-22,-3,22.20360331117452,131.49452966588623,30,111.0849769115448,30,4.383150988862875
2195,477,258,-20,7,21.18962010041709,131.49452966588623,30,111.0849769115448,30,4.383150988862875
2196,444,259,-33,1,33.015148038438355,131.49452966588623,30,111.0849769115448,30,4.383150988862875
2197,449,254,5,-5,7.0710678118654755,131.49452966588623,30,111.0849769115448,30,4.383150988862875
2198,469,254,20,0,20.0,131.49452966588623,30,111.0849769115448,30,4.383150988862875
2199,498,257,29,3,29.154759474226502,131.49452966588623,30,111.0849769115448,30,4.383150988862875
2200,519,254,21,-3,21.213203435596427,131.49452966588623,30,111.0849769115448,30,4.383150988862875
2201,495,252,-24,-2,24.08318915758459,131.49452966588623,30,111.0849769115448,30,4.383150988862875
2202,474,259,-21,7,22.135943621178654,131.49452966588623,30,111.0849769115448,30,4.383150988862875
2203,442,258,-32,-1,32.01562118716424,131.49452966588623,30,111.0849769115448,30,4.383150988862875
2204,452,254,10,-4,10.770329614269007,131.49452966588623,30,111.0849769115448,30,4.383150988862875
2205,471,254,19,0,19.0,131.49452966588623,30,111.0849769115448,30,4.383150988862875
2206,504,257,33,3,33.13608305156178,131.49452966588623,30,111.0849769115448,30,4.383150988862875
2207,517,253,13,-4,13.601470508735444,131.49452966588623,30,111.0849769115448,30,4.383150988862875
2208,493,253,-24,0,24.0,131.49452966588623,30,111.0849769115448,30,4.383150988862875
2209,469,260,-24,7,25.0,131.49452966588623,30,111.0849769115448,30,4.383150988862875
2210,440,257,-29,-3,29.154759474226502,131.49452966588623,30,111.0849769115448,30,4.383150988862875
2211,455,254,15,-3,15.297058540778355,131.49452966588623,30,111.0849769115448,30,4.383150988862875
2212,475,255,20,1,20.024984394500787,131.49452966588623,30,111.0849769115448,30,4.383150988862875
2213,510,257,35,2,35.05709628591621,131.49452966588623,30,111.0849769115448,30,4.383150988862875
2214,514,252,4,-5,6.4031242374328485,131.49452966588623,30,111.0849769115448,30,4.383150988862875
2215,491,254,-23,2,23.08679276123039,131.49452966588623,30,111.0849769115448,30,4.383150988862875
2216,463,260,-28,6,28.635642126552707,131.49452966588623,30,111.0849769115448,30,4.383150988862875
2217,439,257,-24,-3,24.186773244895647,131.49452966588623,30,111.0849769115448,30,4.383150988862875
2218,459,254,20,-3,20.223748416156685,131.49452966588623,30,111.0849769115448,30,4.383150988862875
2219,479,256,20,2,20.09975124224178,131.49452966588623,30,111.0849769115448,30,4.383150988862875
2220,515,257,36,1,36.013886210738214,131.49452966588623,30,111.0849769115448,30,4.383150988862875
2221,510,251,-5,-6,7.810249675906654,131.49452966588623,30,111.0849769115448,30,4.383150988862875
2222,488,255,-22,4,22.360679774997898,131.49452966588623,30,111.0849769115448,30,4.383150988862875
2223,457,260,-31,5,31.400636936215164,131.49452966588623,30,111.0849769115448,30,4.383150988862875
2224,441,256,-16,-4,16.492422502470642,131.49452966588623,30,111.0849769115448,30,4.383150988862875
2225,463,254,22,-2,22.090722034374522,131.49452966588623,30,111.0849769115448,30,4.383150988862875
2226,483,256,20,2,20.09975124224178,131.49452966588623,30,111.0849769115448,30,4.383150988862875
2227,517,256,34,0,34.0,131.49452966588623,30,111.0849769115448,30,4.383150988862875
2228,505,251,-12,-5,13.0,131.49452966588623,30,111.0849769115448,30,4.383150988862875
2229,485,256,-20,5,20.615528128088304,131.49452966588623,30,111.0849769115448,30,4.383150988862875
2230,453,260,-32,4,32.2490309931942,131.49452966588623,30,111.0849769115448,30,4.383150988862875
2231,443,255,-10,-5,11.180339887498949,131.49452966588623,30,111.0849769115448,30,4.383150988862875
2232,464,254,21,-1,21.02379604162864,131.49452966588623,30,111.0849769115448,30,4.383150988862875
2233,487,256,23,2,23.08679276123039,131.49452966588623,30,111.0849769115448,30,4.383150988862875
2234,519,255,32,-1,32.01562118716424,131.49452966588623,30,111.0849769115448,30,4.383150988862875
2235,502,251,-17,-4,17.46424919657298,131.49452966588623,30,111.0849769115448,30,4.383150988862875
2236,483,257,-19,6,19.924858845171276,131.49452966588623,30,111.0849769115448,30,4.383150988862875
2237,449,259,-34,2,34.058772731852805,131.49452966588623,30,111.0849769115448,30,4.383150988862875
2238,445,255,-4,-4,5.656854249492381,131.49452966588623,30,111.0849769115448,30,4.383150988862875
2239,466,254,21,-1,21.02379604162864,131.49452966588623,30,111.0849769115448,30,4.383150988862875
2240,492,257,26,3,26.1725046566048,131.49452966588623,30,111.0849769115448,30,4.383150988862875
2241,520,255,28,-2,28.071337695236398,131.49452966588623,30,111.0849769115448,30,4.383150988862875
2242,500,251,-20,-4,20.396078054371138,131.49452966588623,30,111.0849769115448,30,4.383150988862875
2243,479,258,-21,7,22.135943621178654,131.49452966588623,30,111.0849769115448,30,4.383150988862875
2244,445,259,-34,1,34.0147027033899,131.49452966588623,30,111.0849769115448,30,4.383150988862875
2245,448,254,3,-5,5.830951894845301,131.49452966588623,30,111.0849769115448,30,4.383150988862875
2246,468,254,20,0,20.0,131.49452966588623,30,111.0849769115448,30,4.383150988862875
2247,497,257,29,3,29.154759474226502,131.49452966588623,30,111.0849769115448,30,4.383150988862875
2248,520,254,23,-3,23.194827009486403,131.49452966588623,30,111.0849769115448,30,4.383150988862875
2249,496,252,-24,-2,24.08318915758459,131.49452966588623,30,111.0849769115448,30,4.383150988862875
2250,475,259,-21,7,22.135943621178654,131.49452966588623,30,111.0849769115448,30,4.383150988862875
2251,442,258,-33,-1,33.015148038438355,131.49452966588623,30,111.0849769115448,30,4.383150988862875
2252,451,254,9,-4,9.848857801796104,131.49452966588623,30,111.0849769115448,30,4.383150988862875
2253,471,255,20,1,20.024984394500787,131.49452966588623,30,111.0849769115448,30,4.383150988862875
2254,504,257,33,2,33.06055050963308,131.49452966588623,30,111.0849769115448,30,4.383150988862875
2255,517,253,13,-4,13.601470508735444,131.49452966588623,30,111.0849769115448,30,4.383150988862875
2256,492,253,-25,0,25.0,131.49452966588623,30,111.0849769115448,30,4.383150988862875
2257,468,260,-24,7,25.0,131.49452966588623,30,111.0849769115448,30,4.383150988862875
2258,440,257,-28,-3,28.160255680657446,131.49452966588623,30,111.0849769115448,30,4.383150988862875
2259,457,254,17,-3,17.26267650163207,131.49452966588623,30,111.0849769115448,30,4.383150988862875
2260,476,255,19,1,19.026297590440446,131.49452966588623,30,111.0849769115448,30,4.383150988862875
2261,510,257,34,2,34.058772731852805,131.49452966588623,30,111.0849769115448,30,4.383150988862875
2262,513,252,3,-5,5.830951894845301,131.49452966588623,30,111.0849769115448,30,4.383150988862875
2263,490,254,-23,2,23.08679276123039,131.49452966588623,30,111.0849769115448,30,4.383150988862875
2264,462,260,-28,6,28.635642126552707,131.49452966588623,30,111.0849769115448,30,4.383150988862875
2265,440,257,-22,-3,22.20360331117452,131.49452966588623,30,111.0849769115448,30,4.383150988862875
2266,460,254,20,-3,20.223748416156685,131.49452966588623,30,111.0849769115448,30,4.383150988862875
2267,479,256,19,2,19.1049731745428,131.49452966588623,30,111.0849769115448,30,4.383150988862875
2268,514,257,35,1,35.014282800023196,131.49452966588623,30,111.0849769115448,30,4.383150988862875
2269,509,251,-5,-6,7.810249675906654,131.49452966588623,30,111.0849769115448,30,4.383150988862875
2270,488,255,-21,4,21.37755832643195,131.49452966588623,30,111.0849769115448,30,4.383150988862875
2271,457,260,-31,5,31.400636936215164,131.49452966588623,30,111.0849769115448,30,4.383150988862875
2272,441,256,-16,-4,16.492422502470642,131.49452966588623,30,111.0849769115448,30,4.383150988862875
2273,461,254,20,-2,20.09975124224178,131.49452966588623,30,111.0849769115448,30,4.383150988862875
2274,482,256,21,2,21.095023109728988,131.49452966588623,30,111.0849769115448,30,4.383150988862875
2275,517,256,35,0,35.0,131.49452966588623,30,111.0849769115448,30,4.383150988862875
2276,506,251,-11,-5,12.083045973594572,131.49452966588623,30,111.0849769115448,30,4.383150988862875
2277,485,256,-21,5,21.587033144922902,131.49452966588623,30,111.0849769115448,30,4.383150988862875
2278,452,260,-33,4,33.24154027718932,131.49452966588623,30,111.0849769115448,30,4.383150988862875
2279,443,255,-9,-5,10.295630140987,131.49452966588623,30,111.0849769115448,30,4.383150988862875
2280,465,254,22,-1,22.02271554554524,131.49452966588623,30,111.0849769115448,30,4.383150988862875
2281,489,257,24,3,24.186773244895647,131.49452966588623,30,111.0849769115448,30,4.383150988862875
2282,520,255,31,-2,31.064449134018133,131.49452966588623,30,111.0849769115448,30,4.383150988862875
2283,501,252,-19,-3,19.235384061671343,131.49452966588623,30,111.0849769115448,30,4.383150988862875
2284,481,258,-20,6,20.8806130178211,131.49452966588623,30,111.0849769115448,30,4.383150988862875
2285,447,259,-34,1,34.0147027033899,131.49452966588623,30,111.0849769115448,30,4.383150988862875
2286,447,255,0,-4,4.0,131.49452966588623,30,111.0849769115448,30,4.383150988862875
2287,468,254,21,-1,21.02379604162864,131.49452966588623,30,111.0849769115448,30,4.383150988862875
2288,495,257,27,3,27.16615541441225,131.49452966588623,30,111.0849769115448,30,4.383150988862875
2289,520,255,25,-2,25.079872407968907,131.49452966588623,30,111.0849769115448,30,4.383150988862875
2290,497,252,-23,-3,23.194827009486403,131.49452966588623,30,111.0849769115448,30,4.383150988862875
2291,477,258,-20,6,20.8806130178211,131.49452966588623,30,111.0849769115448,30,4.383150988862875
2292,443,259,-34,1,34.0147027033899,131.49452966588623,30,111.0849769115448,30,4.383150988862875
2293,450,255,7,-4,8.06225774829855,131.49452966588623,30,111.0849769115448,30,4.383150988862875
2294,470,255,20,0,20.0,131.49452966588623,30,111.0849769115448,30,4.383150988862875
2295,501,257,31,2,31.064449134018133,131.49452966588623,30,111.0849769115448,30,4.383150988862875
2296,519,254,18,-3,18.24828759089466,131.49452966588623,30,111.0849769115448,30,4.383150988862875
2297,494,252,-25,-2,25.079872407968907,131.49452966588623,30,111.0849769115448,30,4.383150988862875
2298,472,259,-22,7,23.08679276123039,131.49452966588623,30,111.0849769115448,30,4.383150988862875
2299,441,258,-31,-1,31.016124838541646,131.49452966588623,30,111.0849769115448,30,4.383150988862875
2300,454,254,13,-4,13.601470508735444,131.49452966588623,30,111.0849769115448,30,4.383150988862875
2301,473,255,19,1,19.026297590440446,131.49452966588623,30,111.0849769115448,30,4.383150988862875
2302,505,257,32,2,32.0624390837628,131.49452966588623,30,111.0849769115448,30,4.383150988862875
2303,516,253,11,-4,11.704699910719626,131.49452966588623,30,111.0849769115448,30,4.383150988862875
2304,492,253,-24,0,24.0,131.49452966588623,30,111.0849769115448,30,4.383150988862875
2305,468,260,-24,7,25.0,131.49452966588623,30,111.0849769115448,30,4.383150988862875
2306,440,258,-28,-2,28.071337695236398,131.49452966588623,30,111.0849769115448,30,4.383150988862875
2307,457,254,17,-4,17.46424919657298,131.49452966588623,30,111.0849769115448,30,4.383150988862875
2308,475,255,18,1,18.027756377319946,131.49452966588623,30,111.0849769115448,30,4.383150988862875
2309,509,257,34,2,34.058772731852805,131.49452966588623,30,111.0849769115448,30,4.383150988862875
2310,514,252,5,-5,7.0710678118654755,131.49452966588623,30,111.0849769115448,30,4.383150988862875
2311,491,254,-23,2,23.08679276123039,131.49452966588623,30,111.0849769115448,30,4.383150988862875
2312,464,260,-27,6,27.65863337187866,131.49452966588623,30,111.0849769115448,30,4.383150988862875
2313,440,257,-24,-3,24.186773244895647,131.49452966588623,30,111.0849769115448,30,4.383150988862875
2314,458,254,18,-3,18.24828759089466,131.49452966588623,30,111.0849769115448,30,4.383150988862875
2315,478,256,20,2,20.09975124224178,131.49452966588623,30,111.0849769115448,30,4.383150988862875
2316,515,257,37,1,37.013511046643494,131.49452966588623,30,111.0849769115448,30,4.383150988862875
2317,508,252,-7,-5,8.602325267042627,131.49452966588623,30,111.0849769115448,30,4.383150988862875
2318,488,256,-20,4,20.396078054371138,131.49452966588623,30,111.0849769115448,30,4.383150988862875
2319,456,260,-32,4,32.2490309931942,131.49452966588623,30,111.0849769115448,30,4.383150988862875
2320,441,256,-15,-4,15.524174696260024,131.49452966588623,30,111.0849769115448,30,4.383150988862875
2321,463,254,22,-2,22.090722034374522,131.49452966588623,30,111.0849769115448,30,4.383150988862875
2322,484,257,21,3,21.213203435596427,131.49452966588623,30,111.0849769115448,30,4.383150988862875
2323,518,256,34,-1,34.0147027033899,131.49452966588623,30,111.0849769115448,30,4.383150988862875
2324,505,251,-13,-5,13.92838827718412,131.49452966588623,30,111.0849769115448,30,4.383150988862875
2325,484,257,-21,6,21.840329667841555,131.49452966588623,30,111.0849769115448,30,4.383150988862875
2326,450,260,-34,3,34.132096331752024,131.49452966588623,30,111.0849769115448,30,4.383150988862875
2327,445,255,-5,-5,7.0710678118654755,131.49452966588623,30,111.0849769115448,30,4.383150988862875
2328,467,254,22,-1,22.02271554554524,131.49452966588623,30,111.0849769115448,30,4.383150988862875
2329,494,257,27,3,27.16615541441225,131.49452966588623,30,111.0849769115448,30,4.383150988862875
2330,520,255,26,-2,26.076809620810597,131.49452966588623,30,111.0849769115448,30,4.383150988862875
2331,498,252,-22,-3,22.20360331117452,131.49452966588623,30,111.0849769115448,30,4.383150988862875
2332,477,259,-21,7,22.135943621178654,131.49452966588623,30,111.0849769115448,30,4.383150988862875
2333,442,259,-35,0,35.0,131.49452966588623,30,111.0849769115448,30,4.383150988862875
2334,451,255,9,-4,9.848857801796104,131.49452966588623,30,111.0849769115448,30,4.383150988862875
2335,471,255,20,0,20.0,131.49452966588623,30,111.0849769115448,30,4.383150988862875
2336,502,257,31,2,31.064449134018133,131.49452966588623,30,111.0849769115448,30,4.383150988862875
2337,518,254,16,-3,16.278820596099706,131.49452966588623,30,111.0849769115448,30,4.383150988862875
2338,493,252,-25,-2,25.079872407968907,131.49452966588623,30,111.0849769115448,30,4.383150988862875
2339,471,259,-22,7,23.08679276123039,131.49452966588623,30,111.0849769115448,30,4.383150988862875
2340,441,258,-30,-1,30.01666203960727,131.49452966588623,30,111.0849769115448,30,4.383150988862875
2341,455,254,14,-4,14.560219778561036,131.49452966588623,30,111.0849769115448,30,4.383150988862875
2342,474,255,19,1,19.026297590440446,131.49452966588623,30,111.0849769115448,30,4.383150988862875
2343,507,257,33,2,33.06055050963308,131.49452966588623,30,111.0849769115448,30,4.383150988862875
2344,515,253,8,-4,8.94427190999916,131.49452966588623,30,111.0849769115448,30,4.383150988862875
2345,492,253,-23,0,23.0,131.49452966588623,30,111.0849769115448,30,4.383150988862875
2346,466,260,-26,7,26.92582403567252,131.49452966588623,30,111.0849769115448,30,4.383150988862875
2347,440,258,-26,-2,26.076809620810597,131.49452966588623,30,111.0849769115448,30,4.383150988862875
2348,457,254,17,-4,17.46424919657298,131.49452966588623,30,111.0849769115448,30,4.383150988862875
2349,476,256,19,2,19.1049731745428,131.49452966588623,30,111.0849769115448,30,4.383150988862875
2350,511,257,35,1,35.014282800023196,131.49452966588623,30,111.0849769115448,30,4.383150988862875
2351,512,252,1,-5,5.0990195135927845,131.49452966588623,30,111.0849769115448,30,4.383150988862875
2352,490,255,-22,3,22.20360331117452,131.49452966588623,30,111.0849769115448,30,4.383150988862875
2353,461,260,-29,5,29.427877939124322,131.49452966588623,30,111.0849769115448,30,4.383150988862875
2354,440,257,-21,-3,21.213203435596427,131.49452966588623,30,111.0849769115448,30,4.383150988862875
2355,461,254,21,-3,21.213203435596427,131.49452966588623,30,111.0849769115448,30,4.383150988862875
2356,481,256,20,2,20.09975124224178,131.49452966588623,30,111.0849769115448,30,4.383150988862875
2357,516,257,35,1,35.014282800023196,131.49452966588623,30,111.0849769115448,30,4.383150988862875
2358,507,252,-9,-5,10.295630140987,131.49452966588623,30,111.0849769115448,30,4.383150988862875
2359,487,256,-20,4,20.396078054371138,131.49452966588623,30,111.0849769115448,30,4.383150988862875
2360,455,260,-32,4,32.2490309931942,131.49452966588623,30,111.0849769115448,30,4.383150988862875
2361,441,256,-14,-4,14.560219778561036,131.49452966588623,30,111.0849769115448,30,4.383150988862875
2362,463,254,22,-2,22.090722034374522,131.49452966588623,30,111.0849769115448,30,4.383150988862875
2363,486,257,23,3,23.194827009486403,131.49452966588623,30,111.0849769115448,30,4.383150988862875
2364,519,256,33,-1,33.015148038438355,131.49452966588623,30,111.0849769115448,30,4.383150988862875
2365,504,252,-15,-4,15.524174696260024,131.49452966588623,30,111.0849769115448,30,4.383150988862875
2366,483,257,-21,5,21.587033144922902,131.49452966588623,30,111.0849769115448,30,4.383150988862875
2367,448,260,-35,3,35.12833614050059,131.49452966588623,30,111.0849769115448,30,4.383150988862875
2368,446,255,-2,-5,5.385164807134504,131.49452966588623,30,111.0849769115448,30,4.383150988862875
2369,467,254,21,-1,21.02379604162864,131.49452966588623,30,111.0849769115448,30,4.383150988862875
2370,493,257,26,3,26.1725046566048,131.49452966588623,30,111.0849769115448,30,4.383150988862875
2371,520,255,27,-2,27.073972741361768,131.49452966588623,30,111.0849769115448,30,4.383150988862875
2372,498,252,-22,-3,22.20360331117452,131.49452966588623,30,111.0849769115448,30,4.383150988862875
2373,478,259,-20,7,21.18962010041709,131.49452966588623,30,111.0849769115448,30,4.383150988862875
2374,444,259,-34,0,34.0,131.49452966588623,30,111.0849769115448,30,4.383150988862875
2375,450,255,6,-4,7.211102550927978,131.49452966588623,30,111.0849769115448,30,4.383150988862875
2376,470,255,20,0,20.0,131.49452966588623,30,111.0849769115448,30,4.383150988862875
2377,499,257,29,2,29.068883707497267,131.49452966588623,30,111.0849769115448,30,4.383150988862875
2378,519,254,20,-3,20.223748416156685,131.49452966588623,30,111.0849769115448,30,4.383150988862875
2379,495,252,-24,-2,24.08318915758459,131.49452966588623,30,111.0849769115448,30,4.383150988862875
2380,474,259,-21,7,22.135943621178654,131.49452966588623,30,111.0849769115448,30,4.383150988862875
2381,442,259,-32,0,32.0,131.49452966588623,30,111.0849769115448,30,4.383150988862875
2382,453,255,11,-4,11.704699910719626,131.49452966588623,30,111.0849769115448,30,4.383150988862875
2383,472,255,19,0,19.0,131.49452966588623,30,111.0849769115448,30,4.383150988862875
2384,504,257,32,2,32.0624390837628,131.49452966588623,30,111.0849769115448,30,4.383150988862875
2385,518,253,14,-4,14.560219778561036,131.49452966588623,30,111.0849769115448,30,4.383150988862875
2386,493,253,-25,0,25.0,131.49452966588623,30,111.0849769115448,30,4.383150988862875
2387,470,260,-23,7,24.041630560342615,131.49452966588623,30,111.0849769115448,30,4.383150988862875
2388,441,258,-29,-2,29.068883707497267,131.49452966588623,30,111.0849769115448,30,4.383150988862875
2389,455,255,14,-3,14.317821063276353,131.49452966588623,30,111.0849769115448,30,4.383150988862875
2390,474,255,19,0,19.0,131.49452966588623,30,111.0849769115448,30,4.383150988862875
2391,508,257,34,2,34.058772731852805,131.49452966588623,30,111.0849769115448,30,4.383150988862875
2392,515,253,7,-4,8.06225774829855,131.49452966588623,30,111.0849769115448,30,4.383150988862875
2393,492,254,-23,1,23.021728866442675,131.49452966588623,30,111.0849769115448,30,4.383150988862875
2394,465,260,-27,6,27.65863337187866,131.49452966588623,30,111.0849769115448,30,4.383150988862875
2395,440,257,-25,-3,25.179356624028344,131.49452966588623,30,111.0849769115448,30,4.383150988862875
2396,458,254,18,-3,18.24828759089466,131.49452966588623,30,111.0849769115448,30,4.383150988862875
2397,477,256,19,2,19.1049731745428,131.49452966588623,30,111.0849769115448,30,4.383150988862875
2398,513,257,36,1,36.013886210738214,131.49452966588623,30,111.0849769115448,30,4.383150988862875
2399,511,252,-2,-5,5.385164807134504,131.49452966588623,30,111.0849769115448,30,4.383150988862875
2400,489,255,-22,3,22.20360331117452,131.49452966588623,30,111.0849769115448,30,4.383150988862875
2401,459,260,-30,5,30.4138126514911,131.49452966588623,30,111.0849769115448,30,4.383150988862875
2402,440,256,-19,-4,19.4164878389476,131.49452966588623,30,111.0849769115448,30,4.383150988862875
2403,461,254,21,-2,21.095023109728988,131.49452966588623,30,111.0849769115448,30,4.383150988862875
2404,482,256,21,2,21.095023109728988,131.49452966588623,30,111.0849769115448,30,4.383150988862875
2405,517,257,35,1,35.014282800023196,131.49452966588623,30,111.0849769115448,30,4.383150988862875
2406,507,252,-10,-5,11.180339887498949,131.49452966588623,30,111.0849769115448,30,4.383150988862875
2407,486,256,-21,4,21.37755832643195,131.49452966588623,30,111.0849769115448,30,4.383150988862875
2408,453,260,-33,4,33.24154027718932,131.49452966588623,30,111.0849769115448,30,4.383150988862875
2409,442,256,-11,-4,11.704699910719626,131.49452966588623,30,111.0849769115448,30,4.383150988862875
2410,465,254,23,-2,23.08679276123039,131.49452966588623,30,111.0849769115448,30,4.383150988862875
2411,487,257,22,3,22.20360331117452,131.49452966588623,30,111.0849769115448,30,4.383150988862875
2412,519,256,32,-1,32.01562118716424,131.49452966588623,30,111.0849769115448,30,4.383150988862875
2413,502,252,-17,-4,17.46424919657298,131.49452966588623,30,111.0849769115448,30,4.383150988862875
2414,483,257,-19,5,19.6468827043885,131.49452966588623,30,111.0849769115448,30,4.383150988862875
2415,449,260,-34,3,34.132096331752024,131.49452966588623,30,111.0849769115448,30,4.383150988862875
2416,445,255,-4,-5,6.4031242374328485,131.49452966588623,30,111.0849769115448,30,4.383150988862875
2417,467,255,22,0,22.0,131.49452966588623,30,111.0849769115448,30,4.383150988862875
2418,492,257,25,2,25.079872407968907,131.49452966588623,30,111.0849769115448,30,4.383150988862875
2419,520,255,28,-2,28.071337695236398,131.49452966588623,30,111.0849769115448,30,4.383150988862875
2420,499,252,-21,-3,21.213203435596427,131.49452966588623,30,111.0849769115448,30,4.383150988862875
2421,479,258,-20,6,20.8806130178211,131.49452966588623,30,111.0849769115448,30,4.383150988862875
2422,446,259,-33,1,33.015148038438355,131.49452966588623,30,111.0849769115448,30,4.383150988862875
2423,449,255,3,-4,5.0,131.49452966588623,30,111.0849769115448,30,4.383150988862875
2424,470,255,21,0,21.0,131.49452966588623,30,111.0849769115448,30,4.383150988862875
2425,499,257,29,2,29.068883707497267,131.49452966588623,30,111.0849769115448,30,4.383150988862875
2426,519,254,20,-3,20.223748416156685,131.49452966588623,30,111.0849769115448,30,4.383150988862875
2427,495,252,-24,-2,24.08318915758459,131.49452966588623,30,111.0849769115448,30,4.383150988862875
2428,472,260,-23,8,24.351591323771842,131.49452966588623,30,111.0849769115448,30,4.383150988862875
2429,441,258,-31,-2,31.064449134018133,131.49452966588623,30,111.0849769115448,30,4.383150988862875
2430,454,255,13,-3,13.341664064126334,131.49452966588623,30,111.0849769115448,30,4.383150988862875
2431,473,255,19,0,19.0,131.49452966588623,30,111.0849769115448,30,4.383150988862875
2432,506,257,33,2,33.06055050963308,131.49452966588623,30,111.0849769115448,30,4.383150988862875
2433,516,253,10,-4,10.770329614269007,131.49452966588623,30,111.0849769115448,30,4.383150988862875
2434,493,254,-23,1,23.021728866442675,131.49452966588623,30,111.0849769115448,30,4.383150988862875
2435,467,260,-26,6,26.68332812825267,131.49452966588623,30,111.0849769115448,30,4.383150988862875
2436,440,258,-27,-2,27.073972741361768,131.49452966588623,30,111.0849769115448,30,4.383150988862875
2437,457,254,17,-4,17.46424919657298,131.49452966588623,30,111.0849769115448,30,4.383150988862875
2438,476,256,19,2,19.1049731745428,131.49452966588623,30,111.0849769115448,30,4.383150988862875
2439,511,257,35,1,35.014282800023196,131.49452966588623,30,111.0849769115448,30,4.383150988862875
2440,513,252,2,-5,5.385164807134504,131.49452966588623,30,111.0849769115448,30,4.383150988862875
2441,490,255,-23,3,23.194827009486403,131.49452966588623,30,111.0849769115448,30,4.383150988862875
2442,460,260,-30,5,30.4138126514911,131.49452966588623,30,111.0849769115448,30,4.383150988862875
2443,440,257,-20,-3,20.223748416156685,131.49452966588623,30,111.0849769115448,30,4.383150988862875
2444,461,254,21,-3,21.213203435596427,131.49452966588623,30,111.0849769115448,30,4.383150988862875
2445,482,256,21,2,21.095023109728988,131.49452966588623,30,111.0849769115448,30,4.383150988862875
2446,517,257,35,1,35.014282800023196,131.49452966588623,30,111.0849769115448,30,4.383150988862875
2447,507,252,-10,-5,11.180339887498949,131.49452966588623,30,111.0849769115448,30,4.383150988862875
2448,486,256,-21,4,21.37755832643195,131.49452966588623,30,111.0849769115448,30,4.383150988862875
2449,454,260,-32,4,32.2490309931942,131.49452966588623,30,111.0849769115448,30,4.383150988862875
2450,442,256,-12,-4,12.649110640673518,131.49452966588623,30,111.0849769115448,30,4.383150988862875
2451,465,255,23,-1,23.021728866442675,131.49452966588623,30,111.0849769115448,30,4.383150988862875
2452,487,257,22,2,22.090722034374522,131.49452966588623,30,111.0849769115448,30,4.383150988862875
2453,519,256,32,-1,32.01562118716424,131.49452966588623,30,111.0849769115448,30,4.383150988862875
2454,502,252,-17,-4,17.46424919657298,131.49452966588623,30,111.0849769115448,30,4.383150988862875
2455,483,257,-19,5,19.6468827043885,131.49452966588623,30,111.0849769115448,30,4.383150988862875
2456,449,260,-34,3,34.132096331752024,131.49452966588623,30,111.0849769115448,30,4.383150988862875
2457,445,255,-4,-5,6.4031242374328485,131.49452966588623,30,111.0849769115448,30,4.383150988862875
2458,467,255,22,0,22.0,131.49452966588623,30,111.0849769115448,30,4.383150988862875
2459,491,257,24,2,24.08318915758459,131.49452966588623,30,111.0849769115448,30,4.383150988862875
2460,520,255,29,-2,29.068883707497267,131.49452966588623,30,111.0849769115448,30,4.383150988862875
2461,499,252,-21,-3,21.213203435596427,131.49452966588623,30,111.0849769115448,30,4.383150988862875
2462,480,258,-19,6,19.924858845171276,131.49452966588623,30,111.0849769115448,30,4.383150988862875
2463,447,260,-33,2,33.06055050963308,131.49452966588623,30,111.0849769115448,30,4.383150988862875
2464,448,255,1,-5,5.0990195135927845,131.49452966588623,30,111.0849769115448,30,4.383150988862875
2465,469,255,21,0,21.0,131.49452966588623,30,111.0849769115448,30,4.383150988862875
2466,498,257,29,2,29.068883707497267,131.49452966588623,30,111.0849769115448,30,4.383150988862875
2467,519,254,21,-3,21.213203435596427,131.49452966588623,30,111.0849769115448,30,4.383150988862875
2468,496,252,-23,-2,23.08679276123039,131.49452966588623,30,111.0849769115448,30,4.383150988862875
2469,474,260,-22,8,23.40939982143925,131.49452966588623,30,111.0849769115448,30,4.383150988862875
2470,442,259,-32,-1,32.01562118716424,131.49452966588623,30,111.0849769115448,30,4.383150988862875
2471,452,255,10,-4,10.770329614269007,131.49452966588623,30,111.0849769115448,30,4.383150988862875
2472,471,255,19,0,19.0,131.49452966588623,30,111.0849769115448,30,4.383150988862875
2473,504,258,33,3,33.13608305156178,131.49452966588623,30,111.0849769115448,30,4.383150988862875
2474,518,254,14,-4,14.560219778561036,131.49452966588623,30,111.0849769115448,30,4.383150988862875
2475,494,253,-24,-1,24.020824298928627,131.49452966588623,30,111.0849769115448,30,4.383150988862875
2476,470,260,-24,7,25.0,131.49452966588623,30,111.0849769115448,30,4.383150988862875
2477,440,258,-30,-2,30.066592756745816,131.49452966588623,30,111.0849769115448,30,4.383150988862875
2478,457,255,17,-3,17.26267650163207,131.49452966588623,30,111.0849769115448,30,4.383150988862875
2479,475,256,18,1,18.027756377319946,131.49452966588623,30,111.0849769115448,30,4.383150988862875
2480,511,257,36,1,36.013886210738214,131.49452966588623,30,111.0849769115448,30,4.383150988862875
2481,512,252,1,-5,5.0990195135927845,131.49452966588623,30,111.0849769115448,30,4.383150988862875
2482,490,255,-22,3,22.20360331117452,131.49452966588623,30,111.0849769115448,30,4.383150988862875
2483,460,260,-30,5,30.4138126514911,131.49452966588623,30,111.0849769115448,30,4.383150988862875
2484,440,257,-20,-3,20.223748416156685,131.49452966588623,30,111.0849769115448,30,4.383150988862875
2485,461,254,21,-3,21.213203435596427,131.49452966588623,30,111.0849769115448,30,4.383150988862875
2486,482,257,21,3,21.213203435596427,131.49452966588623,30,111.0849769115448,30,4.383150988862875
2487,516,257,34,0,34.0,131.49452966588623,30,111.0849769115448,30,4.383150988862875
2488,508,252,-8,-5,9.433981132056603,131.49452966588623,30,111.0849769115448,30,4.383150988862875
2489,486,256,-22,4,22.360679774997898,131.49452966588623,30,111.0849769115448,30,4.383150988862875
2490,454,260,-32,4,32.2490309931942,131.49452966588623,30,111.0849769115448,30,4.383150988862875
2491,443,256,-11,-4,11.704699910719626,131.49452966588623,30,111.0849769115448,30,4.383150988862875
2492,465,255,22,-1,22.02271554554524,131.49452966588623,30,111.0849769115448,30,4.383150988862875
2493,486,257,21,2,21.095023109728988,131.49452966588623,30,111.0849769115448,30,4.383150988862875
2494,519,256,33,-1,33.015148038438355,131.49452966588623,30,111.0849769115448,30,4.383150988862875
2495,503,252,-16,-4,16.492422502470642,131.49452966588623,30,111.0849769115448,30,4.383150988862875
2496,483,257,-20,5,20.615528128088304,131.49452966588623,30,111.0849769115448,30,4.383150988862875
2497,450,260,-33,3,33.13608305156178,131.49452966588623,30,111.0849769115448,30,4.383150988862875
2498,445,256,-5,-4,6.4031242374328485,131.49452966588623,30,111.0849769115448,30,4.383150988862875
2499,466,255,21,-1,21.02379604162864,131.49452966588623,30,111.0849769115448,30,4.383150988862875
2500,491,257,25,2,25.079872407968907,131.49452966588623,30,111.0849769115448,30,4.383150988862875
2501,520,256,29,-1,29.017236257093817,131.49452966588623,30,111.0849769115448,30,4.383150988862875
2502,500,252,-20,-4,20.396078054371138,131.49452966588623,30,111.0849769115448,30,4.383150988862875
2503,480,259,-20,7,21.18962010041709,131.49452966588623,30,111.0849769115448,30,4.383150988862875
2504,447,260,-33,1,33.015148038438355,131.49452966588623,30,111.0849769115448,30,4.383150988862875
2505,447,255,0,-5,5.0,131.49452966588623,30,111.0849769115448,30,4.383150988862875
2506,468,255,21,0,21.0,131.49452966588623,30,111.0849769115448,30,4.383150988862875
2507,495,258,27,3,27.16615541441225,131.49452966588623,30,111.0849769115448,30,4.383150988862875
2508,520,255,25,-3,25.179356624028344,131.49452966588623,30,111.0849769115448,30,4.383150988862875
2509,498,252,-22,-3,22.20360331117452,131.49452966588623,30,111.0849769115448,30,4.383150988862875
2510,477,259,-21,7,22.135943621178654,131.49452966588623,30,111.0849769115448,30,4.383150988862875
2511,444,259,-33,0,33.0,131.49452966588623,30,111.0849769115448,30,4.383150988862875
2512,450,255,6,-4,7.211102550927978,131.49452966588623,30,111.0849769115448,30,4.383150988862875
2513,470,255,20,0,20.0,131.49452966588623,30,111.0849769115448,30,4.383150988862875
2514,501,258,31,3,31.144823004794873,131.49452966588623,30,111.0849769115448,30,4.383150988862875
2515,519,254,18,-4,18.439088914585774,131.49452966588623,30,111.0849769115448,30,4.383150988862875
2516,495,253,-24,-1,24.020824298928627,131.49452966588623,30,111.0849769115448,30,4.383150988862875
2517,473,260,-22,7,23.08679276123039,131.49452966588623,30,111.0849769115448,30,4.383150988862875
2518,441,259,-32,-1,32.01562118716424,131.49452966588623,30,111.0849769115448,30,4.383150988862875
2519,454,255,13,-4,13.601470508735444,131.49452966588623,30,111.0849769115448,30,4.383150988862875
2520,473,256,19,1,19.026297590440446,131.49452966588623,30,111.0849769115448,30,4.383150988862875
2521,507,258,34,2,34.058772731852805,131.49452966588623,30,111.0849769115448,30,4.383150988862875
2522,517,253,10,-5,11.180339887498949,131.49452966588623,30,111.0849769115448,30,4.383150988862875
2523,492,254,-25,1,25.019992006393608,131.49452966588623,30,111.0849769115448,30,4.383150988862875
2524,467,260,-25,6,25.709920264364882,131.49452966588623,30,111.0849769115448,30,4.383150988862875
2525,440,258,-27,-2,27.073972741361768,131.49452966588623,30,111.0849769115448,30,4.383150988862875
2526,458,255,18,-3,18.24828759089466,131.49452966588623,30,111.0849769115448,30,4.383150988862875
2527,477,256,19,1,19.026297590440446,131.49452966588623,30,111.0849769115448,30,4.383150988862875
2528,511,257,34,1,34.0147027033899,131.49452966588623,30,111.0849769115448,30,4.383150988862875
2529,513,252,2,-5,5.385164807134504,131.49452966588623,30,111.0849769115448,30,4.383150988862875
2530,490,255,-23,3,23.194827009486403,131.49452966588623,30,111.0849769115448,30,4.383150988862875
2531,461,261,-29,6,29.614185789921695,131.49452966588623,30,111.0849769115448,30,4.383150988862875
2532,441,257,-20,-4,20.396078054371138,131.49452966588623,30,111.0849769115448,30,4.383150988862875
2533,461,255,20,-2,20.09975124224178,131.49452966588623,30,111.0849769115448,30,4.383150988862875
2534,480,257,19,2,19.1049731745428,131.49452966588623,30,111.0849769115448,30,4.383150988862875
2535,514,257,34,0,34.0,131.49452966588623,30,111.0849769115448,30,4.383150988862875
2536,509,252,-5,-5,7.0710678118654755,131.49452966588623,30,111.0849769115448,30,4.383150988862875
2537,488,256,-21,4,21.37755832643195,131.49452966588623,30,111.0849769115448,30,4.383150988862875
2538,457,261,-31,5,31.400636936215164,131.49452966588623,30,111.0849769115448,30,4.383150988862875
2539,441,256,-16,-5,16.76305461424021,131.49452966588623,30,111.0849769115448,30,4.383150988862875
2540,462,255,21,-1,21.02379604162864,131.49452966588623,30,111.0849769115448,30,4.383150988862875
2541,483,257,21,2,21.095023109728988,131.49452966588623,30,111.0849769115448,30,4.383150988862875
2542,517,257,34,0,34.0,131.49452966588623,30,111.0849769115448,30,4.383150988862875
2543,506,252,-11,-5,12.083045973594572,131.49452966588623,30,111.0849769115448,30,4.383150988862875
2544,486,257,-20,5,20.615528128088304,131.49452966588623,30,111.0849769115448,30,4.383150988862875
2545,453,260,-33,3,33.13608305156178,131.49452966588623,30,111.0849769115448,30,4.383150988862875
2546,443,256,-10,-4,10.770329614269007,131.49452966588623,30,111.0849769115448,30,4.383150988862875
2547,464,255,21,-1,21.02379604162864,131.49452966588623,30,111.0849769115448,30,4.383150988862875
2548,487,257,23,2,23.08679276123039,131.49452966588623,30,111.0849769115448,30,4.383150988862875
2549,519,256,32,-1,32.01562118716424,131.49452966588623,30,111.0849769115448,30,4.383150988862875
2550,503,252,-16,-4,16.492422502470642,131.49452966588623,30,111.0849769115448,30,4.383150988862875
2551,482,258,-21,6,21.840329667841555,131.49452966588623,30,111.0849769115448,30,4.383150988862875
2552,448,260,-34,2,34.058772731852805,131.49452966588623,30,111.0849769115448,30,4.383150988862875
2553,446,255,-2,-5,5.385164807134504,131.49452966588623,30,111.0849769115448,30,4.383150988862875
2554,467,255,21,0,21.0,131.49452966588623,30,111.0849769115448,30,4.383150988862875
2555,493,258,26,3,26.1725046566048,131.49452966588623,30,111.0849769115448,30,4.383150988862875
2556,520,255,27,-3,27.16615541441225,131.49452966588623,30,111.0849769115448,30,4.383150988862875
2557,499,252,-21,-3,21.213203435596427,131.49452966588623,30,111.0849769115448,30,4.383150988862875
2558,478,259,-21,7,22.135943621178654,131.49452966588623,30,111.0849769115448,30,4.383150988862875
2559,445,260,-33,1,33.015148038438355,131.49452966588623,30,111.0849769115448,30,4.383150988862875
2560,449,255,4,-5,6.4031242374328485,131.49452966588623,30,111.0849769115448,30,4.383150988862875
2561,470,255,21,0,21.0,131.49452966588623,30,111.0849769115448,30,4.383150988862875
2562,499,258,29,3,29.154759474226502,131.49452966588623,30,111.0849769115448,30,4.383150988862875
2563,519,255,20,-3,20.223748416156685,131.49452966588623,30,111.0849769115448,30,4.383150988862875
2564,495,253,-24,-2,24.08318915758459,131.49452966588623,30,111.0849769115448,30,4.383150988862875
2565,474,260,-21,7,22.135943621178654,131.49452966588623,30,111.0849769115448,30,4.383150988862875
2566,442,259,-32,-1,32.01562118716424,131.49452966588623,30,111.0849769115448,30,4.383150988862875
2567,452,255,10,-4,10.770329614269007,131.49452966588623,30,111.0849769115448,30,4.383150988862875
2568,472,256,20,1,20.024984394500787,131.49452966588623,30,111.0849769115448,30,4.383150988862875
2569,503,258,31,2,31.064449134018133,131.49452966588623,30,111.0849769115448,30,4.383150988862875
2570,517,254,14,-4,14.560219778561036,131.49452966588623,30,111.0849769115448,30,4.383150988862875
2571,493,253,-24,-1,24.020824298928627,131.49452966588623,30,111.0849769115448,30,4.383150988862875
2572,470,260,-23,7,24.041630560342615,131.49452966588623,30,111.0849769115448,30,4.383150988862875
2573,441,258,-29,-2,29.068883707497267,131.49452966588623,30,111.0849769115448,30,4.383150988862875
2574,455,255,14,-3,14.317821063276353,131.49452966588623,30,111.0849769115448,30,4.383150988862875
2575,474,256,19,1,19.026297590440446,131.49452966588623,30,111.0849769115448,30,4.383150988862875
2576,508,257,34,1,34.0147027033899,131.49452966588623,30,111.0849769115448,30,4.383150988862875
2577,514,253,6,-4,7.211102550927978,131.49452966588623,30,111.0849769115448,30,4.383150988862875
2578,491,255,-23,2,23.08679276123039,131.49452966588623,30,111.0849769115448,30,4.383150988862875
2579,462,261,-29,6,29.614185789921695,131.49452966588623,30,111.0849769115448,30,4.383150988862875
2580,,,,,,131.49452966588623,30,111.0849769115448,30,4.383150988862875
2581,,,,,,131.49452966588623,30,111.0849769115448,30,4.383150988862875
2582,,,,,,131.49452966588623,30,111.0849769115448,30,4.383150988862875
2583,456,215,-6,-46,46.389654018972806,131.49452966588623,30,111.0849769115448,30,4.383150988862875
2584,,,,,,131.49452966588623,30,111.0849769115448,30,4.383150988862875
2585,,,,,,131.49452966588623,30,111.0849769115448,30,4.383150988862875
2586,466,42,10,-173,173.2887763243771,131.49452966588623,30,111.0849769115448,30,4.383150988862875
2587,460,193,-6,151,151.11915828246265,131.49452966588623,30,111.0849769115448,30,4.383150988862875
2588,,,,,,131.49452966588623,30,111.0849769115448,30,4.383150988862875
2589,470,17,10,-176,176.28386199536246,131.49452966588623,30,111.0849769115448,30,4.383150988862875
2590,458,118,-12,101,101.71037311896953,131.49452966588623,30,111.0849769115448,30,4.383150988862875
2591,449,166,-9,48,48.83646178829912,131.49452966588623,30,111.0849769115448,30,4.383150988862875
2592,,,,,,131.49452966588623,30,111.0849769115448,30,4.383150988862875
2593,470,41,21,-125,126.75172582651489,131.49452966588623,30,111.0849769115448,30,4.383150988862875
2594,457,139,-13,98,98.85848471426213,131.49452966588623,30,111.0849769115448,30,4.383150988862875
2595,460,127,3,-12,12.36931687685298,131.49452966588623,30,111.0849769115448,30,4.383150988862875
2596,468,55,8,-72,72.44308110509934,131.49452966588623,30,111.0849769115448,30,4.383150988862875
2597,465,62,-3,7,7.615773105863909,131.49452966588623,30,111.0849769115448,30,4.383150988862875
2598,460,139,-5,77,77.1621668954417,131.49452966588623,30,111.0849769115448,30,4.383150988862875
2599,457,108,-3,-31,31.144823004794873,131.49452966588623,30,111.0849769115448,30,4.383150988862875
2600,471,59,14,-49,50.96076922496363,131.49452966588623,30,111.0849769115448,30,4.383150988862875
2601,459,100,-12,41,42.720018726587654,131.49452966588623,30,111.0849769115448,30,4.383150988862875
2602,465,129,6,29,29.614185789921695,131.49452966588623,30,111.0849769115448,30,4.383150988862875
2603,455,92,-10,-37,38.3275357934736,131.49452966588623,30,111.0849769115448,30,4.383150988862875
2604,469,67,14,-25,28.653097563788805,131.49452966588623,30,111.0849769115448,30,4.383150988862875
2605,465,110,-4,43,43.18564576337837,131.49452966588623,30,111.0849769115448,30,4.383150988862875
2606,465,116,0,6,6.0,131.49452966588623,30,111.0849769115448,30,4.383150988862875
2607,454,79,-11,-37,38.600518131237564,131.49452966588623,30,111.0849769115448,30,4.383150988862875
2608,455,78,1,-1,1.4142135623730951,131.49452966588623,30,111.0849769115448,30,4.383150988862875
2609,466,113,11,35,36.68787265568828,131.49452966588623,30,111.0849769115448,30,4.383150988862875
2610,464,104,-2,-9,9.219544457292887,131.49452966588623,30,111.0849769115448,30,4.383150988862875
2611,464,76,0,-28,28.0,131.49452966588623,30,111.0849769115448,30,4.383150988862875
2612,461,91,-3,15,15.297058540778355,131.49452966588623,30,111.0849769115448,30,4.383150988862875
2613,466,111,5,20,20.615528128088304,131.49452966588623,30,111.0849769115448,30,4.383150988862875
2614,461,94,-5,-17,17.72004514666935,131.49452966588623,30,111.0849769115448,30,4.383150988862875
2615,463,78,2,-16,16.1245154965971,131.49452966588623,30,111.0849769115448,30,4.383150988862875
2616,463,99,0,21,21.0,131.49452966588623,30,111.0849769115448,30,4.383150988862875
2617,465,107,2,8,8.246211251235321,131.49452966588623,30,111.0849769115448,30,4.383150988862875
2618,461,87,-4,-20,20.396078054371138,131.49452966588623,30,111.0849769115448,30,4.383150988862875
2619,462,83,1,-4,4.123105625617661,131.49452966588623,30,111.0849769115448,30,4.383150988862875
2620,465,103,3,20,20.223748416156685,131.49452966588623,30,111.0849769115448,30,4.383150988862875
2621,464,101,-1,-2,2.23606797749979,131.49452966588623,30,111.0849769115448,30,4.383150988862875
2622,461,83,-3,-18,18.24828759089466,131.49452966588623,30,111.0849769115448,30,4.383150988862875
2623,462,90,1,7,7.0710678118654755,131.49452966588623,30,111.0849769115448,30,4.383150988862875
2624,466,103,4,13,13.601470508735444,131.49452966588623,30,111.0849769115448,30,4.383150988862875
2625,462,94,-4,-9,9.848857801796104,131.49452966588623,30,111.0849769115448,30,4.383150988862875
2626,461,83,-1,-11,11.045361017187261,131.49452966588623,30,111.0849769115448,30,4.383150988862875
2627,463,95,2,12,12.165525060596439,131.49452966588623,30,111.0849769115448,30,4.383150988862875
2628,465,101,2,6,6.324555320336759,131.49452966588623,30,111.0849769115448,30,4.383150988862875
2629,462,89,-3,-12,12.36931687685298,131.49452966588623,30,111.0849769115448,30,4.383150988862875
2630,461,86,-1,-3,3.1622776601683795,131.49452966588623,30,111.0849769115448,30,4.383150988862875
2631,465,98,4,12,12.649110640673518,131.49452966588623,30,111.0849769115448,30,4.383150988862875
2632,464,97,-1,-1,1.4142135623730951,131.49452966588623,30,111.0849769115448,30,4.383150988862875
2633,461,86,-3,-11,11.40175425099138,131.49452966588623,30,111.0849769115448,30,4.383150988862875
2634,462,90,1,4,4.123105625617661,131.49452966588623,30,111.0849769115448,30,4.383150988862875
2635,465,99,3,9,9.486832980505138,131.49452966588623,30,111.0849769115448,30,4.383150988862875
2636,463,93,-2,-6,6.324555320336759,131.49452966588623,30,111.0849769115448,30,4.383150988862875
2637,461,85,-2,-8,8.246211251235321,131.49452966588623,30,111.0849769115448,30,4.383150988862875
2638,463,93,2,8,8.246211251235321,131.49452966588623,30,111.0849769115448,30,4.383150988862875
2639,464,97,1,4,4.123105625617661,131.49452966588623,30,111.0849769115448,30,4.383150988862875
2640,462,89,-2,-8,8.246211251235321,131.49452966588623,30,111.0849769115448,30,4.383150988862875
2641,462,87,0,-2,2.0,131.49452966588623,30,111.0849769115448,30,4.383150988862875
2642,464,95,2,8,8.246211251235321,131.49452966588623,30,111.0849769115448,30,4.383150988862875
2643,463,95,-1,0,1.0,131.49452966588623,30,111.0849769115448,30,4.383150988862875
2644,462,87,-1,-8,8.06225774829855,131.49452966588623,30,111.0849769115448,30,4.383150988862875
2645,462,90,0,3,3.0,131.49452966588623,30,111.0849769115448,30,4.383150988862875
2646,464,96,2,6,6.324555320336759,131.49452966588623,30,111.0849769115448,30,4.383150988862875
2647,463,92,-1,-4,4.123105625617661,131.49452966588623,30,111.0849769115448,30,4.383150988862875
2648,461,87,-2,-5,5.385164807134504,131.49452966588623,30,111.0849769115448,30,4.383150988862875
2649,463,92,2,5,5.385164807134504,131.49452966588623,30,111.0849769115448,30,4.383150988862875
2650,464,95,1,3,3.1622776601683795,131.49452966588623,30,111.0849769115448,30,4.383150988862875
2651,462,89,-2,-6,6.324555320336759,131.49452966588623,30,111.0849769115448,30,4.383150988862875
2652,462,88,0,-1,1.0,131.49452966588623,30,111.0849769115448,30,4.383150988862875
2653,464,93,2,5,5.385164807134504,131.49452966588623,30,111.0849769115448,30,4.383150988862875
2654,463,93,-1,0,1.0,131.49452966588623,30,111.0849769115448,30,4.383150988862875
2655,462,88,-1,-5,5.0990195135927845,131.49452966588623,30,111.0849769115448,30,4.383150988862875
2656,462,90,0,2,2.0,131.49452966588623,30,111.0849769115448,30,4.383150988862875
2657,464,94,2,4,4.47213595499958,131.49452966588623,30,111.0849769115448,30,4.383150988862875
2658,462,91,-2,-3,3.605551275463989,131.49452966588623,30,111.0849769115448,30,4.383150988862875
2659,462,87,0,-4,4.0,131.49452966588623,30,111.0849769115448,30,4.383150988862875
2660,463,91,1,4,4.123105625617661,131.49452966588623,30,111.0849769115448,30,4.383150988862875
2661,463,93,0,2,2.0,131.49452966588623,30,111.0849769115448,30,4.383150988862875
2662,461,89,-2,-4,4.47213595499958,131.49452966588623,30,111.0849769115448,30,4.383150988862875
2663,462,88,1,-1,1.4142135623730951,131.49452966588623,30,111.0849769115448,30,4.383150988862875
2664,463,92,1,4,4.123105625617661,131.49452966588623,30,111.0849769115448,30,4.383150988862875
2665,463,91,0,-1,1.0,131.49452966588623,30,111.0849769115448,30,4.383150988862875
2666,462,88,-1,-3,3.1622776601683795,131.49452966588623,30,111.0849769115448,30,4.383150988862875
2667,462,89,0,1,1.0,131.49452966588623,30,111.0849769115448,30,4.383150988862875
2668,463,92,1,3,3.1622776601683795,131.49452966588623,30,111.0849769115448,30,4.383150988862875
2669,462,90,-1,-2,2.23606797749979,131.49452966588623,30,111.0849769115448,30,4.383150988862875
2670,462,88,0,-2,2.0,131.49452966588623,30,111.0849769115448,30,4.383150988862875
2671,462,90,0,2,2.0,131.49452966588623,30,111.0849769115448,30,4.383150988862875
2672,462,91,0,1,1.0,131.49452966588623,30,111.0849769115448,30,4.383150988862875
2673,462,88,0,-3,3.0,131.49452966588623,30,111.0849769115448,30,4.383150988862875
2674,462,88,0,0,0.0,131.49452966588623,30,111.0849769115448,30,4.383150988862875
2675,462,91,0,3,3.0,131.49452966588623,30,111.0849769115448,30,4.383150988862875
2676,462,90,0,-1,1.0,131.49452966588623,30,111.0849769115448,30,4.383150988862875
2677,462,88,0,-2,2.0,131.49452966588623,30,111.0849769115448,30,4.383150988862875
2678,462,89,0,1,1.0,131.49452966588623,30,111.0849769115448,30,4.383150988862875
2679,462,91,0,2,2.0,131.49452966588623,30,111.0849769115448,30,4.383150988862875
2680,462,89,0,-2,2.0,131.49452966588623,30,111.0849769115448,30,4.383150988862875
2681,461,88,-1,-1,1.4142135623730951,131.49452966588623,30,111.0849769115448,30,4.383150988862875
2682,462,90,1,2,2.23606797749979,131.49452966588623,30,111.0849769115448,30,4.383150988862875
2683,462,90,0,0,0.0,131.49452966588623,30,111.0849769115448,30,4.383150988862875
2684,462,88,0,-2,2.0,131.49452966588623,30,111.0849769115448,30,4.383150988862875
2685,462,88,0,0,0.0,131.49452966588623,30,111.0849769115448,30,4.383150988862875
2686,462,90,0,2,2.0,131.49452966588623,30,111.0849769115448,30,4.383150988862875
2687,462,89,0,-1,1.0,131.49452966588623,30,111.0849769115448,30,4.383150988862875
2688,462,88,0,-1,1.0,131.49452966588623,30,111.0849769115448,30,4.383150988862875
2689,462,88,0,0,0.0,131.49452966588623,30,111.0849769115448,30,4.383150988862875
2690,462,89,0,1,1.0,131.49452966588623,30,111.0849769115448,30,4.383150988862875
2691,462,88,0,-1,1.0,131.49452966588623,30,111.0849769115448,30,4.383150988862875
2692,461,88,-1,0,1.0,131.49452966588623,30,111.0849769115448,30,4.383150988862875
2693,462,89,1,1,1.4142135623730951,131.49452966588623,30,111.0849769115448,30,4.383150988862875
2694,462,89,0,0,0.0,131.49452966588623,30,111.0849769115448,30,4.383150988862875
2695,461,88,-1,-1,1.4142135623730951,131.49452966588623,30,111.0849769115448,30,4.383150988862875
2696,461,88,0,0,0.0,131.49452966588623,30,111.0849769115448,30,4.383150988862875
2697,462,89,1,1,1.4142135623730951,131.49452966588623,30,111.0849769115448,30,4.383150988862875
2698,462,88,0,-1,1.0,131.49452966588623,30,111.0849769115448,30,4.383150988862875
2699,462,87,0,-1,1.0,131.49452966588623,30,111.0849769115448,30,4.383150988862875
2700,461,88,-1,1,1.4142135623730951,131.49452966588623,30,111.0849769115448,30,4.383150988862875
2701,462,89,1,1,1.4142135623730951,131.49452966588623,30,111.0849769115448,30,4.383150988862875
2702,461,88,-1,-1,1.4142135623730951,131.49452966588623,30,111.0849769115448,30,4.383150988862875
2703,461,87,0,-1,1.0,131.49452966588623,30,111.0849769115448,30,4.383150988862875
2704,462,88,1,1,1.4142135623730951,131.49452966588623,30,111.0849769115448,30,4.383150988862875
2705,462,88,0,0,0.0,131.49452966588623,30,111.0849769115448,30,4.383150988862875
2706,461,87,-1,-1,1.4142135623730951,131.49452966588623,30,111.0849769115448,30,4.383150988862875
2707,461,87,0,0,0.0,131.49452966588623,30,111.0849769115448,30,4.383150988862875
2708,462,88,1,1,1.4142135623730951,131.49452966588623,30,111.0849769115448,30,4.383150988862875
2709,461,88,-1,0,1.0,131.49452966588623,30,111.0849769115448,30,4.383150988862875
2710,461,87,0,-1,1.0,131.49452966588623,30,111.0849769115448,30,4.383150988862875
2711,461,87,0,0,0.0,131.49452966588623,30,111.0849769115448,30,4.383150988862875
2712,461,88,0,1,1.0,131.49452966588623,30,111.0849769115448,30,4.383150988862875
2713,461,87,0,-1,1.0,131.49452966588623,30,111.0849769115448,30,4.383150988862875
2714,461,87,0,0,0.0,131.49452966588623,30,111.0849769115448,30,4.383150988862875
2715,461,88,0,1,1.0,131.49452966588623,30,111.0849769115448,30,4.383150988862875
2716,462,87,1,-1,1.4142135623730951,131.49452966588623,30,111.0849769115448,30,4.383150988862875
2717,461,87,-1,0,1.0,131.49452966588623,30,111.0849769115448,30,4.383150988862875
2718,461,87,0,0,0.0,131.49452966588623,30,111.0849769115448,30,4.383150988862875
2719,461,88,0,1,1.0,131.49452966588623,30,111.0849769115448,30,4.383150988862875
2720,461,87,0,-1,1.0,131.49452966588623,30,111.0849769115448,30,4.383150988862875
2721,461,87,0,0,0.0,131.49452966588623,30,111.0849769115448,30,4.383150988862875
2722,461,87,0,0,0.0,131.49452966588623,30,111.0849769115448,30,4.383150988862875
2723,461,87,0,0,0.0,131.49452966588623,30,111.0849769115448,30,4.383150988862875
2724,461,87,0,0,0.0,131.49452966588623,30,111.0849769115448,30,4.383150988862875
2725,461,87,0,0,0.0,131.49452966588623,30,111.0849769115448,30,4.383150988862875
2726,461,87,0,0,0.0,131.49452966588623,30,111.0849769115448,30,4.383150988862875
2727,461,87,0,0,0.0,131.49452966588623,30,111.0849769115448,30,4.383150988862875
2728,461,87,0,0,0.0,131.49452966588623,30,111.0849769115448,30,4.383150988862875
2729,461,87,0,0,0.0,131.49452966588623,30,111.0849769115448,30,4.383150988862875
2730,461,87,0,0,0.0,131.49452966588623,30,111.0849769115448,30,4.383150988862875
2731,461,87,0,0,0.0,131.49452966588623,30,111.0849769115448,30,4.383150988862875
2732,461,87,0,0,0.0,131.49452966588623,30,111.0849769115448,30,4.383150988862875
2733,461,87,0,0,0.0,131.49452966588623,30,111.0849769115448,30,4.383150988862875
2734,461,87,0,0,0.0,131.49452966588623,30,111.0849769115448,30,4.383150988862875
2735,461,86,0,-1,1.0,131.49452966588623,30,111.0849769115448,30,4.383150988862875
2736,461,86,0,0,0.0,131.49452966588623,30,111.0849769115448,30,4.383150988862875
2737,461,87,0,1,1.0,131.49452966588623,30,111.0849769115448,30,4.383150988862875
2738,461,87,0,0,0.0,131.49452966588623,30,111.0849769115448,30,4.383150988862875
2739,461,86,0,-1,1.0,131.49452966588623,30,111.0849769115448,30,4.383150988862875
2740,461,86,0,0,0.0,131.49452966588623,30,111.0849769115448,30,4.383150988862875
2741,461,87,0,1,1.0,131.49452966588623,30,111.0849769115448,30,4.383150988862875
2742,461,86,0,-1,1.0,131.49452966588623,30,111.0849769115448,30,4.383150988862875
2743,461,86,0,0,0.0,131.49452966588623,30,111.0849769115448,30,4.383150988862875
2744,461,86,0,0,0.0,131.49452966588623,30,111.0849769115448,30,4.383150988862875
2745,461,87,0,1,1.0,131.49452966588623,30,111.0849769115448,30,4.383150988862875
2746,461,86,0,-1,1.0,131.49452966588623,30,111.0849769115448,30,4.383150988862875
2747,461,86,0,0,0.0,131.49452966588623,30,111.0849769115448,30,4.383150988862875
2748,461,86,0,0,0.0,131.49452966588623,30,111.0849769115448,30,4.383150988862875
2749,461,86,0,0,0.0,131.49452966588623,30,111.0849769115448,30,4.383150988862875
2750,461,86,0,0,0.0,131.49452966588623,30,111.0849769115448,30,4.383150988862875
2751,461,86,0,0,0.0,131.49452966588623,30,111.0849769115448,30,4.383150988862875
2752,461,86,0,0,0.0,131.49452966588623,30,111.0849769115448,30,4.383150988862875
2753,461,86,0,0,0.0,131.49452966588623,30,111.0849769115448,30,4.383150988862875
2754,461,86,0,0,0.0,131.49452966588623,30,111.0849769115448,30,4.383150988862875
2755,461,86,0,0,0.0,131.49452966588623,30,111.0849769115448,30,4.383150988862875
2756,461,86,0,0,0.0,131.49452966588623,30,111.0849769115448,30,4.383150988862875
2757,461,86,0,0,0.0,131.49452966588623,30,111.0849769115448,30,4.383150988862875
2758,461,86,0,0,0.0,131.49452966588623,30,111.0849769115448,30,4.383150988862875
2759,461,86,0,0,0.0,131.49452966588623,30,111.0849769115448,30,4.383150988862875
2760,461,86,0,0,0.0,131.49452966588623,30,111.0849769115448,30,4.383150988862875
2761,461,86,0,0,0.0,131.49452966588623,30,111.0849769115448,30,4.383150988862875
2762,461,86,0,0,0.0,131.49452966588623,30,111.0849769115448,30,4.383150988862875
2763,461,86,0,0,0.0,131.49452966588623,30,111.0849769115448,30,4.383150988862875
2764,461,86,0,0,0.0,131.49452966588623,30,111.0849769115448,30,4.383150988862875
2765,461,85,0,-1,1.0,131.49452966588623,30,111.0849769115448,30,4.383150988862875
2766,460,86,-1,1,1.4142135623730951,131.49452966588623,30,111.0849769115448,30,4.383150988862875
2767,461,86,1,0,1.0,131.49452966588623,30,111.0849769115448,30,4.383150988862875
2768,461,85,0,-1,1.0,131.49452966588623,30,111.0849769115448,30,4.383150988862875
2769,461,85,0,0,0.0,131.49452966588623,30,111.0849769115448,30,4.383150988862875
2770,461,85,0,0,0.0,131.49452966588623,30,111.0849769115448,30,4.383150988862875
2771,461,86,0,1,1.0,131.49452966588623,30,111.0849769115448,30,4.383150988862875
2772,460,85,-1,-1,1.4142135623730951,131.49452966588623,30,111.0849769115448,30,4.383150988862875
2773,461,85,1,0,1.0,131.49452966588623,30,111.0849769115448,30,4.383150988862875
2774,461,85,0,0,0.0,131.49452966588623,30,111.0849769115448,30,4.383150988862875
2775,460,85,-1,0,1.0,131.49452966588623,30,111.0849769115448,30,4.383150988862875
2776,461,85,1,0,1.0,131.49452966588623,30,111.0849769115448,30,4.383150988862875
2777,461,85,0,0,0.0,131.49452966588623,30,111.0849769115448,30,4.383150988862875
2778,461,85,0,0,0.0,131.49452966588623,30,111.0849769115448,30,4.383150988862875
2779,460,85,-1,0,1.0,131.49452966588623,30,111.0849769115448,30,4.383150988862875
2780,461,85,1,0,1.0,131.49452966588623,30,111.0849769115448,30,4.383150988862875
2781,461,85,0,0,0.0,131.49452966588623,30,111.0849769115448,30,4.383150988862875
2782,461,85,0,0,0.0,131.49452966588623,30,111.0849769115448,30,4.383150988862875
2783,460,85,-1,0,1.0,131.49452966588623,30,111.0849769115448,30,4.383150988862875
2784,461,85,1,0,1.0,131.49452966588623,30,111.0849769115448,30,4.383150988862875
2785,461,85,0,0,0.0,131.49452966588623,30,111.0849769115448,30,4.383150988862875
2786,460,85,-1,0,1.0,131.49452966588623,30,111.0849769115448,30,4.383150988862875
2787,460,85,0,0,0.0,131.49452966588623,30,111.0849769115448,30,4.383150988862875
2788,461,85,1,0,1.0,131.49452966588623,30,111.0849769115448,30,4.383150988862875
2789,461,85,0,0,0.0,131.49452966588623,30,111.0849769115448,30,4.383150988862875
2790,461,85,0,0,0.0,131.49452966588623,30,111.0849769115448,30,4.383150988862875
2791,460,85,-1,0,1.0,131.49452966588623,30,111.0849769115448,30,4.383150988862875
2792,461,85,1,0,1.0,131.49452966588623,30,111.0849769115448,30,4.383150988862875
2793,460,85,-1,0,1.0,131.49452966588623,30,111.0849769115448,30,4.383150988862875
2794,460,85,0,0,0.0,131.49452966588623,30,111.0849769115448,30,4.383150988862875
2795,461,85,1,0,1.0,131.49452966588623,30,111.0849769115448,30,4.383150988862875
2796,461,85,0,0,0.0,131.49452966588623,30,111.0849769115448,30,4.383150988862875
2797,460,85,-1,0,1.0,131.49452966588623,30,111.0849769115448,30,4.383150988862875
2798,460,85,0,0,0.0,131.49452966588623,30,111.0849769115448,30,4.383150988862875
2799,460,85,0,0,0.0,131.49452966588623,30,111.0849769115448,30,4.383150988862875
2800,461,85,1,0,1.0,131.49452966588623,30,111.0849769115448,30,4.383150988862875
2801,460,84,-1,-1,1.4142135623730951,131.49452966588623,30,111.0849769115448,30,4.383150988862875
2802,460,85,0,1,1.0,131.49452966588623,30,111.0849769115448,30,4.383150988862875
2803,460,85,0,0,0.0,131.49452966588623,30,111.0849769115448,30,4.383150988862875
2804,460,84,0,-1,1.0,131.49452966588623,30,111.0849769115448,30,4.383150988862875
2805,460,84,0,0,0.0,131.49452966588623,30,111.0849769115448,30,4.383150988862875
2806,460,84,0,0,0.0,131.49452966588623,30,111.0849769115448,30,4.383150988862875
2807,460,84,0,0,0.0,131.49452966588623,30,111.0849769115448,30,4.383150988862875
2808,460,84,0,0,0.0,131.49452966588623,30,111.0849769115448,30,4.383150988862875
2809,461,84,1,0,1.0,131.49452966588623,30,111.0849769115448,30,4.383150988862875
2810,460,84,-1,0,1.0,131.49452966588623,30,111.0849769115448,30,4.383150988862875
2811,461,84,1,0,1.0,131.49452966588623,30,111.0849769115448,30,4.383150988862875
2812,460,84,-1,0,1.0,131.49452966588623,30,111.0849769115448,30,4.383150988862875
2813,461,84,1,0,1.0,131.49452966588623,30,111.0849769115448,30,4.383150988862875
2814,461,84,0,0,0.0,131.49452966588623,30,111.0849769115448,30,4.383150988862875
2815,460,84,-1,0,1.0,131.49452966588623,30,111.0849769115448,30,4.383150988862875
2816,461,84,1,0,1.0,131.49452966588623,30,111.0849769115448,30,4.383150988862875
2817,461,84,0,0,0.0,131.49452966588623,30,111.0849769115448,30,4.383150988862875
2818,460,84,-1,0,1.0,131.49452966588623,30,111.0849769115448,30,4.383150988862875
2819,460,84,0,0,0.0,131.49452966588623,30,111.0849769115448,30,4.383150988862875
2820,460,84,0,0,0.0,131.49452966588623,30,111.0849769115448,30,4.383150988862875
2821,460,84,0,0,0.0,131.49452966588623,30,111.0849769115448,30,4.383150988862875
2822,460,84,0,0,0.0,131.49452966588623,30,111.0849769115448,30,4.383150988862875
2823,460,84,0,0,0.0,131.49452966588623,30,111.0849769115448,30,4.383150988862875
2824,460,84,0,0,0.0,131.49452966588623,30,111.0849769115448,30,4.383150988862875
2825,461,84,1,0,1.0,131.49452966588623,30,111.0849769115448,30,4.383150988862875
2826,460,84,-1,0,1.0,131.49452966588623,30,111.0849769115448,30,4.383150988862875
2827,460,84,0,0,0.0,131.49452966588623,30,111.0849769115448,30,4.383150988862875
2828,460,84,0,0,0.0,131.49452966588623,30,111.0849769115448,30,4.383150988862875
2829,460,84,0,0,0.0,131.49452966588623,30,111.0849769115448,30,4.383150988862875
2830,460,84,0,0,0.0,131.49452966588623,30,111.0849769115448,30,4.383150988862875
2831,460,84,0,0,0.0,131.49452966588623,30,111.0849769115448,30,4.383150988862875
2832,460,84,0,0,0.0,131.49452966588623,30,111.0849769115448,30,4.383150988862875
2833,460,84,0,0,0.0,131.49452966588623,30,111.0849769115448,30,4.383150988862875
2834,460,84,0,0,0.0,131.49452966588623,30,111.0849769115448,30,4.383150988862875
2835,460,84,0,0,0.0,131.49452966588623,30,111.0849769115448,30,4.383150988862875
2836,460,84,0,0,0.0,131.49452966588623,30,111.0849769115448,30,4.383150988862875
2837,460,83,0,-1,1.0,131.49452966588623,30,111.0849769115448,30,4.383150988862875
2838,460,84,0,1,1.0,131.49452966588623,30,111.0849769115448,30,4.383150988862875
2839,460,84,0,0,0.0,131.49452966588623,30,111.0849769115448,30,4.383150988862875
2840,460,84,0,0,0.0,131.49452966588623,30,111.0849769115448,30,4.383150988862875
2841,460,83,0,-1,1.0,131.49452966588623,30,111.0849769115448,30,4.383150988862875
2842,460,84,0,1,1.0,131.49452966588623,30,111.0849769115448,30,4.383150988862875
2843,460,84,0,0,0.0,131.49452966588623,30,111.0849769115448,30,4.383150988862875
2844,460,83,0,-1,1.0,131.49452966588623,30,111.0849769115448,30,4.383150988862875
2845,460,83,0,0,0.0,131.49452966588623,30,111.0849769115448,30,4.383150988862875
2846,460,84,0,1,1.0,131.49452966588623,30,111.0849769115448,30,4.383150988862875
2847,460,83,0,-1,1.0,131.49452966588623,30,111.0849769115448,30,4.383150988862875
2848,460,83,0,0,0.0,131.49452966588623,30,111.0849769115448,30,4.383150988862875
2849,460,83,0,0,0.0,131.49452966588623,30,111.0849769115448,30,4.383150988862875
2850,460,83,0,0,0.0,131.49452966588623,30,111.0849769115448,30,4.383150988862875
2851,460,83,0,0,0.0,131.49452966588623,30,111.0849769115448,30,4.383150988862875
2852,460,83,0,0,0.0,131.49452966588623,30,111.0849769115448,30,4.383150988862875
2853,460,83,0,0,0.0,131.49452966588623,30,111.0849769115448,30,4.383150988862875
2854,460,83,0,0,0.0,131.49452966588623,30,111.0849769115448,30,4.383150988862875
2855,460,83,0,0,0.0,131.49452966588623,30,111.0849769115448,30,4.383150988862875
2856,460,83,0,0,0.0,131.49452966588623,30,111.0849769115448,30,4.383150988862875
2857,460,83,0,0,0.0,131.49452966588623,30,111.0849769115448,30,4.383150988862875
2858,461,83,1,0,1.0,131.49452966588623,30,111.0849769115448,30,4.383150988862875
2859,460,83,-1,0,1.0,131.49452966588623,30,111.0849769115448,30,4.383150988862875
2860,460,83,0,0,0.0,131.49452966588623,30,111.0849769115448,30,4.383150988862875
2861,460,83,0,0,0.0,131.49452966588623,30,111.0849769115448,30,4.383150988862875
2862,460,83,0,0,0.0,131.49452966588623,30,111.0849769115448,30,4.383150988862875
2863,461,83,1,0,1.0,131.49452966588623,30,111.0849769115448,30,4.383150988862875
2864,460,83,-1,0,1.0,131.49452966588623,30,111.0849769115448,30,4.383150988862875
2865,460,83,0,0,0.0,131.49452966588623,30,111.0849769115448,30,4.383150988862875
2866,460,83,0,0,0.0,131.49452966588623,30,111.0849769115448,30,4.383150988862875
2867,460,83,0,0,0.0,131.49452966588623,30,111.0849769115448,30,4.383150988862875
2868,460,83,0,0,0.0,131.49452966588623,30,111.0849769115448,30,4.383150988862875
2869,460,83,0,0,0.0,131.49452966588623,30,111.0849769115448,30,4.383150988862875
2870,460,83,0,0,0.0,131.49452966588623,30,111.0849769115448,30,4.383150988862875
2871,460,83,0,0,0.0,131.49452966588623,30,111.0849769115448,30,4.383150988862875
2872,460,83,0,0,0.0,131.49452966588623,30,111.0849769115448,30,4.383150988862875
2873,460,83,0,0,0.0,131.49452966588623,30,111.0849769115448,30,4.383150988862875
2874,460,83,0,0,0.0,131.49452966588623,30,111.0849769115448,30,4.383150988862875
2875,460,83,0,0,0.0,131.49452966588623,30,111.0849769115448,30,4.383150988862875
2876,460,83,0,0,0.0,131.49452966588623,30,111.0849769115448,30,4.383150988862875
2877,460,83,0,0,0.0,131.49452966588623,30,111.0849769115448,30,4.383150988862875
2878,460,83,0,0,0.0,131.49452966588623,30,111.0849769115448,30,4.383150988862875
2879,460,83,0,0,0.0,131.49452966588623,30,111.0849769115448,30,4.383150988862875
2880,460,83,0,0,0.0,131.49452966588623,30,111.0849769115448,30,4.383150988862875
2881,460,83,0,0,0.0,131.49452966588623,30,111.0849769115448,30,4.383150988862875
2882,460,83,0,0,0.0,131.49452966588623,30,111.0849769115448,30,4.383150988862875
2883,460,83,0,0,0.0,131.49452966588623,30,111.0849769115448,30,4.383150988862875
2884,460,83,0,0,0.0,131.49452966588623,30,111.0849769115448,30,4.383150988862875
2885,460,83,0,0,0.0,131.49452966588623,30,111.0849769115448,30,4.383150988862875
2886,460,83,0,0,0.0,131.49452966588623,30,111.0849769115448,30,4.383150988862875
2887,460,83,0,0,0.0,131.49452966588623,30,111.0849769115448,30,4.383150988862875
2888,460,83,0,0,0.0,131.49452966588623,30,111.0849769115448,30,4.383150988862875
2889,460,83,0,0,0.0,131.49452966588623,30,111.0849769115448,30,4.383150988862875
2890,460,82,0,-1,1.0,131.49452966588623,30,111.0849769115448,30,4.383150988862875
2891,460,82,0,0,0.0,131.49452966588623,30,111.0849769115448,30,4.383150988862875
2892,460,83,0,1,1.0,131.49452966588623,30,111.0849769115448,30,4.383150988862875
2893,460,82,0,-1,1.0,131.49452966588623,30,111.0849769115448,30,4.383150988862875
2894,460,82,0,0,0.0,131.49452966588623,30,111.0849769115448,30,4.383150988862875
2895,460,82,0,0,0.0,131.49452966588623,30,111.0849769115448,30,4.383150988862875
2896,460,83,0,1,1.0,131.49452966588623,30,111.0849769115448,30,4.383150988862875
2897,460,82,0,-1,1.0,131.49452966588623,30,111.0849769115448,30,4.383150988862875
2898,460,82,0,0,0.0,131.49452966588623,30,111.0849769115448,30,4.383150988862875
2899,460,82,0,0,0.0,131.49452966588623,30,111.0849769115448,30,4.383150988862875
2900,460,82,0,0,0.0,131.49452966588623,30,111.0849769115448,30,4.383150988862875
2901,460,82,0,0,0.0,131.49452966588623,30,111.0849769115448,30,4.383150988862875
2902,460,82,0,0,0.0,131.49452966588623,30,111.0849769115448,30,4.383150988862875
2903,460,82,0,0,0.0,131.49452966588623,30,111.0849769115448,30,4.383150988862875
2904,460,82,0,0,0.0,131.49452966588623,30,111.0849769115448,30,4.383150988862875
2905,460,82,0,0,0.0,131.49452966588623,30,111.0849769115448,30,4.383150988862875
2906,460,82,0,0,0.0,131.49452966588623,30,111.0849769115448,30,4.383150988862875
2907,460,82,0,0,0.0,131.49452966588623,30,111.0849769115448,30,4.383150988862875
2908,460,82,0,0,0.0,131.49452966588623,30,111.0849769115448,30,4.383150988862875
2909,460,82,0,0,0.0,131.49452966588623,30,111.0849769115448,30,4.383150988862875
2910,460,82,0,0,0.0,131.49452966588623,30,111.0849769115448,30,4.383150988862875
2911,460,82,0,0,0.0,131.49452966588623,30,111.0849769115448,30,4.383150988862875
2912,460,82,0,0,0.0,131.49452966588623,30,111.0849769115448,30,4.383150988862875
2913,460,82,0,0,0.0,131.49452966588623,30,111.0849769115448,30,4.383150988862875
2914,460,82,0,0,0.0,131.49452966588623,30,111.0849769115448,30,4.383150988862875
2915,460,82,0,0,0.0,131.49452966588623,30,111.0849769115448,30,4.383150988862875
2916,460,82,0,0,0.0,131.49452966588623,30,111.0849769115448,30,4.383150988862875
2917,460,82,0,0,0.0,131.49452966588623,30,111.0849769115448,30,4.383150988862875
2918,460,82,0,0,0.0,131.49452966588623,30,111.0849769115448,30,4.383150988862875
2919,460,82,0,0,0.0,131.49452966588623,30,111.0849769115448,30,4.383150988862875
2920,460,82,0,0,0.0,131.49452966588623,30,111.0849769115448,30,4.383150988862875
2921,460,82,0,0,0.0,131.49452966588623,30,111.0849769115448,30,4.383150988862875
2922,460,82,0,0,0.0,131.49452966588623,30,111.0849769115448,30,4.383150988862875
2923,460,82,0,0,0.0,131.49452966588623,30,111.0849769115448,30,4.383150988862875
2924,460,82,0,0,0.0,131.49452966588623,30,111.0849769115448,30,4.383150988862875
2925,460,82,0,0,0.0,131.49452966588623,30,111.0849769115448,30,4.383150988862875
2926,460,82,0,0,0.0,131.49452966588623,30,111.0849769115448,30,4.383150988862875
2927,460,82,0,0,0.0,131.49452966588623,30,111.0849769115448,30,4.383150988862875
2928,460,82,0,0,0.0,131.49452966588623,30,111.0849769115448,30,4.383150988862875
2929,460,82,0,0,0.0,131.49452966588623,30,111.0849769115448,30,4.383150988862875
2930,460,82,0,0,0.0,131.49452966588623,30,111.0849769115448,30,4.383150988862875
2931,460,82,0,0,0.0,131.49452966588623,30,111.0849769115448,30,4.383150988862875
2932,460,82,0,0,0.0,131.49452966588623,30,111.0849769115448,30,4.383150988862875
2933,460,82,0,0,0.0,131.49452966588623,30,111.0849769115448,30,4.383150988862875
2934,460,82,0,0,0.0,131.49452966588623,30,111.0849769115448,30,4.383150988862875
2935,460,82,0,0,0.0,131.49452966588623,30,111.0849769115448,30,4.383150988862875
2936,460,82,0,0,0.0,131.49452966588623,30,111.0849769115448,30,4.383150988862875
2937,460,82,0,0,0.0,131.49452966588623,30,111.0849769115448,30,4.383150988862875
2938,460,82,0,0,0.0,131.49452966588623,30,111.0849769115448,30,4.383150988862875
2939,460,82,0,0,0.0,131.49452966588623,30,111.0849769115448,30,4.383150988862875
2940,460,82,0,0,0.0,131.49452966588623,30,111.0849769115448,30,4.383150988862875
2941,460,82,0,0,0.0,131.49452966588623,30,111.0849769115448,30,4.383150988862875
2942,460,82,0,0,0.0,131.49452966588623,30,111.0849769115448,30,4.383150988862875
2943,460,82,0,0,0.0,131.49452966588623,30,111.0849769115448,30,4.383150988862875
2944,460,82,0,0,0.0,131.49452966588623,30,111.0849769115448,30,4.383150988862875
2945,460,82,0,0,0.0,131.49452966588623,30,111.0849769115448,30,4.383150988862875
2946,460,82,0,0,0.0,131.49452966588623,30,111.0849769115448,30,4.383150988862875
2947,460,82,0,0,0.0,131.49452966588623,30,111.0849769115448,30,4.383150988862875
2948,460,82,0,0,0.0,131.49452966588623,30,111.0849769115448,30,4.383150988862875
2949,460,81,0,-1,1.0,131.49452966588623,30,111.0849769115448,30,4.383150988862875
2950,460,81,0,0,0.0,131.49452966588623,30,111.0849769115448,30,4.383150988862875
2951,460,81,0,0,0.0,131.49452966588623,30,111.0849769115448,30,4.383150988862875
2952,460,82,0,1,1.0,131.49452966588623,30,111.0849769115448,30,4.383150988862875
2953,460,81,0,-1,1.0,131.49452966588623,30,111.0849769115448,30,4.383150988862875
2954,460,81,0,0,0.0,131.49452966588623,30,111.0849769115448,30,4.383150988862875
2955,460,82,0,1,1.0,131.49452966588623,30,111.0849769115448,30,4.383150988862875
2956,460,81,0,-1,1.0,131.49452966588623,30,111.0849769115448,30,4.383150988862875
2957,460,81,0,0,0.0,131.49452966588623,30,111.0849769115448,30,4.383150988862875
2958,460,81,0,0,0.0,131.49452966588623,30,111.0849769115448,30,4.383150988862875
2959,460,82,0,1,1.0,131.49452966588623,30,111.0849769115448,30,4.383150988862875
2960,460,81,0,-1,1.0,131.49452966588623,30,111.0849769115448,30,4.383150988862875
2961,460,81,0,0,0.0,131.49452966588623,30,111.0849769115448,30,4.383150988862875
2962,460,81,0,0,0.0,131.49452966588623,30,111.0849769115448,30,4.383150988862875
2963,460,81,0,0,0.0,131.49452966588623,30,111.0849769115448,30,4.383150988862875
2964,460,81,0,0,0.0,131.49452966588623,30,111.0849769115448,30,4.383150988862875
2965,460,81,0,0,0.0,131.49452966588623,30,111.0849769115448,30,4.383150988862875
2966,460,81,0,0,0.0,131.49452966588623,30,111.0849769115448,30,4.383150988862875
2967,460,81,0,0,0.0,131.49452966588623,30,111.0849769115448,30,4.383150988862875
2968,460,81,0,0,0.0,131.49452966588623,30,111.0849769115448,30,4.383150988862875
2969,460,81,0,0,0.0,131.49452966588623,30,111.0849769115448,30,4.383150988862875
2970,460,81,0,0,0.0,131.49452966588623,30,111.0849769115448,30,4.383150988862875
2971,460,81,0,0,0.0,131.49452966588623,30,111.0849769115448,30,4.383150988862875
2972,460,81,0,0,0.0,131.49452966588623,30,111.0849769115448,30,4.383150988862875
2973,460,81,0,0,0.0,131.49452966588623,30,111.0849769115448,30,4.383150988862875
2974,460,81,0,0,0.0,131.49452966588623,30,111.0849769115448,30,4.383150988862875
2975,460,81,0,0,0.0,131.49452966588623,30,111.0849769115448,30,4.383150988862875
2976,460,81,0,0,0.0,131.49452966588623,30,111.0849769115448,30,4.383150988862875
2977,460,81,0,0,0.0,131.49452966588623,30,111.0849769115448,30,4.383150988862875
2978,460,81,0,0,0.0,131.49452966588623,30,111.0849769115448,30,4.383150988862875
2979,460,81,0,0,0.0,131.49452966588623,30,111.0849769115448,30,4.383150988862875
2980,460,81,0,0,0.0,131.49452966588623,30,111.0849769115448,30,4.383150988862875
2981,460,81,0,0,0.0,131.49452966588623,30,111.0849769115448,30,4.383150988862875
2982,460,81,0,0,0.0,131.49452966588623,30,111.0849769115448,30,4.383150988862875
2983,460,81,0,0,0.0,131.49452966588623,30,111.0849769115448,30,4.383150988862875
2984,460,81,0,0,0.0,131.49452966588623,30,111.0849769115448,30,4.383150988862875
2985,460,81,0,0,0.0,131.49452966588623,30,111.0849769115448,30,4.383150988862875
2986,460,81,0,0,0.0,131.49452966588623,30,111.0849769115448,30,4.383150988862875
2987,460,81,0,0,0.0,131.49452966588623,30,111.0849769115448,30,4.383150988862875
2988,460,81,0,0,0.0,131.49452966588623,30,111.0849769115448,30,4.383150988862875
2989,460,81,0,0,0.0,131.49452966588623,30,111.0849769115448,30,4.383150988862875
2990,460,81,0,0,0.0,131.49452966588623,30,111.0849769115448,30,4.383150988862875
2991,460,81,0,0,0.0,131.49452966588623,30,111.0849769115448,30,4.383150988862875
2992,460,81,0,0,0.0,131.49452966588623,30,111.0849769115448,30,4.383150988862875
2993,460,81,0,0,0.0,131.49452966588623,30,111.0849769115448,30,4.383150988862875
2994,460,81,0,0,0.0,131.49452966588623,30,111.0849769115448,30,4.383150988862875
2995,460,81,0,0,0.0,131.49452966588623,30,111.0849769115448,30,4.383150988862875
2996,460,81,0,0,0.0,131.49452966588623,30,111.0849769115448,30,4.383150988862875
2997,460,81,0,0,0.0,131.49452966588623,30,111.0849769115448,30,4.383150988862875
2998,460,81,0,0,0.0,131.49452966588623,30,111.0849769115448,30,4.383150988862875
2999,460,81,0,0,0.0,131.49452966588623,30,111.0849769115448,30,4.383150988862875
3000,460,81,0,0,0.0,131.49452966588623,30,111.0849769115448,30,4.383150988862875
3001,460,81,0,0,0.0,131.49452966588623,30,111.0849769115448,30,4.383150988862875
3002,460,81,0,0,0.0,131.49452966588623,30,111.0849769115448,30,4.383150988862875
3003,460,81,0,0,0.0,131.49452966588623,30,111.0849769115448,30,4.383150988862875
3004,460,81,0,0,0.0,131.49452966588623,30,111.0849769115448,30,4.383150988862875
3005,460,81,0,0,0.0,131.49452966588623,30,111.0849769115448,30,4.383150988862875
3006,460,81,0,0,0.0,131.49452966588623,30,111.0849769115448,30,4.383150988862875
3007,460,81,0,0,0.0,131.49452966588623,30,111.0849769115448,30,4.383150988862875
3008,460,81,0,0,0.0,131.49452966588623,30,111.0849769115448,30,4.383150988862875
3009,460,81,0,0,0.0,131.49452966588623,30,111.0849769115448,30,4.383150988862875
3010,460,81,0,0,0.0,131.49452966588623,30,111.0849769115448,30,4.383150988862875
3011,461,112,1,31,31.016124838541646,131.49452966588623,30,111.0849769115448,30,4.383150988862875
3012,461,353,0,241,241.0,131.49452966588623,30,111.0849769115448,30,4.383150988862875
3013,,,,,,131.49452966588623,30,111.0849769115448,30,4.383150988862875
3014,506,117,45,-236,240.25195108468944,131.49452966588623,30,111.0849769115448,30,4.383150988862875
3015,437,332,-69,215,225.80079716422614,131.49452966588623,30,111.0849769115448,30,4.383150988862875
3016,,,,,,131.49452966588623,30,111.0849769115448,30,4.383150988862875
3017,,,,,,131.49452966588623,30,111.0849769115448,30,4.383150988862875
3018,387,191,-50,-141,149.60280746028798,131.49452966588623,30,111.0849769115448,30,4.383150988862875
3019,526,334,139,143,199.42417105255822,131.49452966588623,30,111.0849769115448,30,4.383150988862875
3020,,,,,,131.49452966588623,30,111.0849769115448,30,4.383150988862875
3021,435,142,-91,-192,212.47352776287215,131.49452966588623,30,111.0849769115448,30,4.383150988862875
3022,,,,,,131.49452966588623,30,111.0849769115448,30,4.383150988862875
3023,531,275,96,133,164.02743672934722,131.49452966588623,30,111.0849769115448,30,4.383150988862875
3024,475,176,-56,-99,113.74093370462545,131.49452966588623,30,111.0849769115448,30,4.383150988862875
3025,412,209,-63,33,71.11961754677819,131.49452966588623,30,111.0849769115448,30,4.383150988862875
3026,518,306,106,97,143.68368035375485,131.49452966588623,30,111.0849769115448,30,4.383150988862875
3027,500,200,-18,-106,107.5174404457249,131.49452966588623,30,111.0849769115448,30,4.383150988862875
3028,409,180,-91,-20,93.17188417113823,131.49452966588623,30,111.0849769115448,30,4.383150988862875
3029,497,302,88,122,150.42606157179014,131.49452966588623,30,111.0849769115448,30,4.383150988862875
3030,535,258,38,-44,58.137767414994535,131.49452966588623,30,111.0849769115448,30,4.383150988862875
3031,440,177,-95,-81,124.84390253432484,131.49452966588623,30,111.0849769115448,30,4.383150988862875
3032,452,273,12,96,96.74709297958259,131.49452966588623,30,111.0849769115448,30,4.383150988862875
3033,542,278,90,5,90.13878188659973,131.49452966588623,30,111.0849769115448,30,4.383150988862875
3034,481,194,-61,-84,103.81233067415451,131.49452966588623,30,111.0849769115448,30,4.383150988862875
3035,416,208,-65,14,66.49060083951716,131.49452966588623,30,111.0849769115448,30,4.383150988862875
3036,528,294,112,86,141.20906486483082,131.49452966588623,30,111.0849769115448,30,4.383150988862875
3037,510,214,-18,-80,82.0,131.49452966588623,30,111.0849769115448,30,4.383150988862875
3038,419,193,-91,-21,93.39164844888434,131.49452966588623,30,111.0849769115448,30,4.383150988862875
3039,483,290,64,97,116.21101496846157,131.49452966588623,30,111.0849769115448,30,4.383150988862875
3040,538,258,55,-32,63.631753079732135,131.49452966588623,30,111.0849769115448,30,4.383150988862875
3041,454,190,-84,-68,108.07404868885037,131.49452966588623,30,111.0849769115448,30,4.383150988862875
3042,437,268,-17,78,79.83107164506812,131.49452966588623,30,111.0849769115448,30,4.383150988862875
3043,542,279,105,11,105.57461816175325,131.49452966588623,30,111.0849769115448,30,4.383150988862875
3044,497,203,-45,-76,88.32326986700618,131.49452966588623,30,111.0849769115448,30,4.383150988862875
3045,417,212,-80,9,80.50465825031493,131.49452966588623,30,111.0849769115448,30,4.383150988862875
3046,517,294,100,82,129.3213052826177,131.49452966588623,30,111.0849769115448,30,4.383150988862875
3047,,,,,,131.49452966588623,30,111.0849769115448,30,4.383150988862875
3048,432,195,-85,-99,130.4837154590564,131.49452966588623,30,111.0849769115448,30,4.383150988862875
3049,462,286,30,91,95.81753492967766,131.49452966588623,30,111.0849769115448,30,4.383150988862875
3050,540,262,78,-24,81.60882305241266,131.49452966588623,30,111.0849769115448,30,4.383150988862875
3051,474,194,-66,-68,94.76286192385707,131.49452966588623,30,111.0849769115448,30,4.383150988862875
3052,422,264,-52,70,87.20091742636656,131.49452966588623,30,111.0849769115448,30,4.383150988862875
3053,536,284,114,20,115.7410903698423,131.49452966588623,30,111.0849769115448,30,4.383150988862875
3054,512,208,-24,-76,79.6994353806851,131.49452966588623,30,111.0849769115448,30,4.383150988862875
3055,418,206,-94,-2,94.02127418834527,131.49452966588623,30,111.0849769115448,30,4.383150988862875
3056,503,295,85,89,123.0690862889621,131.49452966588623,30,111.0849769115448,30,4.383150988862875
3057,539,247,36,-48,60.0,131.49452966588623,30,111.0849769115448,30,4.383150988862875
3058,447,194,-92,-53,106.17438485811914,131.49452966588623,30,111.0849769115448,30,4.383150988862875
3059,445,282,-2,88,88.02272433866155,131.49452966588623,30,111.0849769115448,30,4.383150988862875
3060,541,269,96,-13,96.87620966986684,131.49452966588623,30,111.0849769115448,30,4.383150988862875
3061,491,196,-50,-73,88.48163651289458,131.49452966588623,30,111.0849769115448,30,4.383150988862875
3062,413,260,-78,64,100.89598604503551,131.49452966588623,30,111.0849769115448,30,4.383150988862875
3063,527,290,114,30,117.881296226331,131.49452966588623,30,111.0849769115448,30,4.383150988862875
3064,521,212,-6,-78,78.23042886243178,131.49452966588623,30,111.0849769115448,30,4.383150988862875
3065,430,200,-91,-12,91.7877987534291,131.49452966588623,30,111.0849769115448,30,4.383150988862875
3066,478,295,48,95,106.4377752492037,131.49452966588623,30,111.0849769115448,30,4.383150988862875
3067,540,255,62,-40,73.78346698278686,131.49452966588623,30,111.0849769115448,30,4.383150988862875
3068,467,192,-73,-63,96.42613753542138,131.49452966588623,30,111.0849769115448,30,4.383150988862875
3069,427,272,-40,80,89.44271909999159,131.49452966588623,30,111.0849769115448,30,4.383150988862875
3070,537,279,110,7,110.22250223978767,131.49452966588623,30,111.0849769115448,30,4.383150988862875
3071,510,202,-27,-77,81.59656855530139,131.49452966588623,30,111.0849769115448,30,4.383150988862875
3072,,,,,,131.49452966588623,30,111.0849769115448,30,4.383150988862875
3073,511,297,1,95,95.00526301210897,131.49452966588623,30,111.0849769115448,30,4.383150988862875
3074,532,221,21,-76,78.84795495128583,131.49452966588623,30,111.0849769115448,30,4.383150988862875
3075,446,195,-86,-26,89.8443097808648,131.49452966588623,30,111.0849769115448,30,4.383150988862875
3076,450,289,4,94,94.08506789071261,131.49452966588623,30,111.0849769115448,30,4.383150988862875
3077,540,265,90,-24,93.14504817756014,131.49452966588623,30,111.0849769115448,30,4.383150988862875
3078,488,193,-52,-72,88.81441324469807,131.49452966588623,30,111.0849769115448,30,4.383150988862875
3079,415,264,-73,71,101.83319694480774,131.49452966588623,30,111.0849769115448,30,4.383150988862875
3080,529,288,114,24,116.49892703368559,131.49452966588623,30,111.0849769115448,30,4.383150988862875
3081,522,209,-7,-79,79.30952023559341,131.49452966588623,30,111.0849769115448,30,4.383150988862875
3082,425,203,-97,-6,97.18538984847466,131.49452966588623,30,111.0849769115448,30,4.383150988862875
3083,483,298,58,95,111.30588483993108,131.49452966588623,30,111.0849769115448,30,4.383150988862875
3084,541,252,58,-46,74.02702209328699,131.49452966588623,30,111.0849769115448,30,4.383150988862875
3085,463,192,-78,-60,98.40731680114035,131.49452966588623,30,111.0849769115448,30,4.383150988862875
3086,426,277,-37,85,92.70382947861431,131.49452966588623,30,111.0849769115448,30,4.383150988862875
3087,540,277,114,0,114.0,131.49452966588623,30,111.0849769115448,30,4.383150988862875
3088,507,199,-33,-78,84.69356528095862,131.49452966588623,30,111.0849769115448,30,4.383150988862875
3089,404,255,-103,56,117.23907198540937,131.49452966588623,30,111.0849769115448,30,4.383150988862875
3090,516,297,112,42,119.61605243444544,131.49452966588623,30,111.0849769115448,30,4.383150988862875
3091,532,218,16,-79,80.60397012554654,131.49452966588623,30,111.0849769115448,30,4.383150988862875
3092,438,196,-94,-22,96.54014708917737,131.49452966588623,30,111.0849769115448,30,4.383150988862875
3093,457,294,19,98,99.82484660644363,131.49452966588623,30,111.0849769115448,30,4.383150988862875
3094,541,262,84,-32,89.88882021697692,131.49452966588623,30,111.0849769115448,30,4.383150988862875
3095,482,192,-59,-70,91.54780172128658,131.49452966588623,30,111.0849769115448,30,4.383150988862875
3096,415,268,-67,76,101.31633629380802,131.49452966588623,30,111.0849769115448,30,4.383150988862875
3097,534,287,119,19,120.50726119201282,131.49452966588623,30,111.0849769115448,30,4.383150988862875
3098,520,207,-14,-80,81.21576201698781,131.49452966588623,30,111.0849769115448,30,4.383150988862875
3099,419,206,-101,-1,101.00495037373169,131.49452966588623,30,111.0849769115448,30,4.383150988862875
3100,489,300,70,94,117.2006825918689,131.49452966588623,30,111.0849769115448,30,4.383150988862875
3101,541,250,52,-50,72.13875518748573,131.49452966588623,30,111.0849769115448,30,4.383150988862875
3102,454,192,-87,-58,104.5609869884557,131.49452966588623,30,111.0849769115448,30,4.383150988862875
3103,435,284,-19,92,93.94147114027967,131.49452966588623,30,111.0849769115448,30,4.383150988862875
3104,542,273,107,-11,107.56393447619885,131.49452966588623,30,111.0849769115448,30,4.383150988862875
3105,499,197,-43,-76,87.32124598286491,131.49452966588623,30,111.0849769115448,30,4.383150988862875
3106,405,259,-94,62,112.60550608207397,131.49452966588623,30,111.0849769115448,30,4.383150988862875
3107,524,296,119,37,124.61942063739504,131.49452966588623,30,111.0849769115448,30,4.383150988862875
3108,526,214,2,-82,82.02438661763951,131.49452966588623,30,111.0849769115448,30,4.383150988862875
3109,432,198,-94,-16,95.35197952848173,131.49452966588623,30,111.0849769115448,30,4.383150988862875
3110,468,298,36,100,106.28264204469139,131.49452966588623,30,111.0849769115448,30,4.383150988862875
3111,541,259,73,-39,82.76472678623425,131.49452966588623,30,111.0849769115448,30,4.383150988862875
3112,471,192,-70,-67,96.89685237405806,131.49452966588623,30,111.0849769115448,30,4.383150988862875
3113,422,271,-49,79,92.9623579735368,131.49452966588623,30,111.0849769115448,30,4.383150988862875
3114,534,285,112,14,112.8716084761797,131.49452966588623,30,111.0849769115448,30,4.383150988862875
3115,516,205,-18,-80,82.0,131.49452966588623,30,111.0849769115448,30,4.383150988862875
3116,426,209,-90,4,90.08884503644167,131.49452966588623,30,111.0849769115448,30,4.383150988862875
3117,491,301,65,92,112.6454615153225,131.49452966588623,30,111.0849769115448,30,4.383150988862875
3118,537,248,46,-53,70.178344238091,131.49452966588623,30,111.0849769115448,30,4.383150988862875
3119,462,194,-75,-54,92.41753080449618,131.49452966588623,30,111.0849769115448,30,4.383150988862875
3120,433,286,-29,92,96.46242791885346,131.49452966588623,30,111.0849769115448,30,4.383150988862875
3121,535,273,102,-13,102.82509421342633,131.49452966588623,30,111.0849769115448,30,4.383150988862875
3122,510,197,-25,-76,80.00624975587844,131.49452966588623,30,111.0849769115448,30,4.383150988862875
3123,406,259,-104,62,121.07848694132248,131.49452966588623,30,111.0849769115448,30,4.383150988862875
3124,514,297,108,38,114.49017425089369,131.49452966588623,30,111.0849769115448,30,4.383150988862875
3125,534,216,20,-81,83.43260753446461,131.49452966588623,30,111.0849769115448,30,4.383150988862875
3126,452,198,-82,-18,83.95236744726142,131.49452966588623,30,111.0849769115448,30,4.383150988862875
3127,449,297,-3,99,99.04544411531506,131.49452966588623,30,111.0849769115448,30,4.383150988862875
3128,536,262,87,-35,93.77632963600144,131.49452966588623,30,111.0849769115448,30,4.383150988862875
3129,498,193,-38,-69,78.77182237323191,131.49452966588623,30,111.0849769115448,30,4.383150988862875
3130,410,268,-88,75,115.62439189029277,131.49452966588623,30,111.0849769115448,30,4.383150988862875
3131,519,289,109,21,111.00450441310929,131.49452966588623,30,111.0849769115448,30,4.383150988862875
3132,534,209,15,-80,81.39410298049853,131.49452966588623,30,111.0849769115448,30,4.383150988862875
3133,438,204,-96,-5,96.13012014972206,131.49452966588623,30,111.0849769115448,30,4.383150988862875
3134,461,300,23,96,98.71676655968832,131.49452966588623,30,111.0849769115448,30,4.383150988862875
3135,539,253,78,-47,91.0659101969557,131.49452966588623,30,111.0849769115448,30,4.383150988862875
3136,481,193,-58,-60,83.45058418010026,131.49452966588623,30,111.0849769115448,30,4.383150988862875
3137,413,277,-68,84,108.07404868885037,131.49452966588623,30,111.0849769115448,30,4.383150988862875
3138,530,280,117,3,117.03845521878696,131.49452966588623,30,111.0849769115448,30,4.383150988862875
3139,526,202,-4,-78,78.10249675906654,131.49452966588623,30,111.0849769115448,30,4.383150988862875
3140,,,,,,131.49452966588623,30,111.0849769115448,30,4.383150988862875
3141,490,301,-36,99,105.34229919647663,131.49452966588623,30,111.0849769115448,30,4.383150988862875
3142,542,220,52,-81,96.25487000666512,131.49452966588623,30,111.0849769115448,30,4.383150988862875
3143,459,197,-83,-23,86.1278120005379,131.49452966588623,30,111.0849769115448,30,4.383150988862875
3144,434,294,-25,97,100.16985574512923,131.49452966588623,30,111.0849769115448,30,4.383150988862875
3145,535,267,101,-27,104.546640309481,131.49452966588623,30,111.0849769115448,30,4.383150988862875
3146,507,195,-28,-72,77.25283166331187,131.49452966588623,30,111.0849769115448,30,4.383150988862875
3147,404,265,-103,70,124.53513560437472,131.49452966588623,30,111.0849769115448,30,4.383150988862875
3148,515,293,111,28,114.47707194019246,131.49452966588623,30,111.0849769115448,30,4.383150988862875
3149,536,213,21,-80,82.71033792700887,131.49452966588623,30,111.0849769115448,30,4.383150988862875
3150,447,202,-89,-11,89.67719888578144,131.49452966588623,30,111.0849769115448,30,4.383150988862875
3151,454,300,7,98,98.2496819333274,131.49452966588623,30,111.0849769115448,30,4.383150988862875
3152,535,258,81,-42,91.2414379544733,131.49452966588623,30,111.0849769115448,30,4.383150988862875
3153,492,193,-43,-65,77.93587107359485,131.49452966588623,30,111.0849769115448,30,4.383150988862875
3154,412,272,-80,79,112.43220179290273,131.49452966588623,30,111.0849769115448,30,4.383150988862875
3155,524,285,112,13,112.75194011634566,131.49452966588623,30,111.0849769115448,30,4.383150988862875
3156,532,206,8,-79,79.40403012442127,131.49452966588623,30,111.0849769115448,30,4.383150988862875
3157,435,207,-97,1,97.0051545022222,131.49452966588623,30,111.0849769115448,30,4.383150988862875
3158,468,301,33,94,99.62429422585637,131.49452966588623,30,111.0849769115448,30,4.383150988862875
3159,538,250,70,-51,86.6083136886985,131.49452966588623,30,111.0849769115448,30,4.383150988862875
3160,479,195,-59,-55,80.65977932030313,131.49452966588623,30,111.0849769115448,30,4.383150988862875
3161,418,282,-61,87,106.25441167311595,131.49452966588623,30,111.0849769115448,30,4.383150988862875
3162,528,277,110,-5,110.11357772772621,131.49452966588623,30,111.0849769115448,30,4.383150988862875
3163,523,200,-5,-77,77.1621668954417,131.49452966588623,30,111.0849769115448,30,4.383150988862875
3164,403,259,-120,59,133.71985641631537,131.49452966588623,30,111.0849769115448,30,4.383150988862875
3165,510,295,107,36,112.89375536317321,131.49452966588623,30,111.0849769115448,30,4.383150988862875
3166,538,215,28,-80,84.75848040166836,131.49452966588623,30,111.0849769115448,30,4.383150988862875
3167,455,201,-83,-14,84.17244204607586,131.49452966588623,30,111.0849769115448,30,4.383150988862875
3168,446,299,-9,98,98.41239759298622,131.49452966588623,30,111.0849769115448,30,4.383150988862875
3169,535,260,89,-39,97.16995420396162,131.49452966588623,30,111.0849769115448,30,4.383150988862875
3170,501,194,-34,-66,74.24284477308234,131.49452966588623,30,111.0849769115448,30,4.383150988862875
3171,408,270,-93,76,120.10412149464314,131.49452966588623,30,111.0849769115448,30,4.383150988862875
3172,518,288,110,18,111.46299834474219,131.49452966588623,30,111.0849769115448,30,4.383150988862875
3173,537,209,19,-79,81.25269226308751,131.49452966588623,30,111.0849769115448,30,4.383150988862875
3174,441,206,-96,-3,96.04686356149273,131.49452966588623,30,111.0849769115448,30,4.383150988862875
3175,456,301,15,95,96.17692030835673,131.49452966588623,30,111.0849769115448,30,4.383150988862875
3176,539,253,83,-48,95.88013350011565,131.49452966588623,30,111.0849769115448,30,4.383150988862875
3177,484,194,-55,-59,80.65977932030313,131.49452966588623,30,111.0849769115448,30,4.383150988862875
3178,411,279,-73,85,112.0446339634344,131.49452966588623,30,111.0849769115448,30,4.383150988862875
3179,529,280,118,1,118.00423721205946,131.49452966588623,30,111.0849769115448,30,4.383150988862875
3180,525,202,-4,-78,78.10249675906654,131.49452966588623,30,111.0849769115448,30,4.383150988862875
3181,398,257,-127,55,138.3979768638256,131.49452966588623,30,111.0849769115448,30,4.383150988862875
3182,499,300,101,43,109.77249200050075,131.49452966588623,30,111.0849769115448,30,4.383150988862875
3183,543,220,44,-80,91.30169768410661,131.49452966588623,30,111.0849769115448,30,4.383150988862875
3184,461,198,-82,-22,84.8999411071645,131.49452966588623,30,111.0849769115448,30,4.383150988862875
3185,435,297,-26,99,102.35721762533407,131.49452966588623,30,111.0849769115448,30,4.383150988862875
3186,535,268,100,-29,104.12012293500234,131.49452966588623,30,111.0849769115448,30,4.383150988862875
3187,509,196,-26,-72,76.55063683601855,131.49452966588623,30,111.0849769115448,30,4.383150988862875
3188,404,265,-105,69,125.64234954823155,131.49452966588623,30,111.0849769115448,30,4.383150988862875
3189,515,293,111,28,114.47707194019246,131.49452966588623,30,111.0849769115448,30,4.383150988862875
3190,537,213,22,-80,82.96987405076617,131.49452966588623,30,111.0849769115448,30,4.383150988862875
3191,448,204,-89,-9,89.45389874119518,131.49452966588623,30,111.0849769115448,30,4.383150988862875
3192,454,301,6,97,97.18538984847466,131.49452966588623,30,111.0849769115448,30,4.383150988862875
3193,534,258,80,-43,90.82400563727631,131.49452966588623,30,111.0849769115448,30,4.383150988862875
3194,493,194,-41,-64,76.00657866263946,131.49452966588623,30,111.0849769115448,30,4.383150988862875
3195,411,273,-82,79,113.86395390991831,131.49452966588623,30,111.0849769115448,30,4.383150988862875
3196,524,286,113,13,113.7453295744489,131.49452966588623,30,111.0849769115448,30,4.383150988862875
3197,533,207,9,-79,79.51100552753688,131.49452966588623,30,111.0849769115448,30,4.383150988862875
3198,437,209,-96,2,96.02083107326243,131.49452966588623,30,111.0849769115448,30,4.383150988862875
3199,465,302,28,93,97.12363255150623,131.49452966588623,30,111.0849769115448,30,4.383150988862875
3200,537,251,72,-51,88.23264701911646,131.49452966588623,30,111.0849769115448,30,4.383150988862875
3201,478,196,-59,-55,80.65977932030313,131.49452966588623,30,111.0849769115448,30,4.383150988862875
3202,422,289,-56,93,108.55873986004075,131.49452966588623,30,111.0849769115448,30,4.383150988862875
3203,531,272,109,-17,110.3177229641729,131.49452966588623,30,111.0849769115448,30,4.383150988862875
3204,516,198,-15,-74,75.50496672405067,131.49452966588623,30,111.0849769115448,30,4.383150988862875
3205,404,263,-112,65,129.49517365523704,131.49452966588623,30,111.0849769115448,30,4.383150988862875
3206,511,295,107,32,111.68258592994702,131.49452966588623,30,111.0849769115448,30,4.383150988862875
3207,539,216,28,-79,83.81527307120105,131.49452966588623,30,111.0849769115448,30,4.383150988862875
3208,457,201,-82,-15,83.3606621854697,131.49452966588623,30,111.0849769115448,30,4.383150988862875
3209,444,300,-13,99,99.84988733093293,131.49452966588623,30,111.0849769115448,30,4.383150988862875
3210,535,262,91,-38,98.6154146165801,131.49452966588623,30,111.0849769115448,30,4.383150988862875
3211,503,195,-32,-67,74.24957912338628,131.49452966588623,30,111.0849769115448,30,4.383150988862875
3212,406,269,-97,74,122.00409829181969,131.49452966588623,30,111.0849769115448,30,4.383150988862875
3213,517,289,111,20,112.78741064498288,131.49452966588623,30,111.0849769115448,30,4.383150988862875
3214,538,210,21,-79,81.74350127074322,131.49452966588623,30,111.0849769115448,30,4.383150988862875
3215,443,206,-95,-4,95.08417323613851,131.49452966588623,30,111.0849769115448,30,4.383150988862875
3216,455,302,12,96,96.74709297958259,131.49452966588623,30,111.0849769115448,30,4.383150988862875
3217,538,254,83,-48,95.88013350011565,131.49452966588623,30,111.0849769115448,30,4.383150988862875
3218,483,195,-55,-59,80.65977932030313,131.49452966588623,30,111.0849769115448,30,4.383150988862875
3219,412,283,-71,88,113.07077429645558,131.49452966588623,30,111.0849769115448,30,4.383150988862875
3220,531,278,119,-5,119.10499569707393,131.49452966588623,30,111.0849769115448,30,4.383150988862875
3221,525,202,-6,-76,76.23647421018367,131.49452966588623,30,111.0849769115448,30,4.383150988862875
3222,398,256,-127,54,138.00362314084367,131.49452966588623,30,111.0849769115448,30,4.383150988862875
3223,497,301,99,45,108.74741376235114,131.49452966588623,30,111.0849769115448,30,4.383150988862875
3224,545,222,48,-79,92.43916918709297,131.49452966588623,30,111.0849769115448,30,4.383150988862875
3225,464,198,-81,-24,84.48076704197234,131.49452966588623,30,111.0849769115448,30,4.383150988862875
3226,433,297,-31,99,103.74005976477939,131.49452966588623,30,111.0849769115448,30,4.383150988862875
3227,536,270,103,-27,106.48004507887852,131.49452966588623,30,111.0849769115448,30,4.383150988862875
3228,511,197,-25,-73,77.1621668954417,131.49452966588623,30,111.0849769115448,30,4.383150988862875
3229,403,265,-108,68,127.62444906835053,131.49452966588623,30,111.0849769115448,30,4.383150988862875
3230,515,296,112,31,116.21101496846157,131.49452966588623,30,111.0849769115448,30,4.383150988862875
3231,538,215,23,-81,84.20213774008353,131.49452966588623,30,111.0849769115448,30,4.383150988862875
3232,452,202,-86,-13,86.97700845625813,131.49452966588623,30,111.0849769115448,30,4.383150988862875
3233,450,302,-2,100,100.0199980003999,131.49452966588623,30,111.0849769115448,30,4.383150988862875
3234,534,261,84,-41,93.47192091746055,131.49452966588623,30,111.0849769115448,30,4.383150988862875
3235,497,194,-37,-67,76.53757247260981,131.49452966588623,30,111.0849769115448,30,4.383150988862875
3236,411,272,-86,78,116.10340218959993,131.49452966588623,30,111.0849769115448,30,4.383150988862875
3237,523,288,112,16,113.13708498984761,131.49452966588623,30,111.0849769115448,30,4.383150988862875
3238,535,209,12,-79,79.90619500389191,131.49452966588623,30,111.0849769115448,30,4.383150988862875
3239,448,209,-87,0,87.0,131.49452966588623,30,111.0849769115448,30,4.383150988862875
3240,464,304,16,95,96.33794683301072,131.49452966588623,30,111.0849769115448,30,4.383150988862875
3241,538,250,74,-54,91.60785992479029,131.49452966588623,30,111.0849769115448,30,4.383150988862875
3242,477,196,-61,-54,81.46778504415104,131.49452966588623,30,111.0849769115448,30,4.383150988862875
3243,418,287,-59,91,108.45275469069469,131.49452966588623,30,111.0849769115448,30,4.383150988862875
3244,531,277,113,-10,113.44161493913951,131.49452966588623,30,111.0849769115448,30,4.383150988862875
3245,524,201,-7,-76,76.32168761236873,131.49452966588623,30,111.0849769115448,30,4.383150988862875
3246,402,259,-122,58,135.08515832614626,131.49452966588623,30,111.0849769115448,30,4.383150988862875
3247,504,300,102,41,109.9317970379817,131.49452966588623,30,111.0849769115448,30,4.383150988862875
3248,542,220,38,-80,88.56635930193812,131.49452966588623,30,111.0849769115448,30,4.383150988862875
3249,465,199,-77,-21,79.81227975693966,131.49452966588623,30,111.0849769115448,30,4.383150988862875
3250,436,300,-29,101,105.08092119885512,131.49452966588623,30,111.0849769115448,30,4.383150988862875
3251,536,269,100,-31,104.69479452198185,131.49452966588623,30,111.0849769115448,30,4.383150988862875
3252,511,197,-25,-72,76.21679604916491,131.49452966588623,30,111.0849769115448,30,4.383150988862875
3253,404,267,-107,70,127.8632081562167,131.49452966588623,30,111.0849769115448,30,4.383150988862875
3254,517,291,113,24,115.52056094046635,131.49452966588623,30,111.0849769115448,30,4.383150988862875
3255,540,211,23,-80,83.24061508662703,131.49452966588623,30,111.0849769115448,30,4.383150988862875
3256,445,206,-95,-5,95.13148795220224,131.49452966588623,30,111.0849769115448,30,4.383150988862875
3257,453,303,8,97,97.32933781753577,131.49452966588623,30,111.0849769115448,30,4.383150988862875
3258,538,256,85,-47,97.12878049270464,131.49452966588623,30,111.0849769115448,30,4.383150988862875
3259,488,195,-50,-61,78.87331614684399,131.49452966588623,30,111.0849769115448,30,4.383150988862875
3260,408,277,-80,82,114.56002793295748,131.49452966588623,30,111.0849769115448,30,4.383150988862875
3261,529,284,121,7,121.2023102090055,131.49452966588623,30,111.0849769115448,30,4.383150988862875
3262,531,205,2,-79,79.02531240052139,131.49452966588623,30,111.0849769115448,30,4.383150988862875
3263,,,,,,131.49452966588623,30,111.0849769115448,30,4.383150988862875
3264,467,303,-64,98,117.04699910719626,131.49452966588623,30,111.0849769115448,30,4.383150988862875
3265,540,248,73,-55,91.40021881811882,131.49452966588623,30,111.0849769115448,30,4.383150988862875
3266,472,197,-68,-51,85.0,131.49452966588623,30,111.0849769115448,30,4.383150988862875
3267,420,289,-52,92,105.67875850898325,131.49452966588623,30,111.0849769115448,30,4.383150988862875
3268,535,276,115,-13,115.73245007343446,131.49452966588623,30,111.0849769115448,30,4.383150988862875
3269,520,200,-15,-76,77.46612162745726,131.49452966588623,30,111.0849769115448,30,4.383150988862875
3270,400,261,-120,61,134.6142637315972,131.49452966588623,30,111.0849769115448,30,4.383150988862875
3271,509,300,109,39,115.76700738984316,131.49452966588623,30,111.0849769115448,30,4.383150988862875
3272,541,220,32,-80,86.16263691415206,131.49452966588623,30,111.0849769115448,30,4.383150988862875
3273,461,200,-80,-20,82.46211251235322,131.49452966588623,30,111.0849769115448,30,4.383150988862875
3274,440,301,-21,101,103.16006979447037,131.49452966588623,30,111.0849769115448,30,4.383150988862875
3275,536,268,96,-33,101.51354589413178,131.49452966588623,30,111.0849769115448,30,4.383150988862875
3276,508,196,-28,-72,77.25283166331187,131.49452966588623,30,111.0849769115448,30,4.383150988862875
3277,407,268,-101,72,124.03628501370073,131.49452966588623,30,111.0849769115448,30,4.383150988862875
3278,518,294,111,26,114.00438588054409,131.49452966588623,30,111.0849769115448,30,4.383150988862875
3279,539,213,21,-81,83.67795408588812,131.49452966588623,30,111.0849769115448,30,4.383150988862875
3280,453,205,-86,-8,86.37129152675674,131.49452966588623,30,111.0849769115448,30,4.383150988862875
3281,453,304,0,99,99.0,131.49452966588623,30,111.0849769115448,30,4.383150988862875
3282,536,259,83,-45,94.41398201537736,131.49452966588623,30,111.0849769115448,30,4.383150988862875
3283,495,195,-41,-64,76.00657866263946,131.49452966588623,30,111.0849769115448,30,4.383150988862875
3284,408,275,-87,80,118.1905241548577,131.49452966588623,30,111.0849769115448,30,4.383150988862875
3285,524,286,116,11,116.52038448271615,131.49452966588623,30,111.0849769115448,30,4.383150988862875
3286,536,208,12,-78,78.91767862779544,131.49452966588623,30,111.0849769115448,30,4.383150988862875
3287,,,,,,131.49452966588623,30,111.0849769115448,30,4.383150988862875
3288,457,304,-79,96,124.32618388738553,131.49452966588623,30,111.0849769115448,30,4.383150988862875
3289,540,252,83,-52,97.94386147176351,131.49452966588623,30,111.0849769115448,30,4.383150988862875
3290,480,196,-60,-56,82.07313811473277,131.49452966588623,30,111.0849769115448,30,4.383150988862875
3291,411,284,-69,88,111.8257573191436,131.49452966588623,30,111.0849769115448,30,4.383150988862875
3292,534,279,123,-5,123.10158406779338,131.49452966588623,30,111.0849769115448,30,4.383150988862875
3293,525,202,-9,-77,77.52418977325722,131.49452966588623,30,111.0849769115448,30,4.383150988862875
3294,398,259,-127,57,139.20488497175666,131.49452966588623,30,111.0849769115448,30,4.383150988862875
3295,499,300,101,41,109.00458705944443,131.49452966588623,30,111.0849769115448,30,4.383150988862875
3296,543,222,44,-78,89.55445270895244,131.49452966588623,30,111.0849769115448,30,4.383150988862875
3297,463,199,-80,-23,83.24061508662703,131.49452966588623,30,111.0849769115448,30,4.383150988862875
3298,434,300,-29,101,105.08092119885512,131.49452966588623,30,111.0849769115448,30,4.383150988862875
3299,537,271,103,-29,107.00467279516349,131.49452966588623,30,111.0849769115448,30,4.383150988862875
3300,512,198,-25,-73,77.1621668954417,131.49452966588623,30,111.0849769115448,30,4.383150988862875
3301,403,266,-109,68,128.47178678604885,131.49452966588623,30,111.0849769115448,30,4.383150988862875
3302,517,297,114,31,118.1397477566293,131.49452966588623,30,111.0849769115448,30,4.383150988862875
3303,540,215,23,-82,85.16454661418682,131.49452966588623,30,111.0849769115448,30,4.383150988862875
3304,452,202,-88,-13,88.95504482602435,131.49452966588623,30,111.0849769115448,30,4.383150988862875
3305,449,304,-3,102,102.04410811016969,131.49452966588623,30,111.0849769115448,30,4.383150988862875
3306,537,263,88,-41,97.082439194738,131.49452966588623,30,111.0849769115448,30,4.383150988862875
3307,497,195,-40,-68,78.89233169326408,131.49452966588623,30,111.0849769115448,30,4.383150988862875
3308,409,273,-88,78,117.5925167687128,131.49452966588623,30,111.0849769115448,30,4.383150988862875
3309,524,289,115,16,116.1077086157504,131.49452966588623,30,111.0849769115448,30,4.383150988862875
3310,535,210,11,-79,79.76214641043707,131.49452966588623,30,111.0849769115448,30,4.383150988862875
3311,,,,,,131.49452966588623,30,111.0849769115448,30,4.383150988862875
3312,459,305,-76,95,121.65936051122412,131.49452966588623,30,111.0849769115448,30,4.383150988862875
3313,538,254,79,-51,94.03190947758107,131.49452966588623,30,111.0849769115448,30,4.383150988862875
3314,484,196,-54,-58,79.2464510246358,131.49452966588623,30,111.0849769115448,30,4.383150988862875
3315,411,282,-73,86,112.80514172678478,131.49452966588623,30,111.0849769115448,30,4.383150988862875
3316,530,281,119,-1,119.00420160649792,131.49452966588623,30,111.0849769115448,30,4.383150988862875
3317,529,204,-1,-77,77.00649323271382,131.49452966588623,30,111.0849769115448,30,4.383150988862875
3318,401,257,-128,53,138.53880322855397,131.49452966588623,30,111.0849769115448,30,4.383150988862875
3319,,,,,,131.49452966588623,30,111.0849769115448,30,4.383150988862875
3320,,,,,,131.49452966588623,30,111.0849769115448,30,4.383150988862875
3321,470,198,69,-59,90.78546139112804,131.49452966588623,30,111.0849769115448,30,4.383150988862875
3322,431,300,-39,102,109.20164833920778,131.49452966588623,30,111.0849769115448,30,4.383150988862875
3323,536,273,105,-27,108.41586599755591,131.49452966588623,30,111.0849769115448,30,4.383150988862875
3324,518,199,-18,-74,76.15773105863909,131.49452966588623,30,111.0849769115448,30,4.383150988862875
3325,401,265,-117,66,134.33167906342868,131.49452966588623,30,111.0849769115448,30,4.383150988862875
3326,511,297,110,32,114.56002793295748,131.49452966588623,30,111.0849769115448,30,4.383150988862875
3327,543,217,32,-80,86.16263691415206,131.49452966588623,30,111.0849769115448,30,4.383150988862875
3328,454,201,-89,-16,90.4267659490264,131.49452966588623,30,111.0849769115448,30,4.383150988862875
3329,444,304,-10,103,103.4842983258813,131.49452966588623,30,111.0849769115448,30,4.383150988862875
3330,539,265,95,-39,102.69371937952194,131.49452966588623,30,111.0849769115448,30,4.383150988862875
3331,501,196,-38,-69,78.77182237323191,131.49452966588623,30,111.0849769115448,30,4.383150988862875
3332,405,271,-96,75,121.82364302548172,131.49452966588623,30,111.0849769115448,30,4.383150988862875
3333,524,291,119,20,120.66896867049125,131.49452966588623,30,111.0849769115448,30,4.383150988862875
3334,537,211,13,-80,81.04936767180853,131.49452966588623,30,111.0849769115448,30,4.383150988862875
3335,442,206,-95,-5,95.13148795220224,131.49452966588623,30,111.0849769115448,30,4.383150988862875
3336,458,305,16,99,100.2845950283492,131.49452966588623,30,111.0849769115448,30,4.383150988862875
3337,537,256,79,-49,92.9623579735368,131.49452966588623,30,111.0849769115448,30,4.383150988862875
3338,484,195,-53,-61,80.8084154033477,131.49452966588623,30,111.0849769115448,30,4.383150988862875
3339,412,279,-72,84,110.63453348751464,131.49452966588623,30,111.0849769115448,30,4.383150988862875
3340,531,283,119,4,119.06720791217035,131.49452966588623,30,111.0849769115448,30,4.383150988862875
3341,529,206,-2,-77,77.02596964660685,131.49452966588623,30,111.0849769115448,30,4.383150988862875
3342,,,,,,131.49452966588623,30,111.0849769115448,30,4.383150988862875
3343,467,304,-62,98,115.96551211459379,131.49452966588623,30,111.0849769115448,30,4.383150988862875
3344,539,248,72,-56,91.21403400793103,131.49452966588623,30,111.0849769115448,30,4.383150988862875
3345,472,197,-67,-51,84.20213774008353,131.49452966588623,30,111.0849769115448,30,4.383150988862875
3346,424,295,-48,98,109.12378292562992,131.49452966588623,30,111.0849769115448,30,4.383150988862875
3347,534,275,110,-20,111.80339887498948,131.49452966588623,30,111.0849769115448,30,4.383150988862875
3348,520,200,-14,-75,76.2954782408499,131.49452966588623,30,111.0849769115448,30,4.383150988862875
3349,404,263,-116,63,132.00378782444085,131.49452966588623,30,111.0849769115448,30,4.383150988862875
3350,511,298,107,35,112.57886124845996,131.49452966588623,30,111.0849769115448,30,4.383150988862875
3351,541,219,30,-79,84.50443775329198,131.49452966588623,30,111.0849769115448,30,4.383150988862875
3352,461,201,-80,-18,82.0,131.49452966588623,30,111.0849769115448,30,4.383150988862875
3353,443,303,-18,102,103.57605900979242,131.49452966588623,30,111.0849769115448,30,4.383150988862875
3354,538,267,95,-36,101.59232254457027,131.49452966588623,30,111.0849769115448,30,4.383150988862875
3355,506,196,-32,-71,77.87810988975015,131.49452966588623,30,111.0849769115448,30,4.383150988862875
3356,404,269,-102,73,125.4312560727987,131.49452966588623,30,111.0849769115448,30,4.383150988862875
3357,519,293,115,24,117.47765745025733,131.49452966588623,30,111.0849769115448,30,4.383150988862875
3358,541,213,22,-80,82.96987405076617,131.49452966588623,30,111.0849769115448,30,4.383150988862875
3359,445,205,-96,-8,96.33275663033837,131.49452966588623,30,111.0849769115448,30,4.383150988862875
3360,453,305,8,100,100.31948963187563,131.49452966588623,30,111.0849769115448,30,4.383150988862875
3361,539,258,86,-47,98.00510190801293,131.49452966588623,30,111.0849769115448,30,4.383150988862875
3362,489,195,-50,-63,80.43009387039157,131.49452966588623,30,111.0849769115448,30,4.383150988862875
3363,407,277,-82,82,115.96551211459379,131.49452966588623,30,111.0849769115448,30,4.383150988862875
3364,530,285,123,8,123.25988804148737,131.49452966588623,30,111.0849769115448,30,4.383150988862875
3365,532,207,2,-78,78.02563681252464,131.49452966588623,30,111.0849769115448,30,4.383150988862875
3366,,,,,,131.49452966588623,30,111.0849769115448,30,4.383150988862875
3367,460,305,-72,98,121.60592090848209,131.49452966588623,30,111.0849769115448,30,4.383150988862875
3368,,,,,,131.49452966588623,30,111.0849769115448,30,4.383150988862875
3369,473,197,13,-108,108.77959367454909,131.49452966588623,30,111.0849769115448,30,4.383150988862875
3370,416,288,-57,91,107.37783756436893,131.49452966588623,30,111.0849769115448,30,4.383150988862875
3371,536,277,120,-11,120.50311199301038,131.49452966588623,30,111.0849769115448,30,4.383150988862875
3372,520,201,-16,-76,77.6659513557904,131.49452966588623,30,111.0849769115448,30,4.383150988862875
3373,400,262,-120,61,134.6142637315972,131.49452966588623,30,111.0849769115448,30,4.383150988862875
3374,510,300,110,38,116.37869220780924,131.49452966588623,30,111.0849769115448,30,4.383150988862875
3375,541,220,31,-80,85.7962703152066,131.49452966588623,30,111.0849769115448,30,4.383150988862875
3376,461,200,-80,-20,82.46211251235322,131.49452966588623,30,111.0849769115448,30,4.383150988862875
3377,441,303,-20,103,104.92378186092989,131.49452966588623,30,111.0849769115448,30,4.383150988862875
3378,537,268,96,-35,102.18121158021175,131.49452966588623,30,111.0849769115448,30,4.383150988862875
3379,507,197,-30,-71,77.07788269017254,131.49452966588623,30,111.0849769115448,30,4.383150988862875
3380,407,269,-100,72,123.2233744059949,131.49452966588623,30,111.0849769115448,30,4.383150988862875
3381,520,294,113,25,115.73245007343446,131.49452966588623,30,111.0849769115448,30,4.383150988862875
3382,539,214,19,-80,82.22530024268686,131.49452966588623,30,111.0849769115448,30,4.383150988862875
3383,452,205,-87,-9,87.46427842267951,131.49452966588623,30,111.0849769115448,30,4.383150988862875
3384,453,305,1,100,100.00499987500625,131.49452966588623,30,111.0849769115448,30,4.383150988862875
3385,537,261,84,-44,94.82615672903758,131.49452966588623,30,111.0849769115448,30,4.383150988862875
3386,494,195,-43,-66,78.77182237323191,131.49452966588623,30,111.0849769115448,30,4.383150988862875
3387,407,275,-87,80,118.1905241548577,131.49452966588623,30,111.0849769115448,30,4.383150988862875
3388,525,287,118,12,118.6086000254619,131.49452966588623,30,111.0849769115448,30,4.383150988862875
3389,536,208,11,-79,79.76214641043707,131.49452966588623,30,111.0849769115448,30,4.383150988862875
3390,,,,,,131.49452966588623,30,111.0849769115448,30,4.383150988862875
3391,455,306,-81,98,127.1416532848303,131.49452966588623,30,111.0849769115448,30,4.383150988862875
3392,,,,,,131.49452966588623,30,111.0849769115448,30,4.383150988862875
3393,473,198,18,-108,109.48972554536796,131.49452966588623,30,111.0849769115448,30,4.383150988862875
3394,425,299,-48,101,111.8257573191436,131.49452966588623,30,111.0849769115448,30,4.383150988862875
3395,536,275,111,-24,113.5649593844862,131.49452966588623,30,111.0849769115448,30,4.383150988862875
3396,520,200,-16,-75,76.68767828015137,131.49452966588623,30,111.0849769115448,30,4.383150988862875
3397,400,264,-120,64,136.0,131.49452966588623,30,111.0849769115448,30,4.383150988862875
3398,509,299,109,35,114.48143954370944,131.49452966588623,30,111.0849769115448,30,4.383150988862875
3399,544,218,35,-81,88.23831367382311,131.49452966588623,30,111.0849769115448,30,4.383150988862875
3400,456,201,-88,-17,89.62700485902673,131.49452966588623,30,111.0849769115448,30,4.383150988862875
3401,439,304,-17,103,104.39348638684312,131.49452966588623,30,111.0849769115448,30,4.383150988862875
3402,539,266,100,-38,106.97663296253066,131.49452966588623,30,111.0849769115448,30,4.383150988862875
3403,504,197,-35,-69,77.3692445355388,131.49452966588623,30,111.0849769115448,30,4.383150988862875
3404,403,271,-101,74,125.2078272313676,131.49452966588623,30,111.0849769115448,30,4.383150988862875
3405,523,292,120,21,121.82364302548172,131.49452966588623,30,111.0849769115448,30,4.383150988862875
3406,538,211,15,-81,82.37718130647589,131.49452966588623,30,111.0849769115448,30,4.383150988862875
3407,,,,,,131.49452966588623,30,111.0849769115448,30,4.383150988862875
3408,455,305,-83,94,125.39936203984452,131.49452966588623,30,111.0849769115448,30,4.383150988862875
3409,538,256,83,-49,96.38464608017192,131.49452966588623,30,111.0849769115448,30,4.383150988862875
3410,481,196,-57,-60,82.75868534480233,131.49452966588623,30,111.0849769115448,30,4.383150988862875
3411,413,284,-68,88,111.21151019566275,131.49452966588623,30,111.0849769115448,30,4.383150988862875
3412,533,281,120,-3,120.03749414245534,131.49452966588623,30,111.0849769115448,30,4.383150988862875
3413,527,204,-6,-77,77.23341245859851,131.49452966588623,30,111.0849769115448,30,4.383150988862875
3414,399,258,-128,54,138.92443989449805,131.49452966588623,30,111.0849769115448,30,4.383150988862875
3415,,,,,,131.49452966588623,30,111.0849769115448,30,4.383150988862875
3416,,,,,,131.49452966588623,30,111.0849769115448,30,4.383150988862875
3417,470,199,71,-59,92.31467922275417,131.49452966588623,30,111.0849769115448,30,4.383150988862875
3418,431,301,-39,102,109.20164833920778,131.49452966588623,30,111.0849769115448,30,4.383150988862875
3419,536,272,105,-29,108.93117092916977,131.49452966588623,30,111.0849769115448,30,4.383150988862875
3420,517,199,-19,-73,75.43208866258443,131.49452966588623,30,111.0849769115448,30,4.383150988862875
3421,404,266,-113,67,131.36970731489052,131.49452966588623,30,111.0849769115448,30,4.383150988862875
3422,515,296,111,30,114.9826073804208,131.49452966588623,30,111.0849769115448,30,4.383150988862875
3423,542,217,27,-79,83.48652585896721,131.49452966588623,30,111.0849769115448,30,4.383150988862875
3424,459,204,-83,-13,84.01190391843289,131.49452966588623,30,111.0849769115448,30,4.383150988862875
3425,444,304,-15,100,101.11874208078342,131.49452966588623,30,111.0849769115448,30,4.383150988862875
3426,538,265,94,-39,101.76934705499491,131.49452966588623,30,111.0849769115448,30,4.383150988862875
3427,503,197,-35,-68,76.47875521999558,131.49452966588623,30,111.0849769115448,30,4.383150988862875
3428,405,273,-98,76,124.01612798341996,131.49452966588623,30,111.0849769115448,30,4.383150988862875
3429,521,290,116,17,117.23907198540937,131.49452966588623,30,111.0849769115448,30,4.383150988862875
3430,541,211,20,-79,81.49233092751734,131.49452966588623,30,111.0849769115448,30,4.383150988862875
3431,,,,,,131.49452966588623,30,111.0849769115448,30,4.383150988862875
3432,449,305,-92,94,131.52946437965906,131.49452966588623,30,111.0849769115448,30,4.383150988862875
3433,539,257,90,-48,102.0,131.49452966588623,30,111.0849769115448,30,4.383150988862875
3434,487,197,-52,-60,79.39773296511683,131.49452966588623,30,111.0849769115448,30,4.383150988862875
3435,407,282,-80,85,116.72617529928752,131.49452966588623,30,111.0849769115448,30,4.383150988862875
3436,532,282,125,0,125.0,131.49452966588623,30,111.0849769115448,30,4.383150988862875
3437,532,205,0,-77,77.0,131.49452966588623,30,111.0849769115448,30,4.383150988862875
3438,398,256,-134,51,143.37712509323097,131.49452966588623,30,111.0849769115448,30,4.383150988862875
3439,461,305,63,49,79.81227975693966,131.49452966588623,30,111.0849769115448,30,4.383150988862875
3440,,,,,,131.49452966588623,30,111.0849769115448,30,4.383150988862875
3441,471,199,10,-106,106.47065323364932,131.49452966588623,30,111.0849769115448,30,4.383150988862875
3442,425,300,-46,101,110.98198051936178,131.49452966588623,30,111.0849769115448,30,4.383150988862875
3443,537,274,112,-26,114.97825881443848,131.49452966588623,30,111.0849769115448,30,4.383150988862875
3444,519,200,-18,-74,76.15773105863909,131.49452966588623,30,111.0849769115448,30,4.383150988862875
3445,401,265,-118,65,134.71822445385777,131.49452966588623,30,111.0849769115448,30,4.383150988862875
3446,513,298,112,33,116.76043850551436,131.49452966588623,30,111.0849769115448,30,4.383150988862875
3447,542,218,29,-80,85.09406559801923,131.49452966588623,30,111.0849769115448,30,4.383150988862875
3448,461,203,-81,-15,82.37718130647589,131.49452966588623,30,111.0849769115448,30,4.383150988862875
3449,441,304,-20,101,102.96115772464877,131.49452966588623,30,111.0849769115448,30,4.383150988862875
3450,536,267,95,-37,101.95096860746347,131.49452966588623,30,111.0849769115448,30,4.383150988862875
3451,505,197,-31,-70,76.55716818169282,131.49452966588623,30,111.0849769115448,30,4.383150988862875
3452,407,271,-98,74,122.80065146407001,131.49452966588623,30,111.0849769115448,30,4.383150988862875
3453,522,292,115,21,116.90166808048549,131.49452966588623,30,111.0849769115448,30,4.383150988862875
3454,540,212,18,-80,82.0,131.49452966588623,30,111.0849769115448,30,4.383150988862875
3455,451,207,-89,-5,89.1403387922662,131.49452966588623,30,111.0849769115448,30,4.383150988862875
3456,452,306,1,99,99.00505037623081,131.49452966588623,30,111.0849769115448,30,4.383150988862875
3457,537,259,85,-47,97.12878049270464,131.49452966588623,30,111.0849769115448,30,4.383150988862875
3458,493,197,-44,-62,76.02631123499285,131.49452966588623,30,111.0849769115448,30,4.383150988862875
3459,407,279,-86,82,118.82760622010359,131.49452966588623,30,111.0849769115448,30,4.383150988862875
3460,526,284,119,5,119.10499569707393,131.49452966588623,30,111.0849769115448,30,4.383150988862875
3461,536,207,10,-77,77.64663547121665,131.49452966588623,30,111.0849769115448,30,4.383150988862875
3462,402,253,-134,46,141.6756859873987,131.49452966588623,30,111.0849769115448,30,4.383150988862875
3463,450,306,48,53,71.50524456289902,131.49452966588623,30,111.0849769115448,30,4.383150988862875
3464,,,,,,131.49452966588623,30,111.0849769115448,30,4.383150988862875
3465,478,198,28,-108,111.57060544785082,131.49452966588623,30,111.0849769115448,30,4.383150988862875
3466,426,300,-52,102,114.49017425089369,131.49452966588623,30,111.0849769115448,30,4.383150988862875
3467,537,273,111,-27,114.23659658795863,131.49452966588623,30,111.0849769115448,30,4.383150988862875
3468,520,200,-17,-73,74.95331880577403,131.49452966588623,30,111.0849769115448,30,4.383150988862875
3469,400,266,-120,66,136.95254652615992,131.49452966588623,30,111.0849769115448,30,4.383150988862875
3470,510,298,110,32,114.56002793295748,131.49452966588623,30,111.0849769115448,30,4.383150988862875
3471,544,218,34,-80,86.92525524840292,131.49452966588623,30,111.0849769115448,30,4.383150988862875
3472,456,203,-88,-15,89.26925562588724,131.49452966588623,30,111.0849769115448,30,4.383150988862875
3473,440,305,-16,102,103.24727599312246,131.49452966588623,30,111.0849769115448,30,4.383150988862875
3474,539,266,99,-39,106.4048871058092,131.49452966588623,30,111.0849769115448,30,4.383150988862875
3475,503,197,-36,-69,77.82673062643708,131.49452966588623,30,111.0849769115448,30,4.383150988862875
3476,404,272,-99,75,124.2014492669067,131.49452966588623,30,111.0849769115448,30,4.383150988862875
3477,524,292,120,20,121.6552506059644,131.49452966588623,30,111.0849769115448,30,4.383150988862875
3478,539,212,15,-80,81.39410298049853,131.49452966588623,30,111.0849769115448,30,4.383150988862875
3479,440,208,-99,-4,99.08077512817509,131.49452966588623,30,111.0849769115448,30,4.383150988862875
3480,454,306,14,98,98.99494936611666,131.49452966588623,30,111.0849769115448,30,4.383150988862875
3481,537,258,83,-48,95.88013350011565,131.49452966588623,30,111.0849769115448,30,4.383150988862875
3482,486,196,-51,-62,80.2807573457052,131.49452966588623,30,111.0849769115448,30,4.383150988862875
3483,412,280,-74,84,111.94641575325224,131.49452966588623,30,111.0849769115448,30,4.383150988862875
3484,531,284,119,4,119.06720791217035,131.49452966588623,30,111.0849769115448,30,4.383150988862875
3485,531,206,0,-78,78.0,131.49452966588623,30,111.0849769115448,30,4.383150988862875
3486,399,254,-132,48,140.4563989286355,131.49452966588623,30,111.0849769115448,30,4.383150988862875
3487,460,306,61,52,80.15609770940699,131.49452966588623,30,111.0849769115448,30,4.383150988862875
3488,,,,,,131.49452966588623,30,111.0849769115448,30,4.383150988862875
3489,475,198,15,-108,109.03669107231748,131.49452966588623,30,111.0849769115448,30,4.383150988862875
3490,423,296,-52,98,110.9414259868693,131.49452966588623,30,111.0849769115448,30,4.383150988862875
3491,534,276,111,-20,112.78741064498288,131.49452966588623,30,111.0849769115448,30,4.383150988862875
3492,522,201,-12,-75,75.95393340703298,131.49452966588623,30,111.0849769115448,30,4.383150988862875
3493,403,264,-119,63,134.6476884316994,131.49452966588623,30,111.0849769115448,30,4.383150988862875
3494,,,,,,131.49452966588623,30,111.0849769115448,30,4.383150988862875
3495,543,220,140,-44,146.75149062275312,131.49452966588623,30,111.0849769115448,30,4.383150988862875
3496,463,201,-80,-19,82.22530024268686,131.49452966588623,30,111.0849769115448,30,4.383150988862875
3497,439,304,-24,103,105.75916035975324,131.49452966588623,30,111.0849769115448,30,4.383150988862875
3498,539,268,100,-36,106.28264204469139,131.49452966588623,30,111.0849769115448,30,4.383150988862875
3499,509,198,-30,-70,76.15773105863909,131.49452966588623,30,111.0849769115448,30,4.383150988862875
3500,404,270,-105,72,127.31457104353767,131.49452966588623,30,111.0849769115448,30,4.383150988862875
3501,519,294,115,24,117.47765745025733,131.49452966588623,30,111.0849769115448,30,4.383150988862875
3502,542,214,23,-80,83.24061508662703,131.49452966588623,30,111.0849769115448,30,4.383150988862875
3503,447,206,-95,-8,95.33624704172071,131.49452966588623,30,111.0849769115448,30,4.383150988862875
3504,449,306,2,100,100.0199980003999,131.49452966588623,30,111.0849769115448,30,4.383150988862875
3505,539,261,90,-45,100.62305898749054,131.49452966588623,30,111.0849769115448,30,4.383150988862875
3506,492,196,-47,-65,80.2122185206219,131.49452966588623,30,111.0849769115448,30,4.383150988862875
3507,406,277,-86,81,118.1397477566293,131.49452966588623,30,111.0849769115448,30,4.383150988862875
3508,530,286,124,9,124.32618388738553,131.49452966588623,30,111.0849769115448,30,4.383150988862875
3509,534,208,4,-78,78.10249675906654,131.49452966588623,30,111.0849769115448,30,4.383150988862875
3510,,,,,,131.49452966588623,30,111.0849769115448,30,4.383150988862875
3511,458,307,-76,99,124.80785231707178,131.49452966588623,30,111.0849769115448,30,4.383150988862875
3512,,,,,,131.49452966588623,30,111.0849769115448,30,4.383150988862875
3513,475,197,17,-110,111.30588483993108,131.49452966588623,30,111.0849769115448,30,4.383150988862875
3514,414,286,-61,89,107.89810007595129,131.49452966588623,30,111.0849769115448,30,4.383150988862875
3515,536,278,122,-8,122.2620137246234,131.49452966588623,30,111.0849769115448,30,4.383150988862875
3516,521,202,-15,-76,77.46612162745726,131.49452966588623,30,111.0849769115448,30,4.383150988862875
3517,401,265,-120,63,135.5322839769182,131.49452966588623,30,111.0849769115448,30,4.383150988862875
3518,518,297,117,32,121.29715577869086,131.49452966588623,30,111.0849769115448,30,4.383150988862875
3519,541,216,23,-81,84.20213774008353,131.49452966588623,30,111.0849769115448,30,4.383150988862875
3520,451,204,-90,-12,90.79647570252934,131.49452966588623,30,111.0849769115448,30,4.383150988862875
3521,449,306,-2,102,102.0196059588548,131.49452966588623,30,111.0849769115448,30,4.383150988862875
3522,537,264,88,-42,97.50897394599124,131.49452966588623,30,111.0849769115448,30,4.383150988862875
3523,497,196,-40,-68,78.89233169326408,131.49452966588623,30,111.0849769115448,30,4.383150988862875
3524,409,273,-88,77,116.93160394008115,131.49452966588623,30,111.0849769115448,30,4.383150988862875
3525,528,290,119,17,120.20815280171308,131.49452966588623,30,111.0849769115448,30,4.383150988862875
3526,536,211,8,-79,79.40403012442127,131.49452966588623,30,111.0849769115448,30,4.383150988862875
3527,,,,,,131.49452966588623,30,111.0849769115448,30,4.383150988862875
3528,456,307,-80,96,124.96399481450646,131.49452966588623,30,111.0849769115448,30,4.383150988862875
3529,539,256,83,-51,97.41663102366043,131.49452966588623,30,111.0849769115448,30,4.383150988862875
3530,484,197,-55,-59,80.65977932030313,131.49452966588623,30,111.0849769115448,30,4.383150988862875
3531,410,283,-74,86,113.45483682946268,131.49452966588623,30,111.0849769115448,30,4.383150988862875
3532,531,282,121,-1,121.00413216084813,131.49452966588623,30,111.0849769115448,30,4.383150988862875
3533,530,205,-1,-77,77.00649323271382,131.49452966588623,30,111.0849769115448,30,4.383150988862875
3534,401,258,-129,53,139.46325680981354,131.49452966588623,30,111.0849769115448,30,4.383150988862875
3535,,,,,,131.49452966588623,30,111.0849769115448,30,4.383150988862875
3536,,,,,,131.49452966588623,30,111.0849769115448,30,4.383150988862875
3537,471,199,70,-59,91.54780172128658,131.49452966588623,30,111.0849769115448,30,4.383150988862875
3538,430,303,-41,104,111.7899816620434,131.49452966588623,30,111.0849769115448,30,4.383150988862875
3539,538,274,108,-29,111.8257573191436,131.49452966588623,30,111.0849769115448,30,4.383150988862875
3540,519,200,-19,-74,76.40026177965623,131.49452966588623,30,111.0849769115448,30,4.383150988862875
3541,401,266,-118,66,135.20355024924456,131.49452966588623,30,111.0849769115448,30,4.383150988862875
3542,516,296,115,30,118.84864324004712,131.49452966588623,30,111.0849769115448,30,4.383150988862875
3543,542,215,26,-81,85.07055894961546,131.49452966588623,30,111.0849769115448,30,4.383150988862875
3544,450,204,-92,-11,92.65527507918802,131.49452966588623,30,111.0849769115448,30,4.383150988862875
3545,446,306,-4,102,102.07840124139877,131.49452966588623,30,111.0849769115448,30,4.383150988862875
3546,539,264,93,-42,102.04410811016969,131.49452966588623,30,111.0849769115448,30,4.383150988862875
3547,495,196,-44,-68,80.99382692526635,131.49452966588623,30,111.0849769115448,30,4.383150988862875
3548,405,274,-90,78,119.09659944767525,131.49452966588623,30,111.0849769115448,30,4.383150988862875
3549,529,289,124,15,124.90396310766124,131.49452966588623,30,111.0849769115448,30,4.383150988862875
3550,536,210,7,-79,79.30952023559341,131.49452966588623,30,111.0849769115448,30,4.383150988862875
3551,,,,,,131.49452966588623,30,111.0849769115448,30,4.383150988862875
3552,458,307,-78,97,124.47088012864695,131.49452966588623,30,111.0849769115448,30,4.383150988862875
3553,539,258,81,-49,94.66784036831093,131.49452966588623,30,111.0849769115448,30,4.383150988862875
3554,479,197,-60,-61,85.56284240252891,131.49452966588623,30,111.0849769115448,30,4.383150988862875
3555,413,284,-66,87,109.20164833920778,131.49452966588623,30,111.0849769115448,30,4.383150988862875
3556,535,281,122,-3,122.03687967167957,131.49452966588623,30,111.0849769115448,30,4.383150988862875
3557,526,204,-9,-77,77.52418977325722,131.49452966588623,30,111.0849769115448,30,4.383150988862875
3558,399,258,-127,54,138.00362314084367,131.49452966588623,30,111.0849769115448,30,4.383150988862875
3559,,,,,,131.49452966588623,30,111.0849769115448,30,4.383150988862875
3560,,,,,,131.49452966588623,30,111.0849769115448,30,4.383150988862875
3561,468,199,69,-59,90.78546139112804,131.49452966588623,30,111.0849769115448,30,4.383150988862875
3562,435,304,-33,105,110.06361796706484,131.49452966588623,30,111.0849769115448,30,4.383150988862875
3563,537,273,102,-31,106.60675400742676,131.49452966588623,30,111.0849769115448,30,4.383150988862875
3564,516,200,-21,-73,75.96051605933177,131.49452966588623,30,111.0849769115448,30,4.383150988862875
3565,406,266,-110,66,128.2809416865966,131.49452966588623,30,111.0849769115448,30,4.383150988862875
3566,516,298,110,32,114.56002793295748,131.49452966588623,30,111.0849769115448,30,4.383150988862875
3567,540,218,24,-80,83.5224520712844,131.49452966588623,30,111.0849769115448,30,4.383150988862875
3568,458,203,-82,-15,83.3606621854697,131.49452966588623,30,111.0849769115448,30,4.383150988862875
3569,446,306,-12,103,103.69667304209909,131.49452966588623,30,111.0849769115448,30,4.383150988862875
3570,539,266,93,-40,101.23734488813898,131.49452966588623,30,111.0849769115448,30,4.383150988862875
3571,502,197,-37,-69,78.29431652425353,131.49452966588623,30,111.0849769115448,30,4.383150988862875
3572,405,272,-97,75,122.61321299109652,131.49452966588623,30,111.0849769115448,30,4.383150988862875
3573,524,292,119,20,120.66896867049125,131.49452966588623,30,111.0849769115448,30,4.383150988862875
3574,539,212,15,-80,81.39410298049853,131.49452966588623,30,111.0849769115448,30,4.383150988862875
3575,440,207,-99,-5,99.12618221237011,131.49452966588623,30,111.0849769115448,30,4.383150988862875
3576,453,307,13,100,100.84145972763385,131.49452966588623,30,111.0849769115448,30,4.383150988862875
3577,540,259,87,-48,99.36297097007517,131.49452966588623,30,111.0849769115448,30,4.383150988862875
3578,485,197,-55,-62,82.87943049997388,131.49452966588623,30,111.0849769115448,30,4.383150988862875
3579,408,280,-77,83,113.21660655575224,131.49452966588623,30,111.0849769115448,30,4.383150988862875
3580,533,284,125,4,125.06398362438324,131.49452966588623,30,111.0849769115448,30,4.383150988862875
3581,531,206,-2,-78,78.02563681252464,131.49452966588623,30,111.0849769115448,30,4.383150988862875
3582,398,256,-133,50,142.08800090085018,131.49452966588623,30,111.0849769115448,30,4.383150988862875
3583,460,307,62,51,80.2807573457052,131.49452966588623,30,111.0849769115448,30,4.383150988862875
3584,,,,,,131.49452966588623,30,111.0849769115448,30,4.383150988862875
3585,468,198,8,-109,109.29318368498559,131.49452966588623,30,111.0849769115448,30,4.383150988862875
3586,430,302,-38,104,110.72488428533127,131.49452966588623,30,111.0849769115448,30,4.383150988862875
3587,539,274,109,-28,112.53888216967503,131.49452966588623,30,111.0849769115448,30,4.383150988862875
3588,516,200,-23,-74,77.4919350642375,131.49452966588623,30,111.0849769115448,30,4.383150988862875
3589,402,266,-114,66,131.7269904006009,131.49452966588623,30,111.0849769115448,30,4.383150988862875
3590,517,299,115,33,119.64113005150027,131.49452966588623,30,111.0849769115448,30,4.383150988862875
3591,540,219,23,-80,83.24061508662703,131.49452966588623,30,111.0849769115448,30,4.383150988862875
3592,455,203,-85,-16,86.49277426467485,131.49452966588623,30,111.0849769115448,30,4.383150988862875
3593,445,306,-10,103,103.4842983258813,131.49452966588623,30,111.0849769115448,30,4.383150988862875
3594,538,267,93,-39,100.84641788382967,131.49452966588623,30,111.0849769115448,30,4.383150988862875
3595,500,197,-38,-70,79.64923100695951,131.49452966588623,30,111.0849769115448,30,4.383150988862875
3596,409,272,-91,75,117.92370414806346,131.49452966588623,30,111.0849769115448,30,4.383150988862875
3597,527,292,118,20,119.68291440301745,131.49452966588623,30,111.0849769115448,30,4.383150988862875
3598,536,212,9,-80,80.50465825031493,131.49452966588623,30,111.0849769115448,30,4.383150988862875
3599,446,208,-90,-4,90.08884503644167,131.49452966588623,30,111.0849769115448,30,4.383150988862875
3600,457,308,11,100,100.60318086422517,131.49452966588623,30,111.0849769115448,30,4.383150988862875
3601,539,259,82,-49,95.524865872714,131.49452966588623,30,111.0849769115448,30,4.383150988862875
3602,486,197,-53,-62,81.5659242576212,131.49452966588623,30,111.0849769115448,30,4.383150988862875
3603,409,280,-77,83,113.21660655575224,131.49452966588623,30,111.0849769115448,30,4.383150988862875
3604,531,284,122,4,122.06555615733703,131.49452966588623,30,111.0849769115448,30,4.383150988862875
3605,531,206,0,-78,78.0,131.49452966588623,30,111.0849769115448,30,4.383150988862875
3606,401,256,-130,50,139.2838827718412,131.49452966588623,30,111.0849769115448,30,4.383150988862875
3607,,,,,,131.49452966588623,30,111.0849769115448,30,4.383150988862875
3608,,,,,,131.49452966588623,30,111.0849769115448,30,4.383150988862875
3609,472,199,71,-57,91.0494371207203,131.49452966588623,30,111.0849769115448,30,4.383150988862875
3610,426,301,-46,102,111.89280584559492,131.49452966588623,30,111.0849769115448,30,4.383150988862875
3611,538,276,112,-25,114.75626344561765,131.49452966588623,30,111.0849769115448,30,4.383150988862875
3612,521,201,-17,-75,76.90253571892151,131.49452966588623,30,111.0849769115448,30,4.383150988862875
3613,401,265,-120,64,136.0,131.49452966588623,30,111.0849769115448,30,4.383150988862875
3614,,,,,,131.49452966588623,30,111.0849769115448,30,4.383150988862875
3615,543,220,142,-45,148.95972610071487,131.49452966588623,30,111.0849769115448,30,4.383150988862875
3616,456,202,-87,-18,88.84255736976509,131.49452966588623,30,111.0849769115448,30,4.383150988862875
3617,440,306,-16,104,105.22357150372724,131.49452966588623,30,111.0849769115448,30,4.383150988862875
3618,540,268,100,-38,106.97663296253066,131.49452966588623,30,111.0849769115448,30,4.383150988862875
3619,504,198,-36,-70,78.71467461661771,131.49452966588623,30,111.0849769115448,30,4.383150988862875
3620,405,270,-99,72,122.41323457861898,131.49452966588623,30,111.0849769115448,30,4.383150988862875
3621,525,294,120,24,122.37646832622684,131.49452966588623,30,111.0849769115448,30,4.383150988862875
3622,539,213,14,-81,82.20097323024831,131.49452966588623,30,111.0849769115448,30,4.383150988862875
3623,444,206,-95,-7,95.25754563287887,131.49452966588623,30,111.0849769115448,30,4.383150988862875
3624,454,307,10,101,101.49384217774002,131.49452966588623,30,111.0849769115448,30,4.383150988862875
3625,538,260,84,-47,96.25487000666512,131.49452966588623,30,111.0849769115448,30,4.383150988862875
3626,486,196,-52,-64,82.46211251235322,131.49452966588623,30,111.0849769115448,30,4.383150988862875
3627,412,279,-74,83,111.19802156513397,131.49452966588623,30,111.0849769115448,30,4.383150988862875
3628,532,285,120,6,120.14990636700472,131.49452966588623,30,111.0849769115448,30,4.383150988862875
3629,530,207,-2,-78,78.02563681252464,131.49452966588623,30,111.0849769115448,30,4.383150988862875
3630,399,255,-131,48,139.51702405083043,131.49452966588623,30,111.0849769115448,30,4.383150988862875
3631,462,308,63,53,82.3286098510111,131.49452966588623,30,111.0849769115448,30,4.383150988862875
3632,,,,,,131.49452966588623,30,111.0849769115448,30,4.383150988862875
3633,474,199,12,-109,109.65856099730654,131.49452966588623,30,111.0849769115448,30,4.383150988862875
3634,426,299,-48,100,110.92339699089638,131.49452966588623,30,111.0849769115448,30,4.383150988862875
3635,535,276,109,-23,111.40017953306898,131.49452966588623,30,111.0849769115448,30,4.383150988862875
3636,522,202,-13,-74,75.13321502504735,131.49452966588623,30,111.0849769115448,30,4.383150988862875
3637,404,264,-118,62,133.29666162361306,131.49452966588623,30,111.0849769115448,30,4.383150988862875
3638,,,,,,131.49452966588623,30,111.0849769115448,30,4.383150988862875
3639,542,220,138,-44,144.84474446799925,131.49452966588623,30,111.0849769115448,30,4.383150988862875
3640,462,202,-80,-18,82.0,131.49452966588623,30,111.0849769115448,30,4.383150988862875
3641,440,305,-22,103,105.32331175955302,131.49452966588623,30,111.0849769115448,30,4.383150988862875
3642,539,269,99,-36,105.34229919647663,131.49452966588623,30,111.0849769115448,30,4.383150988862875
3643,509,198,-30,-71,77.07788269017254,131.49452966588623,30,111.0849769115448,30,4.383150988862875
3644,404,270,-105,72,127.31457104353767,131.49452966588623,30,111.0849769115448,30,4.383150988862875
3645,520,294,116,24,118.45674315968678,131.49452966588623,30,111.0849769115448,30,4.383150988862875
3646,541,214,21,-80,82.71033792700887,131.49452966588623,30,111.0849769115448,30,4.383150988862875
3647,446,206,-95,-8,95.33624704172071,131.49452966588623,30,111.0849769115448,30,4.383150988862875
3648,452,307,6,101,101.17806086301516,131.49452966588623,30,111.0849769115448,30,4.383150988862875
3649,540,257,88,-50,101.21264743103995,131.49452966588623,30,111.0849769115448,30,4.383150988862875
3650,485,198,-55,-59,80.65977932030313,131.49452966588623,30,111.0849769115448,30,4.383150988862875
3651,408,283,-77,85,114.69088891450794,131.49452966588623,30,111.0849769115448,30,4.383150988862875
3652,533,283,125,0,125.0,131.49452966588623,30,111.0849769115448,30,4.383150988862875
3653,530,206,-3,-77,77.05841939723393,131.49452966588623,30,111.0849769115448,30,4.383150988862875
3654,398,257,-132,51,141.50971698084905,131.49452966588623,30,111.0849769115448,30,4.383150988862875
3655,457,307,59,50,77.33692520394123,131.49452966588623,30,111.0849769115448,30,4.383150988862875
3656,,,,,,131.49452966588623,30,111.0849769115448,30,4.383150988862875
3657,469,199,12,-108,108.664621657649,131.49452966588623,30,111.0849769115448,30,4.383150988862875
3658,427,302,-42,103,111.23398761170077,131.49452966588623,30,111.0849769115448,30,4.383150988862875
3659,538,274,111,-28,114.47707194019246,131.49452966588623,30,111.0849769115448,30,4.383150988862875
3660,517,201,-21,-73,75.96051605933177,131.49452966588623,30,111.0849769115448,30,4.383150988862875
3661,403,265,-114,64,130.73637596323374,131.49452966588623,30,111.0849769115448,30,4.383150988862875
3662,,,,,,131.49452966588623,30,111.0849769115448,30,4.383150988862875
3663,541,219,138,-46,145.46477236774544,131.49452966588623,30,111.0849769115448,30,4.383150988862875
3664,458,203,-83,-16,84.52810183601665,131.49452966588623,30,111.0849769115448,30,4.383150988862875
3665,443,306,-15,103,104.08650248711405,131.49452966588623,30,111.0849769115448,30,4.383150988862875
3666,537,267,94,-39,101.76934705499491,131.49452966588623,30,111.0849769115448,30,4.383150988862875
3667,503,198,-34,-69,76.92203845452875,131.49452966588623,30,111.0849769115448,30,4.383150988862875
3668,408,272,-95,74,120.42009799032718,131.49452966588623,30,111.0849769115448,30,4.383150988862875
3669,529,289,121,17,122.18837915284743,131.49452966588623,30,111.0849769115448,30,4.383150988862875
3670,535,210,6,-79,79.22752047110903,131.49452966588623,30,111.0849769115448,30,4.383150988862875
3671,,,,,,131.49452966588623,30,111.0849769115448,30,4.383150988862875
3672,456,308,-79,98,125.87692401707312,131.49452966588623,30,111.0849769115448,30,4.383150988862875
3673,,,,,,131.49452966588623,30,111.0849769115448,30,4.383150988862875
3674,483,198,27,-110,113.26517558367179,131.49452966588623,30,111.0849769115448,30,4.383150988862875
3675,411,286,-72,88,113.70136322841516,131.49452966588623,30,111.0849769115448,30,4.383150988862875
3676,532,281,121,-5,121.10326172320876,131.49452966588623,30,111.0849769115448,30,4.383150988862875
3677,530,205,-2,-76,76.02631123499285,131.49452966588623,30,111.0849769115448,30,4.383150988862875
3678,402,259,-128,54,138.92443989449805,131.49452966588623,30,111.0849769115448,30,4.383150988862875
3679,,,,,,131.49452966588623,30,111.0849769115448,30,4.383150988862875
3680,,,,,,131.49452966588623,30,111.0849769115448,30,4.383150988862875
3681,471,200,69,-59,90.78546139112804,131.49452966588623,30,111.0849769115448,30,4.383150988862875
3682,431,304,-40,104,111.42710621747295,131.49452966588623,30,111.0849769115448,30,4.383150988862875
3683,538,273,107,-31,111.40017953306898,131.49452966588623,30,111.0849769115448,30,4.383150988862875
3684,518,200,-20,-73,75.69015788066504,131.49452966588623,30,111.0849769115448,30,4.383150988862875
3685,402,267,-116,67,133.9589489358587,131.49452966588623,30,111.0849769115448,30,4.383150988862875
3686,,,,,,131.49452966588623,30,111.0849769115448,30,4.383150988862875
3687,543,217,141,-50,149.60280746028798,131.49452966588623,30,111.0849769115448,30,4.383150988862875
3688,455,204,-88,-13,88.95504482602435,131.49452966588623,30,111.0849769115448,30,4.383150988862875
3689,440,306,-15,102,103.0970416646375,131.49452966588623,30,111.0849769115448,30,4.383150988862875
3690,538,265,98,-41,106.23088063270491,131.49452966588623,30,111.0849769115448,30,4.383150988862875
3691,501,197,-37,-68,77.41446893184762,131.49452966588623,30,111.0849769115448,30,4.383150988862875
3692,404,274,-97,77,123.84667940643382,131.49452966588623,30,111.0849769115448,30,4.383150988862875
3693,526,291,122,17,123.17873193047572,131.49452966588623,30,111.0849769115448,30,4.383150988862875
3694,538,211,12,-80,80.89499366462674,131.49452966588623,30,111.0849769115448,30,4.383150988862875
3695,,,,,,131.49452966588623,30,111.0849769115448,30,4.383150988862875
3696,454,308,-84,97,128.3160161476345,131.49452966588623,30,111.0849769115448,30,4.383150988862875
3697,,,,,,131.49452966588623,30,111.0849769115448,30,4.383150988862875
3698,484,197,30,-111,114.9826073804208,131.49452966588623,30,111.0849769115448,30,4.383150988862875
3699,412,284,-72,87,112.92918134831227,131.49452966588623,30,111.0849769115448,30,4.383150988862875
3700,533,283,121,-1,121.00413216084813,131.49452966588623,30,111.0849769115448,30,4.383150988862875
3701,529,205,-4,-78,78.10249675906654,131.49452966588623,30,111.0849769115448,30,4.383150988862875
3702,400,257,-129,52,139.08630414242805,131.49452966588623,30,111.0849769115448,30,4.383150988862875
3703,,,,,,131.49452966588623,30,111.0849769115448,30,4.383150988862875
3704,,,,,,131.49452966588623,30,111.0849769115448,30,4.383150988862875
3705,473,200,73,-57,92.61749294814668,131.49452966588623,30,111.0849769115448,30,4.383150988862875
3706,429,302,-44,102,111.08555261599052,131.49452966588623,30,111.0849769115448,30,4.383150988862875
3707,535,274,106,-28,109.63576058932597,131.49452966588623,30,111.0849769115448,30,4.383150988862875
3708,520,201,-15,-73,74.52516353554684,131.49452966588623,30,111.0849769115448,30,4.383150988862875
3709,405,266,-115,65,132.09844813622905,131.49452966588623,30,111.0849769115448,30,4.383150988862875
3710,,,,,,131.49452966588623,30,111.0849769115448,30,4.383150988862875
3711,542,218,137,-48,145.16542288024377,131.49452966588623,30,111.0849769115448,30,4.383150988862875
3712,464,203,-78,-15,79.42921376924235,131.49452966588623,30,111.0849769115448,30,4.383150988862875
3713,440,306,-24,103,105.75916035975324,131.49452966588623,30,111.0849769115448,30,4.383150988862875
3714,537,267,97,-39,104.546640309481,131.49452966588623,30,111.0849769115448,30,4.383150988862875
3715,507,198,-30,-69,75.23961722390672,131.49452966588623,30,111.0849769115448,30,4.383150988862875
3716,404,272,-103,74,126.82665335015349,131.49452966588623,30,111.0849769115448,30,4.383150988862875
3717,520,292,116,20,117.71151175649729,131.49452966588623,30,111.0849769115448,30,4.383150988862875
3718,541,212,21,-80,82.71033792700887,131.49452966588623,30,111.0849769115448,30,4.383150988862875
3719,,,,,,131.49452966588623,30,111.0849769115448,30,4.383150988862875
3720,449,308,-92,96,132.9661611087573,131.49452966588623,30,111.0849769115448,30,4.383150988862875
3721,,,,,,131.49452966588623,30,111.0849769115448,30,4.383150988862875
3722,489,197,40,-111,117.98728745080972,131.49452966588623,30,111.0849769115448,30,4.383150988862875
3723,407,283,-82,86,118.82760622010359,131.49452966588623,30,111.0849769115448,30,4.383150988862875
3724,532,284,125,1,125.00399993600205,131.49452966588623,30,111.0849769115448,30,4.383150988862875
3725,533,206,1,-78,78.00640999302557,131.49452966588623,30,111.0849769115448,30,4.383150988862875
3726,398,255,-135,49,143.6175476743702,131.49452966588623,30,111.0849769115448,30,4.383150988862875
3727,457,308,59,53,79.30952023559341,131.49452966588623,30,111.0849769115448,30,4.383150988862875
3728,,,,,,131.49452966588623,30,111.0849769115448,30,4.383150988862875
3729,473,199,16,-109,110.16805344563369,131.49452966588623,30,111.0849769115448,30,4.383150988862875
3730,421,299,-52,100,112.71202242884297,131.49452966588623,30,111.0849769115448,30,4.383150988862875
3731,536,276,115,-23,117.27744881263405,131.49452966588623,30,111.0849769115448,30,4.383150988862875
3732,521,201,-15,-75,76.48529270389177,131.49452966588623,30,111.0849769115448,30,4.383150988862875
3733,403,265,-118,64,134.23859355639868,131.49452966588623,30,111.0849769115448,30,4.383150988862875
3734,,,,,,131.49452966588623,30,111.0849769115448,30,4.383150988862875
3735,542,218,139,-47,146.7310464761974,131.49452966588623,30,111.0849769115448,30,4.383150988862875
3736,463,203,-79,-15,80.4114419718985,131.49452966588623,30,111.0849769115448,30,4.383150988862875
3737,440,307,-23,104,106.51291001564083,131.49452966588623,30,111.0849769115448,30,4.383150988862875
3738,535,268,95,-39,102.69371937952194,131.49452966588623,30,111.0849769115448,30,4.383150988862875
3739,507,198,-28,-70,75.39230729988306,131.49452966588623,30,111.0849769115448,30,4.383150988862875
3740,407,272,-100,74,124.4025723206719,131.49452966588623,30,111.0849769115448,30,4.383150988862875
3741,519,294,112,22,114.1402645870422,131.49452966588623,30,111.0849769115448,30,4.383150988862875
3742,539,213,20,-81,83.43260753446461,131.49452966588623,30,111.0849769115448,30,4.383150988862875
3743,,,,,,131.49452966588623,30,111.0849769115448,30,4.383150988862875
3744,453,308,-86,95,128.14444974324874,131.49452966588623,30,111.0849769115448,30,4.383150988862875
3745,538,261,85,-47,97.12878049270464,131.49452966588623,30,111.0849769115448,30,4.383150988862875
3746,494,197,-44,-64,77.6659513557904,131.49452966588623,30,111.0849769115448,30,4.383150988862875
3747,408,281,-86,84,120.21647141718975,131.49452966588623,30,111.0849769115448,30,4.383150988862875
3748,526,286,118,5,118.10588469674151,131.49452966588623,30,111.0849769115448,30,4.383150988862875
3749,536,207,10,-79,79.63039620647382,131.49452966588623,30,111.0849769115448,30,4.383150988862875
3750,402,253,-134,46,141.6756859873987,131.49452966588623,30,111.0849769115448,30,4.383150988862875
3751,451,308,49,55,73.66138744281159,131.49452966588623,30,111.0849769115448,30,4.383150988862875
3752,,,,,,131.49452966588623,30,111.0849769115448,30,4.383150988862875
3753,479,199,28,-109,112.53888216967503,131.49452966588623,30,111.0849769115448,30,4.383150988862875
3754,413,294,-66,95,115.67627241573788,131.49452966588623,30,111.0849769115448,30,4.383150988862875
3755,535,278,122,-16,123.0447073221762,131.49452966588623,30,111.0849769115448,30,4.383150988862875
3756,526,202,-9,-76,76.53103945458993,131.49452966588623,30,111.0849769115448,30,4.383150988862875
3757,401,263,-125,61,139.0898989862312,131.49452966588623,30,111.0849769115448,30,4.383150988862875
3758,,,,,,131.49452966588623,30,111.0849769115448,30,4.383150988862875
3759,,,,,,131.49452966588623,30,111.0849769115448,30,4.383150988862875
3760,463,202,62,-61,86.97700845625813,131.49452966588623,30,111.0849769115448,30,4.383150988862875
3761,433,306,-30,104,108.24047302187847,131.49452966588623,30,111.0849769115448,30,4.383150988862875
3762,538,269,105,-37,111.32834320154055,131.49452966588623,30,111.0849769115448,30,4.383150988862875
3763,510,198,-28,-71,76.32168761236873,131.49452966588623,30,111.0849769115448,30,4.383150988862875
3764,404,270,-106,72,128.14054783713078,131.49452966588623,30,111.0849769115448,30,4.383150988862875
3765,518,295,114,25,116.70903992407786,131.49452966588623,30,111.0849769115448,30,4.383150988862875
3766,540,214,22,-81,83.93449827097318,131.49452966588623,30,111.0849769115448,30,4.383150988862875
3767,452,206,-88,-8,88.36288813749809,131.49452966588623,30,111.0849769115448,30,4.383150988862875
3768,455,309,3,103,103.04368005850722,131.49452966588623,30,111.0849769115448,30,4.383150988862875
3769,,,,,,131.49452966588623,30,111.0849769115448,30,4.383150988862875
3770,488,197,33,-112,116.76043850551436,131.49452966588623,30,111.0849769115448,30,4.383150988862875
3771,411,284,-77,87,116.18089343777659,131.49452966588623,30,111.0849769115448,30,4.383150988862875
3772,529,285,118,1,118.00423721205946,131.49452966588623,30,111.0849769115448,30,4.383150988862875
3773,531,206,2,-79,79.02531240052139,131.49452966588623,30,111.0849769115448,30,4.383150988862875
3774,400,255,-131,49,139.86421987055874,131.49452966588623,30,111.0849769115448,30,4.383150988862875
3775,461,309,61,54,81.46778504415104,131.49452966588623,30,111.0849769115448,30,4.383150988862875
3776,,,,,,131.49452966588623,30,111.0849769115448,30,4.383150988862875
3777,478,200,17,-109,110.3177229641729,131.49452966588623,30,111.0849769115448,30,4.383150988862875
3778,421,299,-57,99,114.23659658795863,131.49452966588623,30,111.0849769115448,30,4.383150988862875
3779,533,277,112,-22,114.1402645870422,131.49452966588623,30,111.0849769115448,30,4.383150988862875
3780,523,201,-10,-76,76.6550715869472,131.49452966588623,30,111.0849769115448,30,4.383150988862875
3781,406,265,-117,64,133.3604139165742,131.49452966588623,30,111.0849769115448,30,4.383150988862875
3782,508,301,102,36,108.16653826391968,131.49452966588623,30,111.0849769115448,30,4.383150988862875
3783,541,215,33,-86,92.11405973031478,131.49452966588623,30,111.0849769115448,30,4.383150988862875
3784,462,205,-79,-10,79.63039620647382,131.49452966588623,30,111.0849769115448,30,4.383150988862875
3785,450,308,-12,103,103.69667304209909,131.49452966588623,30,111.0849769115448,30,4.383150988862875
3786,538,261,88,-47,99.76472322419383,131.49452966588623,30,111.0849769115448,30,4.383150988862875
3787,497,197,-41,-64,76.00657866263946,131.49452966588623,30,111.0849769115448,30,4.383150988862875
3788,407,280,-90,83,122.42957159118053,131.49452966588623,30,111.0849769115448,30,4.383150988862875
3789,524,288,117,8,117.27318534089538,131.49452966588623,30,111.0849769115448,30,4.383150988862875
3790,538,208,14,-80,81.21576201698781,131.49452966588623,30,111.0849769115448,30,4.383150988862875
3791,403,251,-135,43,141.6827441857335,131.49452966588623,30,111.0849769115448,30,4.383150988862875
3792,455,309,52,58,77.89736837660179,131.49452966588623,30,111.0849769115448,30,4.383150988862875
3793,,,,,,131.49452966588623,30,111.0849769115448,30,4.383150988862875
3794,482,199,27,-110,113.26517558367179,131.49452966588623,30,111.0849769115448,30,4.383150988862875
3795,410,292,-72,93,117.61377470347595,131.49452966588623,30,111.0849769115448,30,4.383150988862875
3796,533,280,123,-12,123.58397954427588,131.49452966588623,30,111.0849769115448,30,4.383150988862875
3797,528,203,-5,-77,77.1621668954417,131.49452966588623,30,111.0849769115448,30,4.383150988862875
3798,401,261,-127,58,139.61733416735902,131.49452966588623,30,111.0849769115448,30,4.383150988862875
3799,,,,,,131.49452966588623,30,111.0849769115448,30,4.383150988862875
3800,,,,,,131.49452966588623,30,111.0849769115448,30,4.383150988862875
3801,466,202,65,-59,87.78382538941898,131.49452966588623,30,111.0849769115448,30,4.383150988862875
3802,429,305,-37,103,109.4440496326776,131.49452966588623,30,111.0849769115448,30,4.383150988862875
3803,536,273,107,-32,111.68258592994702,131.49452966588623,30,111.0849769115448,30,4.383150988862875
3804,514,199,-22,-74,77.20103626247513,131.49452966588623,30,111.0849769115448,30,4.383150988862875
3805,404,268,-110,69,129.84991336154215,131.49452966588623,30,111.0849769115448,30,4.383150988862875
3806,518,295,114,27,117.15374513859982,131.49452966588623,30,111.0849769115448,30,4.383150988862875
3807,541,213,23,-82,85.16454661418682,131.49452966588623,30,111.0849769115448,30,4.383150988862875
3808,,,,,,131.49452966588623,30,111.0849769115448,30,4.383150988862875
3809,453,309,-88,96,130.23056476879765,131.49452966588623,30,111.0849769115448,30,4.383150988862875
3810,538,262,85,-47,97.12878049270464,131.49452966588623,30,111.0849769115448,30,4.383150988862875
3811,492,197,-46,-65,79.63039620647382,131.49452966588623,30,111.0849769115448,30,4.383150988862875
3812,410,283,-82,86,118.82760622010359,131.49452966588623,30,111.0849769115448,30,4.383150988862875
3813,527,287,117,4,117.06835610018618,131.49452966588623,30,111.0849769115448,30,4.383150988862875
3814,534,207,7,-80,80.30566605165541,131.49452966588623,30,111.0849769115448,30,4.383150988862875
3815,401,253,-133,46,140.73023839957068,131.49452966588623,30,111.0849769115448,30,4.383150988862875
3816,463,309,62,56,83.54639429682169,131.49452966588623,30,111.0849769115448,30,4.383150988862875
3817,,,,,,131.49452966588623,30,111.0849769115448,30,4.383150988862875
3818,481,199,18,-110,111.46299834474219,131.49452966588623,30,111.0849769115448,30,4.383150988862875
3819,426,302,-55,103,116.76472069936193,131.49452966588623,30,111.0849769115448,30,4.383150988862875
3820,534,276,108,-26,111.08555261599052,131.49452966588623,30,111.0849769115448,30,4.383150988862875
3821,520,200,-14,-76,77.27871634544663,131.49452966588623,30,111.0849769115448,30,4.383150988862875
3822,406,266,-114,66,131.7269904006009,131.49452966588623,30,111.0849769115448,30,4.383150988862875
3823,509,299,103,33,108.15729286552988,131.49452966588623,30,111.0849769115448,30,4.383150988862875
3824,542,216,33,-83,89.31965069345043,131.49452966588623,30,111.0849769115448,30,4.383150988862875
3825,466,205,-76,-11,76.79192665899195,131.49452966588623,30,111.0849769115448,30,4.383150988862875
3826,441,308,-25,103,105.99056561788883,131.49452966588623,30,111.0849769115448,30,4.383150988862875
3827,537,268,96,-40,104.0,131.49452966588623,30,111.0849769115448,30,4.383150988862875
3828,508,198,-29,-70,75.76938695805846,131.49452966588623,30,111.0849769115448,30,4.383150988862875
3829,405,274,-103,76,128.00390619039717,131.49452966588623,30,111.0849769115448,30,4.383150988862875
3830,517,293,112,19,113.6001760562016,131.49452966588623,30,111.0849769115448,30,4.383150988862875
3831,541,211,24,-82,85.44003745317531,131.49452966588623,30,111.0849769115448,30,4.383150988862875
3832,,,,,,131.49452966588623,30,111.0849769115448,30,4.383150988862875
3833,452,309,-89,98,132.38202294873727,131.49452966588623,30,111.0849769115448,30,4.383150988862875
3834,,,,,,131.49452966588623,30,111.0849769115448,30,4.383150988862875
3835,490,198,38,-111,117.32433677630571,131.49452966588623,30,111.0849769115448,30,4.383150988862875
3836,407,285,-83,87,120.24142381059865,131.49452966588623,30,111.0849769115448,30,4.383150988862875
3837,530,285,123,0,123.0,131.49452966588623,30,111.0849769115448,30,4.383150988862875
3838,533,206,3,-79,79.05694150420949,131.49452966588623,30,111.0849769115448,30,4.383150988862875
3839,399,255,-134,49,142.67795905464865,131.49452966588623,30,111.0849769115448,30,4.383150988862875
3840,465,309,66,54,85.27602242131137,131.49452966588623,30,111.0849769115448,30,4.383150988862875
3841,,,,,,131.49452966588623,30,111.0849769115448,30,4.383150988862875
3842,473,199,8,-110,110.2905254316979,131.49452966588623,30,111.0849769115448,30,4.383150988862875
3843,420,299,-53,100,113.17685275708986,131.49452966588623,30,111.0849769115448,30,4.383150988862875
3844,535,277,115,-22,117.08543888972702,131.49452966588623,30,111.0849769115448,30,4.383150988862875
3845,521,201,-14,-76,77.27871634544663,131.49452966588623,30,111.0849769115448,30,4.383150988862875
3846,404,264,-117,63,132.8834075421006,131.49452966588623,30,111.0849769115448,30,4.383150988862875
3847,509,302,105,38,111.66467659918243,131.49452966588623,30,111.0849769115448,30,4.383150988862875
3848,543,218,34,-84,90.62008607367353,131.49452966588623,30,111.0849769115448,30,4.383150988862875
3849,464,204,-79,-14,80.23091673413684,131.49452966588623,30,111.0849769115448,30,4.383150988862875
3850,442,308,-22,104,106.30145812734649,131.49452966588623,30,111.0849769115448,30,4.383150988862875
3851,536,269,94,-39,101.76934705499491,131.49452966588623,30,111.0849769115448,30,4.383150988862875
3852,506,198,-30,-71,77.07788269017254,131.49452966588623,30,111.0849769115448,30,4.383150988862875
3853,408,273,-98,75,123.40583454602137,131.49452966588623,30,111.0849769115448,30,4.383150988862875
3854,518,295,110,22,112.17842929904127,131.49452966588623,30,111.0849769115448,30,4.383150988862875
3855,540,212,22,-83,85.86617494683223,131.49452966588623,30,111.0849769115448,30,4.383150988862875
3856,447,211,-93,-1,93.00537618869137,131.49452966588623,30,111.0849769115448,30,4.383150988862875
3857,455,310,8,99,99.32270636667126,131.49452966588623,30,111.0849769115448,30,4.383150988862875
3858,538,260,83,-50,96.89685237405806,131.49452966588623,30,111.0849769115448,30,4.383150988862875
3859,494,198,-44,-62,76.02631123499285,131.49452966588623,30,111.0849769115448,30,4.383150988862875
3860,409,284,-85,86,120.91732712891069,131.49452966588623,30,111.0849769115448,30,4.383150988862875
3861,526,286,117,2,117.01709276853532,131.49452966588623,30,111.0849769115448,30,4.383150988862875
3862,536,207,10,-79,79.63039620647382,131.49452966588623,30,111.0849769115448,30,4.383150988862875
3863,403,254,-133,47,141.06027080648894,131.49452966588623,30,111.0849769115448,30,4.383150988862875
3864,461,309,58,55,79.93122043357026,131.49452966588623,30,111.0849769115448,30,4.383150988862875
3865,,,,,,131.49452966588623,30,111.0849769115448,30,4.383150988862875
3866,479,200,18,-109,110.47624178980746,131.49452966588623,30,111.0849769115448,30,4.383150988862875
3867,414,296,-65,96,115.93532679903913,131.49452966588623,30,111.0849769115448,30,4.383150988862875
3868,535,278,121,-18,122.3315167894194,131.49452966588623,30,111.0849769115448,30,4.383150988862875
3869,525,202,-10,-76,76.6550715869472,131.49452966588623,30,111.0849769115448,30,4.383150988862875
3870,402,263,-123,61,137.2953021774598,131.49452966588623,30,111.0849769115448,30,4.383150988862875
3871,503,301,101,38,107.91200118615167,131.49452966588623,30,111.0849769115448,30,4.383150988862875
3872,,,,,,131.49452966588623,30,111.0849769115448,30,4.383150988862875
3873,462,203,-41,-98,106.23088063270491,131.49452966588623,30,111.0849769115448,30,4.383150988862875
3874,433,306,-29,103,107.00467279516349,131.49452966588623,30,111.0849769115448,30,4.383150988862875
3875,538,271,105,-35,110.67971810589327,131.49452966588623,30,111.0849769115448,30,4.383150988862875
3876,510,199,-28,-72,77.25283166331187,131.49452966588623,30,111.0849769115448,30,4.383150988862875
3877,405,270,-105,71,126.75172582651489,131.49452966588623,30,111.0849769115448,30,4.383150988862875
3878,516,297,111,27,114.23659658795863,131.49452966588623,30,111.0849769115448,30,4.383150988862875
3879,541,214,25,-83,86.68333173107735,131.49452966588623,30,111.0849769115448,30,4.383150988862875
3880,,,,,,131.49452966588623,30,111.0849769115448,30,4.383150988862875
3881,457,309,-84,95,126.81088281373961,131.49452966588623,30,111.0849769115448,30,4.383150988862875
3882,538,259,81,-50,95.1892851112981,131.49452966588623,30,111.0849769115448,30,4.383150988862875
3883,487,198,-51,-61,79.51100552753688,131.49452966588623,30,111.0849769115448,30,4.383150988862875
3884,412,286,-75,88,115.62439189029277,131.49452966588623,30,111.0849769115448,30,4.383150988862875
3885,530,285,118,-1,118.00423721205946,131.49452966588623,30,111.0849769115448,30,4.383150988862875
3886,531,206,1,-79,79.00632886041473,131.49452966588623,30,111.0849769115448,30,4.383150988862875
3887,402,256,-129,50,138.351002887583,131.49452966588623,30,111.0849769115448,30,4.383150988862875
3888,469,310,67,54,86.05230967266364,131.49452966588623,30,111.0849769115448,30,4.383150988862875
3889,,,,,,131.49452966588623,30,111.0849769115448,30,4.383150988862875
3890,476,201,7,-109,109.22453936730518,131.49452966588623,30,111.0849769115448,30,4.383150988862875
3891,422,299,-54,98,111.89280584559492,131.49452966588623,30,111.0849769115448,30,4.383150988862875
3892,533,277,111,-22,113.1591799192624,131.49452966588623,30,111.0849769115448,30,4.383150988862875
3893,522,201,-11,-76,76.79192665899195,131.49452966588623,30,111.0849769115448,30,4.383150988862875
3894,407,265,-115,64,131.60927019021113,131.49452966588623,30,111.0849769115448,30,4.383150988862875
3895,511,299,104,34,109.41663493271945,131.49452966588623,30,111.0849769115448,30,4.383150988862875
3896,542,215,31,-84,89.5377015563835,131.49452966588623,30,111.0849769115448,30,4.383150988862875
3897,460,207,-82,-8,82.38931969618392,131.49452966588623,30,111.0849769115448,30,4.383150988862875
3898,446,309,-14,102,102.95630140987001,131.49452966588623,30,111.0849769115448,30,4.383150988862875
3899,538,266,92,-43,101.55294185792945,131.49452966588623,30,111.0849769115448,30,4.383150988862875
3900,503,197,-35,-69,77.3692445355388,131.49452966588623,30,111.0849769115448,30,4.383150988862875
3901,406,277,-97,80,125.73384588089239,131.49452966588623,30,111.0849769115448,30,4.383150988862875
3902,520,292,114,15,114.9826073804208,131.49452966588623,30,111.0849769115448,30,4.383150988862875
3903,540,210,20,-82,84.40379138403677,131.49452966588623,30,111.0849769115448,30,4.383150988862875
3904,404,246,-136,36,140.6840431605518,131.49452966588623,30,111.0849769115448,30,4.383150988862875
3905,455,310,51,64,81.83520025025906,131.49452966588623,30,111.0849769115448,30,4.383150988862875
3906,,,,,,131.49452966588623,30,111.0849769115448,30,4.383150988862875
3907,486,198,31,-112,116.21101496846157,131.49452966588623,30,111.0849769115448,30,4.383150988862875
3908,408,288,-78,90,119.09659944767525,131.49452966588623,30,111.0849769115448,30,4.383150988862875
3909,531,284,123,-4,123.06502346320826,131.49452966588623,30,111.0849769115448,30,4.383150988862875
3910,531,205,0,-79,79.0,131.49452966588623,30,111.0849769115448,30,4.383150988862875
3911,401,257,-130,52,140.0142849854971,131.49452966588623,30,111.0849769115448,30,4.383150988862875
3912,469,309,68,52,85.60373823613078,131.49452966588623,30,111.0849769115448,30,4.383150988862875
3913,,,,,,131.49452966588623,30,111.0849769115448,30,4.383150988862875
3914,465,201,-4,-108,108.07404868885037,131.49452966588623,30,111.0849769115448,30,4.383150988862875
3915,431,306,-34,105,110.3675676999362,131.49452966588623,30,111.0849769115448,30,4.383150988862875
3916,538,273,107,-33,111.97321108193691,131.49452966588623,30,111.0849769115448,30,4.383150988862875
3917,512,199,-26,-74,78.43468620451031,131.49452966588623,30,111.0849769115448,30,4.383150988862875
3918,406,272,-106,73,128.70508925446578,131.49452966588623,30,111.0849769115448,30,4.383150988862875
3919,518,296,112,24,114.54256850621083,131.49452966588623,30,111.0849769115448,30,4.383150988862875
3920,538,210,20,-86,88.29496021857646,131.49452966588623,30,111.0849769115448,30,4.383150988862875
3921,401,246,-137,36,141.65097952361643,131.49452966588623,30,111.0849769115448,30,4.383150988862875
3922,460,310,59,64,87.04596486914255,131.49452966588623,30,111.0849769115448,30,4.383150988862875
3923,539,258,79,-52,94.57801012920498,131.49452966588623,30,111.0849769115448,30,4.383150988862875
3924,483,198,-56,-60,82.07313811473277,131.49452966588623,30,111.0849769115448,30,4.383150988862875
3925,413,289,-70,91,114.80853626799707,131.49452966588623,30,111.0849769115448,30,4.383150988862875
3926,531,284,118,-5,118.10588469674151,131.49452966588623,30,111.0849769115448,30,4.383150988862875
3927,528,205,-3,-79,79.05694150420949,131.49452966588623,30,111.0849769115448,30,4.383150988862875
3928,404,258,-124,53,134.8517704741024,131.49452966588623,30,111.0849769115448,30,4.383150988862875
3929,471,310,67,52,84.81155581640984,131.49452966588623,30,111.0849769115448,30,4.383150988862875
3930,,,,,,131.49452966588623,30,111.0849769115448,30,4.383150988862875
3931,471,200,0,-110,110.0,131.49452966588623,30,111.0849769115448,30,4.383150988862875
3932,428,303,-43,103,111.61541112229978,131.49452966588623,30,111.0849769115448,30,4.383150988862875
3933,535,276,107,-27,110.35397591387454,131.49452966588623,30,111.0849769115448,30,4.383150988862875
3934,520,201,-15,-75,76.48529270389177,131.49452966588623,30,111.0849769115448,30,4.383150988862875
3935,407,265,-113,64,129.86531484580476,131.49452966588623,30,111.0849769115448,30,4.383150988862875
3936,510,301,103,36,109.11003620199197,131.49452966588623,30,111.0849769115448,30,4.383150988862875
3937,544,218,34,-83,89.69392398596462,131.49452966588623,30,111.0849769115448,30,4.383150988862875
3938,461,205,-83,-13,84.01190391843289,131.49452966588623,30,111.0849769115448,30,4.383150988862875
3939,442,308,-19,103,104.7377677822093,131.49452966588623,30,111.0849769115448,30,4.383150988862875
3940,538,269,96,-39,103.61949623502326,131.49452966588623,30,111.0849769115448,30,4.383150988862875
3941,506,198,-32,-71,77.87810988975015,131.49452966588623,30,111.0849769115448,30,4.383150988862875
3942,406,273,-100,75,125.0,131.49452966588623,30,111.0849769115448,30,4.383150988862875
3943,517,295,111,22,113.1591799192624,131.49452966588623,30,111.0849769115448,30,4.383150988862875
3944,542,212,25,-83,86.68333173107735,131.49452966588623,30,111.0849769115448,30,4.383150988862875
3945,442,210,-100,-2,100.0199980003999,131.49452966588623,30,111.0849769115448,30,4.383150988862875
3946,453,310,11,100,100.60318086422517,131.49452966588623,30,111.0849769115448,30,4.383150988862875
3947,541,261,88,-49,100.72239075796404,131.49452966588623,30,111.0849769115448,30,4.383150988862875
3948,489,198,-52,-63,81.68843247363729,131.49452966588623,30,111.0849769115448,30,4.383150988862875
3949,407,284,-82,86,118.82760622010359,131.49452966588623,30,111.0849769115448,30,4.383150988862875
3950,530,286,123,2,123.01625908797584,131.49452966588623,30,111.0849769115448,30,4.383150988862875
3951,533,207,3,-79,79.05694150420949,131.49452966588623,30,111.0849769115448,30,4.383150988862875
3952,401,254,-132,47,140.11780757633915,131.49452966588623,30,111.0849769115448,30,4.383150988862875
3953,467,309,66,55,85.9127464349732,131.49452966588623,30,111.0849769115448,30,4.383150988862875
3954,,,,,,131.49452966588623,30,111.0849769115448,30,4.383150988862875
3955,472,200,5,-109,109.1146186356347,131.49452966588623,30,111.0849769115448,30,4.383150988862875
3956,420,299,-52,99,111.8257573191436,131.49452966588623,30,111.0849769115448,30,4.383150988862875
3957,536,278,116,-21,117.88553770501282,131.49452966588623,30,111.0849769115448,30,4.383150988862875
3958,520,202,-16,-76,77.6659513557904,131.49452966588623,30,111.0849769115448,30,4.383150988862875
3959,404,263,-116,61,131.06105447462264,131.49452966588623,30,111.0849769115448,30,4.383150988862875
3960,509,303,105,40,112.36102527122117,131.49452966588623,30,111.0849769115448,30,4.383150988862875
3961,544,220,35,-83,90.07774419910837,131.49452966588623,30,111.0849769115448,30,4.383150988862875
3962,463,205,-81,-15,82.37718130647589,131.49452966588623,30,111.0849769115448,30,4.383150988862875
3963,440,308,-23,103,105.53672346628922,131.49452966588623,30,111.0849769115448,30,4.383150988862875
3964,538,270,98,-38,105.1094667477673,131.49452966588623,30,111.0849769115448,30,4.383150988862875
3965,508,198,-30,-72,78.0,131.49452966588623,30,111.0849769115448,30,4.383150988862875
3966,408,271,-100,73,123.81033882515628,131.49452966588623,30,111.0849769115448,30,4.383150988862875
3967,517,296,109,25,111.83022847155415,131.49452966588623,30,111.0849769115448,30,4.383150988862875
3968,540,213,23,-83,86.1278120005379,131.49452966588623,30,111.0849769115448,30,4.383150988862875
3969,451,209,-89,-4,89.08984229416954,131.49452966588623,30,111.0849769115448,30,4.383150988862875
3970,454,309,3,100,100.04498987955368,131.49452966588623,30,111.0849769115448,30,4.383150988862875
3971,539,263,85,-46,96.64884893261792,131.49452966588623,30,111.0849769115448,30,4.383150988862875
3972,495,198,-44,-65,78.49203781276162,131.49452966588623,30,111.0849769115448,30,4.383150988862875
3973,408,282,-87,84,120.93386622447825,131.49452966588623,30,111.0849769115448,30,4.383150988862875
3974,524,288,116,6,116.15506876585283,131.49452966588623,30,111.0849769115448,30,4.383150988862875
3975,537,208,13,-80,81.04936767180853,131.49452966588623,30,111.0849769115448,30,4.383150988862875
3976,403,252,-134,44,141.03900169811186,131.49452966588623,30,111.0849769115448,30,4.383150988862875
3977,461,309,58,57,81.32035415564789,131.49452966588623,30,111.0849769115448,30,4.383150988862875
3978,,,,,,131.49452966588623,30,111.0849769115448,30,4.383150988862875
3979,479,200,18,-109,110.47624178980746,131.49452966588623,30,111.0849769115448,30,4.383150988862875
3980,413,295,-66,95,115.67627241573788,131.49452966588623,30,111.0849769115448,30,4.383150988862875
3981,535,279,122,-16,123.0447073221762,131.49452966588623,30,111.0849769115448,30,4.383150988862875
3982,525,203,-10,-76,76.6550715869472,131.49452966588623,30,111.0849769115448,30,4.383150988862875
3983,403,263,-122,60,135.95587519485872,131.49452966588623,30,111.0849769115448,30,4.383150988862875
3984,503,302,100,39,107.33592129385204,131.49452966588623,30,111.0849769115448,30,4.383150988862875
3985,545,219,42,-83,93.02150289046077,131.49452966588623,30,111.0849769115448,30,4.383150988862875
3986,460,204,-85,-15,86.31338250816034,131.49452966588623,30,111.0849769115448,30,4.383150988862875
3987,436,308,-24,104,106.73331251301067,131.49452966588623,30,111.0849769115448,30,4.383150988862875
3988,539,270,103,-38,109.78615577567146,131.49452966588623,30,111.0849769115448,30,4.383150988862875
3989,508,198,-31,-72,78.39005038906404,131.49452966588623,30,111.0849769115448,30,4.383150988862875
3990,405,271,-103,73,126.24579200908045,131.49452966588623,30,111.0849769115448,30,4.383150988862875
3991,517,297,112,26,114.97825881443848,131.49452966588623,30,111.0849769115448,30,4.383150988862875
3992,542,214,25,-83,86.68333173107735,131.49452966588623,30,111.0849769115448,30,4.383150988862875
3993,448,209,-94,-5,94.13288479590966,131.49452966588623,30,111.0849769115448,30,4.383150988862875
3994,453,310,5,101,101.1236866416568,131.49452966588623,30,111.0849769115448,30,4.383150988862875
3995,538,263,85,-47,97.12878049270464,131.49452966588623,30,111.0849769115448,30,4.383150988862875
3996,492,198,-46,-65,79.63039620647382,131.49452966588623,30,111.0849769115448,30,4.383150988862875
3997,410,282,-82,84,117.38824472663352,131.49452966588623,30,111.0849769115448,30,4.383150988862875
3998,527,289,117,7,117.2092146548214,131.49452966588623,30,111.0849769115448,30,4.383150988862875
3999,534,208,7,-81,81.30190649671138,131.49452966588623,30,111.0849769115448,30,4.383150988862875
4000,402,252,-132,44,139.1402170474087,131.49452966588623,30,111.0849769115448,30,4.383150988862875
4001,466,310,64,58,86.37129152675674,131.49452966588623,30,111.0849769115448,30,4.383150988862875
4002,,,,,,131.49452966588623,30,111.0849769115448,30,4.383150988862875
4003,481,200,15,-110,111.01801655587259,131.49452966588623,30,111.0849769115448,30,4.383150988862875
4004,416,295,-65,95,115.10864433221339,131.49452966588623,30,111.0849769115448,30,4.383150988862875
4005,531,280,115,-15,115.97413504743201,131.49452966588623,30,111.0849769115448,30,4.383150988862875
4006,528,203,-3,-77,77.05841939723393,131.49452966588623,30,111.0849769115448,30,4.383150988862875
4007,406,262,-122,59,135.51752654177244,131.49452966588623,30,111.0849769115448,30,4.383150988862875
4008,497,305,91,43,100.64790112068906,131.49452966588623,30,111.0849769115448,30,4.383150988862875
4009,,,,,,131.49452966588623,30,111.0849769115448,30,4.383150988862875
4010,469,203,-28,-102,105.77334257741882,131.49452966588623,30,111.0849769115448,30,4.383150988862875
4011,432,307,-37,104,110.38568747804219,131.49452966588623,30,111.0849769115448,30,4.383150988862875
4012,538,272,106,-35,111.6288493177279,131.49452966588623,30,111.0849769115448,30,4.383150988862875
4013,515,199,-23,-73,76.53757247260981,131.49452966588623,30,111.0849769115448,30,4.383150988862875
4014,404,269,-111,70,131.2288078129189,131.49452966588623,30,111.0849769115448,30,4.383150988862875
4015,510,298,106,29,109.89540481748998,131.49452966588623,30,111.0849769115448,30,4.383150988862875
4016,545,215,35,-83,90.07774419910837,131.49452966588623,30,111.0849769115448,30,4.383150988862875
4017,452,208,-93,-7,93.26306878931231,131.49452966588623,30,111.0849769115448,30,4.383150988862875
4018,446,309,-6,101,101.17806086301516,131.49452966588623,30,111.0849769115448,30,4.383150988862875
4019,540,264,94,-45,104.21612159354233,131.49452966588623,30,111.0849769115448,30,4.383150988862875
4020,497,197,-43,-67,79.61155694998057,131.49452966588623,30,111.0849769115448,30,4.383150988862875
4021,406,278,-91,81,121.82774724995944,131.49452966588623,30,111.0849769115448,30,4.383150988862875
4022,525,290,119,12,119.60351165413162,131.49452966588623,30,111.0849769115448,30,4.383150988862875
4023,538,210,13,-80,81.04936767180853,131.49452966588623,30,111.0849769115448,30,4.383150988862875
4024,401,249,-137,39,142.44297104455524,131.49452966588623,30,111.0849769115448,30,4.383150988862875
4025,461,310,60,61,85.56284240252891,131.49452966588623,30,111.0849769115448,30,4.383150988862875
4026,539,256,78,-54,94.86832980505137,131.49452966588623,30,111.0849769115448,30,4.383150988862875
4027,480,199,-59,-57,82.03657720797473,131.49452966588623,30,111.0849769115448,30,4.383150988862875
4028,414,291,-66,92,113.22543883774529,131.49452966588623,30,111.0849769115448,30,4.383150988862875
4029,532,282,118,-9,118.3427226321923,131.49452966588623,30,111.0849769115448,30,4.383150988862875
4030,523,202,-9,-80,80.50465825031493,131.49452966588623,30,111.0849769115448,30,4.383150988862875
4031,404,263,-119,61,133.7235955244997,131.49452966588623,30,111.0849769115448,30,4.383150988862875
4032,507,303,103,40,110.4943437466371,131.49452966588623,30,111.0849769115448,30,4.383150988862875
4033,546,220,39,-83,91.706052144883,131.49452966588623,30,111.0849769115448,30,4.383150988862875
4034,463,205,-83,-15,84.34453153583817,131.49452966588623,30,111.0849769115448,30,4.383150988862875
4035,438,308,-25,103,105.99056561788883,131.49452966588623,30,111.0849769115448,30,4.383150988862875
4036,537,271,99,-37,105.6882207249228,131.49452966588623,30,111.0849769115448,30,4.383150988862875
4037,511,199,-26,-72,76.55063683601855,131.49452966588623,30,111.0849769115448,30,4.383150988862875
4038,409,270,-102,71,124.27791436936813,131.49452966588623,30,111.0849769115448,30,4.383150988862875
4039,511,297,102,27,105.51303237041384,131.49452966588623,30,111.0849769115448,30,4.383150988862875
4040,542,215,31,-82,87.66413177577246,131.49452966588623,30,111.0849769115448,30,4.383150988862875
4041,460,210,-82,-5,82.15229759416349,131.49452966588623,30,111.0849769115448,30,4.383150988862875
4042,443,309,-17,99,100.44899203078147,131.49452966588623,30,111.0849769115448,30,4.383150988862875
4043,533,264,90,-45,100.62305898749054,131.49452966588623,30,111.0849769115448,30,4.383150988862875
4044,507,199,-26,-65,70.00714249274856,131.49452966588623,30,111.0849769115448,30,4.383150988862875
4045,406,278,-101,79,128.22636234409833,131.49452966588623,30,111.0849769115448,30,4.383150988862875
4046,510,291,104,13,104.80935072788114,131.49452966588623,30,111.0849769115448,30,4.383150988862875
4047,545,212,35,-79,86.4060183089118,131.49452966588623,30,111.0849769115448,30,4.383150988862875
4048,414,244,-131,32,134.8517704741024,131.49452966588623,30,111.0849769115448,30,4.383150988862875
4049,448,307,34,63,71.58910531638176,131.49452966588623,30,111.0849769115448,30,4.383150988862875
4050,,,,,,131.49452966588623,30,111.0849769115448,30,4.383150988862875
4051,494,202,46,-105,114.63420083029322,131.49452966588623,30,111.0849769115448,30,4.383150988862875
4052,406,290,-88,88,124.45079348883236,131.49452966588623,30,111.0849769115448,30,4.383150988862875
4053,523,278,117,-12,117.61377470347595,131.49452966588623,30,111.0849769115448,30,4.383150988862875
4054,534,205,11,-73,73.824115301167,131.49452966588623,30,111.0849769115448,30,4.383150988862875
4055,408,262,-126,57,138.2931668593933,131.49452966588623,30,111.0849769115448,30,4.383150988862875
4056,478,302,70,40,80.62257748298549,131.49452966588623,30,111.0849769115448,30,4.383150988862875
4057,,,,,,131.49452966588623,30,111.0849769115448,30,4.383150988862875
4058,482,207,4,-95,95.08417323613851,131.49452966588623,30,111.0849769115448,30,4.383150988862875
4059,415,300,-67,93,114.62111498323509,131.49452966588623,30,111.0849769115448,30,4.383150988862875
4060,524,273,109,-27,112.29425630903836,131.49452966588623,30,111.0849769115448,30,4.383150988862875
4061,530,204,6,-69,69.26037828369117,131.49452966588623,30,111.0849769115448,30,4.383150988862875
4062,411,265,-119,61,133.7235955244997,131.49452966588623,30,111.0849769115448,30,4.383150988862875
4063,490,299,79,34,86.00581375697809,131.49452966588623,30,111.0849769115448,30,4.383150988862875
4064,550,222,60,-77,97.6165969494942,131.49452966588623,30,111.0849769115448,30,4.383150988862875
4065,484,209,-66,-13,67.26812023536856,131.49452966588623,30,111.0849769115448,30,4.383150988862875
4066,420,302,-64,93,112.89375536317321,131.49452966588623,30,111.0849769115448,30,4.383150988862875
4067,522,270,102,-32,106.90182411914213,131.49452966588623,30,111.0849769115448,30,4.383150988862875
4068,529,204,7,-66,66.37017402418047,131.49452966588623,30,111.0849769115448,30,4.383150988862875
4069,411,269,-118,65,134.71822445385777,131.49452966588623,30,111.0849769115448,30,4.383150988862875
4070,489,295,78,26,82.21921916437786,131.49452966588623,30,111.0849769115448,30,4.383150988862875
4071,553,220,64,-75,98.59513172565875,131.49452966588623,30,111.0849769115448,30,4.383150988862875
4072,479,212,-74,-8,74.43117626371358,131.49452966588623,30,111.0849769115448,30,4.383150988862875
4073,420,302,-59,90,107.61505470890214,131.49452966588623,30,111.0849769115448,30,4.383150988862875
4074,526,266,106,-36,111.94641575325224,131.49452966588623,30,111.0849769115448,30,4.383150988862875
4075,523,204,-3,-62,62.07253821135398,131.49452966588623,30,111.0849769115448,30,4.383150988862875
4076,407,272,-116,68,134.46189051177288,131.49452966588623,30,111.0849769115448,30,4.383150988862875
4077,491,293,84,21,86.58521813797087,131.49452966588623,30,111.0849769115448,30,4.383150988862875
4078,551,218,60,-75,96.04686356149273,131.49452966588623,30,111.0849769115448,30,4.383150988862875
4079,467,215,-84,-3,84.0535543567314,131.49452966588623,30,111.0849769115448,30,4.383150988862875
4080,429,303,-38,88,95.85405573057407,131.49452966588623,30,111.0849769115448,30,4.383150988862875
4081,528,262,99,-41,107.15409464878138,131.49452966588623,30,111.0849769115448,30,4.383150988862875
4082,515,205,-13,-57,58.463663928973865,131.49452966588623,30,111.0849769115448,30,4.383150988862875
4083,407,276,-108,71,129.24782396620841,131.49452966588623,30,111.0849769115448,30,4.383150988862875
4084,502,289,95,13,95.88534820294495,131.49452966588623,30,111.0849769115448,30,4.383150988862875
4085,547,216,45,-73,85.75546629807339,131.49452966588623,30,111.0849769115448,30,4.383150988862875
4086,417,246,-130,30,133.41664064126334,131.49452966588623,30,111.0849769115448,30,4.383150988862875
4087,437,303,20,57,60.40695324215582,131.49452966588623,30,111.0849769115448,30,4.383150988862875
4088,525,258,88,-45,98.8382517044894,131.49452966588623,30,111.0849769115448,30,4.383150988862875
4089,513,206,-12,-52,53.36665625650534,131.49452966588623,30,111.0849769115448,30,4.383150988862875
4090,409,280,-104,74,127.6401190848708,131.49452966588623,30,111.0849769115448,30,4.383150988862875
4091,502,287,93,7,93.26306878931231,131.49452966588623,30,111.0849769115448,30,4.383150988862875
4092,547,214,45,-73,85.75546629807339,131.49452966588623,30,111.0849769115448,30,4.383150988862875
4093,417,250,-130,36,134.892549831338,131.49452966588623,30,111.0849769115448,30,4.383150988862875
4094,438,302,21,52,56.08029957123981,131.49452966588623,30,111.0849769115448,30,4.383150988862875
4095,530,256,92,-46,102.85912696499032,131.49452966588623,30,111.0849769115448,30,4.383150988862875
4096,510,207,-20,-49,52.92447448959697,131.49452966588623,30,111.0849769115448,30,4.383150988862875
4097,405,283,-105,76,129.61867149450345,131.49452966588623,30,111.0849769115448,30,4.383150988862875
4098,503,283,98,0,98.0,131.49452966588623,30,111.0849769115448,30,4.383150988862875
4099,547,213,44,-70,82.68010643437755,131.49452966588623,30,111.0849769115448,30,4.383150988862875
4100,416,257,-131,44,138.19189556555045,131.49452966588623,30,111.0849769115448,30,4.383150988862875
4101,449,300,33,43,54.20332093147061,131.49452966588623,30,111.0849769115448,30,4.383150988862875
4102,,,,,,131.49452966588623,30,111.0849769115448,30,4.383150988862875
4103,497,209,48,-91,102.88342918079665,131.49452966588623,30,111.0849769115448,30,4.383150988862875
4104,406,290,-91,81,121.82774724995944,131.49452966588623,30,111.0849769115448,30,4.383150988862875
4105,515,277,109,-13,109.77249200050075,131.49452966588623,30,111.0849769115448,30,4.383150988862875
4106,539,210,24,-67,71.16881339463234,131.49452966588623,30,111.0849769115448,30,4.383150988862875
4107,413,260,-126,50,135.55810562264435,131.49452966588623,30,111.0849769115448,30,4.383150988862875
4108,465,299,52,39,65.0,131.49452966588623,30,111.0849769115448,30,4.383150988862875
4109,,,,,,131.49452966588623,30,111.0849769115448,30,4.383150988862875
4110,492,210,27,-89,93.00537618869137,131.49452966588623,30,111.0849769115448,30,4.383150988862875
4111,411,294,-81,84,116.69190203266035,131.49452966588623,30,111.0849769115448,30,4.383150988862875
4112,516,274,105,-20,106.88779163215975,131.49452966588623,30,111.0849769115448,30,4.383150988862875
4113,536,209,20,-65,68.00735254367721,131.49452966588623,30,111.0849769115448,30,4.383150988862875
4114,415,263,-121,54,132.5028301584536,131.49452966588623,30,111.0849769115448,30,4.383150988862875
4115,478,297,63,34,71.58910531638176,131.49452966588623,30,111.0849769115448,30,4.383150988862875
4116,552,225,74,-72,103.24727599312246,131.49452966588623,30,111.0849769115448,30,4.383150988862875
4117,492,212,-60,-13,61.39218191268331,131.49452966588623,30,111.0849769115448,30,4.383150988862875
4118,413,296,-79,84,115.31261856362468,131.49452966588623,30,111.0849769115448,30,4.383150988862875
4119,516,271,103,-25,105.99056561788883,131.49452966588623,30,111.0849769115448,30,4.383150988862875
4120,535,208,19,-63,65.80273550544841,131.49452966588623,30,111.0849769115448,30,4.383150988862875
4121,414,266,-121,58,134.18271125595876,131.49452966588623,30,111.0849769115448,30,4.383150988862875
4122,477,296,63,30,69.77822009767804,131.49452966588623,30,111.0849769115448,30,4.383150988862875
4123,553,224,76,-72,104.6900186264192,131.49452966588623,30,111.0849769115448,30,4.383150988862875
4124,487,213,-66,-11,66.91038783328041,131.49452966588623,30,111.0849769115448,30,4.383150988862875
4125,413,298,-74,85,112.69871339105873,131.49452966588623,30,111.0849769115448,30,4.383150988862875
4126,522,268,109,-30,113.05308487608819,131.49452966588623,30,111.0849769115448,30,4.383150988862875
4127,530,207,8,-61,61.5223536610881,131.49452966588623,30,111.0849769115448,30,4.383150988862875
4128,410,268,-120,61,134.6142637315972,131.49452966588623,30,111.0849769115448,30,4.383150988862875
4129,484,294,74,26,78.43468620451031,131.49452966588623,30,111.0849769115448,30,4.383150988862875
4130,552,222,68,-72,99.03534722511958,131.49452966588623,30,111.0849769115448,30,4.383150988862875
4131,479,215,-73,-7,73.33484846919642,131.49452966588623,30,111.0849769115448,30,4.383150988862875
4132,421,300,-58,85,102.90286682109493,131.49452966588623,30,111.0849769115448,30,4.383150988862875
4133,525,265,104,-35,109.73149046650191,131.49452966588623,30,111.0849769115448,30,4.383150988862875
4134,523,207,-2,-58,58.034472514187634,131.49452966588623,30,111.0849769115448,30,4.383150988862875
4135,411,271,-112,64,128.9961239727768,131.49452966588623,30,111.0849769115448,30,4.383150988862875
4136,493,292,82,21,84.64632301523794,131.49452966588623,30,111.0849769115448,30,4.383150988862875
4137,549,220,56,-72,91.21403400793103,131.49452966588623,30,111.0849769115448,30,4.383150988862875
4138,476,217,-73,-3,73.06161783043132,131.49452966588623,30,111.0849769115448,30,4.383150988862875
4139,429,301,-47,84,96.25487000666512,131.49452966588623,30,111.0849769115448,30,4.383150988862875
4140,523,262,94,-39,101.76934705499491,131.49452966588623,30,111.0849769115448,30,4.383150988862875
4141,522,207,-1,-55,55.00909015790027,131.49452966588623,30,111.0849769115448,30,4.383150988862875
4142,410,275,-112,68,131.0267148332736,131.49452966588623,30,111.0849769115448,30,4.383150988862875
4143,493,290,83,15,84.34453153583817,131.49452966588623,30,111.0849769115448,30,4.383150988862875
4144,550,218,57,-72,91.8313671900838,131.49452966588623,30,111.0849769115448,30,4.383150988862875
4145,471,219,-79,1,79.00632886041473,131.49452966588623,30,111.0849769115448,30,4.383150988862875
4146,429,300,-42,81,91.2414379544733,131.49452966588623,30,111.0849769115448,30,4.383150988862875
4147,527,260,98,-40,105.84894897919393,131.49452966588623,30,111.0849769115448,30,4.383150988862875
4148,517,207,-10,-53,53.9351462406472,131.49452966588623,30,111.0849769115448,30,4.383150988862875
4149,406,277,-111,70,131.2288078129189,131.49452966588623,30,111.0849769115448,30,4.383150988862875
4150,496,286,90,9,90.44888059008801,131.49452966588623,30,111.0849769115448,30,4.383150988862875
4151,549,217,53,-69,87.00574693662483,131.49452966588623,30,111.0849769115448,30,4.383150988862875
4152,420,248,-129,31,132.67252918370102,131.49452966588623,30,111.0849769115448,30,4.383150988862875
4153,434,300,14,52,53.85164807134504,131.49452966588623,30,111.0849769115448,30,4.383150988862875
4154,529,257,95,-43,104.27847332982968,131.49452966588623,30,111.0849769115448,30,4.383150988862875
4155,510,208,-19,-49,52.55473337388365,131.49452966588623,30,111.0849769115448,30,4.383150988862875
4156,407,281,-103,73,126.24579200908045,131.49452966588623,30,111.0849769115448,30,4.383150988862875
4157,504,284,97,3,97.04638066409278,131.49452966588623,30,111.0849769115448,30,4.383150988862875
4158,545,215,41,-69,80.26207074328447,131.49452966588623,30,111.0849769115448,30,4.383150988862875
4159,415,251,-130,36,134.892549831338,131.49452966588623,30,111.0849769115448,30,4.383150988862875
4160,443,300,28,49,56.43580423808985,131.49452966588623,30,111.0849769115448,30,4.383150988862875
4161,527,254,84,-46,95.77055915050303,131.49452966588623,30,111.0849769115448,30,4.383150988862875
4162,508,209,-19,-45,48.84669896727925,131.49452966588623,30,111.0849769115448,30,4.383150988862875
4163,409,284,-99,75,124.2014492669067,131.49452966588623,30,111.0849769115448,30,4.383150988862875
4164,505,282,96,-2,96.02083107326243,131.49452966588623,30,111.0849769115448,30,4.383150988862875
4165,545,214,40,-68,78.89233169326408,131.49452966588623,30,111.0849769115448,30,4.383150988862875
4166,419,255,-126,41,132.5028301584536,131.49452966588623,30,111.0849769115448,30,4.383150988862875
4167,445,300,26,45,51.97114584074513,131.49452966588623,30,111.0849769115448,30,4.383150988862875
4168,531,252,86,-48,98.48857801796105,131.49452966588623,30,111.0849769115448,30,4.383150988862875
4169,506,210,-25,-42,48.877397639399746,131.49452966588623,30,111.0849769115448,30,4.383150988862875
4170,406,286,-100,76,125.60254774486066,131.49452966588623,30,111.0849769115448,30,4.383150988862875
4171,506,279,100,-7,100.24470060806208,131.49452966588623,30,111.0849769115448,30,4.383150988862875
4172,544,213,38,-66,76.15773105863909,131.49452966588623,30,111.0849769115448,30,4.383150988862875
4173,417,257,-127,44,134.40610105199838,131.49452966588623,30,111.0849769115448,30,4.383150988862875
4174,450,299,33,42,53.41348144429457,131.49452966588623,30,111.0849769115448,30,4.383150988862875
4175,534,249,84,-50,97.75479527879949,131.49452966588623,30,111.0849769115448,30,4.383150988862875
4176,499,211,-35,-38,51.66236541235796,131.49452966588623,30,111.0849769115448,30,4.383150988862875
4177,406,289,-93,78,121.37956994486346,131.49452966588623,30,111.0849769115448,30,4.383150988862875
4178,513,277,107,-12,107.67079455451233,131.49452966588623,30,111.0849769115448,30,4.383150988862875
4179,540,212,27,-65,70.3846574190711,131.49452966588623,30,111.0849769115448,30,4.383150988862875
4180,414,259,-126,47,134.48048185517482,131.49452966588623,30,111.0849769115448,30,4.383150988862875
4181,460,298,46,39,60.30754513325841,131.49452966588623,30,111.0849769115448,30,4.383150988862875
4182,,,,,,131.49452966588623,30,111.0849769115448,30,4.383150988862875
4183,496,212,36,-86,93.23089616645332,131.49452966588623,30,111.0849769115448,30,4.383150988862875
4184,411,292,-85,80,116.72617529928752,131.49452966588623,30,111.0849769115448,30,4.383150988862875
4185,514,274,103,-18,104.5609869884557,131.49452966588623,30,111.0849769115448,30,4.383150988862875
4186,538,211,24,-63,67.4166151627327,131.49452966588623,30,111.0849769115448,30,4.383150988862875
4187,417,262,-121,51,131.30879635424276,131.49452966588623,30,111.0849769115448,30,4.383150988862875
4188,471,297,54,35,64.35060217278468,131.49452966588623,30,111.0849769115448,30,4.383150988862875
4189,,,,,,131.49452966588623,30,111.0849769115448,30,4.383150988862875
4190,496,213,25,-84,87.64131445842195,131.49452966588623,30,111.0849769115448,30,4.383150988862875
4191,416,297,-80,84,116.0,131.49452966588623,30,111.0849769115448,30,4.383150988862875
4192,517,269,101,-28,104.80935072788114,131.49452966588623,30,111.0849769115448,30,4.383150988862875
4193,533,209,16,-60,62.0966987850401,131.49452966588623,30,111.0849769115448,30,4.383150988862875
4194,414,267,-119,58,132.38202294873727,131.49452966588623,30,111.0849769115448,30,4.383150988862875
4195,486,292,72,25,76.21679604916491,131.49452966588623,30,111.0849769115448,30,4.383150988862875
4196,552,221,66,-71,96.93812459502195,131.49452966588623,30,111.0849769115448,30,4.383150988862875
4197,479,217,-73,-4,73.10950690573696,131.49452966588623,30,111.0849769115448,30,4.383150988862875
4198,422,299,-57,82,99.86490875177326,131.49452966588623,30,111.0849769115448,30,4.383150988862875
4199,526,263,104,-36,110.05453193758083,131.49452966588623,30,111.0849769115448,30,4.383150988862875
4200,523,208,-3,-55,55.08175741568164,131.49452966588623,30,111.0849769115448,30,4.383150988862875
4201,408,274,-115,66,132.59336333316233,131.49452966588623,30,111.0849769115448,30,4.383150988862875
4202,490,289,82,15,83.3606621854697,131.49452966588623,30,111.0849769115448,30,4.383150988862875
4203,551,219,61,-70,92.84934033152847,131.49452966588623,30,111.0849769115448,30,4.383150988862875
4204,,,,,,131.49452966588623,30,111.0849769115448,30,4.383150988862875
4205,429,300,-122,81,146.44111444536333,131.49452966588623,30,111.0849769115448,30,4.383150988862875
4206,527,260,98,-40,105.84894897919393,131.49452966588623,30,111.0849769115448,30,4.383150988862875
4207,516,208,-11,-52,53.150729063673246,131.49452966588623,30,111.0849769115448,30,4.383150988862875
4208,408,277,-108,69,128.16005617976296,131.49452966588623,30,111.0849769115448,30,4.383150988862875
4209,504,284,96,7,96.25487000666512,131.49452966588623,30,111.0849769115448,30,4.383150988862875
4210,545,216,41,-68,79.40403012442127,131.49452966588623,30,111.0849769115448,30,4.383150988862875
4211,416,252,-129,36,133.9290857132983,131.49452966588623,30,111.0849769115448,30,4.383150988862875
4212,443,300,27,48,55.072679252057455,131.49452966588623,30,111.0849769115448,30,4.383150988862875
4213,527,254,84,-46,95.77055915050303,131.49452966588623,30,111.0849769115448,30,4.383150988862875
4214,508,210,-19,-44,47.92702786528704,131.49452966588623,30,111.0849769115448,30,4.383150988862875
4215,409,284,-99,74,123.60016181219181,131.49452966588623,30,111.0849769115448,30,4.383150988862875
4216,504,281,95,-3,95.04735661763561,131.49452966588623,30,111.0849769115448,30,4.383150988862875
4217,545,214,41,-67,78.54934754662193,131.49452966588623,30,111.0849769115448,30,4.383150988862875
4218,420,255,-125,41,131.55227098001768,131.49452966588623,30,111.0849769115448,30,4.383150988862875
4219,445,300,25,45,51.478150704935004,131.49452966588623,30,111.0849769115448,30,4.383150988862875
4220,531,252,86,-48,98.48857801796105,131.49452966588623,30,111.0849769115448,30,4.383150988862875
4221,506,210,-25,-42,48.877397639399746,131.49452966588623,30,111.0849769115448,30,4.383150988862875
4222,406,286,-100,76,125.60254774486066,131.49452966588623,30,111.0849769115448,30,4.383150988862875
4223,505,279,99,-7,99.24716620639605,131.49452966588623,30,111.0849769115448,30,4.383150988862875
4224,544,213,39,-66,76.66159403508382,131.49452966588623,30,111.0849769115448,30,4.383150988862875
4225,417,257,-127,44,134.40610105199838,131.49452966588623,30,111.0849769115448,30,4.383150988862875
4226,450,299,33,42,53.41348144429457,131.49452966588623,30,111.0849769115448,30,4.383150988862875
4227,535,247,85,-52,99.64436762808022,131.49452966588623,30,111.0849769115448,30,4.383150988862875
4228,500,211,-35,-36,50.20956084253277,131.49452966588623,30,111.0849769115448,30,4.383150988862875
4229,406,289,-94,78,122.14745187681976,131.49452966588623,30,111.0849769115448,30,4.383150988862875
4230,513,277,107,-12,107.67079455451233,131.49452966588623,30,111.0849769115448,30,4.383150988862875
4231,540,212,27,-65,70.3846574190711,131.49452966588623,30,111.0849769115448,30,4.383150988862875
4232,415,259,-125,47,133.5440002396214,131.49452966588623,30,111.0849769115448,30,4.383150988862875
4233,462,298,47,39,61.07372593840988,131.49452966588623,30,111.0849769115448,30,4.383150988862875
4234,,,,,,131.49452966588623,30,111.0849769115448,30,4.383150988862875
4235,497,212,35,-86,92.84934033152847,131.49452966588623,30,111.0849769115448,30,4.383150988862875
4236,411,292,-86,80,117.45637488020819,131.49452966588623,30,111.0849769115448,30,4.383150988862875
4237,514,275,103,-17,104.39348638684312,131.49452966588623,30,111.0849769115448,30,4.383150988862875
4238,538,211,24,-64,68.35202996254024,131.49452966588623,30,111.0849769115448,30,4.383150988862875
4239,417,262,-121,51,131.30879635424276,131.49452966588623,30,111.0849769115448,30,4.383150988862875
4240,474,297,57,35,66.88796603276258,131.49452966588623,30,111.0849769115448,30,4.383150988862875
4241,,,,,,131.49452966588623,30,111.0849769115448,30,4.383150988862875
4242,495,213,21,-84,86.58521813797087,131.49452966588623,30,111.0849769115448,30,4.383150988862875
4243,411,294,-84,81,116.69190203266035,131.49452966588623,30,111.0849769115448,30,4.383150988862875
4244,513,272,102,-22,104.34557968596465,131.49452966588623,30,111.0849769115448,30,4.383150988862875
4245,537,210,24,-62,66.48308055437865,131.49452966588623,30,111.0849769115448,30,4.383150988862875
4246,415,265,-122,55,133.82451195502264,131.49452966588623,30,111.0849769115448,30,4.383150988862875
4247,473,296,58,31,65.76473218982953,131.49452966588623,30,111.0849769115448,30,4.383150988862875
4248,553,226,80,-70,106.30145812734649,131.49452966588623,30,111.0849769115448,30,4.383150988862875
4249,489,214,-64,-12,65.11528238439882,131.49452966588623,30,111.0849769115448,30,4.383150988862875
4250,412,296,-77,82,112.48555462813881,131.49452966588623,30,111.0849769115448,30,4.383150988862875
4251,521,269,109,-27,112.29425630903836,131.49452966588623,30,111.0849769115448,30,4.383150988862875
4252,532,209,11,-60,61.0,131.49452966588623,30,111.0849769115448,30,4.383150988862875
4253,411,267,-121,58,134.18271125595876,131.49452966588623,30,111.0849769115448,30,4.383150988862875
4254,480,295,69,28,74.46475676452586,131.49452966588623,30,111.0849769115448,30,4.383150988862875
4255,551,224,71,-71,100.40916292848975,131.49452966588623,30,111.0849769115448,30,4.383150988862875
4256,484,216,-67,-8,67.47592163134935,131.49452966588623,30,111.0849769115448,30,4.383150988862875
4257,418,298,-66,82,105.26157893552613,131.49452966588623,30,111.0849769115448,30,4.383150988862875
4258,522,267,104,-31,108.52188719332152,131.49452966588623,30,111.0849769115448,30,4.383150988862875
4259,527,208,5,-59,59.21148537234985,131.49452966588623,30,111.0849769115448,30,4.383150988862875
4260,413,269,-114,61,129.29423807734048,131.49452966588623,30,111.0849769115448,30,4.383150988862875
4261,488,293,75,24,78.74642849044012,131.49452966588623,30,111.0849769115448,30,4.383150988862875
4262,550,222,62,-71,94.26027795418386,131.49452966588623,30,111.0849769115448,30,4.383150988862875
4263,483,217,-67,-5,67.1863081289633,131.49452966588623,30,111.0849769115448,30,4.383150988862875
4264,424,299,-59,82,101.01980003939822,131.49452966588623,30,111.0849769115448,30,4.383150988862875
4265,521,265,97,-34,102.7861858422619,131.49452966588623,30,111.0849769115448,30,4.383150988862875
4266,526,208,5,-57,57.21887800367987,131.49452966588623,30,111.0849769115448,30,4.383150988862875
4267,412,273,-114,65,131.2288078129189,131.49452966588623,30,111.0849769115448,30,4.383150988862875
4268,489,290,77,17,78.85429601486528,131.49452966588623,30,111.0849769115448,30,4.383150988862875
4269,551,220,62,-70,93.50935782048768,131.49452966588623,30,111.0849769115448,30,4.383150988862875
4270,473,220,-78,0,78.0,131.49452966588623,30,111.0849769115448,30,4.383150988862875
4271,426,300,-47,80,92.78469701410896,131.49452966588623,30,111.0849769115448,30,4.383150988862875
4272,527,261,101,-39,108.26818553942798,131.49452966588623,30,111.0849769115448,30,4.383150988862875
4273,520,208,-7,-53,53.46026561849464,131.49452966588623,30,111.0849769115448,30,4.383150988862875
4274,407,276,-113,68,131.88252348207476,131.49452966588623,30,111.0849769115448,30,4.383150988862875
4275,493,287,86,11,86.70063436907483,131.49452966588623,30,111.0849769115448,30,4.383150988862875
4276,549,218,56,-69,88.86506625215557,131.49452966588623,30,111.0849769115448,30,4.383150988862875
4277,421,247,-128,29,131.24404748406687,131.49452966588623,30,111.0849769115448,30,4.383150988862875
4278,432,300,11,53,54.12947441089743,131.49452966588623,30,111.0849769115448,30,4.383150988862875
4279,528,258,96,-42,104.78549517943789,131.49452966588623,30,111.0849769115448,30,4.383150988862875
4280,513,209,-15,-49,51.24451190127583,131.49452966588623,30,111.0849769115448,30,4.383150988862875
4281,407,279,-106,70,127.02755606560333,131.49452966588623,30,111.0849769115448,30,4.383150988862875
4282,502,285,95,6,95.1892851112981,131.49452966588623,30,111.0849769115448,30,4.383150988862875
4283,546,217,44,-68,80.99382692526635,131.49452966588623,30,111.0849769115448,30,4.383150988862875
4284,416,250,-130,33,134.12307780542466,131.49452966588623,30,111.0849769115448,30,4.383150988862875
4285,441,300,25,50,55.90169943749474,131.49452966588623,30,111.0849769115448,30,4.383150988862875
4286,527,255,86,-45,97.06183596038146,131.49452966588623,30,111.0849769115448,30,4.383150988862875
4287,511,209,-16,-46,48.703182647543684,131.49452966588623,30,111.0849769115448,30,4.383150988862875
4288,409,283,-102,74,126.01587201618692,131.49452966588623,30,111.0849769115448,30,4.383150988862875
4289,502,283,93,0,93.0,131.49452966588623,30,111.0849769115448,30,4.383150988862875
4290,546,215,44,-68,80.99382692526635,131.49452966588623,30,111.0849769115448,30,4.383150988862875
4291,420,254,-126,39,131.89768762188365,131.49452966588623,30,111.0849769115448,30,4.383150988862875
4292,441,300,21,46,50.566787519082126,131.49452966588623,30,111.0849769115448,30,4.383150988862875
4293,531,253,90,-47,101.53324578678651,131.49452966588623,30,111.0849769115448,30,4.383150988862875
4294,508,210,-23,-43,48.76474136094644,131.49452966588623,30,111.0849769115448,30,4.383150988862875
4295,406,285,-102,75,126.60568707605516,131.49452966588623,30,111.0849769115448,30,4.383150988862875
4296,503,280,97,-5,97.12878049270464,131.49452966588623,30,111.0849769115448,30,4.383150988862875
4297,546,214,43,-66,78.77182237323191,131.49452966588623,30,111.0849769115448,30,4.383150988862875
4298,418,256,-128,42,134.7145129523913,131.49452966588623,30,111.0849769115448,30,4.383150988862875
4299,446,299,28,43,51.31276644267,131.49452966588623,30,111.0849769115448,30,4.383150988862875
4300,533,251,87,-48,99.36297097007517,131.49452966588623,30,111.0849769115448,30,4.383150988862875
4301,501,211,-32,-40,51.22499389946279,131.49452966588623,30,111.0849769115448,30,4.383150988862875
4302,406,288,-95,77,122.28654872879518,131.49452966588623,30,111.0849769115448,30,4.383150988862875
4303,512,278,106,-10,106.47065323364932,131.49452966588623,30,111.0849769115448,30,4.383150988862875
4304,541,213,29,-65,71.17583859709698,131.49452966588623,30,111.0849769115448,30,4.383150988862875
4305,416,258,-125,45,132.85330255586422,131.49452966588623,30,111.0849769115448,30,4.383150988862875
4306,458,299,42,41,58.69412236331676,131.49452966588623,30,111.0849769115448,30,4.383150988862875
4307,,,,,,131.49452966588623,30,111.0849769115448,30,4.383150988862875
4308,498,212,40,-87,95.75489543621255,131.49452966588623,30,111.0849769115448,30,4.383150988862875
4309,412,292,-86,80,117.45637488020819,131.49452966588623,30,111.0849769115448,30,4.383150988862875
4310,517,272,105,-20,106.88779163215975,131.49452966588623,30,111.0849769115448,30,4.383150988862875
4311,535,210,18,-62,64.5600495662759,131.49452966588623,30,111.0849769115448,30,4.383150988862875
4312,414,267,-121,57,133.75350462698165,131.49452966588623,30,111.0849769115448,30,4.383150988862875
4313,484,295,70,28,75.39230729988306,131.49452966588623,30,111.0849769115448,30,4.383150988862875
4314,551,224,67,-71,97.62171889492625,131.49452966588623,30,111.0849769115448,30,4.383150988862875
4315,486,216,-65,-8,65.49045732013177,131.49452966588623,30,111.0849769115448,30,4.383150988862875
4316,420,298,-66,82,105.26157893552613,131.49452966588623,30,111.0849769115448,30,4.383150988862875
4317,519,266,99,-32,104.04326023342406,131.49452966588623,30,111.0849769115448,30,4.383150988862875
4318,530,208,11,-58,59.033888572581766,131.49452966588623,30,111.0849769115448,30,4.383150988862875
4319,413,270,-117,62,132.41223508422476,131.49452966588623,30,111.0849769115448,30,4.383150988862875
4320,484,293,71,23,74.63243262818116,131.49452966588623,30,111.0849769115448,30,4.383150988862875
4321,552,222,68,-71,98.3107318658548,131.49452966588623,30,111.0849769115448,30,4.383150988862875
4322,482,217,-70,-5,70.178344238091,131.49452966588623,30,111.0849769115448,30,4.383150988862875
4323,420,299,-62,82,102.80077820717118,131.49452966588623,30,111.0849769115448,30,4.383150988862875
4324,525,264,105,-35,110.67971810589327,131.49452966588623,30,111.0849769115448,30,4.383150988862875
4325,524,208,-1,-56,56.00892785976178,131.49452966588623,30,111.0849769115448,30,4.383150988862875
4326,409,273,-115,65,132.09844813622905,131.49452966588623,30,111.0849769115448,30,4.383150988862875
4327,489,290,80,17,81.78630692236935,131.49452966588623,30,111.0849769115448,30,4.383150988862875
4328,551,220,62,-70,93.50935782048768,131.49452966588623,30,111.0849769115448,30,4.383150988862875
4329,471,219,-80,-1,80.00624975587844,131.49452966588623,30,111.0849769115448,30,4.383150988862875
4330,427,300,-44,81,92.17917335276988,131.49452966588623,30,111.0849769115448,30,4.383150988862875
4331,526,262,99,-38,106.04244433244644,131.49452966588623,30,111.0849769115448,30,4.383150988862875
4332,516,209,-10,-53,53.9351462406472,131.49452966588623,30,111.0849769115448,30,4.383150988862875
4333,407,280,-109,71,130.08458786497346,131.49452966588623,30,111.0849769115448,30,4.383150988862875
4334,505,283,98,3,98.04590761474952,131.49452966588623,30,111.0849769115448,30,4.383150988862875
4335,544,215,39,-68,78.39005038906404,131.49452966588623,30,111.0849769115448,30,4.383150988862875
4336,416,257,-128,42,134.7145129523913,131.49452966588623,30,111.0849769115448,30,4.383150988862875
4337,454,299,38,42,56.639209034025185,131.49452966588623,30,111.0849769115448,30,4.383150988862875
4338,530,247,76,-52,92.0869154657707,131.49452966588623,30,111.0849769115448,30,4.383150988862875
4339,500,211,-30,-36,46.861498055439924,131.49452966588623,30,111.0849769115448,30,4.383150988862875
4340,411,290,-89,79,119.00420160649792,131.49452966588623,30,111.0849769115448,30,4.383150988862875
4341,511,277,100,-13,100.84145972763385,131.49452966588623,30,111.0849769115448,30,4.383150988862875
4342,540,212,29,-65,71.17583859709698,131.49452966588623,30,111.0849769115448,30,4.383150988862875
4343,418,260,-122,48,131.10301293257908,131.49452966588623,30,111.0849769115448,30,4.383150988862875
4344,466,299,48,39,61.84658438426491,131.49452966588623,30,111.0849769115448,30,4.383150988862875
4345,,,,,,131.49452966588623,30,111.0849769115448,30,4.383150988862875
4346,498,212,32,-87,92.69843580125827,131.49452966588623,30,111.0849769115448,30,4.383150988862875
4347,410,292,-88,80,118.92854997854805,131.49452966588623,30,111.0849769115448,30,4.383150988862875
4348,511,274,101,-18,102.59142264341595,131.49452966588623,30,111.0849769115448,30,4.383150988862875
4349,540,211,29,-63,69.35416353759881,131.49452966588623,30,111.0849769115448,30,4.383150988862875
4350,417,263,-123,52,133.5402561027947,131.49452966588623,30,111.0849769115448,30,4.383150988862875
4351,466,297,49,34,59.64059020499378,131.49452966588623,30,111.0849769115448,30,4.383150988862875
4352,,,,,,131.49452966588623,30,111.0849769115448,30,4.383150988862875
4353,493,213,27,-84,88.23264701911646,131.49452966588623,30,111.0849769115448,30,4.383150988862875
4354,409,294,-84,81,116.69190203266035,131.49452966588623,30,111.0849769115448,30,4.383150988862875
4355,518,272,109,-22,111.19802156513397,131.49452966588623,30,111.0849769115448,30,4.383150988862875
4356,535,210,17,-62,64.28841264178172,131.49452966588623,30,111.0849769115448,30,4.383150988862875
4357,413,264,-122,54,133.41664064126334,131.49452966588623,30,111.0849769115448,30,4.383150988862875
4358,474,296,61,32,68.8839603971781,131.49452966588623,30,111.0849769115448,30,4.383150988862875
4359,551,226,77,-70,104.06248123122954,131.49452966588623,30,111.0849769115448,30,4.383150988862875
4360,488,215,-63,-11,63.953107821277925,131.49452966588623,30,111.0849769115448,30,4.383150988862875
4361,416,296,-72,81,108.37435120913067,131.49452966588623,30,111.0849769115448,30,4.383150988862875
4362,520,269,104,-27,107.44766167767449,131.49452966588623,30,111.0849769115448,30,4.383150988862875
4363,531,209,11,-60,61.0,131.49452966588623,30,111.0849769115448,30,4.383150988862875
4364,415,267,-116,58,129.6919426949878,131.49452966588623,30,111.0849769115448,30,4.383150988862875
4365,484,295,69,28,74.46475676452586,131.49452966588623,30,111.0849769115448,30,4.383150988862875
4366,551,224,67,-71,97.62171889492625,131.49452966588623,30,111.0849769115448,30,4.383150988862875
4367,487,216,-64,-8,64.4980619863884,131.49452966588623,30,111.0849769115448,30,4.383150988862875
4368,420,298,-67,82,105.89145385724005,131.49452966588623,30,111.0849769115448,30,4.383150988862875
4369,519,267,99,-31,103.74005976477939,131.49452966588623,30,111.0849769115448,30,4.383150988862875
4370,530,209,11,-58,59.033888572581766,131.49452966588623,30,111.0849769115448,30,4.383150988862875
4371,414,270,-116,61,131.06105447462264,131.49452966588623,30,111.0849769115448,30,4.383150988862875
4372,483,293,69,23,72.73238618387272,131.49452966588623,30,111.0849769115448,30,4.383150988862875
4373,553,222,70,-71,99.70456358662827,131.49452966588623,30,111.0849769115448,30,4.383150988862875
4374,482,217,-71,-5,71.17583859709698,131.49452966588623,30,111.0849769115448,30,4.383150988862875
4375,420,299,-62,82,102.80077820717118,131.49452966588623,30,111.0849769115448,30,4.383150988862875
4376,525,264,105,-35,110.67971810589327,131.49452966588623,30,111.0849769115448,30,4.383150988862875
4377,525,209,0,-55,55.0,131.49452966588623,30,111.0849769115448,30,4.383150988862875
4378,409,272,-116,63,132.00378782444085,131.49452966588623,30,111.0849769115448,30,4.383150988862875
4379,493,287,84,15,85.32877591996736,131.49452966588623,30,111.0849769115448,30,4.383150988862875
4380,550,219,57,-68,88.72992730753249,131.49452966588623,30,111.0849769115448,30,4.383150988862875
4381,422,247,-128,28,131.0267148332736,131.49452966588623,30,111.0849769115448,30,4.383150988862875
4382,432,300,10,53,53.9351462406472,131.49452966588623,30,111.0849769115448,30,4.383150988862875
4383,528,258,96,-42,104.78549517943789,131.49452966588623,30,111.0849769115448,30,4.383150988862875
4384,513,209,-15,-49,51.24451190127583,131.49452966588623,30,111.0849769115448,30,4.383150988862875
4385,407,279,-106,70,127.02755606560333,131.49452966588623,30,111.0849769115448,30,4.383150988862875
4386,502,286,95,7,95.25754563287887,131.49452966588623,30,111.0849769115448,30,4.383150988862875
4387,546,217,44,-69,81.83520025025906,131.49452966588623,30,111.0849769115448,30,4.383150988862875
4388,417,250,-129,33,133.15404612703287,131.49452966588623,30,111.0849769115448,30,4.383150988862875
4389,439,300,22,50,54.62600113499065,131.49452966588623,30,111.0849769115448,30,4.383150988862875
4390,527,255,88,-45,98.8382517044894,131.49452966588623,30,111.0849769115448,30,4.383150988862875
4391,511,210,-16,-45,47.75981574503821,131.49452966588623,30,111.0849769115448,30,4.383150988862875
4392,409,282,-102,72,124.85191228010886,131.49452966588623,30,111.0849769115448,30,4.383150988862875
4393,502,283,93,1,93.00537618869137,131.49452966588623,30,111.0849769115448,30,4.383150988862875
4394,546,216,44,-67,80.15609770940699,131.49452966588623,30,111.0849769115448,30,4.383150988862875
4395,421,254,-125,38,130.64838307457157,131.49452966588623,30,111.0849769115448,30,4.383150988862875
4396,441,300,20,46,50.15974481593781,131.49452966588623,30,111.0849769115448,30,4.383150988862875
4397,531,254,90,-46,101.07423014794622,131.49452966588623,30,111.0849769115448,30,4.383150988862875
4398,508,210,-23,-44,49.64876634922564,131.49452966588623,30,111.0849769115448,30,4.383150988862875
4399,406,285,-102,75,126.60568707605516,131.49452966588623,30,111.0849769115448,30,4.383150988862875
4400,504,281,98,-4,98.08159868191383,131.49452966588623,30,111.0849769115448,30,4.383150988862875
4401,545,214,41,-67,78.54934754662193,131.49452966588623,30,111.0849769115448,30,4.383150988862875
4402,419,256,-126,42,132.81566172707193,131.49452966588623,30,111.0849769115448,30,4.383150988862875
4403,446,299,27,43,50.774009099144415,131.49452966588623,30,111.0849769115448,30,4.383150988862875
4404,533,251,87,-48,99.36297097007517,131.49452966588623,30,111.0849769115448,30,4.383150988862875
4405,502,211,-31,-40,50.60632371551998,131.49452966588623,30,111.0849769115448,30,4.383150988862875
4406,407,288,-95,77,122.28654872879518,131.49452966588623,30,111.0849769115448,30,4.383150988862875
4407,516,275,109,-13,109.77249200050075,131.49452966588623,30,111.0849769115448,30,4.383150988862875
4408,538,212,22,-63,66.73080248281148,131.49452966588623,30,111.0849769115448,30,4.383150988862875
4409,415,261,-123,49,132.4009063413087,131.49452966588623,30,111.0849769115448,30,4.383150988862875
4410,468,298,53,37,64.63745044476924,131.49452966588623,30,111.0849769115448,30,4.383150988862875
4411,,,,,,131.49452966588623,30,111.0849769115448,30,4.383150988862875
4412,493,213,25,-85,88.60022573334675,131.49452966588623,30,111.0849769115448,30,4.383150988862875
4413,413,294,-80,81,113.84638773364749,131.49452966588623,30,111.0849769115448,30,4.383150988862875
4414,517,272,104,-22,106.30145812734649,131.49452966588623,30,111.0849769115448,30,4.383150988862875
4415,535,211,18,-61,63.60031446463138,131.49452966588623,30,111.0849769115448,30,4.383150988862875
4416,416,264,-119,53,130.26895255585654,131.49452966588623,30,111.0849769115448,30,4.383150988862875
4417,478,296,62,32,69.77105417004964,131.49452966588623,30,111.0849769115448,30,4.383150988862875
4418,551,226,73,-70,101.13851887386922,131.49452966588623,30,111.0849769115448,30,4.383150988862875
4419,492,215,-59,-11,60.01666435249463,131.49452966588623,30,111.0849769115448,30,4.383150988862875
4420,415,296,-77,81,111.75866856758807,131.49452966588623,30,111.0849769115448,30,4.383150988862875
4421,516,270,101,-26,104.29285689825551,131.49452966588623,30,111.0849769115448,30,4.383150988862875
4422,534,209,18,-61,63.60031446463138,131.49452966588623,30,111.0849769115448,30,4.383150988862875
4423,415,267,-119,58,132.38202294873727,131.49452966588623,30,111.0849769115448,30,4.383150988862875
4424,478,295,63,28,68.94200461257273,131.49452966588623,30,111.0849769115448,30,4.383150988862875
4425,553,224,75,-71,103.27632836231156,131.49452966588623,30,111.0849769115448,30,4.383150988862875
4426,487,216,-66,-8,66.48308055437865,131.49452966588623,30,111.0849769115448,30,4.383150988862875
4427,415,298,-72,82,109.12378292562992,131.49452966588623,30,111.0849769115448,30,4.383150988862875
4428,523,267,108,-31,112.36102527122117,131.49452966588623,30,111.0849769115448,30,4.383150988862875
4429,529,209,6,-58,58.309518948453004,131.49452966588623,30,111.0849769115448,30,4.383150988862875
4430,411,269,-118,60,132.3782459469833,131.49452966588623,30,111.0849769115448,30,4.383150988862875
4431,484,293,73,24,76.84399781375251,131.49452966588623,30,111.0849769115448,30,4.383150988862875
4432,551,223,67,-70,96.89685237405806,131.49452966588623,30,111.0849769115448,30,4.383150988862875
4433,480,217,-71,-6,71.25307010929424,131.49452966588623,30,111.0849769115448,30,4.383150988862875
4434,423,299,-57,82,99.86490875177326,131.49452966588623,30,111.0849769115448,30,4.383150988862875
4435,525,264,102,-35,107.83784122468327,131.49452966588623,30,111.0849769115448,30,4.383150988862875
4436,522,209,-3,-55,55.08175741568164,131.49452966588623,30,111.0849769115448,30,4.383150988862875
4437,412,273,-110,64,127.26350615946427,131.49452966588623,30,111.0849769115448,30,4.383150988862875
4438,493,291,81,18,82.97590011563598,131.49452966588623,30,111.0849769115448,30,4.383150988862875
4439,549,221,56,-70,89.64373932405988,131.49452966588623,30,111.0849769115448,30,4.383150988862875
4440,476,219,-73,-2,73.02739212103907,131.49452966588623,30,111.0849769115448,30,4.383150988862875
4441,430,300,-46,81,93.15041599477696,131.49452966588623,30,111.0849769115448,30,4.383150988862875
4442,523,262,93,-38,100.46392387319938,131.49452966588623,30,111.0849769115448,30,4.383150988862875
4443,521,209,-2,-53,53.03772242470448,131.49452966588623,30,111.0849769115448,30,4.383150988862875
4444,411,276,-110,67,128.79829191413992,131.49452966588623,30,111.0849769115448,30,4.383150988862875
4445,493,289,82,13,83.02409288875127,131.49452966588623,30,111.0849769115448,30,4.383150988862875
4446,550,219,57,-70,90.27181176868004,131.49452966588623,30,111.0849769115448,30,4.383150988862875
4447,424,247,-126,28,129.07362240210043,131.49452966588623,30,111.0849769115448,30,4.383150988862875
4448,434,300,10,53,53.9351462406472,131.49452966588623,30,111.0849769115448,30,4.383150988862875
4449,530,256,96,-44,105.60303025955268,131.49452966588623,30,111.0849769115448,30,4.383150988862875
4450,511,210,-19,-46,49.76946855251722,131.49452966588623,30,111.0849769115448,30,4.383150988862875
4451,407,286,-104,76,128.80993750483694,131.49452966588623,30,111.0849769115448,30,4.383150988862875
4452,505,280,98,-6,98.18350166906862,131.49452966588623,30,111.0849769115448,30,4.383150988862875
4453,544,214,39,-66,76.66159403508382,131.49452966588623,30,111.0849769115448,30,4.383150988862875
4454,419,257,-125,43,132.18925826253812,131.49452966588623,30,111.0849769115448,30,4.383150988862875
4455,450,299,31,42,52.20153254455275,131.49452966588623,30,111.0849769115448,30,4.383150988862875
4456,535,249,85,-50,98.6154146165801,131.49452966588623,30,111.0849769115448,30,4.383150988862875
4457,500,212,-35,-37,50.93132631298737,131.49452966588623,30,111.0849769115448,30,4.383150988862875
4458,407,289,-93,77,120.7393887677091,131.49452966588623,30,111.0849769115448,30,4.383150988862875
4459,514,277,107,-12,107.67079455451233,131.49452966588623,30,111.0849769115448,30,4.383150988862875
4460,539,212,25,-65,69.6419413859206,131.49452966588623,30,111.0849769115448,30,4.383150988862875
4461,415,260,-124,48,132.9661611087573,131.49452966588623,30,111.0849769115448,30,4.383150988862875
4462,463,298,48,38,61.220911460055866,131.49452966588623,30,111.0849769115448,30,4.383150988862875
4463,,,,,,131.49452966588623,30,111.0849769115448,30,4.383150988862875
4464,496,213,33,-85,91.18113840043894,131.49452966588623,30,111.0849769115448,30,4.383150988862875
4465,412,292,-84,79,115.31261856362468,131.49452966588623,30,111.0849769115448,30,4.383150988862875
4466,515,274,103,-18,104.5609869884557,131.49452966588623,30,111.0849769115448,30,4.383150988862875
4467,537,211,22,-63,66.73080248281148,131.49452966588623,30,111.0849769115448,30,4.383150988862875
4468,418,262,-119,51,129.46814279968643,131.49452966588623,30,111.0849769115448,30,4.383150988862875
4469,475,297,57,35,66.88796603276258,131.49452966588623,30,111.0849769115448,30,4.383150988862875
4470,,,,,,131.49452966588623,30,111.0849769115448,30,4.383150988862875
4471,495,214,20,-83,85.37564055396598,131.49452966588623,30,111.0849769115448,30,4.383150988862875
4472,413,294,-82,80,114.56002793295748,131.49452966588623,30,111.0849769115448,30,4.383150988862875
4473,514,272,101,-22,103.36827366266692,131.49452966588623,30,111.0849769115448,30,4.383150988862875
4474,536,210,22,-62,65.7875368135941,131.49452966588623,30,111.0849769115448,30,4.383150988862875
4475,416,265,-120,55,132.00378782444085,131.49452966588623,30,111.0849769115448,30,4.383150988862875
4476,481,294,65,29,71.17583859709698,131.49452966588623,30,111.0849769115448,30,4.383150988862875
4477,552,224,71,-70,99.70456358662827,131.49452966588623,30,111.0849769115448,30,4.383150988862875
4478,478,218,-74,-6,74.24284477308234,131.49452966588623,30,111.0849769115448,30,4.383150988862875
4479,424,299,-54,81,97.3498844375277,131.49452966588623,30,111.0849769115448,30,4.383150988862875
4480,526,263,102,-36,108.16653826391968,131.49452966588623,30,111.0849769115448,30,4.383150988862875
4481,522,209,-4,-54,54.147945482723536,131.49452966588623,30,111.0849769115448,30,4.383150988862875
4482,408,274,-114,65,131.2288078129189,131.49452966588623,30,111.0849769115448,30,4.383150988862875
4483,491,289,83,15,84.34453153583817,131.49452966588623,30,111.0849769115448,30,4.383150988862875
4484,550,220,59,-69,90.78546139112804,131.49452966588623,30,111.0849769115448,30,4.383150988862875
4485,423,246,-127,26,129.634100452003,131.49452966588623,30,111.0849769115448,30,4.383150988862875
4486,430,300,7,54,54.45181356024793,131.49452966588623,30,111.0849769115448,30,4.383150988862875
4487,528,260,98,-40,105.84894897919393,131.49452966588623,30,111.0849769115448,30,4.383150988862875
4488,515,209,-13,-51,52.630789467763066,131.49452966588623,30,111.0849769115448,30,4.383150988862875
4489,409,277,-106,68,125.93649193144932,131.49452966588623,30,111.0849769115448,30,4.383150988862875
4490,500,287,91,10,91.54780172128658,131.49452966588623,30,111.0849769115448,30,4.383150988862875
4491,547,218,47,-69,83.48652585896721,131.49452966588623,30,111.0849769115448,30,4.383150988862875
4492,419,248,-128,30,131.46862743635836,131.49452966588623,30,111.0849769115448,30,4.383150988862875
4493,436,300,17,52,54.70831746635972,131.49452966588623,30,111.0849769115448,30,4.383150988862875
4494,525,257,89,-43,98.84331034521254,131.49452966588623,30,111.0849769115448,30,4.383150988862875
4495,514,210,-11,-47,48.27007354458868,131.49452966588623,30,111.0849769115448,30,4.383150988862875
4496,410,280,-104,70,125.36347155371855,131.49452966588623,30,111.0849769115448,30,4.383150988862875
4497,499,285,89,5,89.1403387922662,131.49452966588623,30,111.0849769115448,30,4.383150988862875
4498,547,217,48,-68,83.23460818673925,131.49452966588623,30,111.0849769115448,30,4.383150988862875
4499,421,252,-126,35,130.77079184588584,131.49452966588623,30,111.0849769115448,30,4.383150988862875
4500,437,300,16,48,50.59644256269407,131.49452966588623,30,111.0849769115448,30,4.383150988862875
4501,530,256,93,-44,102.88342918079665,131.49452966588623,30,111.0849769115448,30,4.383150988862875
4502,511,210,-19,-46,49.76946855251722,131.49452966588623,30,111.0849769115448,30,4.383150988862875
4503,406,283,-105,73,127.88275880665071,131.49452966588623,30,111.0849769115448,30,4.383150988862875
4504,501,283,95,0,95.0,131.49452966588623,30,111.0849769115448,30,4.383150988862875
4505,546,216,45,-67,80.7093550959243,131.49452966588623,30,111.0849769115448,30,4.383150988862875
4506,419,254,-127,38,132.5631924781536,131.49452966588623,30,111.0849769115448,30,4.383150988862875
4507,441,299,22,45,50.08991914547278,131.49452966588623,30,111.0849769115448,30,4.383150988862875
4508,532,254,91,-45,101.51847122568385,131.49452966588623,30,111.0849769115448,30,4.383150988862875
4509,505,211,-27,-43,50.774009099144415,131.49452966588623,30,111.0849769115448,30,4.383150988862875
4510,406,285,-99,74,123.60016181219181,131.49452966588623,30,111.0849769115448,30,4.383150988862875
4511,510,281,104,-4,104.0768946500615,131.49452966588623,30,111.0849769115448,30,4.383150988862875
4512,542,214,32,-67,74.24957912338628,131.49452966588623,30,111.0849769115448,30,4.383150988862875
4513,417,256,-125,42,131.86735759845953,131.49452966588623,30,111.0849769115448,30,4.383150988862875
4514,452,300,35,44,56.22277118748239,131.49452966588623,30,111.0849769115448,30,4.383150988862875
4515,530,251,78,-49,92.11405973031478,131.49452966588623,30,111.0849769115448,30,4.383150988862875
4516,501,211,-29,-40,49.4064773081425,131.49452966588623,30,111.0849769115448,30,4.383150988862875
4517,410,288,-91,77,119.20570456148481,131.49452966588623,30,111.0849769115448,30,4.383150988862875
4518,513,276,103,-12,103.69667304209909,131.49452966588623,30,111.0849769115448,30,4.383150988862875
4519,538,212,25,-64,68.70953354520753,131.49452966588623,30,111.0849769115448,30,4.383150988862875
4520,417,264,-121,52,131.70041761513136,131.49452966588623,30,111.0849769115448,30,4.383150988862875
4521,481,296,64,32,71.55417527999327,131.49452966588623,30,111.0849769115448,30,4.383150988862875
4522,551,226,70,-70,98.99494936611666,131.49452966588623,30,111.0849769115448,30,4.383150988862875
4523,491,215,-60,-11,61.0,131.49452966588623,30,111.0849769115448,30,4.383150988862875
4524,416,297,-75,82,111.12605455067681,131.49452966588623,30,111.0849769115448,30,4.383150988862875
4525,517,269,101,-28,104.80935072788114,131.49452966588623,30,111.0849769115448,30,4.383150988862875
4526,533,209,16,-60,62.0966987850401,131.49452966588623,30,111.0849769115448,30,4.383150988862875
4527,415,267,-118,58,131.4838393111488,131.49452966588623,30,111.0849769115448,30,4.383150988862875
4528,479,295,64,28,69.85699678629192,131.49452966588623,30,111.0849769115448,30,4.383150988862875
4529,552,224,73,-71,101.83319694480774,131.49452966588623,30,111.0849769115448,30,4.383150988862875
4530,486,216,-66,-8,66.48308055437865,131.49452966588623,30,111.0849769115448,30,4.383150988862875
4531,416,298,-70,82,107.81465577554843,131.49452966588623,30,111.0849769115448,30,4.383150988862875
4532,524,267,108,-31,112.36102527122117,131.49452966588623,30,111.0849769115448,30,4.383150988862875
4533,528,209,4,-58,58.137767414994535,131.49452966588623,30,111.0849769115448,30,4.383150988862875
4534,411,269,-117,60,131.48764200486676,131.49452966588623,30,111.0849769115448,30,4.383150988862875
4535,485,293,74,24,77.79460135510689,131.49452966588623,30,111.0849769115448,30,4.383150988862875
4536,551,223,66,-70,96.20810776644555,131.49452966588623,30,111.0849769115448,30,4.383150988862875
4537,479,217,-72,-6,72.24956747275377,131.49452966588623,30,111.0849769115448,30,4.383150988862875
4538,423,300,-56,83,100.12492197250393,131.49452966588623,30,111.0849769115448,30,4.383150988862875
4539,525,264,102,-36,108.16653826391968,131.49452966588623,30,111.0849769115448,30,4.383150988862875
4540,522,209,-3,-55,55.08175741568164,131.49452966588623,30,111.0849769115448,30,4.383150988862875
4541,412,273,-110,64,127.26350615946427,131.49452966588623,30,111.0849769115448,30,4.383150988862875
4542,493,292,81,19,83.19855767980596,131.49452966588623,30,111.0849769115448,30,4.383150988862875
4543,549,221,56,-71,90.4267659490264,131.49452966588623,30,111.0849769115448,30,4.383150988862875
4544,475,219,-74,-2,74.02702209328699,131.49452966588623,30,111.0849769115448,30,4.383150988862875
4545,431,301,-44,82,93.05912099305473,131.49452966588623,30,111.0849769115448,30,4.383150988862875
4546,525,258,94,-43,103.36827366266692,131.49452966588623,30,111.0849769115448,30,4.383150988862875
4547,516,209,-9,-49,49.8196748283246,131.49452966588623,30,111.0849769115448,30,4.383150988862875
4548,409,284,-107,75,130.66751700403586,131.49452966588623,30,111.0849769115448,30,4.383150988862875
4549,503,283,94,-1,94.00531899844816,131.49452966588623,30,111.0849769115448,30,4.383150988862875
4550,545,215,42,-68,79.92496481075234,131.49452966588623,30,111.0849769115448,30,4.383150988862875
4551,420,255,-125,40,131.24404748406687,131.49452966588623,30,111.0849769115448,30,4.383150988862875
4552,443,300,23,45,50.53711507397311,131.49452966588623,30,111.0849769115448,30,4.383150988862875
4553,531,253,88,-47,99.76472322419383,131.49452966588623,30,111.0849769115448,30,4.383150988862875
4554,507,211,-24,-42,48.373546489791295,131.49452966588623,30,111.0849769115448,30,4.383150988862875
4555,407,286,-100,75,125.0,131.49452966588623,30,111.0849769115448,30,4.383150988862875
4556,504,280,97,-6,97.18538984847466,131.49452966588623,30,111.0849769115448,30,4.383150988862875
4557,545,214,41,-66,77.69813382572325,131.49452966588623,30,111.0849769115448,30,4.383150988862875
4558,419,257,-126,43,133.13526955694348,131.49452966588623,30,111.0849769115448,30,4.383150988862875
4559,448,300,29,43,51.86520991955976,131.49452966588623,30,111.0849769115448,30,4.383150988862875
4560,534,250,86,-50,99.4786409235671,131.49452966588623,30,111.0849769115448,30,4.383150988862875
4561,500,211,-34,-39,51.73973328110612,131.49452966588623,30,111.0849769115448,30,4.383150988862875
4562,407,288,-93,77,120.7393887677091,131.49452966588623,30,111.0849769115448,30,4.383150988862875
4563,513,278,106,-10,106.47065323364932,131.49452966588623,30,111.0849769115448,30,4.383150988862875
4564,540,213,27,-65,70.3846574190711,131.49452966588623,30,111.0849769115448,30,4.383150988862875
4565,416,259,-124,46,132.25732493892352,131.49452966588623,30,111.0849769115448,30,4.383150988862875
4566,459,299,43,40,58.728187440104094,131.49452966588623,30,111.0849769115448,30,4.383150988862875
4567,530,249,71,-50,86.83893136145792,131.49452966588623,30,111.0849769115448,30,4.383150988862875
4568,497,212,-33,-37,49.57822102496216,131.49452966588623,30,111.0849769115448,30,4.383150988862875
4569,412,291,-85,79,116.04309544302927,131.49452966588623,30,111.0849769115448,30,4.383150988862875
4570,514,275,102,-16,103.24727599312246,131.49452966588623,30,111.0849769115448,30,4.383150988862875
4571,538,212,24,-63,67.4166151627327,131.49452966588623,30,111.0849769115448,30,4.383150988862875
4572,418,262,-120,50,130.0,131.49452966588623,30,111.0849769115448,30,4.383150988862875
4573,470,298,52,36,63.245553203367585,131.49452966588623,30,111.0849769115448,30,4.383150988862875
4574,,,,,,131.49452966588623,30,111.0849769115448,30,4.383150988862875
4575,496,213,26,-85,88.88756943465155,131.49452966588623,30,111.0849769115448,30,4.383150988862875
4576,412,294,-84,81,116.69190203266035,131.49452966588623,30,111.0849769115448,30,4.383150988862875
4577,513,273,101,-21,103.16006979447037,131.49452966588623,30,111.0849769115448,30,4.383150988862875
4578,537,211,24,-62,66.48308055437865,131.49452966588623,30,111.0849769115448,30,4.383150988862875
4579,417,264,-120,53,131.18307817702708,131.49452966588623,30,111.0849769115448,30,4.383150988862875
4580,469,297,52,33,61.587336360651285,131.49452966588623,30,111.0849769115448,30,4.383150988862875
4581,553,226,84,-71,109.98636279102969,131.49452966588623,30,111.0849769115448,30,4.383150988862875
4582,490,214,-63,-12,64.13267497929586,131.49452966588623,30,111.0849769115448,30,4.383150988862875
4583,412,296,-78,82,113.17243480636087,131.49452966588623,30,111.0849769115448,30,4.383150988862875
4584,521,271,109,-25,111.83022847155415,131.49452966588623,30,111.0849769115448,30,4.383150988862875
4585,532,210,11,-61,61.98386886924694,131.49452966588623,30,111.0849769115448,30,4.383150988862875
4586,413,266,-119,56,131.51805959639154,131.49452966588623,30,111.0849769115448,30,4.383150988862875
4587,478,296,65,30,71.58910531638176,131.49452966588623,30,111.0849769115448,30,4.383150988862875
4588,550,225,72,-71,101.11874208078342,131.49452966588623,30,111.0849769115448,30,4.383150988862875
4589,483,216,-67,-9,67.60177512462228,131.49452966588623,30,111.0849769115448,30,4.383150988862875
4590,419,298,-64,82,104.01922899156675,131.49452966588623,30,111.0849769115448,30,4.383150988862875
4591,523,268,104,-30,108.24047302187847,131.49452966588623,30,111.0849769115448,30,4.383150988862875
4592,527,209,4,-59,59.135437767890075,131.49452966588623,30,111.0849769115448,30,4.383150988862875
4593,414,269,-113,60,127.94139283281233,131.49452966588623,30,111.0849769115448,30,4.383150988862875
4594,489,294,75,25,79.05694150420949,131.49452966588623,30,111.0849769115448,30,4.383150988862875
4595,549,223,60,-71,92.9569792968769,131.49452966588623,30,111.0849769115448,30,4.383150988862875
4596,481,217,-68,-6,68.26419266350405,131.49452966588623,30,111.0849769115448,30,4.383150988862875
4597,426,300,-55,83,99.56907150315303,131.49452966588623,30,111.0849769115448,30,4.383150988862875
4598,522,265,96,-35,102.18121158021175,131.49452966588623,30,111.0849769115448,30,4.383150988862875
4599,525,208,3,-57,57.07889277132134,131.49452966588623,30,111.0849769115448,30,4.383150988862875
4600,413,273,-112,65,129.49517365523704,131.49452966588623,30,111.0849769115448,30,4.383150988862875
4601,489,292,76,19,78.33900688673555,131.49452966588623,30,111.0849769115448,30,4.383150988862875
4602,551,221,62,-71,94.26027795418386,131.49452966588623,30,111.0849769115448,30,4.383150988862875
4603,475,218,-76,-3,76.05918747922567,131.49452966588623,30,111.0849769115448,30,4.383150988862875
4604,427,300,-48,82,95.01578816175763,131.49452966588623,30,111.0849769115448,30,4.383150988862875
4605,528,263,101,-37,107.56393447619885,131.49452966588623,30,111.0849769115448,30,4.383150988862875
4606,520,208,-8,-55,55.57877292636101,131.49452966588623,30,111.0849769115448,30,4.383150988862875
4607,409,275,-111,67,129.65338406690356,131.49452966588623,30,111.0849769115448,30,4.383150988862875
4608,493,289,84,14,85.15867542417507,131.49452966588623,30,111.0849769115448,30,4.383150988862875
4609,549,219,56,-70,89.64373932405988,131.49452966588623,30,111.0849769115448,30,4.383150988862875
4610,423,246,-126,27,128.86038956948718,131.49452966588623,30,111.0849769115448,30,4.383150988862875
4611,432,301,9,55,55.731499172371095,131.49452966588623,30,111.0849769115448,30,4.383150988862875
4612,529,259,97,-42,105.70241246064349,131.49452966588623,30,111.0849769115448,30,4.383150988862875
4613,513,209,-16,-50,52.49761899362675,131.49452966588623,30,111.0849769115448,30,4.383150988862875
4614,408,279,-105,70,126.19429464123962,131.49452966588623,30,111.0849769115448,30,4.383150988862875
4615,503,287,95,8,95.33624704172071,131.49452966588623,30,111.0849769115448,30,4.383150988862875
4616,545,217,42,-70,81.6333265278342,131.49452966588623,30,111.0849769115448,30,4.383150988862875
4617,417,250,-128,33,132.1854757528224,131.49452966588623,30,111.0849769115448,30,4.383150988862875
4618,441,302,24,52,57.271284253105414,131.49452966588623,30,111.0849769115448,30,4.383150988862875
4619,527,256,86,-46,97.52948272189288,131.49452966588623,30,111.0849769115448,30,4.383150988862875
4620,504,210,-23,-46,51.42956348249516,131.49452966588623,30,111.0849769115448,30,4.383150988862875
4621,410,287,-94,77,121.51131634543344,131.49452966588623,30,111.0849769115448,30,4.383150988862875
4622,508,281,98,-6,98.18350166906862,131.49452966588623,30,111.0849769115448,30,4.383150988862875
4623,543,214,35,-67,75.59100475585703,131.49452966588623,30,111.0849769115448,30,4.383150988862875
4624,420,257,-123,43,130.29965464267354,131.49452966588623,30,111.0849769115448,30,4.383150988862875
4625,450,301,30,44,53.25410782277739,131.49452966588623,30,111.0849769115448,30,4.383150988862875
4626,533,251,83,-50,96.89685237405806,131.49452966588623,30,111.0849769115448,30,4.383150988862875
4627,502,211,-31,-40,50.60632371551998,131.49452966588623,30,111.0849769115448,30,4.383150988862875
4628,408,289,-94,78,122.14745187681976,131.49452966588623,30,111.0849769115448,30,4.383150988862875
4629,509,279,101,-10,101.49384217774002,131.49452966588623,30,111.0849769115448,30,4.383150988862875
4630,542,212,33,-67,74.68600939935136,131.49452966588623,30,111.0849769115448,30,4.383150988862875
4631,418,260,-124,48,132.9661611087573,131.49452966588623,30,111.0849769115448,30,4.383150988862875
4632,454,300,36,40,53.81449618829484,131.49452966588623,30,111.0849769115448,30,4.383150988862875
4633,536,247,82,-53,97.63708311906906,131.49452966588623,30,111.0849769115448,30,4.383150988862875
4634,496,211,-40,-36,53.81449618829484,131.49452966588623,30,111.0849769115448,30,4.383150988862875
4635,408,292,-88,81,119.60351165413162,131.49452966588623,30,111.0849769115448,30,4.383150988862875
4636,517,276,109,-16,110.16805344563369,131.49452966588623,30,111.0849769115448,30,4.383150988862875
4637,537,211,20,-65,68.00735254367721,131.49452966588623,30,111.0849769115448,30,4.383150988862875
4638,414,261,-123,50,132.7742444904131,131.49452966588623,30,111.0849769115448,30,4.383150988862875
4639,466,299,52,38,64.40496875241847,131.49452966588623,30,111.0849769115448,30,4.383150988862875
4640,544,236,78,-63,100.26464980241042,131.49452966588623,30,111.0849769115448,30,4.383150988862875
4641,492,212,-52,-24,57.271284253105414,131.49452966588623,30,111.0849769115448,30,4.383150988862875
4642,413,295,-79,83,114.58621208504974,131.49452966588623,30,111.0849769115448,30,4.383150988862875
4643,517,274,104,-21,106.09901036296239,131.49452966588623,30,111.0849769115448,30,4.383150988862875
4644,535,210,18,-64,66.48308055437865,131.49452966588623,30,111.0849769115448,30,4.383150988862875
4645,417,264,-118,54,129.76902558006668,131.49452966588623,30,111.0849769115448,30,4.383150988862875
4646,478,298,61,34,69.83552104767315,131.49452966588623,30,111.0849769115448,30,4.383150988862875
4647,550,227,72,-71,101.11874208078342,131.49452966588623,30,111.0849769115448,30,4.383150988862875
4648,491,213,-59,-14,60.63827174318213,131.49452966588623,30,111.0849769115448,30,4.383150988862875
4649,416,298,-75,85,113.35784048754634,131.49452966588623,30,111.0849769115448,30,4.383150988862875
4650,517,271,101,-27,104.546640309481,131.49452966588623,30,111.0849769115448,30,4.383150988862875
4651,534,209,17,-62,64.28841264178172,131.49452966588623,30,111.0849769115448,30,4.383150988862875
4652,416,266,-118,57,131.04579352272242,131.49452966588623,30,111.0849769115448,30,4.383150988862875
4653,477,296,61,30,67.97793759742936,131.49452966588623,30,111.0849769115448,30,4.383150988862875
4654,552,225,75,-71,103.27632836231156,131.49452966588623,30,111.0849769115448,30,4.383150988862875
4655,486,215,-66,-10,66.75327707311455,131.49452966588623,30,111.0849769115448,30,4.383150988862875
4656,416,299,-70,84,109.34349546269316,131.49452966588623,30,111.0849769115448,30,4.383150988862875
4657,524,268,108,-31,112.36102527122117,131.49452966588623,30,111.0849769115448,30,4.383150988862875
4658,529,209,5,-59,59.21148537234985,131.49452966588623,30,111.0849769115448,30,4.383150988862875
4659,412,269,-117,60,131.48764200486676,131.49452966588623,30,111.0849769115448,30,4.383150988862875
4660,483,295,71,26,75.61084578286372,131.49452966588623,30,111.0849769115448,30,4.383150988862875
4661,550,223,67,-72,98.35141076771599,131.49452966588623,30,111.0849769115448,30,4.383150988862875
4662,479,217,-71,-6,71.25307010929424,131.49452966588623,30,111.0849769115448,30,4.383150988862875
4663,422,300,-57,83,100.68763578513501,131.49452966588623,30,111.0849769115448,30,4.383150988862875
4664,525,265,103,-35,108.78419002777932,131.49452966588623,30,111.0849769115448,30,4.383150988862875
4665,523,208,-2,-57,57.0350769263968,131.49452966588623,30,111.0849769115448,30,4.383150988862875
4666,413,272,-110,64,127.26350615946427,131.49452966588623,30,111.0849769115448,30,4.383150988862875
4667,492,293,79,21,81.74350127074322,131.49452966588623,30,111.0849769115448,30,4.383150988862875
4668,548,222,56,-71,90.4267659490264,131.49452966588623,30,111.0849769115448,30,4.383150988862875
4669,477,218,-71,-4,71.11258679024411,131.49452966588623,30,111.0849769115448,30,4.383150988862875
4670,430,301,-47,83,95.38343671728336,131.49452966588623,30,111.0849769115448,30,4.383150988862875
4671,523,263,93,-38,100.46392387319938,131.49452966588623,30,111.0849769115448,30,4.383150988862875
4672,522,208,-1,-55,55.00909015790027,131.49452966588623,30,111.0849769115448,30,4.383150988862875
4673,412,275,-110,67,128.79829191413992,131.49452966588623,30,111.0849769115448,30,4.383150988862875
4674,491,291,79,16,80.60397012554654,131.49452966588623,30,111.0849769115448,30,4.383150988862875
4675,549,220,58,-71,91.67878707749138,131.49452966588623,30,111.0849769115448,30,4.383150988862875
4676,432,243,-117,23,119.23925528113634,131.49452966588623,30,111.0849769115448,30,4.383150988862875
4677,431,301,-1,58,58.008620049092706,131.49452966588623,30,111.0849769115448,30,4.383150988862875
4678,528,260,97,-41,105.30906893520614,131.49452966588623,30,111.0849769115448,30,4.383150988862875
4679,517,209,-11,-51,52.172789842982326,131.49452966588623,30,111.0849769115448,30,4.383150988862875
4680,408,278,-109,69,129.00387591076478,131.49452966588623,30,111.0849769115448,30,4.383150988862875
4681,495,287,87,9,87.46427842267951,131.49452966588623,30,111.0849769115448,30,4.383150988862875
4682,548,218,53,-69,87.00574693662483,131.49452966588623,30,111.0849769115448,30,4.383150988862875
4683,420,249,-128,31,131.70041761513136,131.49452966588623,30,111.0849769115448,30,4.383150988862875
4684,435,301,15,52,54.120236510939236,131.49452966588623,30,111.0849769115448,30,4.383150988862875
4685,530,257,95,-44,104.69479452198185,131.49452966588623,30,111.0849769115448,30,4.383150988862875
4686,510,209,-20,-48,52.0,131.49452966588623,30,111.0849769115448,30,4.383150988862875
4687,408,281,-102,72,124.85191228010886,131.49452966588623,30,111.0849769115448,30,4.383150988862875
4688,504,285,96,4,96.08329719571451,131.49452966588623,30,111.0849769115448,30,4.383150988862875
4689,545,217,41,-68,79.40403012442127,131.49452966588623,30,111.0849769115448,30,4.383150988862875
4690,417,252,-128,35,132.69890730522238,131.49452966588623,30,111.0849769115448,30,4.383150988862875
4691,444,301,27,49,55.94640292279746,131.49452966588623,30,111.0849769115448,30,4.383150988862875
4692,528,254,84,-47,96.25487000666512,131.49452966588623,30,111.0849769115448,30,4.383150988862875
4693,508,210,-20,-44,48.33218389437829,131.49452966588623,30,111.0849769115448,30,4.383150988862875
4694,410,285,-98,75,123.40583454602137,131.49452966588623,30,111.0849769115448,30,4.383150988862875
4695,504,282,94,-3,94.04786015641186,131.49452966588623,30,111.0849769115448,30,4.383150988862875
4696,545,215,41,-67,78.54934754662193,131.49452966588623,30,111.0849769115448,30,4.383150988862875
4697,421,256,-124,41,130.60245020672468,131.49452966588623,30,111.0849769115448,30,4.383150988862875
4698,447,301,26,45,51.97114584074513,131.49452966588623,30,111.0849769115448,30,4.383150988862875
4699,532,252,85,-49,98.11218069128827,131.49452966588623,30,111.0849769115448,30,4.383150988862875
4700,505,211,-27,-41,49.09175083453431,131.49452966588623,30,111.0849769115448,30,4.383150988862875
4701,408,287,-97,76,123.22743201089601,131.49452966588623,30,111.0849769115448,30,4.383150988862875
4702,506,280,98,-7,98.2496819333274,131.49452966588623,30,111.0849769115448,30,4.383150988862875
4703,544,214,38,-66,76.15773105863909,131.49452966588623,30,111.0849769115448,30,4.383150988862875
4704,419,258,-125,44,132.51792331605563,131.49452966588623,30,111.0849769115448,30,4.383150988862875
4705,450,300,31,42,52.20153254455275,131.49452966588623,30,111.0849769115448,30,4.383150988862875
4706,535,249,85,-51,99.12618221237011,131.49452966588623,30,111.0849769115448,30,4.383150988862875
4707,499,212,-36,-37,51.62363799656123,131.49452966588623,30,111.0849769115448,30,4.383150988862875
4708,407,290,-92,78,120.61509026651682,131.49452966588623,30,111.0849769115448,30,4.383150988862875
4709,514,278,107,-12,107.67079455451233,131.49452966588623,30,111.0849769115448,30,4.383150988862875
4710,539,212,25,-66,70.57619995437555,131.49452966588623,30,111.0849769115448,30,4.383150988862875
4711,416,260,-123,48,132.03408650799233,131.49452966588623,30,111.0849769115448,30,4.383150988862875
4712,460,299,44,39,58.7962583843564,131.49452966588623,30,111.0849769115448,30,4.383150988862875
4713,533,246,73,-53,90.21086409075129,131.49452966588623,30,111.0849769115448,30,4.383150988862875
4714,496,212,-37,-34,50.24937810560445,131.49452966588623,30,111.0849769115448,30,4.383150988862875
4715,412,293,-84,81,116.69190203266035,131.49452966588623,30,111.0849769115448,30,4.383150988862875
4716,515,275,103,-18,104.5609869884557,131.49452966588623,30,111.0849769115448,30,4.383150988862875
4717,537,212,22,-63,66.73080248281148,131.49452966588623,30,111.0849769115448,30,4.383150988862875
4718,418,262,-119,50,129.07749610214788,131.49452966588623,30,111.0849769115448,30,4.383150988862875
4719,473,298,55,36,65.73431371817918,131.49452966588623,30,111.0849769115448,30,4.383150988862875
4720,547,232,74,-66,99.15644204992432,131.49452966588623,30,111.0849769115448,30,4.383150988862875
4721,494,214,-53,-18,55.97320787662612,131.49452966588623,30,111.0849769115448,30,4.383150988862875
4722,413,295,-81,81,114.5512985522207,131.49452966588623,30,111.0849769115448,30,4.383150988862875
4723,515,272,102,-23,104.5609869884557,131.49452966588623,30,111.0849769115448,30,4.383150988862875
4724,536,211,21,-61,64.51356446515724,131.49452966588623,30,111.0849769115448,30,4.383150988862875
4725,416,265,-120,54,131.59027319676784,131.49452966588623,30,111.0849769115448,30,4.383150988862875
4726,473,296,57,31,64.88451279003334,131.49452966588623,30,111.0849769115448,30,4.383150988862875
4727,551,227,78,-69,104.1393297462587,131.49452966588623,30,111.0849769115448,30,4.383150988862875
4728,488,215,-63,-12,64.13267497929586,131.49452966588623,30,111.0849769115448,30,4.383150988862875
4729,414,297,-74,82,110.45361017187261,131.49452966588623,30,111.0849769115448,30,4.383150988862875
4730,522,269,108,-28,111.57060544785082,131.49452966588623,30,111.0849769115448,30,4.383150988862875
4731,531,210,9,-59,59.682493245507096,131.49452966588623,30,111.0849769115448,30,4.383150988862875
4732,413,267,-118,57,131.04579352272242,131.49452966588623,30,111.0849769115448,30,4.383150988862875
4733,480,295,67,28,72.61542535852834,131.49452966588623,30,111.0849769115448,30,4.383150988862875
4734,549,225,69,-70,98.29038610159185,131.49452966588623,30,111.0849769115448,30,4.383150988862875
4735,483,217,-66,-8,66.48308055437865,131.49452966588623,30,111.0849769115448,30,4.383150988862875
4736,421,299,-62,82,102.80077820717118,131.49452966588623,30,111.0849769115448,30,4.383150988862875
4737,523,267,102,-32,106.90182411914213,131.49452966588623,30,111.0849769115448,30,4.383150988862875
4738,526,209,3,-58,58.077534382926416,131.49452966588623,30,111.0849769115448,30,4.383150988862875
4739,413,270,-113,61,128.41339493993607,131.49452966588623,30,111.0849769115448,30,4.383150988862875
4740,489,293,76,23,79.40403012442127,131.49452966588623,30,111.0849769115448,30,4.383150988862875
4741,548,223,59,-70,91.54780172128658,131.49452966588623,30,111.0849769115448,30,4.383150988862875
4742,480,218,-68,-5,68.18357573492314,131.49452966588623,30,111.0849769115448,30,4.383150988862875
4743,428,300,-52,82,97.09788875150684,131.49452966588623,30,111.0849769115448,30,4.383150988862875
4744,522,263,94,-37,101.01980003939822,131.49452966588623,30,111.0849769115448,30,4.383150988862875
4745,524,209,2,-54,54.037024344425184,131.49452966588623,30,111.0849769115448,30,4.383150988862875
4746,412,273,-112,64,128.9961239727768,131.49452966588623,30,111.0849769115448,30,4.383150988862875
4747,488,290,76,17,77.87810988975015,131.49452966588623,30,111.0849769115448,30,4.383150988862875
4748,550,222,62,-68,92.02173656261873,131.49452966588623,30,111.0849769115448,30,4.383150988862875
4749,472,222,-78,0,78.0,131.49452966588623,30,111.0849769115448,30,4.383150988862875
4750,428,300,-44,78,89.55445270895244,131.49452966588623,30,111.0849769115448,30,4.383150988862875
4751,528,261,100,-39,107.33592129385204,131.49452966588623,30,111.0849769115448,30,4.383150988862875
4752,519,210,-9,-51,51.78802950489621,131.49452966588623,30,111.0849769115448,30,4.383150988862875
4753,408,276,-111,66,129.1394595001853,131.49452966588623,30,111.0849769115448,30,4.383150988862875
4754,493,287,85,11,85.70880934886448,131.49452966588623,30,111.0849769115448,30,4.383150988862875
4755,549,220,56,-67,87.32124598286491,131.49452966588623,30,111.0849769115448,30,4.383150988862875
4756,421,249,-128,29,131.24404748406687,131.49452966588623,30,111.0849769115448,30,4.383150988862875
4757,433,300,12,51,52.392747589718944,131.49452966588623,30,111.0849769115448,30,4.383150988862875
4758,529,257,96,-43,105.19030373565806,131.49452966588623,30,111.0849769115448,30,4.383150988862875
4759,513,210,-16,-47,49.64876634922564,131.49452966588623,30,111.0849769115448,30,4.383150988862875
4760,408,280,-105,70,126.19429464123962,131.49452966588623,30,111.0849769115448,30,4.383150988862875
4761,502,285,94,5,94.13288479590966,131.49452966588623,30,111.0849769115448,30,4.383150988862875
4762,545,218,43,-67,79.61155694998057,131.49452966588623,30,111.0849769115448,30,4.383150988862875
4763,418,251,-127,33,131.21737689803132,131.49452966588623,30,111.0849769115448,30,4.383150988862875
4764,441,300,23,49,54.12947441089743,131.49452966588623,30,111.0849769115448,30,4.383150988862875
4765,527,254,86,-46,97.52948272189288,131.49452966588623,30,111.0849769115448,30,4.383150988862875
4766,510,211,-17,-43,46.238512086787566,131.49452966588623,30,111.0849769115448,30,4.383150988862875
4767,410,283,-100,72,123.2233744059949,131.49452966588623,30,111.0849769115448,30,4.383150988862875
4768,502,283,92,0,92.0,131.49452966588623,30,111.0849769115448,30,4.383150988862875
4769,546,217,44,-66,79.32212806020776,131.49452966588623,30,111.0849769115448,30,4.383150988862875
4770,421,254,-125,37,130.36103712382777,131.49452966588623,30,111.0849769115448,30,4.383150988862875
4771,443,300,22,46,50.99019513592785,131.49452966588623,30,111.0849769115448,30,4.383150988862875
4772,532,253,89,-47,100.64790112068906,131.49452966588623,30,111.0849769115448,30,4.383150988862875
4773,508,212,-24,-41,47.50789408087881,131.49452966588623,30,111.0849769115448,30,4.383150988862875
4774,407,285,-101,73,124.61942063739504,131.49452966588623,30,111.0849769115448,30,4.383150988862875
4775,504,280,97,-5,97.12878049270464,131.49452966588623,30,111.0849769115448,30,4.383150988862875
4776,545,215,41,-65,76.8505042273634,131.49452966588623,30,111.0849769115448,30,4.383150988862875
4777,419,257,-126,42,132.81566172707193,131.49452966588623,30,111.0849769115448,30,4.383150988862875
4778,448,299,29,42,51.03920062069938,131.49452966588623,30,111.0849769115448,30,4.383150988862875
4779,534,249,86,-50,99.4786409235671,131.49452966588623,30,111.0849769115448,30,4.383150988862875
4780,501,213,-33,-36,48.83646178829912,131.49452966588623,30,111.0849769115448,30,4.383150988862875
4781,407,288,-94,75,120.2538980657176,131.49452966588623,30,111.0849769115448,30,4.383150988862875
4782,512,278,105,-10,105.47511554864494,131.49452966588623,30,111.0849769115448,30,4.383150988862875
4783,540,214,28,-64,69.85699678629192,131.49452966588623,30,111.0849769115448,30,4.383150988862875
4784,417,259,-123,45,130.97327971765844,131.49452966588623,30,111.0849769115448,30,4.383150988862875
4785,459,298,42,39,57.3149195236284,131.49452966588623,30,111.0849769115448,30,4.383150988862875
4786,532,247,73,-51,89.05054744357274,131.49452966588623,30,111.0849769115448,30,4.383150988862875
4787,497,213,-35,-34,48.79549159502341,131.49452966588623,30,111.0849769115448,30,4.383150988862875
4788,412,291,-85,78,115.36463929644994,131.49452966588623,30,111.0849769115448,30,4.383150988862875
4789,513,275,101,-16,102.25947388873072,131.49452966588623,30,111.0849769115448,30,4.383150988862875
4790,538,213,25,-62,66.85057965343307,131.49452966588623,30,111.0849769115448,30,4.383150988862875
4791,419,262,-119,49,128.69343417595164,131.49452966588623,30,111.0849769115448,30,4.383150988862875
4792,470,297,51,35,61.85466837676846,131.49452966588623,30,111.0849769115448,30,4.383150988862875
4793,539,240,69,-57,89.49860334105779,131.49452966588623,30,111.0849769115448,30,4.383150988862875
4794,496,214,-43,-26,50.24937810560445,131.49452966588623,30,111.0849769115448,30,4.383150988862875
4795,412,294,-84,80,116.0,131.49452966588623,30,111.0849769115448,30,4.383150988862875
4796,513,273,101,-21,103.16006979447037,131.49452966588623,30,111.0849769115448,30,4.383150988862875
4797,538,212,25,-61,65.92419889539804,131.49452966588623,30,111.0849769115448,30,4.383150988862875
4798,417,264,-121,52,131.70041761513136,131.49452966588623,30,111.0849769115448,30,4.383150988862875
4799,469,296,52,32,61.05735008989499,131.49452966588623,30,111.0849769115448,30,4.383150988862875
4800,549,230,80,-66,103.71113729971339,131.49452966588623,30,111.0849769115448,30,4.383150988862875
4801,490,214,-59,-16,61.1310068623117,131.49452966588623,30,111.0849769115448,30,4.383150988862875
4802,417,298,-73,84,111.28791488746656,131.49452966588623,30,111.0849769115448,30,4.383150988862875
4803,524,267,107,-31,111.40017953306898,131.49452966588623,30,111.0849769115448,30,4.383150988862875
4804,528,210,4,-57,57.14017850864661,131.49452966588623,30,111.0849769115448,30,4.383150988862875
4805,412,269,-116,59,130.14222988715076,131.49452966588623,30,111.0849769115448,30,4.383150988862875
4806,484,293,72,24,75.8946638440411,131.49452966588623,30,111.0849769115448,30,4.383150988862875
4807,550,224,66,-69,95.4829827770373,131.49452966588623,30,111.0849769115448,30,4.383150988862875
4808,478,218,-72,-6,72.24956747275377,131.49452966588623,30,111.0849769115448,30,4.383150988862875
4809,424,300,-54,82,98.18350166906862,131.49452966588623,30,111.0849769115448,30,4.383150988862875
4810,526,264,102,-36,108.16653826391968,131.49452966588623,30,111.0849769115448,30,4.383150988862875
4811,522,209,-4,-55,55.14526271584895,131.49452966588623,30,111.0849769115448,30,4.383150988862875
4812,412,273,-110,64,127.26350615946427,131.49452966588623,30,111.0849769115448,30,4.383150988862875
4813,493,291,81,18,82.97590011563598,131.49452966588623,30,111.0849769115448,30,4.383150988862875
4814,547,222,54,-69,87.6184911990614,131.49452966588623,30,111.0849769115448,30,4.383150988862875
4815,476,219,-71,-3,71.06335201775947,131.49452966588623,30,111.0849769115448,30,4.383150988862875
4816,431,300,-45,81,92.66067126888301,131.49452966588623,30,111.0849769115448,30,4.383150988862875
4817,524,262,93,-38,100.46392387319938,131.49452966588623,30,111.0849769115448,30,4.383150988862875
4818,521,210,-3,-52,52.08646657242167,131.49452966588623,30,111.0849769115448,30,4.383150988862875
4819,411,276,-110,66,128.2809416865966,131.49452966588623,30,111.0849769115448,30,4.383150988862875
4820,492,289,81,13,82.03657720797473,131.49452966588623,30,111.0849769115448,30,4.383150988862875
4821,549,221,57,-68,88.72992730753249,131.49452966588623,30,111.0849769115448,30,4.383150988862875
4822,424,248,-125,27,127.88275880665071,131.49452966588623,30,111.0849769115448,30,4.383150988862875
4823,432,300,8,52,52.61178575186362,131.49452966588623,30,111.0849769115448,30,4.383150988862875
4824,529,259,97,-41,105.30906893520614,131.49452966588623,30,111.0849769115448,30,4.383150988862875
4825,517,210,-12,-49,50.44799302251776,131.49452966588623,30,111.0849769115448,30,4.383150988862875
4826,408,278,-109,68,128.47178678604885,131.49452966588623,30,111.0849769115448,30,4.383150988862875
4827,496,286,88,8,88.36288813749809,131.49452966588623,30,111.0849769115448,30,4.383150988862875
4828,548,219,52,-67,84.81155581640984,131.49452966588623,30,111.0849769115448,30,4.383150988862875
4829,420,250,-128,31,131.70041761513136,131.49452966588623,30,111.0849769115448,30,4.383150988862875
4830,436,300,16,50,52.49761899362675,131.49452966588623,30,111.0849769115448,30,4.383150988862875
4831,531,255,95,-45,105.11898020814318,131.49452966588623,30,111.0849769115448,30,4.383150988862875
4832,510,210,-21,-45,49.658836071740545,131.49452966588623,30,111.0849769115448,30,4.383150988862875
4833,408,282,-102,72,124.85191228010886,131.49452966588623,30,111.0849769115448,30,4.383150988862875
4834,509,281,101,-1,101.00495037373169,131.49452966588623,30,111.0849769115448,30,4.383150988862875
4835,542,215,33,-66,73.79024325749306,131.49452966588623,30,111.0849769115448,30,4.383150988862875
4836,417,256,-125,41,131.55227098001768,131.49452966588623,30,111.0849769115448,30,4.383150988862875
4837,452,300,35,44,56.22277118748239,131.49452966588623,30,111.0849769115448,30,4.383150988862875
4838,531,250,79,-50,93.49331526906082,131.49452966588623,30,111.0849769115448,30,4.383150988862875
4839,501,212,-30,-38,48.41487374764082,131.49452966588623,30,111.0849769115448,30,4.383150988862875
4840,410,288,-91,76,118.56221995222593,131.49452966588623,30,111.0849769115448,30,4.383150988862875
4841,509,278,99,-10,99.50376877284599,131.49452966588623,30,111.0849769115448,30,4.383150988862875
4842,542,214,33,-64,72.00694410957877,131.49452966588623,30,111.0849769115448,30,4.383150988862875
4843,420,259,-122,45,130.034610777285,131.49452966588623,30,111.0849769115448,30,4.383150988862875
4844,460,300,40,41,57.28001396647874,131.49452966588623,30,111.0849769115448,30,4.383150988862875
4845,534,248,74,-52,90.44335243676011,131.49452966588623,30,111.0849769115448,30,4.383150988862875
4846,500,213,-34,-35,48.79549159502341,131.49452966588623,30,111.0849769115448,30,4.383150988862875
4847,409,291,-91,78,119.85407794480753,131.49452966588623,30,111.0849769115448,30,4.383150988862875
4848,510,276,101,-15,102.1077861869505,131.49452966588623,30,111.0849769115448,30,4.383150988862875
4849,541,213,31,-63,70.21395872616783,131.49452966588623,30,111.0849769115448,30,4.383150988862875
4850,418,261,-123,48,132.03408650799233,131.49452966588623,30,111.0849769115448,30,4.383150988862875
4851,461,298,43,37,56.72741841473134,131.49452966588623,30,111.0849769115448,30,4.383150988862875
4852,538,243,77,-55,94.62557793746889,131.49452966588623,30,111.0849769115448,30,4.383150988862875
4853,494,213,-44,-30,53.25410782277739,131.49452966588623,30,111.0849769115448,30,4.383150988862875
4854,409,293,-85,80,116.72617529928752,131.49452966588623,30,111.0849769115448,30,4.383150988862875
4855,518,274,109,-19,110.64357188738983,131.49452966588623,30,111.0849769115448,30,4.383150988862875
4856,536,212,18,-62,64.5600495662759,131.49452966588623,30,111.0849769115448,30,4.383150988862875
4857,415,263,-121,51,131.30879635424276,131.49452966588623,30,111.0849769115448,30,4.383150988862875
4858,471,297,56,34,65.5133574166368,131.49452966588623,30,111.0849769115448,30,4.383150988862875
4859,546,231,75,-66,99.90495483208028,131.49452966588623,30,111.0849769115448,30,4.383150988862875
4860,489,214,-57,-17,59.481089431852205,131.49452966588623,30,111.0849769115448,30,4.383150988862875
4861,415,296,-74,82,110.45361017187261,131.49452966588623,30,111.0849769115448,30,4.383150988862875
4862,518,271,103,-25,105.99056561788883,131.49452966588623,30,111.0849769115448,30,4.383150988862875
4863,533,211,15,-60,61.84658438426491,131.49452966588623,30,111.0849769115448,30,4.383150988862875
4864,416,265,-117,54,128.86038956948718,131.49452966588623,30,111.0849769115448,30,4.383150988862875
4865,480,296,64,31,71.11258679024411,131.49452966588623,30,111.0849769115448,30,4.383150988862875
4866,549,227,69,-69,97.58073580374356,131.49452966588623,30,111.0849769115448,30,4.383150988862875
4867,489,215,-60,-12,61.18823416311342,131.49452966588623,30,111.0849769115448,30,4.383150988862875
4868,418,298,-71,83,109.22453936730518,131.49452966588623,30,111.0849769115448,30,4.383150988862875
4869,517,269,99,-29,103.16006979447037,131.49452966588623,30,111.0849769115448,30,4.383150988862875
4870,533,210,16,-59,61.1310068623117,131.49452966588623,30,111.0849769115448,30,4.383150988862875
4871,416,268,-117,58,130.58713566044705,131.49452966588623,30,111.0849769115448,30,4.383150988862875
4872,479,295,63,27,68.54195795277518,131.49452966588623,30,111.0849769115448,30,4.383150988862875
4873,550,226,71,-69,99.00505037623081,131.49452966588623,30,111.0849769115448,30,4.383150988862875
4874,484,216,-66,-10,66.75327707311455,131.49452966588623,30,111.0849769115448,30,4.383150988862875
4875,418,299,-66,83,106.04244433244644,131.49452966588623,30,111.0849769115448,30,4.383150988862875
4876,524,267,106,-32,110.72488428533127,131.49452966588623,30,111.0849769115448,30,4.383150988862875
4877,527,210,3,-57,57.07889277132134,131.49452966588623,30,111.0849769115448,30,4.383150988862875
4878,412,270,-115,60,129.71121771072848,131.49452966588623,30,111.0849769115448,30,4.383150988862875
4879,485,293,73,23,76.53757247260981,131.49452966588623,30,111.0849769115448,30,4.383150988862875
4880,548,224,63,-69,93.43446901438462,131.49452966588623,30,111.0849769115448,30,4.383150988862875
4881,477,217,-71,-7,71.34423592694787,131.49452966588623,30,111.0849769115448,30,4.383150988862875
4882,424,300,-53,83,98.47842403288143,131.49452966588623,30,111.0849769115448,30,4.383150988862875
4883,526,264,102,-36,108.16653826391968,131.49452966588623,30,111.0849769115448,30,4.383150988862875
4884,522,209,-4,-55,55.14526271584895,131.49452966588623,30,111.0849769115448,30,4.383150988862875
4885,412,273,-110,64,127.26350615946427,131.49452966588623,30,111.0849769115448,30,4.383150988862875
4886,493,291,81,18,82.97590011563598,131.49452966588623,30,111.0849769115448,30,4.383150988862875
4887,547,222,54,-69,87.6184911990614,131.49452966588623,30,111.0849769115448,30,4.383150988862875
4888,476,219,-71,-3,71.06335201775947,131.49452966588623,30,111.0849769115448,30,4.383150988862875
4889,431,301,-45,82,93.53608929178085,131.49452966588623,30,111.0849769115448,30,4.383150988862875
4890,524,261,93,-40,101.23734488813898,131.49452966588623,30,111.0849769115448,30,4.383150988862875
4891,521,209,-3,-52,52.08646657242167,131.49452966588623,30,111.0849769115448,30,4.383150988862875
4892,411,276,-110,67,128.79829191413992,131.49452966588623,30,111.0849769115448,30,4.383150988862875
4893,492,289,81,13,82.03657720797473,131.49452966588623,30,111.0849769115448,30,4.383150988862875
4894,549,220,57,-69,89.49860334105779,131.49452966588623,30,111.0849769115448,30,4.383150988862875
4895,423,248,-126,28,129.07362240210043,131.49452966588623,30,111.0849769115448,30,4.383150988862875
4896,432,300,9,52,52.773099207835045,131.49452966588623,30,111.0849769115448,30,4.383150988862875
4897,529,258,97,-42,105.70241246064349,131.49452966588623,30,111.0849769115448,30,4.383150988862875
4898,516,210,-13,-48,49.72926703662542,131.49452966588623,30,111.0849769115448,30,4.383150988862875
4899,407,279,-109,69,129.00387591076478,131.49452966588623,30,111.0849769115448,30,4.383150988862875
4900,496,286,89,7,89.27485648266257,131.49452966588623,30,111.0849769115448,30,4.383150988862875
4901,548,218,52,-68,85.60373823613078,131.49452966588623,30,111.0849769115448,30,4.383150988862875
4902,420,251,-128,33,132.1854757528224,131.49452966588623,30,111.0849769115448,30,4.383150988862875
4903,436,300,16,49,51.54609587543949,131.49452966588623,30,111.0849769115448,30,4.383150988862875
4904,531,255,95,-45,105.11898020814318,131.49452966588623,30,111.0849769115448,30,4.383150988862875
4905,509,211,-22,-44,49.193495504995376,131.49452966588623,30,111.0849769115448,30,4.383150988862875
4906,407,283,-102,72,124.85191228010886,131.49452966588623,30,111.0849769115448,30,4.383150988862875
4907,505,283,98,0,98.0,131.49452966588623,30,111.0849769115448,30,4.383150988862875
4908,544,216,39,-67,77.52418977325722,131.49452966588623,30,111.0849769115448,30,4.383150988862875
4909,418,254,-126,38,131.60547101089682,131.49452966588623,30,111.0849769115448,30,4.383150988862875
4910,447,300,29,46,54.378304497290095,131.49452966588623,30,111.0849769115448,30,4.383150988862875
4911,529,251,82,-49,95.524865872714,131.49452966588623,30,111.0849769115448,30,4.383150988862875
4912,506,211,-23,-40,46.14108798023731,131.49452966588623,30,111.0849769115448,30,4.383150988862875
4913,409,286,-97,75,122.61321299109652,131.49452966588623,30,111.0849769115448,30,4.383150988862875
4914,506,280,97,-6,97.18538984847466,131.49452966588623,30,111.0849769115448,30,4.383150988862875
4915,544,215,38,-65,75.29276193632427,131.49452966588623,30,111.0849769115448,30,4.383150988862875
4916,421,257,-123,42,129.9730741346068,131.49452966588623,30,111.0849769115448,30,4.383150988862875
4917,451,300,30,43,52.43090691567332,131.49452966588623,30,111.0849769115448,30,4.383150988862875
4918,533,250,82,-50,96.04165762834376,131.49452966588623,30,111.0849769115448,30,4.383150988862875
4919,504,212,-29,-38,47.80167361086848,131.49452966588623,30,111.0849769115448,30,4.383150988862875
4920,407,289,-97,77,123.84667940643382,131.49452966588623,30,111.0849769115448,30,4.383150988862875
4921,506,278,99,-11,99.60923651951158,131.49452966588623,30,111.0849769115448,30,4.383150988862875
4922,544,213,38,-65,75.29276193632427,131.49452966588623,30,111.0849769115448,30,4.383150988862875
4923,419,260,-125,47,133.5440002396214,131.49452966588623,30,111.0849769115448,30,4.383150988862875
4924,456,299,37,39,53.75872022286245,131.49452966588623,30,111.0849769115448,30,4.383150988862875
4925,536,246,80,-53,95.96353474106714,131.49452966588623,30,111.0849769115448,30,4.383150988862875
4926,497,213,-39,-33,51.088159097779204,131.49452966588623,30,111.0849769115448,30,4.383150988862875
4927,408,292,-89,79,119.00420160649792,131.49452966588623,30,111.0849769115448,30,4.383150988862875
4928,516,276,108,-16,109.17875251164945,131.49452966588623,30,111.0849769115448,30,4.383150988862875
4929,539,212,23,-64,68.00735254367721,131.49452966588623,30,111.0849769115448,30,4.383150988862875
4930,416,262,-123,50,132.7742444904131,131.49452966588623,30,111.0849769115448,30,4.383150988862875
4931,468,298,52,36,63.245553203367585,131.49452966588623,30,111.0849769115448,30,4.383150988862875
4932,540,239,72,-59,93.08598175880189,131.49452966588623,30,111.0849769115448,30,4.383150988862875
4933,493,213,-47,-26,53.71219600798314,131.49452966588623,30,111.0849769115448,30,4.383150988862875
4934,413,295,-80,82,114.56002793295748,131.49452966588623,30,111.0849769115448,30,4.383150988862875
4935,516,273,103,-22,105.32331175955302,131.49452966588623,30,111.0849769115448,30,4.383150988862875
4936,536,211,20,-62,65.14598989960932,131.49452966588623,30,111.0849769115448,30,4.383150988862875
4937,417,264,-119,53,130.26895255585654,131.49452966588623,30,111.0849769115448,30,4.383150988862875
4938,478,297,61,33,69.35416353759881,131.49452966588623,30,111.0849769115448,30,4.383150988862875
4939,547,230,69,-67,96.17692030835673,131.49452966588623,30,111.0849769115448,30,4.383150988862875
4940,492,214,-55,-16,57.28001396647874,131.49452966588623,30,111.0849769115448,30,4.383150988862875
4941,415,298,-77,84,113.95174417269794,131.49452966588623,30,111.0849769115448,30,4.383150988862875
4942,515,270,100,-28,103.84603988597736,131.49452966588623,30,111.0849769115448,30,4.383150988862875
4943,535,210,20,-60,63.245553203367585,131.49452966588623,30,111.0849769115448,30,4.383150988862875
4944,416,266,-119,56,131.51805959639154,131.49452966588623,30,111.0849769115448,30,4.383150988862875
4945,476,295,60,29,66.64082832618455,131.49452966588623,30,111.0849769115448,30,4.383150988862875
4946,550,226,74,-69,101.17806086301516,131.49452966588623,30,111.0849769115448,30,4.383150988862875
4947,487,215,-63,-11,63.953107821277925,131.49452966588623,30,111.0849769115448,30,4.383150988862875
4948,415,299,-72,84,110.63453348751464,131.49452966588623,30,111.0849769115448,30,4.383150988862875
4949,523,268,108,-31,112.36102527122117,131.49452966588623,30,111.0849769115448,30,4.383150988862875
4950,530,210,7,-58,58.42088667591412,131.49452966588623,30,111.0849769115448,30,4.383150988862875
4951,412,269,-118,59,131.9280106724876,131.49452966588623,30,111.0849769115448,30,4.383150988862875
4952,482,294,70,25,74.33034373659252,131.49452966588623,30,111.0849769115448,30,4.383150988862875
4953,549,224,67,-70,96.89685237405806,131.49452966588623,30,111.0849769115448,30,4.383150988862875
4954,480,217,-69,-7,69.35416353759881,131.49452966588623,30,111.0849769115448,30,4.383150988862875
4955,422,300,-58,83,101.25709851659784,131.49452966588623,30,111.0849769115448,30,4.383150988862875
4956,524,265,102,-35,107.83784122468327,131.49452966588623,30,111.0849769115448,30,4.383150988862875
4957,525,209,1,-56,56.00892785976178,131.49452966588623,30,111.0849769115448,30,4.383150988862875
4958,413,272,-112,63,128.50291825480073,131.49452966588623,30,111.0849769115448,30,4.383150988862875
4959,491,292,78,20,80.52328855678958,131.49452966588623,30,111.0849769115448,30,4.383150988862875
4960,548,223,57,-69,89.49860334105779,131.49452966588623,30,111.0849769115448,30,4.383150988862875
4961,477,218,-71,-5,71.17583859709698,131.49452966588623,30,111.0849769115448,30,4.383150988862875
4962,429,301,-48,83,95.88013350011565,131.49452966588623,30,111.0849769115448,30,4.383150988862875
4963,522,263,93,-38,100.46392387319938,131.49452966588623,30,111.0849769115448,30,4.383150988862875
4964,524,209,2,-54,54.037024344425184,131.49452966588623,30,111.0849769115448,30,4.383150988862875
4965,412,275,-112,66,130.0,131.49452966588623,30,111.0849769115448,30,4.383150988862875
4966,490,290,78,15,79.42921376924235,131.49452966588623,30,111.0849769115448,30,4.383150988862875
4967,550,221,60,-69,91.43850392476902,131.49452966588623,30,111.0849769115448,30,4.383150988862875
4968,425,247,-125,26,127.67536959022284,131.49452966588623,30,111.0849769115448,30,4.383150988862875
4969,435,301,10,54,54.91812087098393,131.49452966588623,30,111.0849769115448,30,4.383150988862875
4970,530,256,95,-45,105.11898020814318,131.49452966588623,30,111.0849769115448,30,4.383150988862875
4971,513,210,-17,-46,49.040799340956916,131.49452966588623,30,111.0849769115448,30,4.383150988862875
4972,407,282,-106,72,128.14054783713078,131.49452966588623,30,111.0849769115448,30,4.383150988862875
4973,503,281,96,-1,96.00520819205592,131.49452966588623,30,111.0849769115448,30,4.383150988862875
4974,546,215,43,-66,78.77182237323191,131.49452966588623,30,111.0849769115448,30,4.383150988862875
4975,419,260,-127,45,134.73678042761748,131.49452966588623,30,111.0849769115448,30,4.383150988862875
4976,456,299,37,39,53.75872022286245,131.49452966588623,30,111.0849769115448,30,4.383150988862875
4977,537,246,81,-53,96.79876032264049,131.49452966588623,30,111.0849769115448,30,4.383150988862875
4978,497,213,-40,-33,51.85556864985669,131.49452966588623,30,111.0849769115448,30,4.383150988862875
4979,407,292,-90,79,119.75391434103521,131.49452966588623,30,111.0849769115448,30,4.383150988862875
4980,516,276,109,-16,110.16805344563369,131.49452966588623,30,111.0849769115448,30,4.383150988862875
4981,538,212,22,-64,67.67569726275453,131.49452966588623,30,111.0849769115448,30,4.383150988862875
4982,415,262,-123,50,132.7742444904131,131.49452966588623,30,111.0849769115448,30,4.383150988862875
4983,468,298,53,36,64.07027391856539,131.49452966588623,30,111.0849769115448,30,4.383150988862875
4984,537,241,69,-57,89.49860334105779,131.49452966588623,30,111.0849769115448,30,4.383150988862875
4985,492,213,-45,-28,53.0,131.49452966588623,30,111.0849769115448,30,4.383150988862875
4986,413,295,-79,82,113.86395390991831,131.49452966588623,30,111.0849769115448,30,4.383150988862875
4987,516,273,103,-22,105.32331175955302,131.49452966588623,30,111.0849769115448,30,4.383150988862875
4988,536,211,20,-62,65.14598989960932,131.49452966588623,30,111.0849769115448,30,4.383150988862875
4989,417,264,-119,53,130.26895255585654,131.49452966588623,30,111.0849769115448,30,4.383150988862875
4990,478,296,61,32,68.8839603971781,131.49452966588623,30,111.0849769115448,30,4.383150988862875
4991,549,228,71,-68,98.3107318658548,131.49452966588623,30,111.0849769115448,30,4.383150988862875
4992,491,215,-58,-13,59.43904440685432,131.49452966588623,30,111.0849769115448,30,4.383150988862875
4993,415,298,-76,83,112.53888216967503,131.49452966588623,30,111.0849769115448,30,4.383150988862875
4994,515,270,100,-28,103.84603988597736,131.49452966588623,30,111.0849769115448,30,4.383150988862875
4995,535,210,20,-60,63.245553203367585,131.49452966588623,30,111.0849769115448,30,4.383150988862875
4996,416,266,-119,56,131.51805959639154,131.49452966588623,30,111.0849769115448,30,4.383150988862875
4997,475,295,59,29,65.7419196555744,131.49452966588623,30,111.0849769115448,30,4.383150988862875
4998,550,227,75,-68,101.23734488813898,131.49452966588623,30,111.0849769115448,30,4.383150988862875
4999,486,216,-64,-11,64.93843238021688,131.49452966588623,30,111.0849769115448,30,4.383150988862875
5000,415,299,-71,83,109.22453936730518,131.49452966588623,30,111.0849769115448,30,4.383150988862875
5001,523,268,108,-31,112.36102527122117,131.49452966588623,30,111.0849769115448,30,4.383150988862875
5002,530,210,7,-58,58.42088667591412,131.49452966588623,30,111.0849769115448,30,4.383150988862875
5003,412,269,-118,59,131.9280106724876,131.49452966588623,30,111.0849769115448,30,4.383150988862875
5004,483,294,71,25,75.27283706623525,131.49452966588623,30,111.0849769115448,30,4.383150988862875
5005,549,224,66,-70,96.20810776644555,131.49452966588623,30,111.0849769115448,30,4.383150988862875
5006,479,218,-70,-6,70.25667228100119,131.49452966588623,30,111.0849769115448,30,4.383150988862875
5007,423,300,-56,82,99.29753269845128,131.49452966588623,30,111.0849769115448,30,4.383150988862875
5008,525,264,102,-36,108.16653826391968,131.49452966588623,30,111.0849769115448,30,4.383150988862875
5009,523,209,-2,-55,55.036351623268054,131.49452966588623,30,111.0849769115448,30,4.383150988862875
5010,412,273,-111,64,128.1288414058287,131.49452966588623,30,111.0849769115448,30,4.383150988862875
5011,493,291,81,18,82.97590011563598,131.49452966588623,30,111.0849769115448,30,4.383150988862875
5012,548,222,55,-69,88.23831367382311,131.49452966588623,30,111.0849769115448,30,4.383150988862875
5013,476,219,-72,-3,72.06247289678588,131.49452966588623,30,111.0849769115448,30,4.383150988862875
5014,431,301,-45,82,93.53608929178085,131.49452966588623,30,111.0849769115448,30,4.383150988862875
5015,523,261,92,-40,100.31948963187563,131.49452966588623,30,111.0849769115448,30,4.383150988862875
5016,521,210,-2,-51,51.03920062069938,131.49452966588623,30,111.0849769115448,30,4.383150988862875
5017,412,276,-109,66,127.4244874425634,131.49452966588623,30,111.0849769115448,30,4.383150988862875
5018,492,289,80,13,81.04936767180853,131.49452966588623,30,111.0849769115448,30,4.383150988862875
5019,550,220,58,-69,90.13878188659973,131.49452966588623,30,111.0849769115448,30,4.383150988862875
5020,424,248,-126,28,129.07362240210043,131.49452966588623,30,111.0849769115448,30,4.383150988862875
5021,430,301,6,53,53.33854141237835,131.49452966588623,30,111.0849769115448,30,4.383150988862875
5022,529,259,99,-42,107.54068997360952,131.49452966588623,30,111.0849769115448,30,4.383150988862875
5023,517,210,-12,-49,50.44799302251776,131.49452966588623,30,111.0849769115448,30,4.383150988862875
5024,408,279,-109,69,129.00387591076478,131.49452966588623,30,111.0849769115448,30,4.383150988862875
5025,495,286,87,7,87.28115489611719,131.49452966588623,30,111.0849769115448,30,4.383150988862875
5026,548,219,53,-67,85.42833253669417,131.49452966588623,30,111.0849769115448,30,4.383150988862875
5027,420,250,-128,31,131.70041761513136,131.49452966588623,30,111.0849769115448,30,4.383150988862875
5028,435,301,15,51,53.16013544000805,131.49452966588623,30,111.0849769115448,30,4.383150988862875
5029,531,255,96,-46,106.45186705737011,131.49452966588623,30,111.0849769115448,30,4.383150988862875
5030,510,210,-21,-45,49.658836071740545,131.49452966588623,30,111.0849769115448,30,4.383150988862875
5031,407,282,-103,72,125.67020331009256,131.49452966588623,30,111.0849769115448,30,4.383150988862875
5032,505,284,98,2,98.02040603874276,131.49452966588623,30,111.0849769115448,30,4.383150988862875
5033,545,217,40,-67,78.03204469959762,131.49452966588623,30,111.0849769115448,30,4.383150988862875
5034,417,253,-128,36,132.9661611087573,131.49452966588623,30,111.0849769115448,30,4.383150988862875
5035,445,301,28,48,55.569775957799216,131.49452966588623,30,111.0849769115448,30,4.383150988862875
5036,528,252,83,-49,96.38464608017192,131.49452966588623,30,111.0849769115448,30,4.383150988862875
5037,507,211,-21,-41,46.06517122512408,131.49452966588623,30,111.0849769115448,30,4.383150988862875
5038,410,286,-97,75,122.61321299109652,131.49452966588623,30,111.0849769115448,30,4.383150988862875
5039,505,281,95,-5,95.13148795220224,131.49452966588623,30,111.0849769115448,30,4.383150988862875
5040,545,215,40,-66,77.17512552629896,131.49452966588623,30,111.0849769115448,30,4.383150988862875
5041,421,257,-124,42,130.91982279242512,131.49452966588623,30,111.0849769115448,30,4.383150988862875
5042,448,301,27,44,51.62363799656123,131.49452966588623,30,111.0849769115448,30,4.383150988862875
5043,533,250,85,-51,99.12618221237011,131.49452966588623,30,111.0849769115448,30,4.383150988862875
5044,504,212,-29,-38,47.80167361086848,131.49452966588623,30,111.0849769115448,30,4.383150988862875
5045,407,288,-97,76,123.22743201089601,131.49452966588623,30,111.0849769115448,30,4.383150988862875
5046,506,279,99,-9,99.40824915468535,131.49452966588623,30,111.0849769115448,30,4.383150988862875
5047,544,214,38,-65,75.29276193632427,131.49452966588623,30,111.0849769115448,30,4.383150988862875
5048,419,259,-125,45,132.85330255586422,131.49452966588623,30,111.0849769115448,30,4.383150988862875
5049,453,299,34,40,52.49761899362675,131.49452966588623,30,111.0849769115448,30,4.383150988862875
5050,536,246,83,-53,98.47842403288143,131.49452966588623,30,111.0849769115448,30,4.383150988862875
5051,497,213,-39,-33,51.088159097779204,131.49452966588623,30,111.0849769115448,30,4.383150988862875
5052,407,291,-90,78,119.09659944767525,131.49452966588623,30,111.0849769115448,30,4.383150988862875
5053,515,276,108,-15,109.03669107231748,131.49452966588623,30,111.0849769115448,30,4.383150988862875
5054,539,213,24,-63,67.4166151627327,131.49452966588623,30,111.0849769115448,30,4.383150988862875
5055,416,261,-123,48,132.03408650799233,131.49452966588623,30,111.0849769115448,30,4.383150988862875
5056,465,298,49,37,61.40032573203501,131.49452966588623,30,111.0849769115448,30,4.383150988862875
5057,535,243,70,-55,89.02246907382428,131.49452966588623,30,111.0849769115448,30,4.383150988862875
5058,494,213,-41,-30,50.80354318352215,131.49452966588623,30,111.0849769115448,30,4.383150988862875
5059,412,295,-82,82,115.96551211459379,131.49452966588623,30,111.0849769115448,30,4.383150988862875
5060,516,273,104,-22,106.30145812734649,131.49452966588623,30,111.0849769115448,30,4.383150988862875
5061,536,212,20,-61,64.19501538281614,131.49452966588623,30,111.0849769115448,30,4.383150988862875
5062,417,264,-119,52,129.86531484580476,131.49452966588623,30,111.0849769115448,30,4.383150988862875
5063,476,297,59,33,67.60177512462228,131.49452966588623,30,111.0849769115448,30,4.383150988862875
5064,547,231,71,-66,96.93812459502195,131.49452966588623,30,111.0849769115448,30,4.383150988862875
5065,492,215,-55,-16,57.28001396647874,131.49452966588623,30,111.0849769115448,30,4.383150988862875
5066,415,297,-77,82,112.48555462813881,131.49452966588623,30,111.0849769115448,30,4.383150988862875
5067,515,271,100,-26,103.32473082471591,131.49452966588623,30,111.0849769115448,30,4.383150988862875
5068,536,211,21,-60,63.56886030125127,131.49452966588623,30,111.0849769115448,30,4.383150988862875
5069,416,266,-120,55,132.00378782444085,131.49452966588623,30,111.0849769115448,30,4.383150988862875
5070,475,296,59,30,66.18912297349165,131.49452966588623,30,111.0849769115448,30,4.383150988862875
5071,551,227,76,-69,102.6498904042279,131.49452966588623,30,111.0849769115448,30,4.383150988862875
5072,487,216,-64,-11,64.93843238021688,131.49452966588623,30,111.0849769115448,30,4.383150988862875
5073,415,298,-72,82,109.12378292562992,131.49452966588623,30,111.0849769115448,30,4.383150988862875
5074,522,269,107,-29,110.86027241532469,131.49452966588623,30,111.0849769115448,30,4.383150988862875
5075,531,210,9,-59,59.682493245507096,131.49452966588623,30,111.0849769115448,30,4.383150988862875
5076,412,270,-119,60,133.27040181525678,131.49452966588623,30,111.0849769115448,30,4.383150988862875
5077,483,293,71,23,74.63243262818116,131.49452966588623,30,111.0849769115448,30,4.383150988862875
5078,550,224,67,-69,96.17692030835673,131.49452966588623,30,111.0849769115448,30,4.383150988862875
5079,479,218,-71,-6,71.25307010929424,131.49452966588623,30,111.0849769115448,30,4.383150988862875
5080,422,300,-57,82,99.86490875177326,131.49452966588623,30,111.0849769115448,30,4.383150988862875
5081,524,265,102,-35,107.83784122468327,131.49452966588623,30,111.0849769115448,30,4.383150988862875
5082,524,210,0,-55,55.0,131.49452966588623,30,111.0849769115448,30,4.383150988862875
5083,412,272,-112,62,128.01562404644207,131.49452966588623,30,111.0849769115448,30,4.383150988862875
5084,492,292,80,20,82.46211251235322,131.49452966588623,30,111.0849769115448,30,4.383150988862875
5085,548,223,56,-69,88.86506625215557,131.49452966588623,30,111.0849769115448,30,4.383150988862875
5086,477,219,-71,-4,71.11258679024411,131.49452966588623,30,111.0849769115448,30,4.383150988862875
5087,435,301,-42,82,92.13034245024816,131.49452966588623,30,111.0849769115448,30,4.383150988862875
5088,525,258,90,-43,99.74467404327912,131.49452966588623,30,111.0849769115448,30,4.383150988862875
5089,516,210,-9,-48,48.83646178829912,131.49452966588623,30,111.0849769115448,30,4.383150988862875
5090,410,279,-106,69,126.4792473095883,131.49452966588623,30,111.0849769115448,30,4.383150988862875
5091,496,286,86,7,86.28441342444185,131.49452966588623,30,111.0849769115448,30,4.383150988862875
5092,548,219,52,-67,84.81155581640984,131.49452966588623,30,111.0849769115448,30,4.383150988862875
5093,422,251,-126,32,130.0,131.49452966588623,30,111.0849769115448,30,4.383150988862875
5094,435,301,13,50,51.66236541235796,131.49452966588623,30,111.0849769115448,30,4.383150988862875
5095,529,256,94,-45,104.21612159354233,131.49452966588623,30,111.0849769115448,30,4.383150988862875
5096,513,211,-16,-45,47.75981574503821,131.49452966588623,30,111.0849769115448,30,4.383150988862875
5097,407,282,-106,71,127.58134659894448,131.49452966588623,30,111.0849769115448,30,4.383150988862875
5098,499,284,92,2,92.02173656261873,131.49452966588623,30,111.0849769115448,30,4.383150988862875
5099,547,217,48,-67,82.41965784932621,131.49452966588623,30,111.0849769115448,30,4.383150988862875
5100,420,253,-127,36,132.00378782444085,131.49452966588623,30,111.0849769115448,30,4.383150988862875
5101,440,300,20,47,51.07837115648854,131.49452966588623,30,111.0849769115448,30,4.383150988862875
5102,532,253,92,-47,103.31021246711285,131.49452966588623,30,111.0849769115448,30,4.383150988862875
5103,506,212,-26,-41,48.54894437575342,131.49452966588623,30,111.0849769115448,30,4.383150988862875
5104,407,285,-99,73,123.00406497347964,131.49452966588623,30,111.0849769115448,30,4.383150988862875
5105,508,282,101,-3,101.04454463255303,131.49452966588623,30,111.0849769115448,30,4.383150988862875
5106,543,216,35,-66,74.70609078247904,131.49452966588623,30,111.0849769115448,30,4.383150988862875
5107,417,256,-126,40,132.19682295728592,131.49452966588623,30,111.0849769115448,30,4.383150988862875
5108,451,300,34,44,55.60575509783138,131.49452966588623,30,111.0849769115448,30,4.383150988862875
5109,530,250,79,-50,93.49331526906082,131.49452966588623,30,111.0849769115448,30,4.383150988862875
5110,502,212,-28,-38,47.20169488482379,131.49452966588623,30,111.0849769115448,30,4.383150988862875
5111,410,289,-92,77,119.97082978791136,131.49452966588623,30,111.0849769115448,30,4.383150988862875
5112,509,279,99,-10,99.50376877284599,131.49452966588623,30,111.0849769115448,30,4.383150988862875
5113,542,214,33,-65,72.89718787443039,131.49452966588623,30,111.0849769115448,30,4.383150988862875
5114,420,259,-122,45,130.034610777285,131.49452966588623,30,111.0849769115448,30,4.383150988862875
5115,457,300,37,41,55.226805085936306,131.49452966588623,30,111.0849769115448,30,4.383150988862875
5116,534,248,77,-52,92.91393867445294,131.49452966588623,30,111.0849769115448,30,4.383150988862875
5117,496,214,-38,-34,50.99019513592785,131.49452966588623,30,111.0849769115448,30,4.383150988862875
5118,412,295,-84,81,116.69190203266035,131.49452966588623,30,111.0849769115448,30,4.383150988862875
5119,513,273,101,-22,103.36827366266692,131.49452966588623,30,111.0849769115448,30,4.383150988862875
5120,539,212,26,-61,66.30987860040162,131.49452966588623,30,111.0849769115448,30,4.383150988862875
5121,417,264,-122,52,132.61975720080324,131.49452966588623,30,111.0849769115448,30,4.383150988862875
5122,470,297,53,33,62.433965115151864,131.49452966588623,30,111.0849769115448,30,4.383150988862875
5123,547,233,77,-64,100.12492197250393,131.49452966588623,30,111.0849769115448,30,4.383150988862875
5124,490,215,-57,-18,59.77457653551382,131.49452966588623,30,111.0849769115448,30,4.383150988862875
5125,411,296,-79,81,113.14592347937243,131.49452966588623,30,111.0849769115448,30,4.383150988862875
5126,521,271,110,-25,112.80514172678478,131.49452966588623,30,111.0849769115448,30,4.383150988862875
5127,533,211,12,-60,61.18823416311342,131.49452966588623,30,111.0849769115448,30,4.383150988862875
5128,413,266,-120,55,132.00378782444085,131.49452966588623,30,111.0849769115448,30,4.383150988862875
5129,478,296,65,30,71.58910531638176,131.49452966588623,30,111.0849769115448,30,4.383150988862875
5130,549,227,71,-69,99.00505037623081,131.49452966588623,30,111.0849769115448,30,4.383150988862875
5131,484,216,-65,-11,65.92419889539804,131.49452966588623,30,111.0849769115448,30,4.383150988862875
5132,419,299,-65,83,105.4229576515476,131.49452966588623,30,111.0849769115448,30,4.383150988862875
5133,522,268,103,-31,107.56393447619885,131.49452966588623,30,111.0849769115448,30,4.383150988862875
5134,529,210,7,-58,58.42088667591412,131.49452966588623,30,111.0849769115448,30,4.383150988862875
5135,414,269,-115,59,129.25169244539896,131.49452966588623,30,111.0849769115448,30,4.383150988862875
5136,486,294,72,25,76.21679604916491,131.49452966588623,30,111.0849769115448,30,4.383150988862875
5137,549,225,63,-69,93.43446901438462,131.49452966588623,30,111.0849769115448,30,4.383150988862875
5138,483,218,-66,-7,66.37017402418047,131.49452966588623,30,111.0849769115448,30,4.383150988862875
5139,424,299,-59,81,100.20977996183805,131.49452966588623,30,111.0849769115448,30,4.383150988862875
5140,520,265,96,-34,101.84301645179212,131.49452966588623,30,111.0849769115448,30,4.383150988862875
5141,528,210,8,-55,55.57877292636101,131.49452966588623,30,111.0849769115448,30,4.383150988862875
5142,413,272,-115,62,130.64838307457157,131.49452966588623,30,111.0849769115448,30,4.383150988862875
5143,485,292,72,20,74.72616676907762,131.49452966588623,30,111.0849769115448,30,4.383150988862875
5144,551,223,66,-69,95.4829827770373,131.49452966588623,30,111.0849769115448,30,4.383150988862875
5145,478,219,-73,-4,73.10950690573696,131.49452966588623,30,111.0849769115448,30,4.383150988862875
5146,424,300,-54,81,97.3498844375277,131.49452966588623,30,111.0849769115448,30,4.383150988862875
5147,526,263,102,-37,108.50345616615168,131.49452966588623,30,111.0849769115448,30,4.383150988862875
5148,523,210,-3,-53,53.08483775994799,131.49452966588623,30,111.0849769115448,30,4.383150988862875
5149,409,275,-114,65,131.2288078129189,131.49452966588623,30,111.0849769115448,30,4.383150988862875
5150,490,289,81,14,82.20097323024831,131.49452966588623,30,111.0849769115448,30,4.383150988862875
5151,549,221,59,-68,90.02777349240623,131.49452966588623,30,111.0849769115448,30,4.383150988862875
5152,424,246,-125,25,127.47548783981962,131.49452966588623,30,111.0849769115448,30,4.383150988862875
5153,430,300,6,54,54.3323108288245,131.49452966588623,30,111.0849769115448,30,4.383150988862875
5154,528,260,98,-40,105.84894897919393,131.49452966588623,30,111.0849769115448,30,4.383150988862875
5155,516,210,-12,-50,51.419840528729765,131.49452966588623,30,111.0849769115448,30,4.383150988862875
5156,409,278,-107,68,126.77933585565118,131.49452966588623,30,111.0849769115448,30,4.383150988862875
5157,499,287,90,9,90.44888059008801,131.49452966588623,30,111.0849769115448,30,4.383150988862875
5158,546,220,47,-67,81.8413098624405,131.49452966588623,30,111.0849769115448,30,4.383150988862875
5159,418,253,-128,33,132.1854757528224,131.49452966588623,30,111.0849769115448,30,4.383150988862875
5160,444,301,26,48,54.589376255824725,131.49452966588623,30,111.0849769115448,30,4.383150988862875
5161,529,252,85,-49,98.11218069128827,131.49452966588623,30,111.0849769115448,30,4.383150988862875
5162,502,212,-27,-40,48.25971404805462,131.49452966588623,30,111.0849769115448,30,4.383150988862875
5163,410,289,-92,77,119.97082978791136,131.49452966588623,30,111.0849769115448,30,4.383150988862875
5164,509,278,99,-11,99.60923651951158,131.49452966588623,30,111.0849769115448,30,4.383150988862875
5165,542,214,33,-64,72.00694410957877,131.49452966588623,30,111.0849769115448,30,4.383150988862875
5166,420,259,-122,45,130.034610777285,131.49452966588623,30,111.0849769115448,30,4.383150988862875
5167,459,300,39,41,56.586217403180434,131.49452966588623,30,111.0849769115448,30,4.383150988862875
5168,534,248,75,-52,91.2633551870629,131.49452966588623,30,111.0849769115448,30,4.383150988862875
5169,500,213,-34,-35,48.79549159502341,131.49452966588623,30,111.0849769115448,30,4.383150988862875
5170,409,291,-91,78,119.85407794480753,131.49452966588623,30,111.0849769115448,30,4.383150988862875
5171,510,276,101,-15,102.1077861869505,131.49452966588623,30,111.0849769115448,30,4.383150988862875
5172,542,213,32,-63,70.66116330771806,131.49452966588623,30,111.0849769115448,30,4.383150988862875
5173,418,262,-124,49,133.33041663476493,131.49452966588623,30,111.0849769115448,30,4.383150988862875
5174,461,298,43,36,56.08029957123981,131.49452966588623,30,111.0849769115448,30,4.383150988862875
5175,537,244,76,-54,93.23089616645332,131.49452966588623,30,111.0849769115448,30,4.383150988862875
5176,494,214,-43,-30,52.43090691567332,131.49452966588623,30,111.0849769115448,30,4.383150988862875
5177,409,293,-85,79,116.04309544302927,131.49452966588623,30,111.0849769115448,30,4.383150988862875
5178,518,274,109,-19,110.64357188738983,131.49452966588623,30,111.0849769115448,30,4.383150988862875
5179,536,212,18,-62,64.5600495662759,131.49452966588623,30,111.0849769115448,30,4.383150988862875
5180,415,264,-121,52,131.70041761513136,131.49452966588623,30,111.0849769115448,30,4.383150988862875
5181,472,297,57,33,65.86349520030045,131.49452966588623,30,111.0849769115448,30,4.383150988862875
5182,546,232,74,-65,98.49365461794989,131.49452966588623,30,111.0849769115448,30,4.383150988862875
5183,489,215,-57,-17,59.481089431852205,131.49452966588623,30,111.0849769115448,30,4.383150988862875
5184,415,297,-74,82,110.45361017187261,131.49452966588623,30,111.0849769115448,30,4.383150988862875
5185,519,271,104,-26,107.20074626605917,131.49452966588623,30,111.0849769115448,30,4.383150988862875
5186,533,211,14,-60,61.61168720299745,131.49452966588623,30,111.0849769115448,30,4.383150988862875
5187,414,270,-119,59,132.82319074619463,131.49452966588623,30,111.0849769115448,30,4.383150988862875
5188,488,293,74,23,77.4919350642375,131.49452966588623,30,111.0849769115448,30,4.383150988862875
5189,548,222,60,-71,92.9569792968769,131.49452966588623,30,111.0849769115448,30,4.383150988862875
5190,,,,,,131.49452966588623,30,111.0849769115448,30,4.383150988862875
5191,432,300,-116,78,139.7855500400524,131.49452966588623,30,111.0849769115448,30,4.383150988862875
5192,524,261,92,-39,99.92497185388645,131.49452966588623,30,111.0849769115448,30,4.383150988862875
5193,521,210,-3,-51,51.088159097779204,131.49452966588623,30,111.0849769115448,30,4.383150988862875
5194,412,276,-109,66,127.4244874425634,131.49452966588623,30,111.0849769115448,30,4.383150988862875
5195,492,289,80,13,81.04936767180853,131.49452966588623,30,111.0849769115448,30,4.383150988862875
5196,549,221,57,-68,88.72992730753249,131.49452966588623,30,111.0849769115448,30,4.383150988862875
5197,424,248,-125,27,127.88275880665071,131.49452966588623,30,111.0849769115448,30,4.383150988862875
5198,431,300,7,52,52.46903848937962,131.49452966588623,30,111.0849769115448,30,4.383150988862875
5199,529,259,98,-41,106.23088063270491,131.49452966588623,30,111.0849769115448,30,4.383150988862875
5200,517,211,-12,-48,49.47726750741192,131.49452966588623,30,111.0849769115448,30,4.383150988862875
5201,408,279,-109,68,128.47178678604885,131.49452966588623,30,111.0849769115448,30,4.383150988862875
5202,496,286,88,7,88.2779700718135,131.49452966588623,30,111.0849769115448,30,4.383150988862875
5203,548,219,52,-67,84.81155581640984,131.49452966588623,30,111.0849769115448,30,4.383150988862875
5204,421,250,-127,31,130.728726758888,131.49452966588623,30,111.0849769115448,30,4.383150988862875
5205,436,300,15,50,52.20153254455275,131.49452966588623,30,111.0849769115448,30,4.383150988862875
5206,531,255,95,-45,105.11898020814318,131.49452966588623,30,111.0849769115448,30,4.383150988862875
5207,510,211,-21,-44,48.75448697299562,131.49452966588623,30,111.0849769115448,30,4.383150988862875
5208,407,282,-103,71,125.09996003196804,131.49452966588623,30,111.0849769115448,30,4.383150988862875
5209,505,284,98,2,98.02040603874276,131.49452966588623,30,111.0849769115448,30,4.383150988862875
5210,545,218,40,-66,77.17512552629896,131.49452966588623,30,111.0849769115448,30,4.383150988862875
5211,417,253,-128,35,132.69890730522238,131.49452966588623,30,111.0849769115448,30,4.383150988862875
5212,445,300,28,47,54.70831746635972,131.49452966588623,30,111.0849769115448,30,4.383150988862875
5213,529,253,84,-47,96.25487000666512,131.49452966588623,30,111.0849769115448,30,4.383150988862875
5214,507,212,-22,-41,46.52956049652737,131.49452966588623,30,111.0849769115448,30,4.383150988862875
5215,410,285,-97,73,121.40016474453401,131.49452966588623,30,111.0849769115448,30,4.383150988862875
5216,504,281,94,-4,94.08506789071261,131.49452966588623,30,111.0849769115448,30,4.383150988862875
5217,545,216,41,-65,76.8505042273634,131.49452966588623,30,111.0849769115448,30,4.383150988862875
5218,421,256,-124,40,130.29197979921864,131.49452966588623,30,111.0849769115448,30,4.383150988862875
5219,447,300,26,44,51.10772935672255,131.49452966588623,30,111.0849769115448,30,4.383150988862875
5220,533,251,86,-49,98.97979591815695,131.49452966588623,30,111.0849769115448,30,4.383150988862875
5221,504,213,-29,-38,47.80167361086848,131.49452966588623,30,111.0849769115448,30,4.383150988862875
5222,407,288,-97,75,122.61321299109652,131.49452966588623,30,111.0849769115448,30,4.383150988862875
5223,506,279,99,-9,99.40824915468535,131.49452966588623,30,111.0849769115448,30,4.383150988862875
5224,544,215,38,-64,74.43117626371358,131.49452966588623,30,111.0849769115448,30,4.383150988862875
5225,419,259,-125,44,132.51792331605563,131.49452966588623,30,111.0849769115448,30,4.383150988862875
5226,451,299,32,40,51.22499389946279,131.49452966588623,30,111.0849769115448,30,4.383150988862875
5227,536,248,85,-51,99.12618221237011,131.49452966588623,30,111.0849769115448,30,4.383150988862875
5228,499,213,-37,-35,50.93132631298737,131.49452966588623,30,111.0849769115448,30,4.383150988862875
5229,407,290,-92,77,119.97082978791136,131.49452966588623,30,111.0849769115448,30,4.383150988862875
5230,515,277,108,-13,108.77959367454909,131.49452966588623,30,111.0849769115448,30,4.383150988862875
5231,539,213,24,-64,68.35202996254024,131.49452966588623,30,111.0849769115448,30,4.383150988862875
5232,416,261,-123,48,132.03408650799233,131.49452966588623,30,111.0849769115448,30,4.383150988862875
5233,464,298,48,37,60.60528029800704,131.49452966588623,30,111.0849769115448,30,4.383150988862875
5234,534,245,70,-53,87.80091115700337,131.49452966588623,30,111.0849769115448,30,4.383150988862875
5235,494,214,-40,-31,50.60632371551998,131.49452966588623,30,111.0849769115448,30,4.383150988862875
5236,413,294,-81,80,113.84638773364749,131.49452966588623,30,111.0849769115448,30,4.383150988862875
5237,516,274,103,-20,104.92378186092989,131.49452966588623,30,111.0849769115448,30,4.383150988862875
5238,536,212,20,-62,65.14598989960932,131.49452966588623,30,111.0849769115448,30,4.383150988862875
5239,417,264,-119,52,129.86531484580476,131.49452966588623,30,111.0849769115448,30,4.383150988862875
5240,477,296,60,32,68.0,131.49452966588623,30,111.0849769115448,30,4.383150988862875
5241,544,234,67,-62,91.28526715741155,131.49452966588623,30,111.0849769115448,30,4.383150988862875
5242,487,217,-57,-17,59.481089431852205,131.49452966588623,30,111.0849769115448,30,4.383150988862875
5243,420,299,-67,82,105.89145385724005,131.49452966588623,30,111.0849769115448,30,4.383150988862875
5244,518,267,98,-32,103.09219175087898,131.49452966588623,30,111.0849769115448,30,4.383150988862875
5245,530,211,12,-56,57.271284253105414,131.49452966588623,30,111.0849769115448,30,4.383150988862875
5246,415,270,-115,59,129.25169244539896,131.49452966588623,30,111.0849769115448,30,4.383150988862875
5247,482,293,67,23,70.83784299369935,131.49452966588623,30,111.0849769115448,30,4.383150988862875
5248,551,225,69,-68,96.87620966986684,131.49452966588623,30,111.0849769115448,30,4.383150988862875
5249,481,218,-70,-7,70.34912934784623,131.49452966588623,30,111.0849769115448,30,4.383150988862875
5250,421,299,-60,81,100.80178569846865,131.49452966588623,30,111.0849769115448,30,4.383150988862875
5251,525,265,104,-34,109.41663493271945,131.49452966588623,30,111.0849769115448,30,4.383150988862875
5252,525,211,0,-54,54.0,131.49452966588623,30,111.0849769115448,30,4.383150988862875
5253,410,272,-115,61,130.17680284904833,131.49452966588623,30,111.0849769115448,30,4.383150988862875
5254,487,291,77,19,79.30952023559341,131.49452966588623,30,111.0849769115448,30,4.383150988862875
5255,550,223,63,-68,92.69843580125827,131.49452966588623,30,111.0849769115448,30,4.383150988862875
5256,474,219,-76,-4,76.10519036176179,131.49452966588623,30,111.0849769115448,30,4.383150988862875
5257,427,300,-47,81,93.64827814754524,131.49452966588623,30,111.0849769115448,30,4.383150988862875
5258,527,262,100,-38,106.97663296253066,131.49452966588623,30,111.0849769115448,30,4.383150988862875
5259,519,211,-8,-51,51.62363799656123,131.49452966588623,30,111.0849769115448,30,4.383150988862875
5260,411,276,-108,65,126.05157674539419,131.49452966588623,30,111.0849769115448,30,4.383150988862875
5261,496,289,85,13,85.98837130682264,131.49452966588623,30,111.0849769115448,30,4.383150988862875
5262,547,221,51,-68,85.0,131.49452966588623,30,111.0849769115448,30,4.383150988862875
5263,421,247,-126,26,128.65457628860312,131.49452966588623,30,111.0849769115448,30,4.383150988862875
5264,435,301,14,54,55.78530272392541,131.49452966588623,30,111.0849769115448,30,4.383150988862875
5265,525,259,90,-42,99.31767214348109,131.49452966588623,30,111.0849769115448,30,4.383150988862875
5266,517,211,-8,-48,48.662100242385755,131.49452966588623,30,111.0849769115448,30,4.383150988862875
5267,411,279,-106,68,125.93649193144932,131.49452966588623,30,111.0849769115448,30,4.383150988862875
5268,496,287,85,8,85.37564055396598,131.49452966588623,30,111.0849769115448,30,4.383150988862875
5269,548,220,52,-67,84.81155581640984,131.49452966588623,30,111.0849769115448,30,4.383150988862875
5270,422,250,-126,30,129.52219886953742,131.49452966588623,30,111.0849769115448,30,4.383150988862875
5271,435,301,13,51,52.630789467763066,131.49452966588623,30,111.0849769115448,30,4.383150988862875
5272,529,257,94,-44,103.78824596263297,131.49452966588623,30,111.0849769115448,30,4.383150988862875
5273,513,211,-16,-46,48.703182647543684,131.49452966588623,30,111.0849769115448,30,4.383150988862875
5274,407,281,-106,70,127.02755606560333,131.49452966588623,30,111.0849769115448,30,4.383150988862875
5275,499,284,92,3,92.04890004774636,131.49452966588623,30,111.0849769115448,30,4.383150988862875
5276,547,218,48,-66,81.60882305241266,131.49452966588623,30,111.0849769115448,30,4.383150988862875
5277,419,253,-128,35,132.69890730522238,131.49452966588623,30,111.0849769115448,30,4.383150988862875
5278,440,300,21,47,51.478150704935004,131.49452966588623,30,111.0849769115448,30,4.383150988862875
5279,533,252,93,-48,104.65658125507444,131.49452966588623,30,111.0849769115448,30,4.383150988862875
5280,501,213,-32,-39,50.44799302251776,131.49452966588623,30,111.0849769115448,30,4.383150988862875
5281,407,288,-94,75,120.2538980657176,131.49452966588623,30,111.0849769115448,30,4.383150988862875
5282,513,278,106,-10,106.47065323364932,131.49452966588623,30,111.0849769115448,30,4.383150988862875
5283,541,215,28,-63,68.94200461257273,131.49452966588623,30,111.0849769115448,30,4.383150988862875
5284,417,259,-124,44,131.5750736271882,131.49452966588623,30,111.0849769115448,30,4.383150988862875
5285,458,299,41,40,57.28001396647874,131.49452966588623,30,111.0849769115448,30,4.383150988862875
5286,533,247,75,-52,91.2633551870629,131.49452966588623,30,111.0849769115448,30,4.383150988862875
5287,498,213,-35,-34,48.79549159502341,131.49452966588623,30,111.0849769115448,30,4.383150988862875
5288,411,292,-87,79,117.51595636338071,131.49452966588623,30,111.0849769115448,30,4.383150988862875
5289,513,276,102,-16,103.24727599312246,131.49452966588623,30,111.0849769115448,30,4.383150988862875
5290,538,213,25,-63,67.77905281132217,131.49452966588623,30,111.0849769115448,30,4.383150988862875
5291,419,262,-119,49,128.69343417595164,131.49452966588623,30,111.0849769115448,30,4.383150988862875
5292,471,298,52,36,63.245553203367585,131.49452966588623,30,111.0849769115448,30,4.383150988862875
5293,535,244,64,-54,83.73768566183328,131.49452966588623,30,111.0849769115448,30,4.383150988862875
5294,496,214,-39,-30,49.20365840057018,131.49452966588623,30,111.0849769115448,30,4.383150988862875
5295,412,295,-84,81,116.69190203266035,131.49452966588623,30,111.0849769115448,30,4.383150988862875
5296,513,273,101,-22,103.36827366266692,131.49452966588623,30,111.0849769115448,30,4.383150988862875
5297,538,212,25,-61,65.92419889539804,131.49452966588623,30,111.0849769115448,30,4.383150988862875
5298,417,266,-121,54,132.5028301584536,131.49452966588623,30,111.0849769115448,30,4.383150988862875
5299,478,294,61,28,67.11929677819934,131.49452966588623,30,111.0849769115448,30,4.383150988862875
5300,551,226,73,-68,99.76472322419383,131.49452966588623,30,111.0849769115448,30,4.383150988862875
5301,478,219,-73,-7,73.33484846919642,131.49452966588623,30,111.0849769115448,30,4.383150988862875
5302,424,300,-54,81,97.3498844375277,131.49452966588623,30,111.0849769115448,30,4.383150988862875
5303,529,260,105,-40,112.36102527122117,131.49452966588623,30,111.0849769115448,30,4.383150988862875
5304,517,211,-12,-49,50.44799302251776,131.49452966588623,30,111.0849769115448,30,4.383150988862875
5305,408,278,-109,67,127.94530081249565,131.49452966588623,30,111.0849769115448,30,4.383150988862875
5306,495,286,87,8,87.36704184073076,131.49452966588623,30,111.0849769115448,30,4.383150988862875
5307,548,220,53,-66,84.64632301523794,131.49452966588623,30,111.0849769115448,30,4.383150988862875
5308,421,250,-127,30,130.49521064008442,131.49452966588623,30,111.0849769115448,30,4.383150988862875
5309,435,300,14,50,51.92301994298868,131.49452966588623,30,111.0849769115448,30,4.383150988862875
5310,531,256,96,-44,105.60303025955268,131.49452966588623,30,111.0849769115448,30,4.383150988862875
5311,505,212,-26,-44,51.10772935672255,131.49452966588623,30,111.0849769115448,30,4.383150988862875
5312,407,286,-98,74,122.80065146407001,131.49452966588623,30,111.0849769115448,30,4.383150988862875
5313,509,281,102,-5,102.12247548899312,131.49452966588623,30,111.0849769115448,30,4.383150988862875
5314,542,216,33,-65,72.89718787443039,131.49452966588623,30,111.0849769115448,30,4.383150988862875
5315,417,257,-125,41,131.55227098001768,131.49452966588623,30,111.0849769115448,30,4.383150988862875
5316,453,300,36,43,56.08029957123981,131.49452966588623,30,111.0849769115448,30,4.383150988862875
5317,531,249,78,-51,93.1933474020544,131.49452966588623,30,111.0849769115448,30,4.383150988862875
5318,501,213,-30,-36,46.861498055439924,131.49452966588623,30,111.0849769115448,30,4.383150988862875
5319,411,290,-90,77,118.44407963254221,131.49452966588623,30,111.0849769115448,30,4.383150988862875
5320,510,278,99,-12,99.72462083156798,131.49452966588623,30,111.0849769115448,30,4.383150988862875
5321,541,214,31,-64,71.11258679024411,131.49452966588623,30,111.0849769115448,30,4.383150988862875
5322,420,260,-121,46,129.4488315899375,131.49452966588623,30,111.0849769115448,30,4.383150988862875
5323,461,299,41,39,56.586217403180434,131.49452966588623,30,111.0849769115448,30,4.383150988862875
5324,534,247,73,-52,89.62700485902673,131.49452966588623,30,111.0849769115448,30,4.383150988862875
5325,500,214,-34,-33,47.38143096192854,131.49452966588623,30,111.0849769115448,30,4.383150988862875
5326,410,292,-90,78,119.09659944767525,131.49452966588623,30,111.0849769115448,30,4.383150988862875
5327,510,275,100,-17,101.43470806385751,131.49452966588623,30,111.0849769115448,30,4.383150988862875
5328,537,212,27,-63,68.54195795277518,131.49452966588623,30,111.0849769115448,30,4.383150988862875
5329,417,265,-120,53,131.18307817702708,131.49452966588623,30,111.0849769115448,30,4.383150988862875
5330,480,294,63,29,69.35416353759881,131.49452966588623,30,111.0849769115448,30,4.383150988862875
5331,551,226,71,-68,98.3107318658548,131.49452966588623,30,111.0849769115448,30,4.383150988862875
5332,484,218,-67,-8,67.47592163134935,131.49452966588623,30,111.0849769115448,30,4.383150988862875
5333,419,299,-65,81,103.85566907973777,131.49452966588623,30,111.0849769115448,30,4.383150988862875
5334,524,266,105,-33,110.06361796706484,131.49452966588623,30,111.0849769115448,30,4.383150988862875
5335,527,211,3,-55,55.08175741568164,131.49452966588623,30,111.0849769115448,30,4.383150988862875
5336,411,271,-116,60,130.59862173851607,131.49452966588623,30,111.0849769115448,30,4.383150988862875
5337,485,292,74,21,76.92203845452875,131.49452966588623,30,111.0849769115448,30,4.383150988862875
5338,549,224,64,-68,93.38094023943002,131.49452966588623,30,111.0849769115448,30,4.383150988862875
5339,474,219,-75,-5,75.16648189186454,131.49452966588623,30,111.0849769115448,30,4.383150988862875
5340,425,300,-49,81,94.66784036831093,131.49452966588623,30,111.0849769115448,30,4.383150988862875
5341,526,263,101,-37,107.56393447619885,131.49452966588623,30,111.0849769115448,30,4.383150988862875
5342,521,211,-5,-52,52.23983154643591,131.49452966588623,30,111.0849769115448,30,4.383150988862875
5343,411,274,-110,63,126.763559432512,131.49452966588623,30,111.0849769115448,30,4.383150988862875
5344,495,290,84,16,85.5102333057278,131.49452966588623,30,111.0849769115448,30,4.383150988862875
5345,547,222,52,-68,85.60373823613078,131.49452966588623,30,111.0849769115448,30,4.383150988862875
5346,423,246,-124,24,126.30122723077555,131.49452966588623,30,111.0849769115448,30,4.383150988862875
5347,434,301,11,55,56.089214649520635,131.49452966588623,30,111.0849769115448,30,4.383150988862875
5348,525,260,91,-41,99.80981915623332,131.49452966588623,30,111.0849769115448,30,4.383150988862875
5349,519,211,-6,-49,49.36598018878993,131.49452966588623,30,111.0849769115448,30,4.383150988862875
5350,411,278,-108,67,127.09445306542689,131.49452966588623,30,111.0849769115448,30,4.383150988862875
5351,494,288,83,10,83.60023923410746,131.49452966588623,30,111.0849769115448,30,4.383150988862875
5352,549,220,55,-68,87.45856161634491,131.49452966588623,30,111.0849769115448,30,4.383150988862875
5353,423,249,-126,29,129.29423807734048,131.49452966588623,30,111.0849769115448,30,4.383150988862875
5354,433,301,10,52,52.952809179494906,131.49452966588623,30,111.0849769115448,30,4.383150988862875
5355,529,258,96,-43,105.19030373565806,131.49452966588623,30,111.0849769115448,30,4.383150988862875
5356,515,211,-14,-47,49.040799340956916,131.49452966588623,30,111.0849769115448,30,4.383150988862875
5357,408,280,-107,69,127.3184982632139,131.49452966588623,30,111.0849769115448,30,4.383150988862875
5358,497,285,89,5,89.1403387922662,131.49452966588623,30,111.0849769115448,30,4.383150988862875
5359,548,219,51,-66,83.40863264674707,131.49452966588623,30,111.0849769115448,30,4.383150988862875
5360,420,251,-128,32,131.93938001976514,131.49452966588623,30,111.0849769115448,30,4.383150988862875
5361,438,300,18,49,52.20153254455275,131.49452966588623,30,111.0849769115448,30,4.383150988862875
5362,532,254,94,-46,104.65180361560904,131.49452966588623,30,111.0849769115448,30,4.383150988862875
5363,508,212,-24,-42,48.373546489791295,131.49452966588623,30,111.0849769115448,30,4.383150988862875
5364,407,283,-101,71,123.45849504995596,131.49452966588623,30,111.0849769115448,30,4.383150988862875
5365,506,283,99,0,99.0,131.49452966588623,30,111.0849769115448,30,4.383150988862875
5366,544,217,38,-66,76.15773105863909,131.49452966588623,30,111.0849769115448,30,4.383150988862875
5367,417,255,-127,38,132.5631924781536,131.49452966588623,30,111.0849769115448,30,4.383150988862875
5368,448,300,31,45,54.644304369257,131.49452966588623,30,111.0849769115448,30,4.383150988862875
5369,529,252,81,-48,94.15412895885129,131.49452966588623,30,111.0849769115448,30,4.383150988862875
5370,503,213,-26,-39,46.87216658103186,131.49452966588623,30,111.0849769115448,30,4.383150988862875
5371,411,290,-92,77,119.97082978791136,131.49452966588623,30,111.0849769115448,30,4.383150988862875
5372,511,277,100,-13,100.84145972763385,131.49452966588623,30,111.0849769115448,30,4.383150988862875
5373,540,214,29,-63,69.35416353759881,131.49452966588623,30,111.0849769115448,30,4.383150988862875
5374,420,261,-120,47,128.87590930814028,131.49452966588623,30,111.0849769115448,30,4.383150988862875
5375,465,299,45,38,58.89821729050889,131.49452966588623,30,111.0849769115448,30,4.383150988862875
5376,535,246,70,-53,87.80091115700337,131.49452966588623,30,111.0849769115448,30,4.383150988862875
5377,498,214,-37,-32,48.91829923454004,131.49452966588623,30,111.0849769115448,30,4.383150988862875
5378,410,293,-88,79,118.25819210524064,131.49452966588623,30,111.0849769115448,30,4.383150988862875
5379,511,275,101,-18,102.59142264341595,131.49452966588623,30,111.0849769115448,30,4.383150988862875
5380,540,213,29,-62,68.4470598345904,131.49452966588623,30,111.0849769115448,30,4.383150988862875
5381,418,263,-122,50,131.84839779079607,131.49452966588623,30,111.0849769115448,30,4.383150988862875
5382,466,297,48,34,58.82176467941097,131.49452966588623,30,111.0849769115448,30,4.383150988862875
5383,549,229,83,-68,107.29864864013899,131.49452966588623,30,111.0849769115448,30,4.383150988862875
5384,488,216,-61,-13,62.369864518050704,131.49452966588623,30,111.0849769115448,30,4.383150988862875
5385,415,298,-73,82,109.78615577567146,131.49452966588623,30,111.0849769115448,30,4.383150988862875
5386,522,269,107,-29,110.86027241532469,131.49452966588623,30,111.0849769115448,30,4.383150988862875
5387,530,211,8,-58,58.54912467321779,131.49452966588623,30,111.0849769115448,30,4.383150988862875
5388,413,269,-117,58,130.58713566044705,131.49452966588623,30,111.0849769115448,30,4.383150988862875
5389,482,294,69,25,73.38937252763509,131.49452966588623,30,111.0849769115448,30,4.383150988862875
5390,549,226,67,-68,95.46203433826454,131.49452966588623,30,111.0849769115448,30,4.383150988862875
5391,479,218,-70,-8,70.45565981523414,131.49452966588623,30,111.0849769115448,30,4.383150988862875
5392,422,299,-57,81,99.04544411531506,131.49452966588623,30,111.0849769115448,30,4.383150988862875
5393,524,265,102,-34,107.5174404457249,131.49452966588623,30,111.0849769115448,30,4.383150988862875
5394,525,211,1,-54,54.00925846556311,131.49452966588623,30,111.0849769115448,30,4.383150988862875
5395,413,272,-112,61,127.534309109353,131.49452966588623,30,111.0849769115448,30,4.383150988862875
5396,492,292,79,20,81.49233092751734,131.49452966588623,30,111.0849769115448,30,4.383150988862875
5397,548,223,56,-69,88.86506625215557,131.49452966588623,30,111.0849769115448,30,4.383150988862875
5398,,,,,,131.49452966588623,30,111.0849769115448,30,4.383150988862875
5399,430,300,-118,77,140.90067423543437,131.49452966588623,30,111.0849769115448,30,4.383150988862875
5400,523,263,93,-37,100.08995953640904,131.49452966588623,30,111.0849769115448,30,4.383150988862875
5401,523,211,0,-52,52.0,131.49452966588623,30,111.0849769115448,30,4.383150988862875
5402,411,280,-112,69,131.54847015454038,131.49452966588623,30,111.0849769115448,30,4.383150988862875
5403,497,286,86,6,86.20904824900923,131.49452966588623,30,111.0849769115448,30,4.383150988862875
5404,548,219,51,-67,84.20213774008353,131.49452966588623,30,111.0849769115448,30,4.383150988862875
5405,422,251,-126,32,130.0,131.49452966588623,30,111.0849769115448,30,4.383150988862875
5406,435,301,13,50,51.66236541235796,131.49452966588623,30,111.0849769115448,30,4.383150988862875
5407,530,256,95,-45,105.11898020814318,131.49452966588623,30,111.0849769115448,30,4.383150988862875
5408,513,212,-17,-44,47.16990566028302,131.49452966588623,30,111.0849769115448,30,4.383150988862875
5409,407,282,-106,70,127.02755606560333,131.49452966588623,30,111.0849769115448,30,4.383150988862875
5410,499,284,92,2,92.02173656261873,131.49452966588623,30,111.0849769115448,30,4.383150988862875
5411,547,218,48,-66,81.60882305241266,131.49452966588623,30,111.0849769115448,30,4.383150988862875
5412,420,253,-127,35,131.73458164050928,131.49452966588623,30,111.0849769115448,30,4.383150988862875
5413,442,300,22,47,51.894122981316485,131.49452966588623,30,111.0849769115448,30,4.383150988862875
5414,533,252,91,-48,102.88342918079665,131.49452966588623,30,111.0849769115448,30,4.383150988862875
5415,504,212,-29,-40,49.4064773081425,131.49452966588623,30,111.0849769115448,30,4.383150988862875
5416,407,286,-97,74,122.00409829181969,131.49452966588623,30,111.0849769115448,30,4.383150988862875
5417,510,281,103,-5,103.12128781197411,131.49452966588623,30,111.0849769115448,30,4.383150988862875
5418,542,216,32,-65,72.44998274671983,131.49452966588623,30,111.0849769115448,30,4.383150988862875
5419,417,257,-125,41,131.55227098001768,131.49452966588623,30,111.0849769115448,30,4.383150988862875
5420,453,300,36,43,56.08029957123981,131.49452966588623,30,111.0849769115448,30,4.383150988862875
5421,532,249,79,-51,94.03190947758107,131.49452966588623,30,111.0849769115448,30,4.383150988862875
5422,501,213,-31,-36,47.50789408087881,131.49452966588623,30,111.0849769115448,30,4.383150988862875
5423,411,290,-90,77,118.44407963254221,131.49452966588623,30,111.0849769115448,30,4.383150988862875
5424,511,278,100,-12,100.71742649611338,131.49452966588623,30,111.0849769115448,30,4.383150988862875
5425,541,215,30,-63,69.77822009767804,131.49452966588623,30,111.0849769115448,30,4.383150988862875
5426,420,260,-121,45,129.0968628588627,131.49452966588623,30,111.0849769115448,30,4.383150988862875
5427,463,299,43,39,58.05170109479997,131.49452966588623,30,111.0849769115448,30,4.383150988862875
5428,534,247,71,-52,88.0056816347672,131.49452966588623,30,111.0849769115448,30,4.383150988862875
5429,499,214,-35,-33,48.104053883222775,131.49452966588623,30,111.0849769115448,30,4.383150988862875
5430,409,292,-90,78,119.09659944767525,131.49452966588623,30,111.0849769115448,30,4.383150988862875
5431,511,275,102,-17,103.40696301506973,131.49452966588623,30,111.0849769115448,30,4.383150988862875
5432,540,213,29,-62,68.4470598345904,131.49452966588623,30,111.0849769115448,30,4.383150988862875
5433,418,263,-122,50,131.84839779079607,131.49452966588623,30,111.0849769115448,30,4.383150988862875
5434,464,297,46,34,57.201398584300364,131.49452966588623,30,111.0849769115448,30,4.383150988862875
5435,538,243,74,-54,91.60785992479029,131.49452966588623,30,111.0849769115448,30,4.383150988862875
5436,493,214,-45,-29,53.53503525729669,131.49452966588623,30,111.0849769115448,30,4.383150988862875
5437,410,295,-83,81,115.97413504743201,131.49452966588623,30,111.0849769115448,30,4.383150988862875
5438,519,273,109,-22,111.19802156513397,131.49452966588623,30,111.0849769115448,30,4.383150988862875
5439,535,212,16,-61,63.06346010171025,131.49452966588623,30,111.0849769115448,30,4.383150988862875
5440,415,265,-120,53,131.18307817702708,131.49452966588623,30,111.0849769115448,30,4.383150988862875
5441,474,297,59,32,67.11929677819934,131.49452966588623,30,111.0849769115448,30,4.383150988862875
5442,546,231,72,-66,97.67292357659824,131.49452966588623,30,111.0849769115448,30,4.383150988862875
5443,488,216,-58,-15,59.90826320300064,131.49452966588623,30,111.0849769115448,30,4.383150988862875
5444,417,297,-71,81,107.71258050942797,131.49452966588623,30,111.0849769115448,30,4.383150988862875
5445,520,270,103,-27,106.48004507887852,131.49452966588623,30,111.0849769115448,30,4.383150988862875
5446,531,212,11,-58,59.033888572581766,131.49452966588623,30,111.0849769115448,30,4.383150988862875
5447,416,267,-115,55,127.47548783981962,131.49452966588623,30,111.0849769115448,30,4.383150988862875
5448,484,295,68,28,73.53910524340094,131.49452966588623,30,111.0849769115448,30,4.383150988862875
5449,549,226,65,-69,94.79451460923254,131.49452966588623,30,111.0849769115448,30,4.383150988862875
5450,486,218,-63,-8,63.50590523722971,131.49452966588623,30,111.0849769115448,30,4.383150988862875
5451,422,299,-64,81,103.23274674249446,131.49452966588623,30,111.0849769115448,30,4.383150988862875
5452,519,267,97,-32,102.1420579389313,131.49452966588623,30,111.0849769115448,30,4.383150988862875
5453,530,211,11,-56,57.0701322935211,131.49452966588623,30,111.0849769115448,30,4.383150988862875
5454,415,271,-115,60,129.71121771072848,131.49452966588623,30,111.0849769115448,30,4.383150988862875
5455,483,293,68,22,71.47027354082255,131.49452966588623,30,111.0849769115448,30,4.383150988862875
5456,551,225,68,-68,96.16652224137046,131.49452966588623,30,111.0849769115448,30,4.383150988862875
5457,480,219,-71,-6,71.25307010929424,131.49452966588623,30,111.0849769115448,30,4.383150988862875
5458,422,299,-58,80,98.812954616285,131.49452966588623,30,111.0849769115448,30,4.383150988862875
5459,526,264,104,-35,109.73149046650191,131.49452966588623,30,111.0849769115448,30,4.383150988862875
5460,524,211,-2,-53,53.03772242470448,131.49452966588623,30,111.0849769115448,30,4.383150988862875
5461,410,273,-114,62,129.76902558006668,131.49452966588623,30,111.0849769115448,30,4.383150988862875
5462,488,290,78,17,79.83107164506812,131.49452966588623,30,111.0849769115448,30,4.383150988862875
5463,549,223,61,-67,90.60905032059435,131.49452966588623,30,111.0849769115448,30,4.383150988862875
5464,,,,,,131.49452966588623,30,111.0849769115448,30,4.383150988862875
5465,429,300,-120,77,142.57980221616245,131.49452966588623,30,111.0849769115448,30,4.383150988862875
5466,528,261,99,-39,106.4048871058092,131.49452966588623,30,111.0849769115448,30,4.383150988862875
5467,517,211,-11,-50,51.19570294468082,131.49452966588623,30,111.0849769115448,30,4.383150988862875
5468,410,277,-107,66,125.7179382586272,131.49452966588623,30,111.0849769115448,30,4.383150988862875
5469,498,288,88,11,88.68483523128404,131.49452966588623,30,111.0849769115448,30,4.383150988862875
5470,547,221,49,-67,83.00602387778854,131.49452966588623,30,111.0849769115448,30,4.383150988862875
5471,420,248,-127,27,129.83836104942176,131.49452966588623,30,111.0849769115448,30,4.383150988862875
5472,437,301,17,53,55.65968020030299,131.49452966588623,30,111.0849769115448,30,4.383150988862875
5473,526,258,89,-43,98.84331034521254,131.49452966588623,30,111.0849769115448,30,4.383150988862875
5474,515,212,-11,-46,47.29693436154187,131.49452966588623,30,111.0849769115448,30,4.383150988862875
5475,411,281,-104,69,124.80785231707178,131.49452966588623,30,111.0849769115448,30,4.383150988862875
5476,498,285,87,4,87.09190547921202,131.49452966588623,30,111.0849769115448,30,4.383150988862875
5477,547,219,49,-66,82.20097323024831,131.49452966588623,30,111.0849769115448,30,4.383150988862875
5478,421,252,-126,33,130.24976007655445,131.49452966588623,30,111.0849769115448,30,4.383150988862875
5479,439,301,18,49,52.20153254455275,131.49452966588623,30,111.0849769115448,30,4.383150988862875
5480,531,254,92,-47,103.31021246711285,131.49452966588623,30,111.0849769115448,30,4.383150988862875
5481,510,212,-21,-42,46.95742752749558,131.49452966588623,30,111.0849769115448,30,4.383150988862875
5482,407,284,-103,72,125.67020331009256,131.49452966588623,30,111.0849769115448,30,4.383150988862875
5483,501,282,94,-2,94.02127418834527,131.49452966588623,30,111.0849769115448,30,4.383150988862875
5484,546,217,45,-65,79.05694150420949,131.49452966588623,30,111.0849769115448,30,4.383150988862875
5485,420,255,-126,38,131.60547101089682,131.49452966588623,30,111.0849769115448,30,4.383150988862875
5486,444,300,24,45,51.0,131.49452966588623,30,111.0849769115448,30,4.383150988862875
5487,534,251,90,-49,102.47438704378767,131.49452966588623,30,111.0849769115448,30,4.383150988862875
5488,504,213,-30,-38,48.41487374764082,131.49452966588623,30,111.0849769115448,30,4.383150988862875
5489,407,287,-97,74,122.00409829181969,131.49452966588623,30,111.0849769115448,30,4.383150988862875
5490,511,280,104,-7,104.23531071570709,131.49452966588623,30,111.0849769115448,30,4.383150988862875
5491,541,215,30,-65,71.58910531638176,131.49452966588623,30,111.0849769115448,30,4.383150988862875
5492,417,258,-124,43,131.24404748406687,131.49452966588623,30,111.0849769115448,30,4.383150988862875
5493,456,299,39,41,56.586217403180434,131.49452966588623,30,111.0849769115448,30,4.383150988862875
5494,532,248,76,-51,91.52595260361949,131.49452966588623,30,111.0849769115448,30,4.383150988862875
5495,499,214,-33,-34,47.38143096192854,131.49452966588623,30,111.0849769115448,30,4.383150988862875
5496,412,291,-87,77,116.18089343777659,131.49452966588623,30,111.0849769115448,30,4.383150988862875
5497,512,277,100,-14,100.9752444909147,131.49452966588623,30,111.0849769115448,30,4.383150988862875
5498,539,214,27,-63,68.54195795277518,131.49452966588623,30,111.0849769115448,30,4.383150988862875
5499,420,261,-119,47,127.94530081249565,131.49452966588623,30,111.0849769115448,30,4.383150988862875
5500,467,298,47,37,59.81638571495272,131.49452966588623,30,111.0849769115448,30,4.383150988862875
5501,535,246,68,-52,85.60373823613078,131.49452966588623,30,111.0849769115448,30,4.383150988862875
5502,497,214,-38,-32,49.678969393496885,131.49452966588623,30,111.0849769115448,30,4.383150988862875
5503,411,294,-86,80,117.45637488020819,131.49452966588623,30,111.0849769115448,30,4.383150988862875
5504,512,274,101,-20,102.96115772464877,131.49452966588623,30,111.0849769115448,30,4.383150988862875
5505,539,213,27,-61,66.70832032063167,131.49452966588623,30,111.0849769115448,30,4.383150988862875
5506,418,264,-121,51,131.30879635424276,131.49452966588623,30,111.0849769115448,30,4.383150988862875
5507,467,297,49,33,59.07622195096772,131.49452966588623,30,111.0849769115448,30,4.383150988862875
5508,538,242,71,-55,89.81091247727082,131.49452966588623,30,111.0849769115448,30,4.383150988862875
5509,492,215,-46,-27,53.33854141237835,131.49452966588623,30,111.0849769115448,30,4.383150988862875
5510,411,296,-81,81,114.5512985522207,131.49452966588623,30,111.0849769115448,30,4.383150988862875
5511,520,272,109,-24,111.61093136427094,131.49452966588623,30,111.0849769115448,30,4.383150988862875
5512,534,212,14,-60,61.61168720299745,131.49452966588623,30,111.0849769115448,30,4.383150988862875
5513,414,266,-120,54,131.59027319676784,131.49452966588623,30,111.0849769115448,30,4.383150988862875
5514,477,296,63,30,69.77822009767804,131.49452966588623,30,111.0849769115448,30,4.383150988862875
5515,548,228,71,-68,98.3107318658548,131.49452966588623,30,111.0849769115448,30,4.383150988862875
5516,485,217,-63,-11,63.953107821277925,131.49452966588623,30,111.0849769115448,30,4.383150988862875
5517,418,298,-67,81,105.11898020814318,131.49452966588623,30,111.0849769115448,30,4.383150988862875
5518,522,268,104,-30,108.24047302187847,131.49452966588623,30,111.0849769115448,30,4.383150988862875
5519,527,211,5,-57,57.21887800367987,131.49452966588623,30,111.0849769115448,30,4.383150988862875
5520,413,273,-114,62,129.76902558006668,131.49452966588623,30,111.0849769115448,30,4.383150988862875
5521,492,292,79,19,81.25269226308751,131.49452966588623,30,111.0849769115448,30,4.383150988862875
5522,548,223,56,-69,88.86506625215557,131.49452966588623,30,111.0849769115448,30,4.383150988862875
5523,,,,,,131.49452966588623,30,111.0849769115448,30,4.383150988862875
5524,430,300,-118,77,140.90067423543437,131.49452966588623,30,111.0849769115448,30,4.383150988862875
5525,523,262,93,-38,100.46392387319938,131.49452966588623,30,111.0849769115448,30,4.383150988862875
5526,522,211,-1,-51,51.0098029794274,131.49452966588623,30,111.0849769115448,30,4.383150988862875
5527,412,276,-110,65,127.76932339180638,131.49452966588623,30,111.0849769115448,30,4.383150988862875
5528,492,289,80,13,81.04936767180853,131.49452966588623,30,111.0849769115448,30,4.383150988862875
5529,549,221,57,-68,88.72992730753249,131.49452966588623,30,111.0849769115448,30,4.383150988862875
5530,425,248,-124,27,126.90547663517127,131.49452966588623,30,111.0849769115448,30,4.383150988862875
5531,430,300,5,52,52.23983154643591,131.49452966588623,30,111.0849769115448,30,4.383150988862875
5532,529,259,99,-41,107.15409464878138,131.49452966588623,30,111.0849769115448,30,4.383150988862875
5533,517,211,-12,-48,49.47726750741192,131.49452966588623,30,111.0849769115448,30,4.383150988862875
5534,408,279,-109,68,128.47178678604885,131.49452966588623,30,111.0849769115448,30,4.383150988862875
5535,495,286,87,7,87.28115489611719,131.49452966588623,30,111.0849769115448,30,4.383150988862875
5536,548,220,53,-66,84.64632301523794,131.49452966588623,30,111.0849769115448,30,4.383150988862875
5537,421,250,-127,30,130.49521064008442,131.49452966588623,30,111.0849769115448,30,4.383150988862875
5538,436,300,15,50,52.20153254455275,131.49452966588623,30,111.0849769115448,30,4.383150988862875
5539,531,255,95,-45,105.11898020814318,131.49452966588623,30,111.0849769115448,30,4.383150988862875
5540,510,212,-21,-43,47.853944456021594,131.49452966588623,30,111.0849769115448,30,4.383150988862875
5541,408,283,-102,71,124.27791436936813,131.49452966588623,30,111.0849769115448,30,4.383150988862875
5542,505,284,97,1,97.0051545022222,131.49452966588623,30,111.0849769115448,30,4.383150988862875
5543,544,218,39,-66,76.66159403508382,131.49452966588623,30,111.0849769115448,30,4.383150988862875
5544,417,254,-127,36,132.00378782444085,131.49452966588623,30,111.0849769115448,30,4.383150988862875
5545,446,300,29,46,54.378304497290095,131.49452966588623,30,111.0849769115448,30,4.383150988862875
5546,529,252,83,-48,95.88013350011565,131.49452966588623,30,111.0849769115448,30,4.383150988862875
5547,506,213,-23,-39,45.27692569068709,131.49452966588623,30,111.0849769115448,30,4.383150988862875
5548,410,286,-96,73,120.60265337047937,131.49452966588623,30,111.0849769115448,30,4.383150988862875
5549,505,281,95,-5,95.13148795220224,131.49452966588623,30,111.0849769115448,30,4.383150988862875
5550,544,216,39,-65,75.8023746329889,131.49452966588623,30,111.0849769115448,30,4.383150988862875
5551,421,257,-123,41,129.65338406690356,131.49452966588623,30,111.0849769115448,30,4.383150988862875
5552,450,300,29,43,51.86520991955976,131.49452966588623,30,111.0849769115448,30,4.383150988862875
5553,533,250,83,-50,96.89685237405806,131.49452966588623,30,111.0849769115448,30,4.383150988862875
5554,503,213,-30,-37,47.634021455258214,131.49452966588623,30,111.0849769115448,30,4.383150988862875
5555,408,289,-95,76,121.65936051122412,131.49452966588623,30,111.0849769115448,30,4.383150988862875
5556,507,278,99,-11,99.60923651951158,131.49452966588623,30,111.0849769115448,30,4.383150988862875
5557,543,215,36,-63,72.56031973468694,131.49452966588623,30,111.0849769115448,30,4.383150988862875
5558,420,260,-123,45,130.97327971765844,131.49452966588623,30,111.0849769115448,30,4.383150988862875
5559,454,299,34,39,51.73973328110612,131.49452966588623,30,111.0849769115448,30,4.383150988862875
5560,536,246,82,-53,97.63708311906906,131.49452966588623,30,111.0849769115448,30,4.383150988862875
5561,497,214,-39,-32,50.44799302251776,131.49452966588623,30,111.0849769115448,30,4.383150988862875
5562,409,292,-88,78,117.5925167687128,131.49452966588623,30,111.0849769115448,30,4.383150988862875
5563,516,276,107,-16,108.18964830333815,131.49452966588623,30,111.0849769115448,30,4.383150988862875
5564,537,214,21,-62,65.45991139621256,131.49452966588623,30,111.0849769115448,30,4.383150988862875
5565,416,262,-121,48,130.17296186228538,131.49452966588623,30,111.0849769115448,30,4.383150988862875
5566,468,298,52,36,63.245553203367585,131.49452966588623,30,111.0849769115448,30,4.383150988862875
5567,536,241,68,-57,88.72992730753249,131.49452966588623,30,111.0849769115448,30,4.383150988862875
5568,491,215,-45,-26,51.97114584074513,131.49452966588623,30,111.0849769115448,30,4.383150988862875
5569,415,296,-76,81,111.07204868912791,131.49452966588623,30,111.0849769115448,30,4.383150988862875
5570,518,272,103,-24,105.75916035975324,131.49452966588623,30,111.0849769115448,30,4.383150988862875
5571,534,212,16,-60,62.0966987850401,131.49452966588623,30,111.0849769115448,30,4.383150988862875
5572,417,266,-117,54,128.86038956948718,131.49452966588623,30,111.0849769115448,30,4.383150988862875
5573,480,296,63,30,69.77822009767804,131.49452966588623,30,111.0849769115448,30,4.383150988862875
5574,547,230,67,-66,94.04786015641186,131.49452966588623,30,111.0849769115448,30,4.383150988862875
5575,489,216,-58,-14,59.665735560705194,131.49452966588623,30,111.0849769115448,30,4.383150988862875
5576,418,298,-71,82,108.4665847162157,131.49452966588623,30,111.0849769115448,30,4.383150988862875
5577,517,269,99,-29,103.16006979447037,131.49452966588623,30,111.0849769115448,30,4.383150988862875
5578,533,212,16,-57,59.20304046246274,131.49452966588623,30,111.0849769115448,30,4.383150988862875
5579,416,268,-117,56,129.71121771072848,131.49452966588623,30,111.0849769115448,30,4.383150988862875
5580,479,294,63,26,68.15423684555495,131.49452966588623,30,111.0849769115448,30,4.383150988862875
5581,551,226,72,-68,99.03534722511958,131.49452966588623,30,111.0849769115448,30,4.383150988862875
5582,484,218,-67,-8,67.47592163134935,131.49452966588623,30,111.0849769115448,30,4.383150988862875
5583,419,299,-65,81,103.85566907973777,131.49452966588623,30,111.0849769115448,30,4.383150988862875
5584,524,266,105,-33,110.06361796706484,131.49452966588623,30,111.0849769115448,30,4.383150988862875
5585,527,211,3,-55,55.08175741568164,131.49452966588623,30,111.0849769115448,30,4.383150988862875
5586,412,271,-115,60,129.71121771072848,131.49452966588623,30,111.0849769115448,30,4.383150988862875
5587,486,292,74,21,76.92203845452875,131.49452966588623,30,111.0849769115448,30,4.383150988862875
5588,549,224,63,-68,92.69843580125827,131.49452966588623,30,111.0849769115448,30,4.383150988862875
5589,470,221,-79,-3,79.05694150420949,131.49452966588623,30,111.0849769115448,30,4.383150988862875
5590,427,300,-43,79,89.94442728707543,131.49452966588623,30,111.0849769115448,30,4.383150988862875
5591,527,263,100,-37,106.6255128944288,131.49452966588623,30,111.0849769115448,30,4.383150988862875
5592,520,211,-7,-52,52.46903848937962,131.49452966588623,30,111.0849769115448,30,4.383150988862875
5593,411,275,-109,64,126.40015822774906,131.49452966588623,30,111.0849769115448,30,4.383150988862875
5594,496,289,85,14,86.14522621712709,131.49452966588623,30,111.0849769115448,30,4.383150988862875
5595,547,222,51,-67,84.20213774008353,131.49452966588623,30,111.0849769115448,30,4.383150988862875
5596,422,247,-125,25,127.47548783981962,131.49452966588623,30,111.0849769115448,30,4.383150988862875
5597,435,301,13,54,55.54277630799526,131.49452966588623,30,111.0849769115448,30,4.383150988862875
5598,525,260,90,-41,98.89893831583835,131.49452966588623,30,111.0849769115448,30,4.383150988862875
5599,517,211,-8,-49,49.64876634922564,131.49452966588623,30,111.0849769115448,30,4.383150988862875
5600,411,279,-106,68,125.93649193144932,131.49452966588623,30,111.0849769115448,30,4.383150988862875
5601,496,287,85,8,85.37564055396598,131.49452966588623,30,111.0849769115448,30,4.383150988862875
5602,548,220,52,-67,84.81155581640984,131.49452966588623,30,111.0849769115448,30,4.383150988862875
5603,422,251,-126,31,129.75746606650424,131.49452966588623,30,111.0849769115448,30,4.383150988862875
5604,435,300,13,49,50.695167422546305,131.49452966588623,30,111.0849769115448,30,4.383150988862875
5605,530,257,95,-43,104.27847332982968,131.49452966588623,30,111.0849769115448,30,4.383150988862875
5606,513,212,-17,-45,48.104053883222775,131.49452966588623,30,111.0849769115448,30,4.383150988862875
5607,408,282,-105,70,126.19429464123962,131.49452966588623,30,111.0849769115448,30,4.383150988862875
5608,498,284,90,2,90.0222194794152,131.49452966588623,30,111.0849769115448,30,4.383150988862875
5609,547,218,49,-66,82.20097323024831,131.49452966588623,30,111.0849769115448,30,4.383150988862875
5610,419,253,-128,35,132.69890730522238,131.49452966588623,30,111.0849769115448,30,4.383150988862875
5611,440,300,21,47,51.478150704935004,131.49452966588623,30,111.0849769115448,30,4.383150988862875
5612,532,253,92,-47,103.31021246711285,131.49452966588623,30,111.0849769115448,30,4.383150988862875
5613,504,213,-28,-40,48.82622246293481,131.49452966588623,30,111.0849769115448,30,4.383150988862875
5614,408,289,-96,76,122.44182292011173,131.49452966588623,30,111.0849769115448,30,4.383150988862875
5615,513,279,105,-10,105.47511554864494,131.49452966588623,30,111.0849769115448,30,4.383150988862875
5616,540,215,27,-64,69.46221994724903,131.49452966588623,30,111.0849769115448,30,4.383150988862875
5617,417,260,-123,45,130.97327971765844,131.49452966588623,30,111.0849769115448,30,4.383150988862875
5618,459,299,42,39,57.3149195236284,131.49452966588623,30,111.0849769115448,30,4.383150988862875
5619,533,246,74,-53,91.02197536858887,131.49452966588623,30,111.0849769115448,30,4.383150988862875
5620,496,214,-37,-32,48.91829923454004,131.49452966588623,30,111.0849769115448,30,4.383150988862875
5621,412,292,-84,78,114.6298390472568,131.49452966588623,30,111.0849769115448,30,4.383150988862875
5622,514,275,102,-17,103.40696301506973,131.49452966588623,30,111.0849769115448,30,4.383150988862875
5623,538,214,24,-61,65.55150646628954,131.49452966588623,30,111.0849769115448,30,4.383150988862875
5624,419,262,-119,48,128.3160161476345,131.49452966588623,30,111.0849769115448,30,4.383150988862875
5625,471,298,52,36,63.245553203367585,131.49452966588623,30,111.0849769115448,30,4.383150988862875
5626,536,244,65,-54,84.50443775329198,131.49452966588623,30,111.0849769115448,30,4.383150988862875
5627,495,215,-41,-29,50.21951811795888,131.49452966588623,30,111.0849769115448,30,4.383150988862875
5628,413,295,-82,80,114.56002793295748,131.49452966588623,30,111.0849769115448,30,4.383150988862875
5629,514,273,101,-22,103.36827366266692,131.49452966588623,30,111.0849769115448,30,4.383150988862875
5630,537,213,23,-60,64.25729530566937,131.49452966588623,30,111.0849769115448,30,4.383150988862875
5631,418,265,-119,52,129.86531484580476,131.49452966588623,30,111.0849769115448,30,4.383150988862875
5632,475,295,57,30,64.41273166075166,131.49452966588623,30,111.0849769115448,30,4.383150988862875
5633,551,227,76,-68,101.9803902718557,131.49452966588623,30,111.0849769115448,30,4.383150988862875
5634,485,218,-66,-9,66.61080993352356,131.49452966588623,30,111.0849769115448,30,4.383150988862875
5635,418,299,-67,81,105.11898020814318,131.49452966588623,30,111.0849769115448,30,4.383150988862875
5636,525,266,107,-33,111.97321108193691,131.49452966588623,30,111.0849769115448,30,4.383150988862875
5637,523,211,-2,-55,55.036351623268054,131.49452966588623,30,111.0849769115448,30,4.383150988862875
5638,410,274,-113,63,129.37542270462347,131.49452966588623,30,111.0849769115448,30,4.383150988862875
5639,489,290,79,16,80.60397012554654,131.49452966588623,30,111.0849769115448,30,4.383150988862875
5640,549,222,60,-68,90.68627239003708,131.49452966588623,30,111.0849769115448,30,4.383150988862875
5641,425,246,-124,24,126.30122723077555,131.49452966588623,30,111.0849769115448,30,4.383150988862875
5642,430,300,5,54,54.230987451824994,131.49452966588623,30,111.0849769115448,30,4.383150988862875
5643,529,260,99,-40,106.77546534667971,131.49452966588623,30,111.0849769115448,30,4.383150988862875
5644,516,212,-13,-48,49.72926703662542,131.49452966588623,30,111.0849769115448,30,4.383150988862875
5645,410,278,-106,66,124.86793023030373,131.49452966588623,30,111.0849769115448,30,4.383150988862875
5646,499,288,89,10,89.56003573022959,131.49452966588623,30,111.0849769115448,30,4.383150988862875
5647,546,221,47,-67,81.8413098624405,131.49452966588623,30,111.0849769115448,30,4.383150988862875
5648,420,249,-126,28,129.07362240210043,131.49452966588623,30,111.0849769115448,30,4.383150988862875
5649,438,301,18,52,55.02726596879042,131.49452966588623,30,111.0849769115448,30,4.383150988862875
5650,527,257,89,-44,99.28242543370907,131.49452966588623,30,111.0849769115448,30,4.383150988862875
5651,513,212,-14,-45,47.12748667179272,131.49452966588623,30,111.0849769115448,30,4.383150988862875
5652,411,281,-102,69,123.14625451064275,131.49452966588623,30,111.0849769115448,30,4.383150988862875
5653,503,283,92,2,92.02173656261873,131.49452966588623,30,111.0849769115448,30,4.383150988862875
5654,544,217,41,-66,77.69813382572325,131.49452966588623,30,111.0849769115448,30,4.383150988862875
5655,421,257,-123,40,129.34063553268942,131.49452966588623,30,111.0849769115448,30,4.383150988862875
5656,447,300,26,43,50.24937810560445,131.49452966588623,30,111.0849769115448,30,4.383150988862875
5657,533,250,86,-50,99.4786409235671,131.49452966588623,30,111.0849769115448,30,4.383150988862875
5658,500,214,-33,-36,48.83646178829912,131.49452966588623,30,111.0849769115448,30,4.383150988862875
5659,410,292,-90,78,119.09659944767525,131.49452966588623,30,111.0849769115448,30,4.383150988862875
5660,510,276,100,-16,101.27191120937731,131.49452966588623,30,111.0849769115448,30,4.383150988862875
5661,541,214,31,-62,69.31810730249349,131.49452966588623,30,111.0849769115448,30,4.383150988862875
5662,419,262,-122,48,131.10301293257908,131.49452966588623,30,111.0849769115448,30,4.383150988862875
5663,462,298,43,36,56.08029957123981,131.49452966588623,30,111.0849769115448,30,4.383150988862875
5664,538,244,76,-54,93.23089616645332,131.49452966588623,30,111.0849769115448,30,4.383150988862875
5665,493,215,-45,-29,53.53503525729669,131.49452966588623,30,111.0849769115448,30,4.383150988862875
5666,410,294,-83,79,114.58621208504974,131.49452966588623,30,111.0849769115448,30,4.383150988862875
5667,518,273,108,-21,110.02272492535349,131.49452966588623,30,111.0849769115448,30,4.383150988862875
5668,535,213,17,-60,62.36184731067546,131.49452966588623,30,111.0849769115448,30,4.383150988862875
5669,415,265,-120,52,130.78226179417453,131.49452966588623,30,111.0849769115448,30,4.383150988862875
5670,473,296,58,31,65.76473218982953,131.49452966588623,30,111.0849769115448,30,4.383150988862875
5671,544,234,71,-62,94.26027795418386,131.49452966588623,30,111.0849769115448,30,4.383150988862875
5672,488,216,-56,-18,58.82176467941097,131.49452966588623,30,111.0849769115448,30,4.383150988862875
5673,416,297,-72,81,108.37435120913067,131.49452966588623,30,111.0849769115448,30,4.383150988862875
5674,520,270,104,-27,107.44766167767449,131.49452966588623,30,111.0849769115448,30,4.383150988862875
5675,531,212,11,-58,59.033888572581766,131.49452966588623,30,111.0849769115448,30,4.383150988862875
5676,416,267,-115,55,127.47548783981962,131.49452966588623,30,111.0849769115448,30,4.383150988862875
5677,483,295,67,28,72.61542535852834,131.49452966588623,30,111.0849769115448,30,4.383150988862875
5678,549,227,66,-68,94.76286192385707,131.49452966588623,30,111.0849769115448,30,4.383150988862875
5679,487,218,-62,-9,62.64982043070834,131.49452966588623,30,111.0849769115448,30,4.383150988862875
5680,421,299,-66,81,104.48444860360799,131.49452966588623,30,111.0849769115448,30,4.383150988862875
5681,519,268,98,-31,102.7861858422619,131.49452966588623,30,111.0849769115448,30,4.383150988862875
5682,530,212,11,-56,57.0701322935211,131.49452966588623,30,111.0849769115448,30,4.383150988862875
5683,413,274,-117,62,132.41223508422476,131.49452966588623,30,111.0849769115448,30,4.383150988862875
5684,489,291,76,17,77.87810988975015,131.49452966588623,30,111.0849769115448,30,4.383150988862875
5685,548,221,59,-70,91.54780172128658,131.49452966588623,30,111.0849769115448,30,4.383150988862875
5686,423,250,-125,29,128.3199127181748,131.49452966588623,30,111.0849769115448,30,4.383150988862875
5687,434,300,11,50,51.19570294468082,131.49452966588623,30,111.0849769115448,30,4.383150988862875
5688,530,258,96,-42,104.78549517943789,131.49452966588623,30,111.0849769115448,30,4.383150988862875
5689,515,212,-15,-46,48.38388161361178,131.49452966588623,30,111.0849769115448,30,4.383150988862875
5690,408,281,-107,69,127.3184982632139,131.49452966588623,30,111.0849769115448,30,4.383150988862875
5691,498,285,90,4,90.08884503644167,131.49452966588623,30,111.0849769115448,30,4.383150988862875
5692,547,219,49,-66,82.20097323024831,131.49452966588623,30,111.0849769115448,30,4.383150988862875
5693,420,252,-127,33,131.21737689803132,131.49452966588623,30,111.0849769115448,30,4.383150988862875
5694,439,300,19,48,51.62363799656123,131.49452966588623,30,111.0849769115448,30,4.383150988862875
5695,532,254,93,-46,103.75451797391764,131.49452966588623,30,111.0849769115448,30,4.383150988862875
5696,507,213,-25,-41,48.02082881417188,131.49452966588623,30,111.0849769115448,30,4.383150988862875
5697,408,285,-99,72,122.41323457861898,131.49452966588623,30,111.0849769115448,30,4.383150988862875
5698,512,279,104,-6,104.17293314484334,131.49452966588623,30,111.0849769115448,30,4.383150988862875
5699,540,215,28,-64,69.85699678629192,131.49452966588623,30,111.0849769115448,30,4.383150988862875
5700,417,259,-123,44,130.6330739131557,131.49452966588623,30,111.0849769115448,30,4.383150988862875
5701,458,299,41,40,57.28001396647874,131.49452966588623,30,111.0849769115448,30,4.383150988862875
5702,533,246,75,-53,91.83681179135085,131.49452966588623,30,111.0849769115448,30,4.383150988862875
5703,497,214,-36,-32,48.16637831516918,131.49452966588623,30,111.0849769115448,30,4.383150988862875
5704,412,292,-85,78,115.36463929644994,131.49452966588623,30,111.0849769115448,30,4.383150988862875
5705,514,276,102,-16,103.24727599312246,131.49452966588623,30,111.0849769115448,30,4.383150988862875
5706,534,213,20,-63,66.09841147864296,131.49452966588623,30,111.0849769115448,30,4.383150988862875
5707,417,265,-117,52,128.03515142334936,131.49452966588623,30,111.0849769115448,30,4.383150988862875
5708,479,296,62,31,69.31810730249349,131.49452966588623,30,111.0849769115448,30,4.383150988862875
5709,543,235,64,-61,88.41379982785493,131.49452966588623,30,111.0849769115448,30,4.383150988862875
5710,491,216,-52,-19,55.362442142665635,131.49452966588623,30,111.0849769115448,30,4.383150988862875
5711,418,298,-73,82,109.78615577567146,131.49452966588623,30,111.0849769115448,30,4.383150988862875
5712,517,270,99,-28,102.88342918079665,131.49452966588623,30,111.0849769115448,30,4.383150988862875
5713,534,212,17,-58,60.440052945046304,131.49452966588623,30,111.0849769115448,30,4.383150988862875
5714,416,268,-118,56,130.61393493804556,131.49452966588623,30,111.0849769115448,30,4.383150988862875
5715,478,295,62,27,67.62396025078685,131.49452966588623,30,111.0849769115448,30,4.383150988862875
5716,551,227,73,-68,99.76472322419383,131.49452966588623,30,111.0849769115448,30,4.383150988862875
5717,485,218,-66,-9,66.61080993352356,131.49452966588623,30,111.0849769115448,30,4.383150988862875
5718,417,299,-68,81,105.75916035975324,131.49452966588623,30,111.0849769115448,30,4.383150988862875
5719,524,267,107,-32,111.68258592994702,131.49452966588623,30,111.0849769115448,30,4.383150988862875
5720,528,212,4,-55,55.14526271584895,131.49452966588623,30,111.0849769115448,30,4.383150988862875
5721,412,270,-116,58,129.6919426949878,131.49452966588623,30,111.0849769115448,30,4.383150988862875
5722,484,293,72,23,75.58438992278762,131.49452966588623,30,111.0849769115448,30,4.383150988862875
5723,549,225,65,-68,94.06912352095134,131.49452966588623,30,111.0849769115448,30,4.383150988862875
5724,476,219,-73,-6,73.24616030891995,131.49452966588623,30,111.0849769115448,30,4.383150988862875
5725,424,299,-52,80,95.4148835350125,131.49452966588623,30,111.0849769115448,30,4.383150988862875
5726,525,264,101,-35,106.89246933250256,131.49452966588623,30,111.0849769115448,30,4.383150988862875
5727,517,212,-8,-52,52.61178575186362,131.49452966588623,30,111.0849769115448,30,4.383150988862875
5728,410,277,-107,65,125.19584657647394,131.49452966588623,30,111.0849769115448,30,4.383150988862875
5729,498,288,88,11,88.68483523128404,131.49452966588623,30,111.0849769115448,30,4.383150988862875
5730,546,221,48,-67,82.41965784932621,131.49452966588623,30,111.0849769115448,30,4.383150988862875
5731,421,249,-125,28,128.09761902549164,131.49452966588623,30,111.0849769115448,30,4.383150988862875
5732,437,301,16,52,54.405882034941776,131.49452966588623,30,111.0849769115448,30,4.383150988862875
5733,526,258,89,-43,98.84331034521254,131.49452966588623,30,111.0849769115448,30,4.383150988862875
5734,514,212,-12,-46,47.53945729601885,131.49452966588623,30,111.0849769115448,30,4.383150988862875
5735,411,281,-103,69,123.97580409095961,131.49452966588623,30,111.0849769115448,30,4.383150988862875
5736,499,285,88,4,88.09086218218096,131.49452966588623,30,111.0849769115448,30,4.383150988862875
5737,547,219,48,-66,81.60882305241266,131.49452966588623,30,111.0849769115448,30,4.383150988862875
5738,422,252,-125,33,129.28263611173776,131.49452966588623,30,111.0849769115448,30,4.383150988862875
5739,437,300,15,48,50.28916384272063,131.49452966588623,30,111.0849769115448,30,4.383150988862875
5740,530,255,93,-45,103.31505214633539,131.49452966588623,30,111.0849769115448,30,4.383150988862875
5741,511,213,-19,-42,46.09772228646444,131.49452966588623,30,111.0849769115448,30,4.383150988862875
5742,407,283,-104,70,125.36347155371855,131.49452966588623,30,111.0849769115448,30,4.383150988862875
5743,500,283,93,0,93.0,131.49452966588623,30,111.0849769115448,30,4.383150988862875
5744,546,218,46,-65,79.63039620647382,131.49452966588623,30,111.0849769115448,30,4.383150988862875
5745,420,255,-126,37,131.3202193114221,131.49452966588623,30,111.0849769115448,30,4.383150988862875
5746,443,300,23,45,50.53711507397311,131.49452966588623,30,111.0849769115448,30,4.383150988862875
5747,534,251,91,-49,103.3537614216338,131.49452966588623,30,111.0849769115448,30,4.383150988862875
5748,504,213,-30,-38,48.41487374764082,131.49452966588623,30,111.0849769115448,30,4.383150988862875
5749,407,287,-97,74,122.00409829181969,131.49452966588623,30,111.0849769115448,30,4.383150988862875
5750,513,279,106,-8,106.30145812734649,131.49452966588623,30,111.0849769115448,30,4.383150988862875
5751,539,215,26,-64,69.07966415668217,131.49452966588623,30,111.0849769115448,30,4.383150988862875
5752,417,261,-122,46,130.38404810405297,131.49452966588623,30,111.0849769115448,30,4.383150988862875
5753,463,298,46,37,59.033888572581766,131.49452966588623,30,111.0849769115448,30,4.383150988862875
5754,535,245,72,-53,89.40357934669059,131.49452966588623,30,111.0849769115448,30,4.383150988862875
5755,494,215,-41,-30,50.80354318352215,131.49452966588623,30,111.0849769115448,30,4.383150988862875
5756,413,294,-81,79,113.14592347937243,131.49452966588623,30,111.0849769115448,30,4.383150988862875
5757,516,274,103,-20,104.92378186092989,131.49452966588623,30,111.0849769115448,30,4.383150988862875
5758,536,213,20,-61,64.19501538281614,131.49452966588623,30,111.0849769115448,30,4.383150988862875
5759,418,264,-118,51,128.5496013218244,131.49452966588623,30,111.0849769115448,30,4.383150988862875
5760,476,297,58,33,66.73080248281148,131.49452966588623,30,111.0849769115448,30,4.383150988862875
5761,540,239,64,-58,86.37129152675674,131.49452966588623,30,111.0849769115448,30,4.383150988862875
5762,493,216,-47,-23,52.32590180780452,131.49452966588623,30,111.0849769115448,30,4.383150988862875
5763,415,297,-78,81,112.44998888394787,131.49452966588623,30,111.0849769115448,30,4.383150988862875
5764,515,271,100,-26,103.32473082471591,131.49452966588623,30,111.0849769115448,30,4.383150988862875
5765,535,213,20,-58,61.35144660071187,131.49452966588623,30,111.0849769115448,30,4.383150988862875
5766,417,267,-118,54,129.76902558006668,131.49452966588623,30,111.0849769115448,30,4.383150988862875
5767,474,295,57,28,63.50590523722971,131.49452966588623,30,111.0849769115448,30,4.383150988862875
5768,549,231,75,-64,98.59513172565875,131.49452966588623,30,111.0849769115448,30,4.383150988862875
5769,488,217,-61,-14,62.5859409132754,131.49452966588623,30,111.0849769115448,30,4.383150988862875
5770,415,298,-73,81,109.04127658827184,131.49452966588623,30,111.0849769115448,30,4.383150988862875
5771,522,269,107,-29,110.86027241532469,131.49452966588623,30,111.0849769115448,30,4.383150988862875
5772,530,212,8,-57,57.55866572463264,131.49452966588623,30,111.0849769115448,30,4.383150988862875
5773,413,269,-117,57,130.14607178090316,131.49452966588623,30,111.0849769115448,30,4.383150988862875
5774,481,294,68,25,72.44998274671983,131.49452966588623,30,111.0849769115448,30,4.383150988862875
5775,549,226,68,-68,96.16652224137046,131.49452966588623,30,111.0849769115448,30,4.383150988862875
5776,481,219,-68,-7,68.3593446428504,131.49452966588623,30,111.0849769115448,30,4.383150988862875
5777,422,299,-59,80,99.40321926376429,131.49452966588623,30,111.0849769115448,30,4.383150988862875
5778,524,266,102,-33,107.20541031123382,131.49452966588623,30,111.0849769115448,30,4.383150988862875
5779,524,212,0,-54,54.0,131.49452966588623,30,111.0849769115448,30,4.383150988862875
5780,413,272,-111,60,126.17844506887855,131.49452966588623,30,111.0849769115448,30,4.383150988862875
5781,491,292,78,20,80.52328855678958,131.49452966588623,30,111.0849769115448,30,4.383150988862875
5782,548,224,57,-68,88.72992730753249,131.49452966588623,30,111.0849769115448,30,4.383150988862875
5783,,,,,,131.49452966588623,30,111.0849769115448,30,4.383150988862875
5784,429,300,-119,76,141.19844191774922,131.49452966588623,30,111.0849769115448,30,4.383150988862875
5785,523,263,94,-37,101.01980003939822,131.49452966588623,30,111.0849769115448,30,4.383150988862875
5786,523,212,0,-51,51.0,131.49452966588623,30,111.0849769115448,30,4.383150988862875
5787,413,275,-110,63,126.763559432512,131.49452966588623,30,111.0849769115448,30,4.383150988862875
5788,490,290,77,15,78.44743462982075,131.49452966588623,30,111.0849769115448,30,4.383150988862875
5789,549,222,59,-68,90.02777349240623,131.49452966588623,30,111.0849769115448,30,4.383150988862875
5790,426,247,-123,25,125.51493934986385,131.49452966588623,30,111.0849769115448,30,4.383150988862875
5791,429,300,3,53,53.08483775994799,131.49452966588623,30,111.0849769115448,30,4.383150988862875
5792,528,261,99,-39,106.4048871058092,131.49452966588623,30,111.0849769115448,30,4.383150988862875
5793,519,212,-9,-49,49.8196748283246,131.49452966588623,30,111.0849769115448,30,4.383150988862875
5794,409,278,-110,66,128.2809416865966,131.49452966588623,30,111.0849769115448,30,4.383150988862875
5795,494,287,85,9,85.47514258543241,131.49452966588623,30,111.0849769115448,30,4.383150988862875
5796,548,221,54,-66,85.27602242131137,131.49452966588623,30,111.0849769115448,30,4.383150988862875
5797,420,253,-128,32,131.93938001976514,131.49452966588623,30,111.0849769115448,30,4.383150988862875
5798,440,300,20,47,51.07837115648854,131.49452966588623,30,111.0849769115448,30,4.383150988862875
5799,532,254,92,-46,102.85912696499032,131.49452966588623,30,111.0849769115448,30,4.383150988862875
5800,507,213,-25,-41,48.02082881417188,131.49452966588623,30,111.0849769115448,30,4.383150988862875
5801,407,285,-100,72,123.2233744059949,131.49452966588623,30,111.0849769115448,30,4.383150988862875
5802,508,282,101,-3,101.04454463255303,131.49452966588623,30,111.0849769115448,30,4.383150988862875
5803,543,217,35,-65,73.824115301167,131.49452966588623,30,111.0849769115448,30,4.383150988862875
5804,417,256,-126,39,131.89768762188365,131.49452966588623,30,111.0849769115448,30,4.383150988862875
5805,450,300,33,44,55.0,131.49452966588623,30,111.0849769115448,30,4.383150988862875
5806,531,250,81,-50,95.1892851112981,131.49452966588623,30,111.0849769115448,30,4.383150988862875
5807,503,213,-28,-37,46.400431032480725,131.49452966588623,30,111.0849769115448,30,4.383150988862875
5808,411,288,-92,75,118.69709347747316,131.49452966588623,30,111.0849769115448,30,4.383150988862875
5809,508,279,97,-9,97.41663102366043,131.49452966588623,30,111.0849769115448,30,4.383150988862875
5810,542,216,34,-63,71.58910531638176,131.49452966588623,30,111.0849769115448,30,4.383150988862875
5811,421,259,-121,43,128.41339493993607,131.49452966588623,30,111.0849769115448,30,4.383150988862875
5812,455,300,34,41,53.2634959423431,131.49452966588623,30,111.0849769115448,30,4.383150988862875
5813,534,249,79,-51,94.03190947758107,131.49452966588623,30,111.0849769115448,30,4.383150988862875
5814,502,214,-32,-35,47.4236228055175,131.49452966588623,30,111.0849769115448,30,4.383150988862875
5815,409,290,-93,76,120.10412149464314,131.49452966588623,30,111.0849769115448,30,4.383150988862875
5816,509,277,100,-13,100.84145972763385,131.49452966588623,30,111.0849769115448,30,4.383150988862875
5817,542,215,33,-62,70.2353187506115,131.49452966588623,30,111.0849769115448,30,4.383150988862875
5818,419,261,-123,46,131.3202193114221,131.49452966588623,30,111.0849769115448,30,4.383150988862875
5819,457,298,38,37,53.03772242470448,131.49452966588623,30,111.0849769115448,30,4.383150988862875
5820,537,246,80,-52,95.4148835350125,131.49452966588623,30,111.0849769115448,30,4.383150988862875
5821,496,215,-41,-31,51.40038910358559,131.49452966588623,30,111.0849769115448,30,4.383150988862875
5822,409,293,-87,78,116.84605256490268,131.49452966588623,30,111.0849769115448,30,4.383150988862875
5823,517,275,108,-18,109.48972554536796,131.49452966588623,30,111.0849769115448,30,4.383150988862875
5824,535,213,18,-62,64.5600495662759,131.49452966588623,30,111.0849769115448,30,4.383150988862875
5825,414,266,-121,53,132.09844813622905,131.49452966588623,30,111.0849769115448,30,4.383150988862875
5826,477,296,63,30,69.77822009767804,131.49452966588623,30,111.0849769115448,30,4.383150988862875
5827,547,230,70,-66,96.20810776644555,131.49452966588623,30,111.0849769115448,30,4.383150988862875
5828,485,217,-62,-13,63.34824385884742,131.49452966588623,30,111.0849769115448,30,4.383150988862875
5829,418,298,-67,81,105.11898020814318,131.49452966588623,30,111.0849769115448,30,4.383150988862875
5830,522,268,104,-30,108.24047302187847,131.49452966588623,30,111.0849769115448,30,4.383150988862875
5831,528,212,6,-56,56.32051136131489,131.49452966588623,30,111.0849769115448,30,4.383150988862875
5832,415,270,-113,58,127.01574705523721,131.49452966588623,30,111.0849769115448,30,4.383150988862875
5833,488,293,73,23,76.53757247260981,131.49452966588623,30,111.0849769115448,30,4.383150988862875
5834,549,226,61,-67,90.60905032059435,131.49452966588623,30,111.0849769115448,30,4.383150988862875
5835,483,219,-66,-7,66.37017402418047,131.49452966588623,30,111.0849769115448,30,4.383150988862875
5836,425,299,-58,80,98.812954616285,131.49452966588623,30,111.0849769115448,30,4.383150988862875
5837,521,265,96,-34,101.84301645179212,131.49452966588623,30,111.0849769115448,30,4.383150988862875
5838,527,212,6,-53,53.33854141237835,131.49452966588623,30,111.0849769115448,30,4.383150988862875
5839,414,272,-113,60,127.94139283281233,131.49452966588623,30,111.0849769115448,30,4.383150988862875
5840,486,292,72,20,74.72616676907762,131.49452966588623,30,111.0849769115448,30,4.383150988862875
5841,550,224,64,-68,93.38094023943002,131.49452966588623,30,111.0849769115448,30,4.383150988862875
5842,,,,,,131.49452966588623,30,111.0849769115448,30,4.383150988862875
5843,425,300,-125,76,146.2908062729849,131.49452966588623,30,111.0849769115448,30,4.383150988862875
5844,527,263,102,-37,108.50345616615168,131.49452966588623,30,111.0849769115448,30,4.383150988862875
5845,522,212,-5,-51,51.24451190127583,131.49452966588623,30,111.0849769115448,30,4.383150988862875
5846,410,275,-112,63,128.50291825480073,131.49452966588623,30,111.0849769115448,30,4.383150988862875
5847,490,289,80,14,81.21576201698781,131.49452966588623,30,111.0849769115448,30,4.383150988862875
5848,549,222,59,-67,89.27485648266257,131.49452966588623,30,111.0849769115448,30,4.383150988862875
5849,424,247,-125,25,127.47548783981962,131.49452966588623,30,111.0849769115448,30,4.383150988862875
5850,430,300,6,53,53.33854141237835,131.49452966588623,30,111.0849769115448,30,4.383150988862875
5851,529,260,99,-40,106.77546534667971,131.49452966588623,30,111.0849769115448,30,4.383150988862875
5852,515,212,-14,-48,50.0,131.49452966588623,30,111.0849769115448,30,4.383150988862875
5853,410,278,-105,66,124.02015965156633,131.49452966588623,30,111.0849769115448,30,4.383150988862875
5854,500,287,90,9,90.44888059008801,131.49452966588623,30,111.0849769115448,30,4.383150988862875
5855,546,221,46,-66,80.44874144447506,131.49452966588623,30,111.0849769115448,30,4.383150988862875
5856,420,249,-126,28,129.07362240210043,131.49452966588623,30,111.0849769115448,30,4.383150988862875
5857,438,301,18,52,55.02726596879042,131.49452966588623,30,111.0849769115448,30,4.383150988862875
5858,527,257,89,-44,99.28242543370907,131.49452966588623,30,111.0849769115448,30,4.383150988862875
5859,513,213,-14,-44,46.17358552246078,131.49452966588623,30,111.0849769115448,30,4.383150988862875
5860,411,282,-102,69,123.14625451064275,131.49452966588623,30,111.0849769115448,30,4.383150988862875
5861,500,284,89,2,89.02246907382428,131.49452966588623,30,111.0849769115448,30,4.383150988862875
5862,546,219,46,-65,79.63039620647382,131.49452966588623,30,111.0849769115448,30,4.383150988862875
5863,422,253,-124,34,128.57682528356344,131.49452966588623,30,111.0849769115448,30,4.383150988862875
5864,439,300,17,47,49.9799959983992,131.49452966588623,30,111.0849769115448,30,4.383150988862875
5865,531,254,92,-46,102.85912696499032,131.49452966588623,30,111.0849769115448,30,4.383150988862875
5866,510,213,-21,-41,46.06517122512408,131.49452966588623,30,111.0849769115448,30,4.383150988862875
5867,408,288,-102,75,126.60568707605516,131.49452966588623,30,111.0849769115448,30,4.383150988862875
5868,506,279,98,-9,98.41239759298622,131.49452966588623,30,111.0849769115448,30,4.383150988862875
5869,540,214,34,-65,73.35529974037323,131.49452966588623,30,111.0849769115448,30,4.383150988862875
5870,419,262,-121,48,130.17296186228538,131.49452966588623,30,111.0849769115448,30,4.383150988862875
5871,472,296,53,34,62.96824596572466,131.49452966588623,30,111.0849769115448,30,4.383150988862875
5872,545,235,73,-61,95.13148795220224,131.49452966588623,30,111.0849769115448,30,4.383150988862875
5873,488,216,-57,-19,60.08327554319921,131.49452966588623,30,111.0849769115448,30,4.383150988862875
5874,414,297,-74,81,109.71326264403953,131.49452966588623,30,111.0849769115448,30,4.383150988862875
5875,522,270,108,-27,111.32385189167684,131.49452966588623,30,111.0849769115448,30,4.383150988862875
5876,531,212,9,-58,58.69412236331676,131.49452966588623,30,111.0849769115448,30,4.383150988862875
5877,413,268,-118,56,130.61393493804556,131.49452966588623,30,111.0849769115448,30,4.383150988862875
5878,480,294,67,26,71.8679344353238,131.49452966588623,30,111.0849769115448,30,4.383150988862875
5879,550,227,70,-67,96.89685237405806,131.49452966588623,30,111.0849769115448,30,4.383150988862875
5880,482,218,-68,-9,68.59300255857006,131.49452966588623,30,111.0849769115448,30,4.383150988862875
5881,421,299,-61,81,101.40019723846694,131.49452966588623,30,111.0849769115448,30,4.383150988862875
5882,524,266,103,-33,108.15729286552988,131.49452966588623,30,111.0849769115448,30,4.383150988862875
5883,525,212,1,-54,54.00925846556311,131.49452966588623,30,111.0849769115448,30,4.383150988862875
5884,414,272,-111,60,126.17844506887855,131.49452966588623,30,111.0849769115448,30,4.383150988862875
5885,490,292,76,20,78.587530817554,131.49452966588623,30,111.0849769115448,30,4.383150988862875
5886,549,225,59,-67,89.27485648266257,131.49452966588623,30,111.0849769115448,30,4.383150988862875
5887,481,220,-68,-5,68.18357573492314,131.49452966588623,30,111.0849769115448,30,4.383150988862875
5888,428,300,-53,80,95.96353474106714,131.49452966588623,30,111.0849769115448,30,4.383150988862875
5889,522,264,94,-36,100.65783625729296,131.49452966588623,30,111.0849769115448,30,4.383150988862875
5890,524,212,2,-52,52.03844732503075,131.49452966588623,30,111.0849769115448,30,4.383150988862875
5891,413,274,-111,62,127.1416532848303,131.49452966588623,30,111.0849769115448,30,4.383150988862875
5892,490,290,77,16,78.64477096412705,131.49452966588623,30,111.0849769115448,30,4.383150988862875
5893,550,223,60,-67,89.9388681271896,131.49452966588623,30,111.0849769115448,30,4.383150988862875
5894,428,246,-122,23,124.1491039033307,131.49452966588623,30,111.0849769115448,30,4.383150988862875
5895,429,300,1,54,54.00925846556311,131.49452966588623,30,111.0849769115448,30,4.383150988862875
5896,530,257,101,-43,109.77249200050075,131.49452966588623,30,111.0849769115448,30,4.383150988862875
5897,513,213,-17,-44,47.16990566028302,131.49452966588623,30,111.0849769115448,30,4.383150988862875
5898,408,281,-105,68,125.0959631642844,131.49452966588623,30,111.0849769115448,30,4.383150988862875
5899,498,285,90,4,90.08884503644167,131.49452966588623,30,111.0849769115448,30,4.383150988862875
5900,547,219,49,-66,82.20097323024831,131.49452966588623,30,111.0849769115448,30,4.383150988862875
5901,420,252,-127,33,131.21737689803132,131.49452966588623,30,111.0849769115448,30,4.383150988862875
5902,438,300,18,48,51.264022471905186,131.49452966588623,30,111.0849769115448,30,4.383150988862875
5903,532,254,94,-46,104.65180361560904,131.49452966588623,30,111.0849769115448,30,4.383150988862875
5904,507,213,-25,-41,48.02082881417188,131.49452966588623,30,111.0849769115448,30,4.383150988862875
5905,408,284,-99,71,121.82774724995944,131.49452966588623,30,111.0849769115448,30,4.383150988862875
5906,507,283,99,-1,99.00505037623081,131.49452966588623,30,111.0849769115448,30,4.383150988862875
5907,543,218,36,-65,74.30343195303969,131.49452966588623,30,111.0849769115448,30,4.383150988862875
5908,418,255,-125,37,130.36103712382777,131.49452966588623,30,111.0849769115448,30,4.383150988862875
5909,448,300,30,45,54.08326913195984,131.49452966588623,30,111.0849769115448,30,4.383150988862875
5910,530,251,82,-49,95.524865872714,131.49452966588623,30,111.0849769115448,30,4.383150988862875
5911,504,214,-26,-37,45.221676218380054,131.49452966588623,30,111.0849769115448,30,4.383150988862875
5912,411,287,-93,73,118.2285921425101,131.49452966588623,30,111.0849769115448,30,4.383150988862875
5913,507,280,96,-7,96.25487000666512,131.49452966588623,30,111.0849769115448,30,4.383150988862875
5914,543,217,36,-63,72.56031973468694,131.49452966588623,30,111.0849769115448,30,4.383150988862875
5915,422,258,-121,41,127.75758294520134,131.49452966588623,30,111.0849769115448,30,4.383150988862875
5916,450,300,28,42,50.47771785649585,131.49452966588623,30,111.0849769115448,30,4.383150988862875
5917,533,250,83,-50,96.89685237405806,131.49452966588623,30,111.0849769115448,30,4.383150988862875
5918,503,214,-30,-36,46.861498055439924,131.49452966588623,30,111.0849769115448,30,4.383150988862875
5919,409,289,-94,75,120.2538980657176,131.49452966588623,30,111.0849769115448,30,4.383150988862875
5920,507,278,98,-11,98.6154146165801,131.49452966588623,30,111.0849769115448,30,4.383150988862875
5921,542,215,35,-63,72.069410986909,131.49452966588623,30,111.0849769115448,30,4.383150988862875
5922,420,260,-122,45,130.034610777285,131.49452966588623,30,111.0849769115448,30,4.383150988862875
5923,454,299,34,39,51.73973328110612,131.49452966588623,30,111.0849769115448,30,4.383150988862875
5924,536,247,82,-52,97.09788875150684,131.49452966588623,30,111.0849769115448,30,4.383150988862875
5925,497,215,-39,-32,50.44799302251776,131.49452966588623,30,111.0849769115448,30,4.383150988862875
5926,409,292,-88,77,116.93160394008115,131.49452966588623,30,111.0849769115448,30,4.383150988862875
5927,516,276,107,-16,108.18964830333815,131.49452966588623,30,111.0849769115448,30,4.383150988862875
5928,537,214,21,-62,65.45991139621256,131.49452966588623,30,111.0849769115448,30,4.383150988862875
5929,416,262,-121,48,130.17296186228538,131.49452966588623,30,111.0849769115448,30,4.383150988862875
5930,467,298,51,36,62.42595614005443,131.49452966588623,30,111.0849769115448,30,4.383150988862875
5931,535,244,68,-54,86.83317338436964,131.49452966588623,30,111.0849769115448,30,4.383150988862875
5932,492,216,-43,-28,51.31276644267,131.49452966588623,30,111.0849769115448,30,4.383150988862875
5933,414,295,-78,79,111.01801655587259,131.49452966588623,30,111.0849769115448,30,4.383150988862875
5934,517,273,103,-22,105.32331175955302,131.49452966588623,30,111.0849769115448,30,4.383150988862875
5935,534,213,17,-60,62.36184731067546,131.49452966588623,30,111.0849769115448,30,4.383150988862875
5936,418,265,-116,52,127.12198865656563,131.49452966588623,30,111.0849769115448,30,4.383150988862875
5937,479,296,61,31,68.42514157822401,131.49452966588623,30,111.0849769115448,30,4.383150988862875
5938,543,236,64,-60,87.72684879784524,131.49452966588623,30,111.0849769115448,30,4.383150988862875
5939,491,217,-52,-19,55.362442142665635,131.49452966588623,30,111.0849769115448,30,4.383150988862875
5940,417,298,-74,81,109.71326264403953,131.49452966588623,30,111.0849769115448,30,4.383150988862875
5941,516,270,99,-28,102.88342918079665,131.49452966588623,30,111.0849769115448,30,4.383150988862875
5942,534,213,18,-57,59.77457653551382,131.49452966588623,30,111.0849769115448,30,4.383150988862875
5943,417,268,-117,55,129.28263611173776,131.49452966588623,30,111.0849769115448,30,4.383150988862875
5944,477,295,60,27,65.79513659838392,131.49452966588623,30,111.0849769115448,30,4.383150988862875
5945,551,228,74,-67,99.82484660644363,131.49452966588623,30,111.0849769115448,30,4.383150988862875
5946,486,218,-65,-10,65.76473218982953,131.49452966588623,30,111.0849769115448,30,4.383150988862875
5947,418,298,-68,80,104.9952379872535,131.49452966588623,30,111.0849769115448,30,4.383150988862875
5948,524,268,106,-30,110.16351483136329,131.49452966588623,30,111.0849769115448,30,4.383150988862875
5949,528,212,4,-56,56.142675390472796,131.49452966588623,30,111.0849769115448,30,4.383150988862875
5950,412,271,-116,59,130.14222988715076,131.49452966588623,30,111.0849769115448,30,4.383150988862875
5951,484,293,72,22,75.28612089887484,131.49452966588623,30,111.0849769115448,30,4.383150988862875
5952,550,225,66,-68,94.76286192385707,131.49452966588623,30,111.0849769115448,30,4.383150988862875
5953,478,219,-72,-6,72.24956747275377,131.49452966588623,30,111.0849769115448,30,4.383150988862875
5954,425,300,-53,81,96.79876032264049,131.49452966588623,30,111.0849769115448,30,4.383150988862875
5955,526,264,101,-36,107.2240644631605,131.49452966588623,30,111.0849769115448,30,4.383150988862875
5956,522,212,-4,-52,52.15361924162119,131.49452966588623,30,111.0849769115448,30,4.383150988862875
5957,412,274,-110,62,126.26955294131677,131.49452966588623,30,111.0849769115448,30,4.383150988862875
5958,494,291,82,17,83.74365647617735,131.49452966588623,30,111.0849769115448,30,4.383150988862875
5959,547,223,53,-68,86.21484790916237,131.49452966588623,30,111.0849769115448,30,4.383150988862875
5960,424,245,-123,22,124.95199078045935,131.49452966588623,30,111.0849769115448,30,4.383150988862875
5961,432,300,8,55,55.57877292636101,131.49452966588623,30,111.0849769115448,30,4.383150988862875
5962,524,261,92,-39,99.92497185388645,131.49452966588623,30,111.0849769115448,30,4.383150988862875
5963,519,212,-5,-49,49.25444142409901,131.49452966588623,30,111.0849769115448,30,4.383150988862875
5964,412,278,-107,66,125.7179382586272,131.49452966588623,30,111.0849769115448,30,4.383150988862875
5965,494,288,82,10,82.60750571225353,131.49452966588623,30,111.0849769115448,30,4.383150988862875
5966,548,221,54,-67,86.05230967266364,131.49452966588623,30,111.0849769115448,30,4.383150988862875
5967,424,250,-124,29,127.3459854098275,131.49452966588623,30,111.0849769115448,30,4.383150988862875
5968,433,301,9,51,51.78802950489621,131.49452966588623,30,111.0849769115448,30,4.383150988862875
5969,529,258,96,-43,105.19030373565806,131.49452966588623,30,111.0849769115448,30,4.383150988862875
5970,515,213,-14,-45,47.12748667179272,131.49452966588623,30,111.0849769115448,30,4.383150988862875
5971,408,281,-107,68,126.77933585565118,131.49452966588623,30,111.0849769115448,30,4.383150988862875
5972,497,285,89,4,89.08984229416954,131.49452966588623,30,111.0849769115448,30,4.383150988862875
5973,547,219,50,-66,82.80096617793781,131.49452966588623,30,111.0849769115448,30,4.383150988862875
5974,420,252,-127,33,131.21737689803132,131.49452966588623,30,111.0849769115448,30,4.383150988862875
5975,438,300,18,48,51.264022471905186,131.49452966588623,30,111.0849769115448,30,4.383150988862875
5976,532,254,94,-46,104.65180361560904,131.49452966588623,30,111.0849769115448,30,4.383150988862875
5977,508,213,-24,-41,47.50789408087881,131.49452966588623,30,111.0849769115448,30,4.383150988862875
5978,408,284,-100,71,122.64175471673585,131.49452966588623,30,111.0849769115448,30,4.383150988862875
5979,507,283,99,-1,99.00505037623081,131.49452966588623,30,111.0849769115448,30,4.383150988862875
5980,543,218,36,-65,74.30343195303969,131.49452966588623,30,111.0849769115448,30,4.383150988862875
5981,418,255,-125,37,130.36103712382777,131.49452966588623,30,111.0849769115448,30,4.383150988862875
5982,448,300,30,45,54.08326913195984,131.49452966588623,30,111.0849769115448,30,4.383150988862875
5983,530,251,82,-49,95.524865872714,131.49452966588623,30,111.0849769115448,30,4.383150988862875
5984,504,214,-26,-37,45.221676218380054,131.49452966588623,30,111.0849769115448,30,4.383150988862875
5985,411,287,-93,73,118.2285921425101,131.49452966588623,30,111.0849769115448,30,4.383150988862875
5986,507,280,96,-7,96.25487000666512,131.49452966588623,30,111.0849769115448,30,4.383150988862875
5987,542,217,35,-63,72.069410986909,131.49452966588623,30,111.0849769115448,30,4.383150988862875
5988,422,258,-120,41,126.81088281373961,131.49452966588623,30,111.0849769115448,30,4.383150988862875
5989,450,300,28,42,50.47771785649585,131.49452966588623,30,111.0849769115448,30,4.383150988862875
5990,533,250,83,-50,96.89685237405806,131.49452966588623,30,111.0849769115448,30,4.383150988862875
5991,503,214,-30,-36,46.861498055439924,131.49452966588623,30,111.0849769115448,30,4.383150988862875
5992,409,290,-94,76,120.88010589009261,131.49452966588623,30,111.0849769115448,30,4.383150988862875
5993,507,278,98,-12,98.73196037757987,131.49452966588623,30,111.0849769115448,30,4.383150988862875
5994,542,215,35,-63,72.069410986909,131.49452966588623,30,111.0849769115448,30,4.383150988862875
5995,420,260,-122,45,130.034610777285,131.49452966588623,30,111.0849769115448,30,4.383150988862875
5996,454,299,34,39,51.73973328110612,131.49452966588623,30,111.0849769115448,30,4.383150988862875
5997,536,247,82,-52,97.09788875150684,131.49452966588623,30,111.0849769115448,30,4.383150988862875
5998,497,215,-39,-32,50.44799302251776,131.49452966588623,30,111.0849769115448,30,4.383150988862875
5999,409,292,-88,77,116.93160394008115,131.49452966588623,30,111.0849769115448,30,4.383150988862875
6000,516,276,107,-16,108.18964830333815,131.49452966588623,30,111.0849769115448,30,4.383150988862875
6001,537,214,21,-62,65.45991139621256,131.49452966588623,30,111.0849769115448,30,4.383150988862875
6002,417,262,-120,48,129.24395537122808,131.49452966588623,30,111.0849769115448,30,4.383150988862875
6003,466,298,49,36,60.802960454241045,131.49452966588623,30,111.0849769115448,30,4.383150988862875
6004,534,243,68,-55,87.45856161634491,131.49452966588623,30,111.0849769115448,30,4.383150988862875
6005,493,216,-41,-27,49.09175083453431,131.49452966588623,30,111.0849769115448,30,4.383150988862875
6006,414,295,-79,79,111.72287142747452,131.49452966588623,30,111.0849769115448,30,4.383150988862875
6007,517,273,103,-22,105.32331175955302,131.49452966588623,30,111.0849769115448,30,4.383150988862875
6008,534,213,17,-60,62.36184731067546,131.49452966588623,30,111.0849769115448,30,4.383150988862875
6009,417,265,-117,52,128.03515142334936,131.49452966588623,30,111.0849769115448,30,4.383150988862875
6010,479,296,62,31,69.31810730249349,131.49452966588623,30,111.0849769115448,30,4.383150988862875
6011,544,234,65,-62,89.8276126811795,131.49452966588623,30,111.0849769115448,30,4.383150988862875
6012,492,217,-52,-17,54.70831746635972,131.49452966588623,30,111.0849769115448,30,4.383150988862875
6013,417,298,-75,81,110.39021695784459,131.49452966588623,30,111.0849769115448,30,4.383150988862875
6014,516,270,99,-28,102.88342918079665,131.49452966588623,30,111.0849769115448,30,4.383150988862875
6015,534,213,18,-57,59.77457653551382,131.49452966588623,30,111.0849769115448,30,4.383150988862875
6016,416,268,-118,55,130.18832512940628,131.49452966588623,30,111.0849769115448,30,4.383150988862875
6017,478,294,62,26,67.23094525588644,131.49452966588623,30,111.0849769115448,30,4.383150988862875
6018,550,228,72,-66,97.67292357659824,131.49452966588623,30,111.0849769115448,30,4.383150988862875
6019,486,218,-64,-10,64.77653896280658,131.49452966588623,30,111.0849769115448,30,4.383150988862875
6020,417,299,-69,81,106.4048871058092,131.49452966588623,30,111.0849769115448,30,4.383150988862875
6021,523,268,106,-31,110.44002897500525,131.49452966588623,30,111.0849769115448,30,4.383150988862875
6022,528,212,5,-56,56.22277118748239,131.49452966588623,30,111.0849769115448,30,4.383150988862875
6023,412,270,-116,58,129.6919426949878,131.49452966588623,30,111.0849769115448,30,4.383150988862875
6024,483,293,71,23,74.63243262818116,131.49452966588623,30,111.0849769115448,30,4.383150988862875
6025,549,226,66,-67,94.04786015641186,131.49452966588623,30,111.0849769115448,30,4.383150988862875
6026,477,220,-72,-6,72.24956747275377,131.49452966588623,30,111.0849769115448,30,4.383150988862875
6027,423,299,-54,79,95.69221493935649,131.49452966588623,30,111.0849769115448,30,4.383150988862875
6028,525,265,102,-34,107.5174404457249,131.49452966588623,30,111.0849769115448,30,4.383150988862875
6029,522,212,-3,-53,53.08483775994799,131.49452966588623,30,111.0849769115448,30,4.383150988862875
6030,412,273,-110,61,125.78155667664477,131.49452966588623,30,111.0849769115448,30,4.383150988862875
6031,496,289,84,16,85.5102333057278,131.49452966588623,30,111.0849769115448,30,4.383150988862875
6032,546,221,50,-68,84.40379138403677,131.49452966588623,30,111.0849769115448,30,4.383150988862875
6033,421,249,-125,28,128.09761902549164,131.49452966588623,30,111.0849769115448,30,4.383150988862875
6034,436,301,15,52,54.120236510939236,131.49452966588623,30,111.0849769115448,30,4.383150988862875
6035,526,258,90,-43,99.74467404327912,131.49452966588623,30,111.0849769115448,30,4.383150988862875
6036,510,213,-16,-45,47.75981574503821,131.49452966588623,30,111.0849769115448,30,4.383150988862875
6037,410,284,-100,71,122.64175471673585,131.49452966588623,30,111.0849769115448,30,4.383150988862875
6038,507,280,97,-4,97.082439194738,131.49452966588623,30,111.0849769115448,30,4.383150988862875
6039,542,217,35,-63,72.069410986909,131.49452966588623,30,111.0849769115448,30,4.383150988862875
6040,421,258,-121,41,127.75758294520134,131.49452966588623,30,111.0849769115448,30,4.383150988862875
6041,450,300,29,42,51.03920062069938,131.49452966588623,30,111.0849769115448,30,4.383150988862875
6042,534,249,84,-51,98.2700361249552,131.49452966588623,30,111.0849769115448,30,4.383150988862875
6043,502,214,-32,-35,47.4236228055175,131.49452966588623,30,111.0849769115448,30,4.383150988862875
6044,409,290,-93,76,120.10412149464314,131.49452966588623,30,111.0849769115448,30,4.383150988862875
6045,508,277,99,-13,99.84988733093293,131.49452966588623,30,111.0849769115448,30,4.383150988862875
6046,541,215,33,-62,70.2353187506115,131.49452966588623,30,111.0849769115448,30,4.383150988862875
6047,419,261,-122,46,130.38404810405297,131.49452966588623,30,111.0849769115448,30,4.383150988862875
6048,456,298,37,37,52.32590180780452,131.49452966588623,30,111.0849769115448,30,4.383150988862875
6049,537,245,81,-53,96.79876032264049,131.49452966588623,30,111.0849769115448,30,4.383150988862875
6050,494,215,-43,-30,52.43090691567332,131.49452966588623,30,111.0849769115448,30,4.383150988862875
6051,412,296,-82,81,115.26057435220423,131.49452966588623,30,111.0849769115448,30,4.383150988862875
6052,520,271,108,-25,110.85576214162258,131.49452966588623,30,111.0849769115448,30,4.383150988862875
6053,532,213,12,-58,59.22837157984339,131.49452966588623,30,111.0849769115448,30,4.383150988862875
6054,414,267,-118,54,129.76902558006668,131.49452966588623,30,111.0849769115448,30,4.383150988862875
6055,478,295,64,28,69.85699678629192,131.49452966588623,30,111.0849769115448,30,4.383150988862875
6056,547,229,69,-66,95.4829827770373,131.49452966588623,30,111.0849769115448,30,4.383150988862875
6057,484,219,-63,-10,63.788713735268246,131.49452966588623,30,111.0849769115448,30,4.383150988862875
6058,420,299,-64,80,102.44998779892558,131.49452966588623,30,111.0849769115448,30,4.383150988862875
6059,522,268,102,-31,106.60675400742676,131.49452966588623,30,111.0849769115448,30,4.383150988862875
6060,526,212,4,-56,56.142675390472796,131.49452966588623,30,111.0849769115448,30,4.383150988862875
6061,414,271,-112,59,126.58988901172162,131.49452966588623,30,111.0849769115448,30,4.383150988862875
6062,489,293,75,22,78.16009211867653,131.49452966588623,30,111.0849769115448,30,4.383150988862875
6063,548,225,59,-68,90.02777349240623,131.49452966588623,30,111.0849769115448,30,4.383150988862875
6064,482,220,-66,-5,66.18912297349165,131.49452966588623,30,111.0849769115448,30,4.383150988862875
6065,426,300,-56,80,97.65244492586962,131.49452966588623,30,111.0849769115448,30,4.383150988862875
6066,522,265,96,-35,102.18121158021175,131.49452966588623,30,111.0849769115448,30,4.383150988862875
6067,525,212,3,-53,53.08483775994799,131.49452966588623,30,111.0849769115448,30,4.383150988862875
6068,413,273,-112,61,127.534309109353,131.49452966588623,30,111.0849769115448,30,4.383150988862875
6069,488,291,75,18,77.12976079309465,131.49452966588623,30,111.0849769115448,30,4.383150988862875
6070,550,224,62,-67,91.28526715741155,131.49452966588623,30,111.0849769115448,30,4.383150988862875
6071,,,,,,131.49452966588623,30,111.0849769115448,30,4.383150988862875
6072,426,300,-124,76,145.43727170158274,131.49452966588623,30,111.0849769115448,30,4.383150988862875
6073,527,262,101,-38,107.91200118615167,131.49452966588623,30,111.0849769115448,30,4.383150988862875
6074,520,212,-7,-50,50.48762224545735,131.49452966588623,30,111.0849769115448,30,4.383150988862875
6075,409,276,-111,64,128.1288414058287,131.49452966588623,30,111.0849769115448,30,4.383150988862875
6076,491,289,82,13,83.02409288875127,131.49452966588623,30,111.0849769115448,30,4.383150988862875
6077,548,222,57,-67,87.96590248499699,131.49452966588623,30,111.0849769115448,30,4.383150988862875
6078,423,248,-125,26,127.67536959022284,131.49452966588623,30,111.0849769115448,30,4.383150988862875
6079,431,300,8,52,52.61178575186362,131.49452966588623,30,111.0849769115448,30,4.383150988862875
6080,530,259,99,-41,107.15409464878138,131.49452966588623,30,111.0849769115448,30,4.383150988862875
6081,514,213,-16,-46,48.703182647543684,131.49452966588623,30,111.0849769115448,30,4.383150988862875
6082,409,279,-105,66,124.02015965156633,131.49452966588623,30,111.0849769115448,30,4.383150988862875
6083,501,287,92,8,92.34717104492157,131.49452966588623,30,111.0849769115448,30,4.383150988862875
6084,545,221,44,-66,79.32212806020776,131.49452966588623,30,111.0849769115448,30,4.383150988862875
6085,419,250,-126,29,129.29423807734048,131.49452966588623,30,111.0849769115448,30,4.383150988862875
6086,439,301,20,51,54.78138369920935,131.49452966588623,30,111.0849769115448,30,4.383150988862875
6087,527,256,88,-45,98.8382517044894,131.49452966588623,30,111.0849769115448,30,4.383150988862875
6088,511,213,-16,-43,45.880278987817846,131.49452966588623,30,111.0849769115448,30,4.383150988862875
6089,410,283,-101,70,122.88612614937456,131.49452966588623,30,111.0849769115448,30,4.383150988862875
6090,501,284,91,1,91.00549433962765,131.49452966588623,30,111.0849769115448,30,4.383150988862875
6091,545,219,44,-65,78.49203781276162,131.49452966588623,30,111.0849769115448,30,4.383150988862875
6092,421,254,-124,35,128.84486796143648,131.49452966588623,30,111.0849769115448,30,4.383150988862875
6093,439,301,18,47,50.32891812864648,131.49452966588623,30,111.0849769115448,30,4.383150988862875
6094,532,253,93,-48,104.65658125507444,131.49452966588623,30,111.0849769115448,30,4.383150988862875
6095,508,214,-24,-39,45.79301256742124,131.49452966588623,30,111.0849769115448,30,4.383150988862875
6096,407,285,-101,71,123.45849504995596,131.49452966588623,30,111.0849769115448,30,4.383150988862875
6097,503,281,96,-4,96.08329719571451,131.49452966588623,30,111.0849769115448,30,4.383150988862875
6098,544,217,41,-64,76.00657866263946,131.49452966588623,30,111.0849769115448,30,4.383150988862875
6099,419,257,-125,40,131.24404748406687,131.49452966588623,30,111.0849769115448,30,4.383150988862875
6100,446,299,27,42,49.92995093127971,131.49452966588623,30,111.0849769115448,30,4.383150988862875
6101,534,250,88,-49,100.72239075796404,131.49452966588623,30,111.0849769115448,30,4.383150988862875
6102,501,214,-33,-36,48.83646178829912,131.49452966588623,30,111.0849769115448,30,4.383150988862875
6103,407,289,-94,75,120.2538980657176,131.49452966588623,30,111.0849769115448,30,4.383150988862875
6104,512,279,105,-10,105.47511554864494,131.49452966588623,30,111.0849769115448,30,4.383150988862875
6105,539,216,27,-63,68.54195795277518,131.49452966588623,30,111.0849769115448,30,4.383150988862875
6106,417,259,-122,43,129.3560976529518,131.49452966588623,30,111.0849769115448,30,4.383150988862875
6107,458,299,41,40,57.28001396647874,131.49452966588623,30,111.0849769115448,30,4.383150988862875
6108,533,247,75,-52,91.2633551870629,131.49452966588623,30,111.0849769115448,30,4.383150988862875
6109,497,215,-36,-32,48.16637831516918,131.49452966588623,30,111.0849769115448,30,4.383150988862875
6110,412,292,-85,77,114.69088891450794,131.49452966588623,30,111.0849769115448,30,4.383150988862875
6111,513,276,101,-16,102.25947388873072,131.49452966588623,30,111.0849769115448,30,4.383150988862875
6112,538,215,25,-61,65.92419889539804,131.49452966588623,30,111.0849769115448,30,4.383150988862875
6113,419,262,-119,47,127.94530081249565,131.49452966588623,30,111.0849769115448,30,4.383150988862875
6114,470,298,51,36,62.42595614005443,131.49452966588623,30,111.0849769115448,30,4.383150988862875
6115,535,246,65,-52,83.24061508662703,131.49452966588623,30,111.0849769115448,30,4.383150988862875
6116,495,216,-40,-30,50.0,131.49452966588623,30,111.0849769115448,30,4.383150988862875
6117,413,296,-82,80,114.56002793295748,131.49452966588623,30,111.0849769115448,30,4.383150988862875
6118,513,273,100,-23,102.61091559868278,131.49452966588623,30,111.0849769115448,30,4.383150988862875
6119,537,214,24,-59,63.694583757176716,131.49452966588623,30,111.0849769115448,30,4.383150988862875
6120,417,265,-120,51,130.3878828726044,131.49452966588623,30,111.0849769115448,30,4.383150988862875
6121,471,296,54,31,62.26556030423239,131.49452966588623,30,111.0849769115448,30,4.383150988862875
6122,541,239,70,-57,90.27181176868004,131.49452966588623,30,111.0849769115448,30,4.383150988862875
6123,489,217,-52,-22,56.462376853972415,131.49452966588623,30,111.0849769115448,30,4.383150988862875
6124,413,297,-76,80,110.34491379306978,131.49452966588623,30,111.0849769115448,30,4.383150988862875
6125,521,271,108,-26,111.08555261599052,131.49452966588623,30,111.0849769115448,30,4.383150988862875
6126,531,213,10,-58,58.855755878248644,131.49452966588623,30,111.0849769115448,30,4.383150988862875
6127,413,268,-118,55,130.18832512940628,131.49452966588623,30,111.0849769115448,30,4.383150988862875
6128,479,295,66,27,71.30918594402827,131.49452966588623,30,111.0849769115448,30,4.383150988862875
6129,548,229,69,-66,95.4829827770373,131.49452966588623,30,111.0849769115448,30,4.383150988862875
6130,483,219,-65,-10,65.76473218982953,131.49452966588623,30,111.0849769115448,30,4.383150988862875
6131,420,299,-63,80,101.82828683622247,131.49452966588623,30,111.0849769115448,30,4.383150988862875
6132,523,268,103,-31,107.56393447619885,131.49452966588623,30,111.0849769115448,30,4.383150988862875
6133,526,213,3,-55,55.08175741568164,131.49452966588623,30,111.0849769115448,30,4.383150988862875
6134,414,270,-112,57,125.67020331009256,131.49452966588623,30,111.0849769115448,30,4.383150988862875
6135,489,293,75,23,78.44743462982075,131.49452966588623,30,111.0849769115448,30,4.383150988862875
6136,549,226,60,-67,89.9388681271896,131.49452966588623,30,111.0849769115448,30,4.383150988862875
6137,483,220,-66,-6,66.27216610312357,131.49452966588623,30,111.0849769115448,30,4.383150988862875
6138,426,300,-57,80,98.22932352408826,131.49452966588623,30,111.0849769115448,30,4.383150988862875
6139,521,265,95,-35,101.24228365658294,131.49452966588623,30,111.0849769115448,30,4.383150988862875
6140,525,212,4,-53,53.150729063673246,131.49452966588623,30,111.0849769115448,30,4.383150988862875
6141,413,274,-112,62,128.01562404644207,131.49452966588623,30,111.0849769115448,30,4.383150988862875
6142,488,291,75,17,76.90253571892151,131.49452966588623,30,111.0849769115448,30,4.383150988862875
6143,549,224,61,-67,90.60905032059435,131.49452966588623,30,111.0849769115448,30,4.383150988862875
6144,,,,,,131.49452966588623,30,111.0849769115448,30,4.383150988862875
6145,426,300,-123,76,144.5856147754679,131.49452966588623,30,111.0849769115448,30,4.383150988862875
6146,528,262,102,-38,108.84851859350222,131.49452966588623,30,111.0849769115448,30,4.383150988862875
6147,520,212,-8,-50,50.635955604688654,131.49452966588623,30,111.0849769115448,30,4.383150988862875
6148,409,277,-111,65,128.63125592172378,131.49452966588623,30,111.0849769115448,30,4.383150988862875
6149,492,289,83,12,83.86298349093002,131.49452966588623,30,111.0849769115448,30,4.383150988862875
6150,548,222,56,-67,87.32124598286491,131.49452966588623,30,111.0849769115448,30,4.383150988862875
6151,423,249,-125,27,127.88275880665071,131.49452966588623,30,111.0849769115448,30,4.383150988862875
6152,431,300,8,51,51.62363799656123,131.49452966588623,30,111.0849769115448,30,4.383150988862875
6153,530,259,99,-41,107.15409464878138,131.49452966588623,30,111.0849769115448,30,4.383150988862875
6154,512,213,-18,-46,49.39635614091387,131.49452966588623,30,111.0849769115448,30,4.383150988862875
6155,409,280,-103,67,122.87391912037315,131.49452966588623,30,111.0849769115448,30,4.383150988862875
6156,502,286,93,6,93.1933474020544,131.49452966588623,30,111.0849769115448,30,4.383150988862875
6157,544,220,42,-66,78.23042886243178,131.49452966588623,30,111.0849769115448,30,4.383150988862875
6158,419,251,-125,31,128.7866452703851,131.49452966588623,30,111.0849769115448,30,4.383150988862875
6159,440,300,21,49,53.31041174104736,131.49452966588623,30,111.0849769115448,30,4.383150988862875
6160,528,255,88,-45,98.8382517044894,131.49452966588623,30,111.0849769115448,30,4.383150988862875
6161,511,213,-17,-42,45.31004303683677,131.49452966588623,30,111.0849769115448,30,4.383150988862875
6162,410,283,-101,70,122.88612614937456,131.49452966588623,30,111.0849769115448,30,4.383150988862875
6163,502,284,92,1,92.00543462209176,131.49452966588623,30,111.0849769115448,30,4.383150988862875
6164,545,219,43,-65,77.93587107359485,131.49452966588623,30,111.0849769115448,30,4.383150988862875
6165,420,254,-125,35,129.80754985747168,131.49452966588623,30,111.0849769115448,30,4.383150988862875
6166,440,300,20,46,50.15974481593781,131.49452966588623,30,111.0849769115448,30,4.383150988862875
6167,532,253,92,-47,103.31021246711285,131.49452966588623,30,111.0849769115448,30,4.383150988862875
6168,508,214,-24,-39,45.79301256742124,131.49452966588623,30,111.0849769115448,30,4.383150988862875
6169,407,286,-101,72,124.03628501370073,131.49452966588623,30,111.0849769115448,30,4.383150988862875
6170,503,281,96,-5,96.13012014972206,131.49452966588623,30,111.0849769115448,30,4.383150988862875
6171,544,217,41,-64,76.00657866263946,131.49452966588623,30,111.0849769115448,30,4.383150988862875
6172,419,257,-125,40,131.24404748406687,131.49452966588623,30,111.0849769115448,30,4.383150988862875
6173,445,300,26,43,50.24937810560445,131.49452966588623,30,111.0849769115448,30,4.383150988862875
6174,534,250,89,-50,102.08329931972223,131.49452966588623,30,111.0849769115448,30,4.383150988862875
6175,501,214,-33,-36,48.83646178829912,131.49452966588623,30,111.0849769115448,30,4.383150988862875
6176,407,289,-94,75,120.2538980657176,131.49452966588623,30,111.0849769115448,30,4.383150988862875
6177,512,279,105,-10,105.47511554864494,131.49452966588623,30,111.0849769115448,30,4.383150988862875
6178,539,216,27,-63,68.54195795277518,131.49452966588623,30,111.0849769115448,30,4.383150988862875
6179,417,260,-122,44,129.6919426949878,131.49452966588623,30,111.0849769115448,30,4.383150988862875
6180,456,299,39,39,55.154328932550705,131.49452966588623,30,111.0849769115448,30,4.383150988862875
6181,533,247,77,-52,92.91393867445294,131.49452966588623,30,111.0849769115448,30,4.383150988862875
6182,498,215,-35,-32,47.4236228055175,131.49452966588623,30,111.0849769115448,30,4.383150988862875
6183,411,292,-87,77,116.18089343777659,131.49452966588623,30,111.0849769115448,30,4.383150988862875
6184,513,276,102,-16,103.24727599312246,131.49452966588623,30,111.0849769115448,30,4.383150988862875
6185,537,215,24,-61,65.55150646628954,131.49452966588623,30,111.0849769115448,30,4.383150988862875
6186,419,262,-118,47,127.01574705523721,131.49452966588623,30,111.0849769115448,30,4.383150988862875
6187,471,298,52,36,63.245553203367585,131.49452966588623,30,111.0849769115448,30,4.383150988862875
6188,535,245,64,-53,83.09632964216891,131.49452966588623,30,111.0849769115448,30,4.383150988862875
6189,496,216,-39,-29,48.60041152089147,131.49452966588623,30,111.0849769115448,30,4.383150988862875
6190,412,295,-84,79,115.31261856362468,131.49452966588623,30,111.0849769115448,30,4.383150988862875
6191,513,273,101,-22,103.36827366266692,131.49452966588623,30,111.0849769115448,30,4.383150988862875
6192,537,214,24,-59,63.694583757176716,131.49452966588623,30,111.0849769115448,30,4.383150988862875
6193,417,265,-120,51,130.3878828726044,131.49452966588623,30,111.0849769115448,30,4.383150988862875
6194,469,296,52,31,60.53924347066124,131.49452966588623,30,111.0849769115448,30,4.383150988862875
6195,539,241,70,-55,89.02246907382428,131.49452966588623,30,111.0849769115448,30,4.383150988862875
6196,490,217,-49,-24,54.56189146281496,131.49452966588623,30,111.0849769115448,30,4.383150988862875
6197,412,297,-78,80,111.73182178770737,131.49452966588623,30,111.0849769115448,30,4.383150988862875
6198,521,271,109,-26,112.05802068571441,131.49452966588623,30,111.0849769115448,30,4.383150988862875
6199,531,213,10,-58,58.855755878248644,131.49452966588623,30,111.0849769115448,30,4.383150988862875
6200,413,267,-118,54,129.76902558006668,131.49452966588623,30,111.0849769115448,30,4.383150988862875
6201,477,295,64,28,69.85699678629192,131.49452966588623,30,111.0849769115448,30,4.383150988862875
6202,547,230,70,-65,95.524865872714,131.49452966588623,30,111.0849769115448,30,4.383150988862875
6203,485,219,-62,-11,62.96824596572466,131.49452966588623,30,111.0849769115448,30,4.383150988862875
6204,419,298,-66,79,102.9417310909429,131.49452966588623,30,111.0849769115448,30,4.383150988862875
6205,522,268,103,-30,107.28000745712129,131.49452966588623,30,111.0849769115448,30,4.383150988862875
6206,527,213,5,-55,55.226805085936306,131.49452966588623,30,111.0849769115448,30,4.383150988862875
6207,414,270,-113,57,126.56223765404908,131.49452966588623,30,111.0849769115448,30,4.383150988862875
6208,488,294,74,24,77.79460135510689,131.49452966588623,30,111.0849769115448,30,4.383150988862875
6209,548,226,60,-68,90.68627239003708,131.49452966588623,30,111.0849769115448,30,4.383150988862875
6210,484,219,-64,-7,64.38167441127949,131.49452966588623,30,111.0849769115448,30,4.383150988862875
6211,424,299,-60,80,100.0,131.49452966588623,30,111.0849769115448,30,4.383150988862875
6212,521,266,97,-33,102.45974819410792,131.49452966588623,30,111.0849769115448,30,4.383150988862875
6213,526,213,5,-53,53.23532661682466,131.49452966588623,30,111.0849769115448,30,4.383150988862875
6214,413,273,-113,60,127.94139283281233,131.49452966588623,30,111.0849769115448,30,4.383150988862875
6215,486,292,73,19,75.43208866258443,131.49452966588623,30,111.0849769115448,30,4.383150988862875
6216,550,224,64,-68,93.38094023943002,131.49452966588623,30,111.0849769115448,30,4.383150988862875
6217,,,,,,131.49452966588623,30,111.0849769115448,30,4.383150988862875
6218,425,300,-125,76,146.2908062729849,131.49452966588623,30,111.0849769115448,30,4.383150988862875
6219,527,263,102,-37,108.50345616615168,131.49452966588623,30,111.0849769115448,30,4.383150988862875
6220,521,212,-6,-51,51.35172830587107,131.49452966588623,30,111.0849769115448,30,4.383150988862875
6221,409,275,-112,63,128.50291825480073,131.49452966588623,30,111.0849769115448,30,4.383150988862875
6222,490,289,81,14,82.20097323024831,131.49452966588623,30,111.0849769115448,30,4.383150988862875
6223,548,223,58,-66,87.86353054595519,131.49452966588623,30,111.0849769115448,30,4.383150988862875
6224,424,247,-124,24,126.30122723077555,131.49452966588623,30,111.0849769115448,30,4.383150988862875
6225,430,300,6,53,53.33854141237835,131.49452966588623,30,111.0849769115448,30,4.383150988862875
6226,529,261,99,-39,106.4048871058092,131.49452966588623,30,111.0849769115448,30,4.383150988862875
6227,515,213,-14,-48,50.0,131.49452966588623,30,111.0849769115448,30,4.383150988862875
6228,409,278,-106,65,124.34226956268733,131.49452966588623,30,111.0849769115448,30,4.383150988862875
6229,500,287,91,9,91.44397191723465,131.49452966588623,30,111.0849769115448,30,4.383150988862875
6230,545,221,45,-66,79.88116173416608,131.49452966588623,30,111.0849769115448,30,4.383150988862875
6231,419,250,-126,29,129.29423807734048,131.49452966588623,30,111.0849769115448,30,4.383150988862875
6232,438,301,19,51,54.42425929675111,131.49452966588623,30,111.0849769115448,30,4.383150988862875
6233,527,257,89,-44,99.28242543370907,131.49452966588623,30,111.0849769115448,30,4.383150988862875
6234,513,213,-14,-44,46.17358552246078,131.49452966588623,30,111.0849769115448,30,4.383150988862875
6235,410,282,-103,69,123.97580409095961,131.49452966588623,30,111.0849769115448,30,4.383150988862875
6236,500,285,90,3,90.0499861188218,131.49452966588623,30,111.0849769115448,30,4.383150988862875
6237,546,220,46,-65,79.63039620647382,131.49452966588623,30,111.0849769115448,30,4.383150988862875
6238,421,253,-125,33,129.28263611173776,131.49452966588623,30,111.0849769115448,30,4.383150988862875
6239,438,300,17,47,49.9799959983992,131.49452966588623,30,111.0849769115448,30,4.383150988862875
6240,531,254,93,-46,103.75451797391764,131.49452966588623,30,111.0849769115448,30,4.383150988862875
6241,510,214,-21,-40,45.17742799230607,131.49452966588623,30,111.0849769115448,30,4.383150988862875
6242,407,284,-103,70,124.53513560437472,131.49452966588623,30,111.0849769115448,30,4.383150988862875
6243,501,282,94,-2,94.02127418834527,131.49452966588623,30,111.0849769115448,30,4.383150988862875
6244,545,218,44,-64,77.6659513557904,131.49452966588623,30,111.0849769115448,30,4.383150988862875
6245,419,256,-126,38,131.60547101089682,131.49452966588623,30,111.0849769115448,30,4.383150988862875
6246,443,300,24,44,50.11985634456667,131.49452966588623,30,111.0849769115448,30,4.383150988862875
6247,534,251,91,-49,103.3537614216338,131.49452966588623,30,111.0849769115448,30,4.383150988862875
6248,503,214,-31,-37,48.27007354458868,131.49452966588623,30,111.0849769115448,30,4.383150988862875
6249,407,287,-96,73,120.60265337047937,131.49452966588623,30,111.0849769115448,30,4.383150988862875
6250,511,280,104,-7,104.23531071570709,131.49452966588623,30,111.0849769115448,30,4.383150988862875
6251,540,217,29,-63,69.35416353759881,131.49452966588623,30,111.0849769115448,30,4.383150988862875
6252,417,258,-123,41,129.65338406690356,131.49452966588623,30,111.0849769115448,30,4.383150988862875
6253,455,299,38,41,55.90169943749474,131.49452966588623,30,111.0849769115448,30,4.383150988862875
6254,532,248,77,-51,92.35799911215054,131.49452966588623,30,111.0849769115448,30,4.383150988862875
6255,499,215,-33,-33,46.66904755831214,131.49452966588623,30,111.0849769115448,30,4.383150988862875
6256,411,291,-88,76,116.27553482998907,131.49452966588623,30,111.0849769115448,30,4.383150988862875
6257,512,277,101,-14,101.96568050084302,131.49452966588623,30,111.0849769115448,30,4.383150988862875
6258,539,215,27,-62,67.62396025078685,131.49452966588623,30,111.0849769115448,30,4.383150988862875
6259,419,261,-120,46,128.51459061133875,131.49452966588623,30,111.0849769115448,30,4.383150988862875
6260,465,299,46,38,59.665735560705194,131.49452966588623,30,111.0849769115448,30,4.383150988862875
6261,534,247,69,-52,86.40023148117139,131.49452966588623,30,111.0849769115448,30,4.383150988862875
6262,498,215,-36,-32,48.16637831516918,131.49452966588623,30,111.0849769115448,30,4.383150988862875
6263,410,293,-88,78,117.5925167687128,131.49452966588623,30,111.0849769115448,30,4.383150988862875
6264,511,275,101,-18,102.59142264341595,131.49452966588623,30,111.0849769115448,30,4.383150988862875
6265,538,214,27,-61,66.70832032063167,131.49452966588623,30,111.0849769115448,30,4.383150988862875
6266,418,264,-120,50,130.0,131.49452966588623,30,111.0849769115448,30,4.383150988862875
6267,464,297,46,33,56.61271941887264,131.49452966588623,30,111.0849769115448,30,4.383150988862875
6268,538,244,74,-53,91.02197536858887,131.49452966588623,30,111.0849769115448,30,4.383150988862875
6269,492,216,-46,-28,53.85164807134504,131.49452966588623,30,111.0849769115448,30,4.383150988862875
6270,410,295,-82,79,113.86395390991831,131.49452966588623,30,111.0849769115448,30,4.383150988862875
6271,520,272,110,-23,112.37882362794157,131.49452966588623,30,111.0849769115448,30,4.383150988862875
6272,533,214,13,-58,59.43904440685432,131.49452966588623,30,111.0849769115448,30,4.383150988862875
6273,414,265,-119,51,129.46814279968643,131.49452966588623,30,111.0849769115448,30,4.383150988862875
6274,475,296,61,31,68.42514157822401,131.49452966588623,30,111.0849769115448,30,4.383150988862875
6275,545,233,70,-63,94.17536832951598,131.49452966588623,30,111.0849769115448,30,4.383150988862875
6276,487,218,-58,-15,59.90826320300064,131.49452966588623,30,111.0849769115448,30,4.383150988862875
6277,418,298,-69,80,105.64563407921787,131.49452966588623,30,111.0849769115448,30,4.383150988862875
6278,521,269,103,-29,107.00467279516349,131.49452966588623,30,111.0849769115448,30,4.383150988862875
6279,529,213,8,-56,56.568542494923804,131.49452966588623,30,111.0849769115448,30,4.383150988862875
6280,415,269,-114,56,127.01181047445942,131.49452966588623,30,111.0849769115448,30,4.383150988862875
6281,486,294,71,25,75.27283706623525,131.49452966588623,30,111.0849769115448,30,4.383150988862875
6282,550,227,64,-67,92.65527507918802,131.49452966588623,30,111.0849769115448,30,4.383150988862875
6283,485,219,-65,-8,65.49045732013177,131.49452966588623,30,111.0849769115448,30,4.383150988862875
6284,423,299,-62,80,101.21264743103995,131.49452966588623,30,111.0849769115448,30,4.383150988862875
6285,520,266,97,-33,102.45974819410792,131.49452966588623,30,111.0849769115448,30,4.383150988862875
6286,528,213,8,-53,53.600373133029585,131.49452966588623,30,111.0849769115448,30,4.383150988862875
6287,414,272,-114,59,128.3627671873741,131.49452966588623,30,111.0849769115448,30,4.383150988862875
6288,485,292,71,20,73.76313442364011,131.49452966588623,30,111.0849769115448,30,4.383150988862875
6289,551,225,66,-67,94.04786015641186,131.49452966588623,30,111.0849769115448,30,4.383150988862875
6290,,,,,,131.49452966588623,30,111.0849769115448,30,4.383150988862875
6291,422,299,-129,74,148.71785366928881,131.49452966588623,30,111.0849769115448,30,4.383150988862875
6292,529,261,107,-38,113.54734695271397,131.49452966588623,30,111.0849769115448,30,4.383150988862875
6293,518,213,-11,-48,49.24428900898052,131.49452966588623,30,111.0849769115448,30,4.383150988862875
6294,407,282,-111,69,130.6981254647518,131.49452966588623,30,111.0849769115448,30,4.383150988862875
6295,499,284,92,2,92.02173656261873,131.49452966588623,30,111.0849769115448,30,4.383150988862875
6296,546,219,47,-65,80.2122185206219,131.49452966588623,30,111.0849769115448,30,4.383150988862875
6297,420,253,-126,34,130.50670480860362,131.49452966588623,30,111.0849769115448,30,4.383150988862875
6298,438,300,18,47,50.32891812864648,131.49452966588623,30,111.0849769115448,30,4.383150988862875
6299,532,253,94,-47,105.09519494249011,131.49452966588623,30,111.0849769115448,30,4.383150988862875
6300,506,214,-26,-39,46.87216658103186,131.49452966588623,30,111.0849769115448,30,4.383150988862875
6301,407,285,-99,71,121.82774724995944,131.49452966588623,30,111.0849769115448,30,4.383150988862875
6302,508,282,101,-3,101.04454463255303,131.49452966588623,30,111.0849769115448,30,4.383150988862875
6303,542,218,34,-64,72.47068372797375,131.49452966588623,30,111.0849769115448,30,4.383150988862875
6304,417,256,-125,38,130.64838307457157,131.49452966588623,30,111.0849769115448,30,4.383150988862875
6305,449,300,32,44,54.405882034941776,131.49452966588623,30,111.0849769115448,30,4.383150988862875
6306,530,251,81,-49,94.66784036831093,131.49452966588623,30,111.0849769115448,30,4.383150988862875
6307,504,214,-26,-37,45.221676218380054,131.49452966588623,30,111.0849769115448,30,4.383150988862875
6308,410,288,-94,74,119.63277142990545,131.49452966588623,30,111.0849769115448,30,4.383150988862875
6309,508,280,98,-8,98.32598842625484,131.49452966588623,30,111.0849769115448,30,4.383150988862875
6310,542,217,34,-63,71.58910531638176,131.49452966588623,30,111.0849769115448,30,4.383150988862875
6311,421,258,-121,41,127.75758294520134,131.49452966588623,30,111.0849769115448,30,4.383150988862875
6312,449,300,28,42,50.47771785649585,131.49452966588623,30,111.0849769115448,30,4.383150988862875
6313,534,249,85,-51,99.12618221237011,131.49452966588623,30,111.0849769115448,30,4.383150988862875
6314,502,215,-32,-34,46.69047011971501,131.49452966588623,30,111.0849769115448,30,4.383150988862875
6315,408,290,-94,75,120.2538980657176,131.49452966588623,30,111.0849769115448,30,4.383150988862875
6316,508,277,100,-13,100.84145972763385,131.49452966588623,30,111.0849769115448,30,4.383150988862875
6317,541,215,33,-62,70.2353187506115,131.49452966588623,30,111.0849769115448,30,4.383150988862875
6318,419,261,-122,46,130.38404810405297,131.49452966588623,30,111.0849769115448,30,4.383150988862875
6319,468,297,49,36,60.802960454241045,131.49452966588623,30,111.0849769115448,30,4.383150988862875
6320,538,243,70,-54,88.40814442120137,131.49452966588623,30,111.0849769115448,30,4.383150988862875
6321,485,218,-53,-25,58.60034129593445,131.49452966588623,30,111.0849769115448,30,4.383150988862875
6322,417,298,-68,80,104.9952379872535,131.49452966588623,30,111.0849769115448,30,4.383150988862875
6323,524,268,107,-30,111.12605455067681,131.49452966588623,30,111.0849769115448,30,4.383150988862875
6324,528,213,4,-55,55.14526271584895,131.49452966588623,30,111.0849769115448,30,4.383150988862875
6325,412,270,-116,57,129.24782396620841,131.49452966588623,30,111.0849769115448,30,4.383150988862875
6326,484,293,72,23,75.58438992278762,131.49452966588623,30,111.0849769115448,30,4.383150988862875
6327,550,226,66,-67,94.04786015641186,131.49452966588623,30,111.0849769115448,30,4.383150988862875
6328,,,,,,131.49452966588623,30,111.0849769115448,30,4.383150988862875
6329,423,299,-127,73,146.48549416239138,131.49452966588623,30,111.0849769115448,30,4.383150988862875
6330,525,265,102,-34,107.5174404457249,131.49452966588623,30,111.0849769115448,30,4.383150988862875
6331,522,212,-3,-53,53.08483775994799,131.49452966588623,30,111.0849769115448,30,4.383150988862875
6332,412,273,-110,61,125.78155667664477,131.49452966588623,30,111.0849769115448,30,4.383150988862875
6333,493,291,81,18,82.97590011563598,131.49452966588623,30,111.0849769115448,30,4.383150988862875
6334,547,224,54,-67,86.05230967266364,131.49452966588623,30,111.0849769115448,30,4.383150988862875
6335,,,,,,131.49452966588623,30,111.0849769115448,30,4.383150988862875
6336,430,300,-117,76,139.51702405083043,131.49452966588623,30,111.0849769115448,30,4.383150988862875
6337,524,262,94,-38,101.39033484509261,131.49452966588623,30,111.0849769115448,30,4.383150988862875
6338,521,213,-3,-49,49.09175083453431,131.49452966588623,30,111.0849769115448,30,4.383150988862875
6339,412,276,-109,63,125.89678312014172,131.49452966588623,30,111.0849769115448,30,4.383150988862875
6340,492,289,80,13,81.04936767180853,131.49452966588623,30,111.0849769115448,30,4.383150988862875
6341,548,222,56,-67,87.32124598286491,131.49452966588623,30,111.0849769115448,30,4.383150988862875
6342,425,249,-123,27,125.92855117089213,131.49452966588623,30,111.0849769115448,30,4.383150988862875
6343,430,300,5,51,51.24451190127583,131.49452966588623,30,111.0849769115448,30,4.383150988862875
6344,529,260,99,-40,106.77546534667971,131.49452966588623,30,111.0849769115448,30,4.383150988862875
6345,517,213,-12,-47,48.507731342539614,131.49452966588623,30,111.0849769115448,30,4.383150988862875
6346,408,279,-109,66,127.4244874425634,131.49452966588623,30,111.0849769115448,30,4.383150988862875
6347,495,286,87,7,87.28115489611719,131.49452966588623,30,111.0849769115448,30,4.383150988862875
6348,547,220,52,-66,84.02380615040002,131.49452966588623,30,111.0849769115448,30,4.383150988862875
6349,421,250,-126,30,129.52219886953742,131.49452966588623,30,111.0849769115448,30,4.383150988862875
6350,435,300,14,50,51.92301994298868,131.49452966588623,30,111.0849769115448,30,4.383150988862875
6351,531,257,96,-43,105.19030373565806,131.49452966588623,30,111.0849769115448,30,4.383150988862875
6352,510,213,-21,-44,48.75448697299562,131.49452966588623,30,111.0849769115448,30,4.383150988862875
6353,408,282,-102,69,123.14625451064275,131.49452966588623,30,111.0849769115448,30,4.383150988862875
6354,505,284,97,2,97.02061636580135,131.49452966588623,30,111.0849769115448,30,4.383150988862875
6355,543,219,38,-65,75.29276193632427,131.49452966588623,30,111.0849769115448,30,4.383150988862875
6356,418,252,-125,33,129.28263611173776,131.49452966588623,30,111.0849769115448,30,4.383150988862875
6357,444,300,26,48,54.589376255824725,131.49452966588623,30,111.0849769115448,30,4.383150988862875
6358,529,253,85,-47,97.12878049270464,131.49452966588623,30,111.0849769115448,30,4.383150988862875
6359,507,214,-22,-39,44.77722635447622,131.49452966588623,30,111.0849769115448,30,4.383150988862875
6360,410,286,-97,72,120.80149005703531,131.49452966588623,30,111.0849769115448,30,4.383150988862875
6361,509,279,99,-7,99.24716620639605,131.49452966588623,30,111.0849769115448,30,4.383150988862875
6362,540,216,31,-63,70.21395872616783,131.49452966588623,30,111.0849769115448,30,4.383150988862875
6363,420,260,-120,44,127.81236246936366,131.49452966588623,30,111.0849769115448,30,4.383150988862875
6364,458,299,38,39,54.45181356024793,131.49452966588623,30,111.0849769115448,30,4.383150988862875
6365,534,247,76,-52,92.0869154657707,131.49452966588623,30,111.0849769115448,30,4.383150988862875
6366,494,216,-40,-31,50.60632371551998,131.49452966588623,30,111.0849769115448,30,4.383150988862875
6367,414,296,-80,80,113.13708498984761,131.49452966588623,30,111.0849769115448,30,4.383150988862875
6368,514,272,100,-24,102.83968105745953,131.49452966588623,30,111.0849769115448,30,4.383150988862875
6369,536,214,22,-58,62.03224967708329,131.49452966588623,30,111.0849769115448,30,4.383150988862875
6370,417,266,-119,52,129.86531484580476,131.49452966588623,30,111.0849769115448,30,4.383150988862875
6371,472,296,55,30,62.64982043070834,131.49452966588623,30,111.0849769115448,30,4.383150988862875
6372,542,238,70,-58,90.9065454189081,131.49452966588623,30,111.0849769115448,30,4.383150988862875
6373,488,217,-54,-21,57.9396237474839,131.49452966588623,30,111.0849769115448,30,4.383150988862875
6374,414,297,-74,80,108.97706180660222,131.49452966588623,30,111.0849769115448,30,4.383150988862875
6375,522,270,108,-27,111.32385189167684,131.49452966588623,30,111.0849769115448,30,4.383150988862875
6376,530,213,8,-57,57.55866572463264,131.49452966588623,30,111.0849769115448,30,4.383150988862875
6377,413,268,-117,55,129.28263611173776,131.49452966588623,30,111.0849769115448,30,4.383150988862875
6378,480,294,67,26,71.8679344353238,131.49452966588623,30,111.0849769115448,30,4.383150988862875
6379,550,227,70,-67,96.89685237405806,131.49452966588623,30,111.0849769115448,30,4.383150988862875
6380,482,219,-68,-8,68.46897107449476,131.49452966588623,30,111.0849769115448,30,4.383150988862875
6381,421,299,-61,80,100.60318086422517,131.49452966588623,30,111.0849769115448,30,4.383150988862875
6382,524,267,103,-32,107.8563859954523,131.49452966588623,30,111.0849769115448,30,4.383150988862875
6383,525,213,1,-54,54.00925846556311,131.49452966588623,30,111.0849769115448,30,4.383150988862875
6384,414,272,-111,59,125.70600622086441,131.49452966588623,30,111.0849769115448,30,4.383150988862875
6385,491,292,77,20,79.55501241279521,131.49452966588623,30,111.0849769115448,30,4.383150988862875
6386,548,225,57,-67,87.96590248499699,131.49452966588623,30,111.0849769115448,30,4.383150988862875
6387,,,,,,131.49452966588623,30,111.0849769115448,30,4.383150988862875
6388,429,300,-119,75,140.6627171641441,131.49452966588623,30,111.0849769115448,30,4.383150988862875
6389,522,263,93,-37,100.08995953640904,131.49452966588623,30,111.0849769115448,30,4.383150988862875
6390,523,213,1,-50,50.00999900019995,131.49452966588623,30,111.0849769115448,30,4.383150988862875
6391,413,275,-110,62,126.26955294131677,131.49452966588623,30,111.0849769115448,30,4.383150988862875
6392,490,290,77,15,78.44743462982075,131.49452966588623,30,111.0849769115448,30,4.383150988862875
6393,548,223,58,-67,88.61715409558128,131.49452966588623,30,111.0849769115448,30,4.383150988862875
6394,427,247,-121,24,123.35720489699821,131.49452966588623,30,111.0849769115448,30,4.383150988862875
6395,429,300,2,53,53.03772242470448,131.49452966588623,30,111.0849769115448,30,4.383150988862875
6396,528,261,99,-39,106.4048871058092,131.49452966588623,30,111.0849769115448,30,4.383150988862875
6397,518,213,-10,-48,49.03060268852505,131.49452966588623,30,111.0849769115448,30,4.383150988862875
6398,409,277,-109,64,126.40015822774906,131.49452966588623,30,111.0849769115448,30,4.383150988862875
6399,493,288,84,11,84.71717653463199,131.49452966588623,30,111.0849769115448,30,4.383150988862875
6400,547,222,54,-66,85.27602242131137,131.49452966588623,30,111.0849769115448,30,4.383150988862875
6401,423,249,-124,27,126.90547663517127,131.49452966588623,30,111.0849769115448,30,4.383150988862875
6402,433,300,10,51,51.97114584074513,131.49452966588623,30,111.0849769115448,30,4.383150988862875
6403,530,258,97,-42,105.70241246064349,131.49452966588623,30,111.0849769115448,30,4.383150988862875
6404,512,213,-18,-45,48.46648326421054,131.49452966588623,30,111.0849769115448,30,4.383150988862875
6405,408,281,-104,68,124.25779653607253,131.49452966588623,30,111.0849769115448,30,4.383150988862875
6406,503,285,95,4,95.08417323613851,131.49452966588623,30,111.0849769115448,30,4.383150988862875
6407,543,220,40,-65,76.32168761236873,131.49452966588623,30,111.0849769115448,30,4.383150988862875
6408,418,251,-125,31,128.7866452703851,131.49452966588623,30,111.0849769115448,30,4.383150988862875
6409,442,300,24,49,54.56189146281496,131.49452966588623,30,111.0849769115448,30,4.383150988862875
6410,528,254,86,-46,97.52948272189288,131.49452966588623,30,111.0849769115448,30,4.383150988862875
6411,509,214,-19,-40,44.28317965096906,131.49452966588623,30,111.0849769115448,30,4.383150988862875
6412,410,285,-99,71,121.82774724995944,131.49452966588623,30,111.0849769115448,30,4.383150988862875
6413,503,283,93,-2,93.02150289046077,131.49452966588623,30,111.0849769115448,30,4.383150988862875
6414,544,219,41,-64,76.00657866263946,131.49452966588623,30,111.0849769115448,30,4.383150988862875
6415,421,256,-123,37,128.4445405612866,131.49452966588623,30,111.0849769115448,30,4.383150988862875
6416,442,300,21,44,48.75448697299562,131.49452966588623,30,111.0849769115448,30,4.383150988862875
6417,532,252,90,-48,102.0,131.49452966588623,30,111.0849769115448,30,4.383150988862875
6418,506,214,-26,-38,46.04345773288535,131.49452966588623,30,111.0849769115448,30,4.383150988862875
6419,408,287,-98,73,122.20065466273084,131.49452966588623,30,111.0849769115448,30,4.383150988862875
6420,504,280,96,-7,96.25487000666512,131.49452966588623,30,111.0849769115448,30,4.383150988862875
6421,543,217,39,-63,74.09453421137081,131.49452966588623,30,111.0849769115448,30,4.383150988862875
6422,420,258,-123,41,129.65338406690356,131.49452966588623,30,111.0849769115448,30,4.383150988862875
6423,447,299,27,41,49.09175083453431,131.49452966588623,30,111.0849769115448,30,4.383150988862875
6424,535,249,88,-50,101.21264743103995,131.49452966588623,30,111.0849769115448,30,4.383150988862875
6425,500,215,-35,-34,48.79549159502341,131.49452966588623,30,111.0849769115448,30,4.383150988862875
6426,407,289,-93,74,118.84864324004712,131.49452966588623,30,111.0849769115448,30,4.383150988862875
6427,513,279,106,-10,106.47065323364932,131.49452966588623,30,111.0849769115448,30,4.383150988862875
6428,539,216,26,-63,68.15423684555495,131.49452966588623,30,111.0849769115448,30,4.383150988862875
6429,418,260,-121,44,128.75169901791588,131.49452966588623,30,111.0849769115448,30,4.383150988862875
6430,457,299,39,39,55.154328932550705,131.49452966588623,30,111.0849769115448,30,4.383150988862875
6431,533,247,76,-52,92.0869154657707,131.49452966588623,30,111.0849769115448,30,4.383150988862875
6432,497,215,-36,-32,48.16637831516918,131.49452966588623,30,111.0849769115448,30,4.383150988862875
6433,412,292,-85,77,114.69088891450794,131.49452966588623,30,111.0849769115448,30,4.383150988862875
6434,513,276,101,-16,102.25947388873072,131.49452966588623,30,111.0849769115448,30,4.383150988862875
6435,535,215,22,-61,64.8459713474939,131.49452966588623,30,111.0849769115448,30,4.383150988862875
6436,417,265,-118,50,128.15615474880636,131.49452966588623,30,111.0849769115448,30,4.383150988862875
6437,483,295,66,30,72.49827584156743,131.49452966588623,30,111.0849769115448,30,4.383150988862875
6438,549,227,66,-68,94.76286192385707,131.49452966588623,30,111.0849769115448,30,4.383150988862875
6439,486,219,-63,-8,63.50590523722971,131.49452966588623,30,111.0849769115448,30,4.383150988862875
6440,423,299,-63,80,101.82828683622247,131.49452966588623,30,111.0849769115448,30,4.383150988862875
6441,520,267,97,-32,102.1420579389313,131.49452966588623,30,111.0849769115448,30,4.383150988862875
6442,527,213,7,-54,54.45181356024793,131.49452966588623,30,111.0849769115448,30,4.383150988862875
6443,414,272,-113,59,127.47548783981962,131.49452966588623,30,111.0849769115448,30,4.383150988862875
6444,484,292,70,20,72.80109889280519,131.49452966588623,30,111.0849769115448,30,4.383150988862875
6445,550,225,66,-67,94.04786015641186,131.49452966588623,30,111.0849769115448,30,4.383150988862875
6446,,,,,,131.49452966588623,30,111.0849769115448,30,4.383150988862875
6447,424,300,-126,75,146.63219291819925,131.49452966588623,30,111.0849769115448,30,4.383150988862875
6448,527,264,103,-36,109.11003620199197,131.49452966588623,30,111.0849769115448,30,4.383150988862875
6449,522,213,-5,-51,51.24451190127583,131.49452966588623,30,111.0849769115448,30,4.383150988862875
6450,410,274,-112,61,127.534309109353,131.49452966588623,30,111.0849769115448,30,4.383150988862875
6451,489,290,79,16,80.60397012554654,131.49452966588623,30,111.0849769115448,30,4.383150988862875
6452,548,224,59,-66,88.52683209061533,131.49452966588623,30,111.0849769115448,30,4.383150988862875
6453,425,246,-123,22,124.95199078045935,131.49452966588623,30,111.0849769115448,30,4.383150988862875
6454,429,300,4,54,54.147945482723536,131.49452966588623,30,111.0849769115448,30,4.383150988862875
6455,529,261,100,-39,107.33592129385204,131.49452966588623,30,111.0849769115448,30,4.383150988862875
6456,516,213,-13,-48,49.72926703662542,131.49452966588623,30,111.0849769115448,30,4.383150988862875
6457,410,278,-106,65,124.34226956268733,131.49452966588623,30,111.0849769115448,30,4.383150988862875
6458,499,288,89,10,89.56003573022959,131.49452966588623,30,111.0849769115448,30,4.383150988862875
6459,544,221,45,-67,80.7093550959243,131.49452966588623,30,111.0849769115448,30,4.383150988862875
6460,421,249,-123,28,126.14673994994877,131.49452966588623,30,111.0849769115448,30,4.383150988862875
6461,437,301,16,52,54.405882034941776,131.49452966588623,30,111.0849769115448,30,4.383150988862875
6462,527,258,90,-43,99.74467404327912,131.49452966588623,30,111.0849769115448,30,4.383150988862875
6463,514,214,-13,-44,45.880278987817846,131.49452966588623,30,111.0849769115448,30,4.383150988862875
6464,411,281,-103,67,122.87391912037315,131.49452966588623,30,111.0849769115448,30,4.383150988862875
6465,498,286,87,5,87.14355971613737,131.49452966588623,30,111.0849769115448,30,4.383150988862875
6466,546,220,48,-66,81.60882305241266,131.49452966588623,30,111.0849769115448,30,4.383150988862875
6467,422,252,-124,32,128.06248474865697,131.49452966588623,30,111.0849769115448,30,4.383150988862875
6468,437,300,15,48,50.28916384272063,131.49452966588623,30,111.0849769115448,30,4.383150988862875
6469,531,255,94,-45,104.21612159354233,131.49452966588623,30,111.0849769115448,30,4.383150988862875
6470,510,214,-21,-41,46.06517122512408,131.49452966588623,30,111.0849769115448,30,4.383150988862875
6471,407,284,-103,70,124.53513560437472,131.49452966588623,30,111.0849769115448,30,4.383150988862875
6472,501,283,94,-1,94.00531899844816,131.49452966588623,30,111.0849769115448,30,4.383150988862875
6473,545,219,44,-64,77.6659513557904,131.49452966588623,30,111.0849769115448,30,4.383150988862875
6474,420,255,-125,36,130.080744155313,131.49452966588623,30,111.0849769115448,30,4.383150988862875
6475,442,300,22,45,50.08991914547278,131.49452966588623,30,111.0849769115448,30,4.383150988862875
6476,533,252,91,-48,102.88342918079665,131.49452966588623,30,111.0849769115448,30,4.383150988862875
6477,503,214,-30,-38,48.41487374764082,131.49452966588623,30,111.0849769115448,30,4.383150988862875
6478,407,287,-96,73,120.60265337047937,131.49452966588623,30,111.0849769115448,30,4.383150988862875
6479,510,281,103,-6,103.1746092796091,131.49452966588623,30,111.0849769115448,30,4.383150988862875
6480,540,217,30,-64,70.68238818828917,131.49452966588623,30,111.0849769115448,30,4.383150988862875
6481,418,258,-122,41,128.70508925446578,131.49452966588623,30,111.0849769115448,30,4.383150988862875
6482,452,300,34,42,54.037024344425184,131.49452966588623,30,111.0849769115448,30,4.383150988862875
6483,531,249,79,-51,94.03190947758107,131.49452966588623,30,111.0849769115448,30,4.383150988862875
6484,501,215,-30,-34,45.34313619501854,131.49452966588623,30,111.0849769115448,30,4.383150988862875
6485,411,290,-90,75,117.15374513859982,131.49452966588623,30,111.0849769115448,30,4.383150988862875
6486,510,278,99,-12,99.72462083156798,131.49452966588623,30,111.0849769115448,30,4.383150988862875
6487,540,216,30,-62,68.87670143089025,131.49452966588623,30,111.0849769115448,30,4.383150988862875
6488,420,260,-120,44,127.81236246936366,131.49452966588623,30,111.0849769115448,30,4.383150988862875
6489,458,299,38,39,54.45181356024793,131.49452966588623,30,111.0849769115448,30,4.383150988862875
6490,534,248,76,-51,91.52595260361949,131.49452966588623,30,111.0849769115448,30,4.383150988862875
6491,499,215,-35,-33,48.104053883222775,131.49452966588623,30,111.0849769115448,30,4.383150988862875
6492,410,293,-89,78,118.3427226321923,131.49452966588623,30,111.0849769115448,30,4.383150988862875
6493,511,276,101,-17,102.42070103255493,131.49452966588623,30,111.0849769115448,30,4.383150988862875
6494,539,215,28,-61,67.11929677819934,131.49452966588623,30,111.0849769115448,30,4.383150988862875
6495,418,263,-121,48,130.17296186228538,131.49452966588623,30,111.0849769115448,30,4.383150988862875
6496,461,298,43,35,55.44366510251645,131.49452966588623,30,111.0849769115448,30,4.383150988862875
6497,537,245,76,-53,92.65527507918802,131.49452966588623,30,111.0849769115448,30,4.383150988862875
6498,492,216,-45,-29,53.53503525729669,131.49452966588623,30,111.0849769115448,30,4.383150988862875
6499,410,295,-82,79,113.86395390991831,131.49452966588623,30,111.0849769115448,30,4.383150988862875
6500,519,273,109,-22,111.19802156513397,131.49452966588623,30,111.0849769115448,30,4.383150988862875
6501,533,214,14,-59,60.63827174318213,131.49452966588623,30,111.0849769115448,30,4.383150988862875
6502,415,266,-118,52,128.94960255851896,131.49452966588623,30,111.0849769115448,30,4.383150988862875
6503,474,296,59,30,66.18912297349165,131.49452966588623,30,111.0849769115448,30,4.383150988862875
6504,540,238,66,-58,87.86353054595519,131.49452966588623,30,111.0849769115448,30,4.383150988862875
6505,486,217,-54,-21,57.9396237474839,131.49452966588623,30,111.0849769115448,30,4.383150988862875
6506,417,298,-69,81,106.4048871058092,131.49452966588623,30,111.0849769115448,30,4.383150988862875
6507,520,270,103,-28,106.7379969832674,131.49452966588623,30,111.0849769115448,30,4.383150988862875
6508,530,213,10,-57,57.87054518492115,131.49452966588623,30,111.0849769115448,30,4.383150988862875
6509,416,268,-114,55,126.57408897558773,131.49452966588623,30,111.0849769115448,30,4.383150988862875
6510,485,295,69,27,74.09453421137081,131.49452966588623,30,111.0849769115448,30,4.383150988862875
6511,550,228,65,-67,93.34880824091971,131.49452966588623,30,111.0849769115448,30,4.383150988862875
6512,487,219,-63,-9,63.63961030678928,131.49452966588623,30,111.0849769115448,30,4.383150988862875
6513,422,299,-65,80,103.07764064044152,131.49452966588623,30,111.0849769115448,30,4.383150988862875
6514,519,268,97,-31,101.83319694480774,131.49452966588623,30,111.0849769115448,30,4.383150988862875
6515,529,213,10,-55,55.90169943749474,131.49452966588623,30,111.0849769115448,30,4.383150988862875
6516,415,271,-114,58,127.90621564255585,131.49452966588623,30,111.0849769115448,30,4.383150988862875
6517,483,293,68,22,71.47027354082255,131.49452966588623,30,111.0849769115448,30,4.383150988862875
6518,552,226,69,-67,96.17692030835673,131.49452966588623,30,111.0849769115448,30,4.383150988862875
6519,,,,,,131.49452966588623,30,111.0849769115448,30,4.383150988862875
6520,421,299,-131,73,149.96666296213968,131.49452966588623,30,111.0849769115448,30,4.383150988862875
6521,526,266,105,-33,110.06361796706484,131.49452966588623,30,111.0849769115448,30,4.383150988862875
6522,524,213,-2,-53,53.03772242470448,131.49452966588623,30,111.0849769115448,30,4.383150988862875
6523,411,274,-113,61,128.41339493993607,131.49452966588623,30,111.0849769115448,30,4.383150988862875
6524,488,291,77,17,78.85429601486528,131.49452966588623,30,111.0849769115448,30,4.383150988862875
6525,548,224,60,-67,89.9388681271896,131.49452966588623,30,111.0849769115448,30,4.383150988862875
6526,427,245,-121,21,122.8087944733601,131.49452966588623,30,111.0849769115448,30,4.383150988862875
6527,428,300,1,55,55.00909015790027,131.49452966588623,30,111.0849769115448,30,4.383150988862875
6528,528,262,100,-38,106.97663296253066,131.49452966588623,30,111.0849769115448,30,4.383150988862875
6529,517,213,-11,-49,50.21951811795888,131.49452966588623,30,111.0849769115448,30,4.383150988862875
6530,410,277,-107,64,124.67958934805648,131.49452966588623,30,111.0849769115448,30,4.383150988862875
6531,498,289,88,12,88.81441324469807,131.49452966588623,30,111.0849769115448,30,4.383150988862875
6532,545,222,47,-67,81.8413098624405,131.49452966588623,30,111.0849769115448,30,4.383150988862875
6533,422,248,-123,26,125.7179382586272,131.49452966588623,30,111.0849769115448,30,4.383150988862875
6534,436,300,14,52,53.85164807134504,131.49452966588623,30,111.0849769115448,30,4.383150988862875
6535,526,259,90,-41,98.89893831583835,131.49452966588623,30,111.0849769115448,30,4.383150988862875
6536,515,213,-11,-46,47.29693436154187,131.49452966588623,30,111.0849769115448,30,4.383150988862875
6537,411,280,-104,67,123.71337841963576,131.49452966588623,30,111.0849769115448,30,4.383150988862875
6538,497,286,86,6,86.20904824900923,131.49452966588623,30,111.0849769115448,30,4.383150988862875
6539,546,221,49,-65,81.40024569987489,131.49452966588623,30,111.0849769115448,30,4.383150988862875
6540,423,251,-123,30,126.60568707605516,131.49452966588623,30,111.0849769115448,30,4.383150988862875
6541,435,300,12,49,50.44799302251776,131.49452966588623,30,111.0849769115448,30,4.383150988862875
6542,530,257,95,-43,104.27847332982968,131.49452966588623,30,111.0849769115448,30,4.383150988862875
6543,512,214,-18,-43,46.61544808322666,131.49452966588623,30,111.0849769115448,30,4.383150988862875
6544,407,283,-105,69,125.64234954823155,131.49452966588623,30,111.0849769115448,30,4.383150988862875
6545,499,284,92,1,92.00543462209176,131.49452966588623,30,111.0849769115448,30,4.383150988862875
6546,546,219,47,-65,80.2122185206219,131.49452966588623,30,111.0849769115448,30,4.383150988862875
6547,420,253,-126,34,130.50670480860362,131.49452966588623,30,111.0849769115448,30,4.383150988862875
6548,439,300,19,47,50.695167422546305,131.49452966588623,30,111.0849769115448,30,4.383150988862875
6549,532,253,93,-47,104.20172743289815,131.49452966588623,30,111.0849769115448,30,4.383150988862875
6550,505,214,-27,-39,47.43416490252569,131.49452966588623,30,111.0849769115448,30,4.383150988862875
6551,407,285,-98,71,121.01652779682617,131.49452966588623,30,111.0849769115448,30,4.383150988862875
6552,509,282,102,-3,102.04410811016969,131.49452966588623,30,111.0849769115448,30,4.383150988862875
6553,541,218,32,-64,71.55417527999327,131.49452966588623,30,111.0849769115448,30,4.383150988862875
6554,418,256,-123,38,128.73616430514,131.49452966588623,30,111.0849769115448,30,4.383150988862875
6555,450,300,32,44,54.405882034941776,131.49452966588623,30,111.0849769115448,30,4.383150988862875
6556,530,250,80,-50,94.33981132056604,131.49452966588623,30,111.0849769115448,30,4.383150988862875
6557,502,215,-28,-35,44.82186966202994,131.49452966588623,30,111.0849769115448,30,4.383150988862875
6558,410,289,-92,74,118.06777714516353,131.49452966588623,30,111.0849769115448,30,4.383150988862875
6559,509,279,99,-10,99.50376877284599,131.49452966588623,30,111.0849769115448,30,4.383150988862875
6560,541,217,32,-62,69.77105417004964,131.49452966588623,30,111.0849769115448,30,4.383150988862875
6561,421,259,-120,42,127.13772060250254,131.49452966588623,30,111.0849769115448,30,4.383150988862875
6562,454,300,33,41,52.630789467763066,131.49452966588623,30,111.0849769115448,30,4.383150988862875
6563,534,249,80,-51,94.87360012142472,131.49452966588623,30,111.0849769115448,30,4.383150988862875
6564,500,215,-34,-34,48.08326112068523,131.49452966588623,30,111.0849769115448,30,4.383150988862875
6565,409,292,-91,77,119.20570456148481,131.49452966588623,30,111.0849769115448,30,4.383150988862875
6566,510,276,101,-16,102.25947388873072,131.49452966588623,30,111.0849769115448,30,4.383150988862875
6567,540,215,30,-61,67.97793759742936,131.49452966588623,30,111.0849769115448,30,4.383150988862875
6568,419,262,-121,47,129.80754985747168,131.49452966588623,30,111.0849769115448,30,4.383150988862875
6569,458,298,39,36,53.075418038862395,131.49452966588623,30,111.0849769115448,30,4.383150988862875
6570,537,246,79,-52,94.57801012920498,131.49452966588623,30,111.0849769115448,30,4.383150988862875
6571,493,216,-44,-30,53.25410782277739,131.49452966588623,30,111.0849769115448,30,4.383150988862875
6572,409,294,-84,78,114.6298390472568,131.49452966588623,30,111.0849769115448,30,4.383150988862875
6573,518,274,109,-20,110.81967334368028,131.49452966588623,30,111.0849769115448,30,4.383150988862875
6574,535,214,17,-60,62.36184731067546,131.49452966588623,30,111.0849769115448,30,4.383150988862875
6575,415,265,-120,51,130.3878828726044,131.49452966588623,30,111.0849769115448,30,4.383150988862875
6576,472,296,57,31,64.88451279003334,131.49452966588623,30,111.0849769115448,30,4.383150988862875
6577,539,239,67,-57,87.96590248499699,131.49452966588623,30,111.0849769115448,30,4.383150988862875
6578,487,217,-52,-22,56.462376853972415,131.49452966588623,30,111.0849769115448,30,4.383150988862875
6579,416,297,-71,80,106.96261028976434,131.49452966588623,30,111.0849769115448,30,4.383150988862875
6580,520,270,104,-27,107.44766167767449,131.49452966588623,30,111.0849769115448,30,4.383150988862875
6581,530,213,10,-57,57.87054518492115,131.49452966588623,30,111.0849769115448,30,4.383150988862875
6582,416,268,-114,55,126.57408897558773,131.49452966588623,30,111.0849769115448,30,4.383150988862875
6583,484,295,68,27,73.16419889536138,131.49452966588623,30,111.0849769115448,30,4.383150988862875
6584,549,228,65,-67,93.34880824091971,131.49452966588623,30,111.0849769115448,30,4.383150988862875
6585,487,219,-62,-9,62.64982043070834,131.49452966588623,30,111.0849769115448,30,4.383150988862875
6586,421,299,-66,80,103.71113729971339,131.49452966588623,30,111.0849769115448,30,4.383150988862875
6587,519,268,98,-31,102.7861858422619,131.49452966588623,30,111.0849769115448,30,4.383150988862875
6588,529,213,10,-55,55.90169943749474,131.49452966588623,30,111.0849769115448,30,4.383150988862875
6589,414,271,-115,58,128.79829191413992,131.49452966588623,30,111.0849769115448,30,4.383150988862875
6590,483,293,69,22,72.42237223399962,131.49452966588623,30,111.0849769115448,30,4.383150988862875
6591,551,226,68,-67,95.46203433826454,131.49452966588623,30,111.0849769115448,30,4.383150988862875
6592,480,221,-71,-5,71.17583859709698,131.49452966588623,30,111.0849769115448,30,4.383150988862875
6593,422,299,-58,78,97.20082304178294,131.49452966588623,30,111.0849769115448,30,4.383150988862875
6594,526,265,104,-34,109.41663493271945,131.49452966588623,30,111.0849769115448,30,4.383150988862875
6595,523,213,-3,-52,52.08646657242167,131.49452966588623,30,111.0849769115448,30,4.383150988862875
6596,410,274,-113,61,128.41339493993607,131.49452966588623,30,111.0849769115448,30,4.383150988862875
6597,489,290,79,16,80.60397012554654,131.49452966588623,30,111.0849769115448,30,4.383150988862875
6598,548,223,59,-67,89.27485648266257,131.49452966588623,30,111.0849769115448,30,4.383150988862875
6599,425,247,-123,24,125.31959144523253,131.49452966588623,30,111.0849769115448,30,4.383150988862875
6600,428,300,3,53,53.08483775994799,131.49452966588623,30,111.0849769115448,30,4.383150988862875
6601,528,262,100,-38,106.97663296253066,131.49452966588623,30,111.0849769115448,30,4.383150988862875
6602,516,213,-12,-49,50.44799302251776,131.49452966588623,30,111.0849769115448,30,4.383150988862875
6603,410,278,-106,65,124.34226956268733,131.49452966588623,30,111.0849769115448,30,4.383150988862875
6604,499,288,89,10,89.56003573022959,131.49452966588623,30,111.0849769115448,30,4.383150988862875
6605,545,222,46,-66,80.44874144447506,131.49452966588623,30,111.0849769115448,30,4.383150988862875
6606,421,249,-124,27,126.90547663517127,131.49452966588623,30,111.0849769115448,30,4.383150988862875
6607,442,300,21,51,55.154328932550705,131.49452966588623,30,111.0849769115448,30,4.383150988862875
6608,528,254,86,-46,97.52948272189288,131.49452966588623,30,111.0849769115448,30,4.383150988862875
6609,509,214,-19,-40,44.28317965096906,131.49452966588623,30,111.0849769115448,30,4.383150988862875
6610,410,284,-99,70,121.24768039018313,131.49452966588623,30,111.0849769115448,30,4.383150988862875
6611,503,283,93,-1,93.00537618869137,131.49452966588623,30,111.0849769115448,30,4.383150988862875
6612,544,219,41,-64,76.00657866263946,131.49452966588623,30,111.0849769115448,30,4.383150988862875
6613,421,255,-123,36,128.16005617976296,131.49452966588623,30,111.0849769115448,30,4.383150988862875
6614,441,300,20,45,49.24428900898052,131.49452966588623,30,111.0849769115448,30,4.383150988862875
6615,532,252,91,-48,102.88342918079665,131.49452966588623,30,111.0849769115448,30,4.383150988862875
6616,506,215,-26,-37,45.221676218380054,131.49452966588623,30,111.0849769115448,30,4.383150988862875
6617,407,287,-99,72,122.41323457861898,131.49452966588623,30,111.0849769115448,30,4.383150988862875
6618,505,280,98,-7,98.2496819333274,131.49452966588623,30,111.0849769115448,30,4.383150988862875
6619,543,217,38,-63,73.57309290766564,131.49452966588623,30,111.0849769115448,30,4.383150988862875
6620,419,258,-124,41,130.60245020672468,131.49452966588623,30,111.0849769115448,30,4.383150988862875
6621,447,299,28,41,49.64876634922564,131.49452966588623,30,111.0849769115448,30,4.383150988862875
6622,535,249,88,-50,101.21264743103995,131.49452966588623,30,111.0849769115448,30,4.383150988862875
6623,498,215,-37,-34,50.24937810560445,131.49452966588623,30,111.0849769115448,30,4.383150988862875
6624,407,291,-91,76,118.56221995222593,131.49452966588623,30,111.0849769115448,30,4.383150988862875
6625,514,277,107,-14,107.91200118615167,131.49452966588623,30,111.0849769115448,30,4.383150988862875
6626,538,216,24,-61,65.55150646628954,131.49452966588623,30,111.0849769115448,30,4.383150988862875
6627,416,261,-122,45,130.034610777285,131.49452966588623,30,111.0849769115448,30,4.383150988862875
6628,461,298,45,37,58.25804665451803,131.49452966588623,30,111.0849769115448,30,4.383150988862875
6629,533,246,72,-52,88.81441324469807,131.49452966588623,30,111.0849769115448,30,4.383150988862875
6630,494,216,-39,-30,49.20365840057018,131.49452966588623,30,111.0849769115448,30,4.383150988862875
6631,413,294,-81,78,112.44998888394787,131.49452966588623,30,111.0849769115448,30,4.383150988862875
6632,515,274,102,-20,103.94229168149026,131.49452966588623,30,111.0849769115448,30,4.383150988862875
6633,535,215,20,-59,62.297672508690084,131.49452966588623,30,111.0849769115448,30,4.383150988862875
6634,418,264,-117,49,126.84636376341263,131.49452966588623,30,111.0849769115448,30,4.383150988862875
6635,476,297,58,33,66.73080248281148,131.49452966588623,30,111.0849769115448,30,4.383150988862875
6636,535,244,59,-53,79.30952023559341,131.49452966588623,30,111.0849769115448,30,4.383150988862875
6637,493,217,-42,-27,49.92995093127971,131.49452966588623,30,111.0849769115448,30,4.383150988862875
6638,415,297,-78,80,111.73182178770737,131.49452966588623,30,111.0849769115448,30,4.383150988862875
6639,515,272,100,-25,103.07764064044152,131.49452966588623,30,111.0849769115448,30,4.383150988862875
6640,535,214,20,-58,61.35144660071187,131.49452966588623,30,111.0849769115448,30,4.383150988862875
6641,417,266,-118,52,128.94960255851896,131.49452966588623,30,111.0849769115448,30,4.383150988862875
6642,473,296,56,30,63.52952069707436,131.49452966588623,30,111.0849769115448,30,4.383150988862875
6643,543,237,70,-59,91.54780172128658,131.49452966588623,30,111.0849769115448,30,4.383150988862875
6644,487,218,-56,-19,59.135437767890075,131.49452966588623,30,111.0849769115448,30,4.383150988862875
6645,414,298,-73,80,108.30050784737807,131.49452966588623,30,111.0849769115448,30,4.383150988862875
6646,522,270,108,-28,111.57060544785082,131.49452966588623,30,111.0849769115448,30,4.383150988862875
6647,529,213,7,-57,57.42821606144492,131.49452966588623,30,111.0849769115448,30,4.383150988862875
6648,413,269,-116,56,128.80993750483694,131.49452966588623,30,111.0849769115448,30,4.383150988862875
6649,481,294,68,25,72.44998274671983,131.49452966588623,30,111.0849769115448,30,4.383150988862875
6650,550,227,69,-67,96.17692030835673,131.49452966588623,30,111.0849769115448,30,4.383150988862875
6651,479,220,-71,-7,71.34423592694787,131.49452966588623,30,111.0849769115448,30,4.383150988862875
6652,421,299,-58,79,98.00510190801293,131.49452966588623,30,111.0849769115448,30,4.383150988862875
6653,524,267,103,-32,107.8563859954523,131.49452966588623,30,111.0849769115448,30,4.383150988862875
6654,524,213,0,-54,54.0,131.49452966588623,30,111.0849769115448,30,4.383150988862875
6655,413,272,-111,59,125.70600622086441,131.49452966588623,30,111.0849769115448,30,4.383150988862875
6656,491,292,78,20,80.52328855678958,131.49452966588623,30,111.0849769115448,30,4.383150988862875
6657,548,225,57,-67,87.96590248499699,131.49452966588623,30,111.0849769115448,30,4.383150988862875
6658,,,,,,131.49452966588623,30,111.0849769115448,30,4.383150988862875
6659,428,300,-120,75,141.50971698084905,131.49452966588623,30,111.0849769115448,30,4.383150988862875
6660,522,264,94,-36,100.65783625729296,131.49452966588623,30,111.0849769115448,30,4.383150988862875
6661,523,213,1,-51,51.0098029794274,131.49452966588623,30,111.0849769115448,30,4.383150988862875
6662,412,275,-111,62,127.1416532848303,131.49452966588623,30,111.0849769115448,30,4.383150988862875
6663,490,290,78,15,79.42921376924235,131.49452966588623,30,111.0849769115448,30,4.383150988862875
6664,549,224,59,-66,88.52683209061533,131.49452966588623,30,111.0849769115448,30,4.383150988862875
6665,427,248,-122,24,124.33824833895642,131.49452966588623,30,111.0849769115448,30,4.383150988862875
6666,428,300,1,52,52.009614495783374,131.49452966588623,30,111.0849769115448,30,4.383150988862875
6667,528,262,100,-38,106.97663296253066,131.49452966588623,30,111.0849769115448,30,4.383150988862875
6668,519,213,-9,-49,49.8196748283246,131.49452966588623,30,111.0849769115448,30,4.383150988862875
6669,409,277,-110,64,127.26350615946427,131.49452966588623,30,111.0849769115448,30,4.383150988862875
6670,493,288,84,11,84.71717653463199,131.49452966588623,30,111.0849769115448,30,4.383150988862875
6671,547,222,54,-66,85.27602242131137,131.49452966588623,30,111.0849769115448,30,4.383150988862875
6672,423,249,-124,27,126.90547663517127,131.49452966588623,30,111.0849769115448,30,4.383150988862875
6673,432,300,9,51,51.78802950489621,131.49452966588623,30,111.0849769115448,30,4.383150988862875
6674,530,259,98,-41,106.23088063270491,131.49452966588623,30,111.0849769115448,30,4.383150988862875
6675,513,213,-17,-46,49.040799340956916,131.49452966588623,30,111.0849769115448,30,4.383150988862875
6676,408,280,-105,67,124.55520864259351,131.49452966588623,30,111.0849769115448,30,4.383150988862875
6677,502,286,94,6,94.19129471453293,131.49452966588623,30,111.0849769115448,30,4.383150988862875
6678,544,221,42,-65,77.38862965578342,131.49452966588623,30,111.0849769115448,30,4.383150988862875
6679,419,251,-125,30,128.5496013218244,131.49452966588623,30,111.0849769115448,30,4.383150988862875
6680,440,300,21,49,53.31041174104736,131.49452966588623,30,111.0849769115448,30,4.383150988862875
6681,528,256,88,-44,98.38699100999075,131.49452966588623,30,111.0849769115448,30,4.383150988862875
6682,511,214,-17,-42,45.31004303683677,131.49452966588623,30,111.0849769115448,30,4.383150988862875
6683,410,284,-101,70,122.88612614937456,131.49452966588623,30,111.0849769115448,30,4.383150988862875
6684,502,284,92,0,92.0,131.49452966588623,30,111.0849769115448,30,4.383150988862875
6685,544,219,42,-65,77.38862965578342,131.49452966588623,30,111.0849769115448,30,4.383150988862875
6686,420,255,-124,36,129.1200991325518,131.49452966588623,30,111.0849769115448,30,4.383150988862875
6687,440,300,20,45,49.24428900898052,131.49452966588623,30,111.0849769115448,30,4.383150988862875
6688,532,253,92,-47,103.31021246711285,131.49452966588623,30,111.0849769115448,30,4.383150988862875
6689,508,214,-24,-39,45.79301256742124,131.49452966588623,30,111.0849769115448,30,4.383150988862875
6690,407,286,-101,72,124.03628501370073,131.49452966588623,30,111.0849769115448,30,4.383150988862875
6691,503,281,96,-5,96.13012014972206,131.49452966588623,30,111.0849769115448,30,4.383150988862875
6692,544,218,41,-63,75.16648189186454,131.49452966588623,30,111.0849769115448,30,4.383150988862875
6693,419,257,-125,39,130.9427355755179,131.49452966588623,30,111.0849769115448,30,4.383150988862875
6694,444,299,25,42,48.877397639399746,131.49452966588623,30,111.0849769115448,30,4.383150988862875
6695,534,251,90,-48,102.0,131.49452966588623,30,111.0849769115448,30,4.383150988862875
6696,502,215,-32,-36,48.16637831516918,131.49452966588623,30,111.0849769115448,30,4.383150988862875
6697,407,288,-95,73,119.80818002123227,131.49452966588623,30,111.0849769115448,30,4.383150988862875
6698,512,279,105,-9,105.38500842150178,131.49452966588623,30,111.0849769115448,30,4.383150988862875
6699,539,217,27,-62,67.62396025078685,131.49452966588623,30,111.0849769115448,30,4.383150988862875
6700,417,259,-122,42,129.0271289303145,131.49452966588623,30,111.0849769115448,30,4.383150988862875
6701,455,299,38,40,55.17245689653489,131.49452966588623,30,111.0849769115448,30,4.383150988862875
6702,532,248,77,-51,92.35799911215054,131.49452966588623,30,111.0849769115448,30,4.383150988862875
6703,499,215,-33,-33,46.66904755831214,131.49452966588623,30,111.0849769115448,30,4.383150988862875
6704,411,291,-88,76,116.27553482998907,131.49452966588623,30,111.0849769115448,30,4.383150988862875
6705,512,277,101,-14,101.96568050084302,131.49452966588623,30,111.0849769115448,30,4.383150988862875
6706,538,216,26,-61,66.30987860040162,131.49452966588623,30,111.0849769115448,30,4.383150988862875
6707,420,262,-118,46,126.64912159190051,131.49452966588623,30,111.0849769115448,30,4.383150988862875
6708,467,298,47,36,59.20304046246274,131.49452966588623,30,111.0849769115448,30,4.383150988862875
6709,535,246,68,-52,85.60373823613078,131.49452966588623,30,111.0849769115448,30,4.383150988862875
6710,497,216,-38,-30,48.41487374764082,131.49452966588623,30,111.0849769115448,30,4.383150988862875
6711,411,294,-86,78,116.10340218959993,131.49452966588623,30,111.0849769115448,30,4.383150988862875
6712,512,274,101,-20,102.96115772464877,131.49452966588623,30,111.0849769115448,30,4.383150988862875
6713,537,215,25,-59,64.07807737440318,131.49452966588623,30,111.0849769115448,30,4.383150988862875
6714,418,264,-119,49,128.69343417595164,131.49452966588623,30,111.0849769115448,30,4.383150988862875
6715,466,297,48,33,58.249463516842795,131.49452966588623,30,111.0849769115448,30,4.383150988862875
6716,537,243,71,-54,89.20201791439474,131.49452966588623,30,111.0849769115448,30,4.383150988862875
6717,490,216,-47,-27,54.20332093147061,131.49452966588623,30,111.0849769115448,30,4.383150988862875
6718,412,296,-78,80,111.73182178770737,131.49452966588623,30,111.0849769115448,30,4.383150988862875
6719,520,272,108,-24,110.63453348751464,131.49452966588623,30,111.0849769115448,30,4.383150988862875
6720,531,214,11,-58,59.033888572581766,131.49452966588623,30,111.0849769115448,30,4.383150988862875
6721,414,267,-117,53,128.4445405612866,131.49452966588623,30,111.0849769115448,30,4.383150988862875
6722,476,296,62,29,68.4470598345904,131.49452966588623,30,111.0849769115448,30,4.383150988862875
6723,550,230,74,-66,99.15644204992432,131.49452966588623,30,111.0849769115448,30,4.383150988862875
6724,486,218,-64,-12,65.11528238439882,131.49452966588623,30,111.0849769115448,30,4.383150988862875
6725,418,298,-68,80,104.9952379872535,131.49452966588623,30,111.0849769115448,30,4.383150988862875
6726,521,269,103,-29,107.00467279516349,131.49452966588623,30,111.0849769115448,30,4.383150988862875
6727,528,213,7,-56,56.43580423808985,131.49452966588623,30,111.0849769115448,30,4.383150988862875
6728,415,269,-113,56,126.11502686040232,131.49452966588623,30,111.0849769115448,30,4.383150988862875
6729,486,294,71,25,75.27283706623525,131.49452966588623,30,111.0849769115448,30,4.383150988862875
6730,550,227,64,-67,92.65527507918802,131.49452966588623,30,111.0849769115448,30,4.383150988862875
6731,484,220,-66,-7,66.37017402418047,131.49452966588623,30,111.0849769115448,30,4.383150988862875
6732,424,299,-60,79,99.20181449953424,131.49452966588623,30,111.0849769115448,30,4.383150988862875
6733,520,267,96,-32,101.19288512538814,131.49452966588623,30,111.0849769115448,30,4.383150988862875
6734,527,213,7,-54,54.45181356024793,131.49452966588623,30,111.0849769115448,30,4.383150988862875
6735,414,272,-113,59,127.47548783981962,131.49452966588623,30,111.0849769115448,30,4.383150988862875
6736,485,292,71,20,73.76313442364011,131.49452966588623,30,111.0849769115448,30,4.383150988862875
6737,551,225,66,-67,94.04786015641186,131.49452966588623,30,111.0849769115448,30,4.383150988862875
6738,,,,,,131.49452966588623,30,111.0849769115448,30,4.383150988862875
6739,423,299,-128,74,147.85127662620977,131.49452966588623,30,111.0849769115448,30,4.383150988862875
6740,527,264,104,-35,109.73149046650191,131.49452966588623,30,111.0849769115448,30,4.383150988862875
6741,522,213,-5,-51,51.24451190127583,131.49452966588623,30,111.0849769115448,30,4.383150988862875
6742,410,275,-112,62,128.01562404644207,131.49452966588623,30,111.0849769115448,30,4.383150988862875
6743,489,290,79,15,80.4114419718985,131.49452966588623,30,111.0849769115448,30,4.383150988862875
6744,548,223,59,-67,89.27485648266257,131.49452966588623,30,111.0849769115448,30,4.383150988862875
6745,425,247,-123,24,125.31959144523253,131.49452966588623,30,111.0849769115448,30,4.383150988862875
6746,429,300,4,53,53.150729063673246,131.49452966588623,30,111.0849769115448,30,4.383150988862875
6747,529,261,100,-39,107.33592129385204,131.49452966588623,30,111.0849769115448,30,4.383150988862875
6748,516,213,-13,-48,49.72926703662542,131.49452966588623,30,111.0849769115448,30,4.383150988862875
6749,410,278,-106,65,124.34226956268733,131.49452966588623,30,111.0849769115448,30,4.383150988862875
6750,499,288,89,10,89.56003573022959,131.49452966588623,30,111.0849769115448,30,4.383150988862875
6751,545,222,46,-66,80.44874144447506,131.49452966588623,30,111.0849769115448,30,4.383150988862875
6752,421,249,-124,27,126.90547663517127,131.49452966588623,30,111.0849769115448,30,4.383150988862875
6753,437,301,16,52,54.405882034941776,131.49452966588623,30,111.0849769115448,30,4.383150988862875
6754,526,259,89,-42,98.41239759298622,131.49452966588623,30,111.0849769115448,30,4.383150988862875
6755,515,214,-11,-45,46.32493928760188,131.49452966588623,30,111.0849769115448,30,4.383150988862875
6756,411,281,-104,67,123.71337841963576,131.49452966588623,30,111.0849769115448,30,4.383150988862875
6757,498,286,87,5,87.14355971613737,131.49452966588623,30,111.0849769115448,30,4.383150988862875
6758,546,221,48,-65,80.80222769206304,131.49452966588623,30,111.0849769115448,30,4.383150988862875
6759,422,252,-124,31,127.81627439414747,131.49452966588623,30,111.0849769115448,30,4.383150988862875
6760,436,300,14,48,50.0,131.49452966588623,30,111.0849769115448,30,4.383150988862875
6761,530,256,94,-44,103.78824596263297,131.49452966588623,30,111.0849769115448,30,4.383150988862875
6762,511,214,-19,-42,46.09772228646444,131.49452966588623,30,111.0849769115448,30,4.383150988862875
6763,407,283,-104,69,124.80785231707178,131.49452966588623,30,111.0849769115448,30,4.383150988862875
6764,500,283,93,0,93.0,131.49452966588623,30,111.0849769115448,30,4.383150988862875
6765,545,219,45,-64,78.2368199762746,131.49452966588623,30,111.0849769115448,30,4.383150988862875
6766,419,255,-126,36,131.04197800704932,131.49452966588623,30,111.0849769115448,30,4.383150988862875
6767,440,300,21,45,49.658836071740545,131.49452966588623,30,111.0849769115448,30,4.383150988862875
6768,533,253,93,-47,104.20172743289815,131.49452966588623,30,111.0849769115448,30,4.383150988862875
6769,505,214,-28,-39,48.010415536631214,131.49452966588623,30,111.0849769115448,30,4.383150988862875
6770,407,286,-98,72,121.60592090848209,131.49452966588623,30,111.0849769115448,30,4.383150988862875
6771,509,281,102,-5,102.12247548899312,131.49452966588623,30,111.0849769115448,30,4.383150988862875
6772,541,218,32,-63,70.66116330771806,131.49452966588623,30,111.0849769115448,30,4.383150988862875
6773,417,257,-124,39,129.98846102635417,131.49452966588623,30,111.0849769115448,30,4.383150988862875
6774,451,300,34,43,54.817880294662984,131.49452966588623,30,111.0849769115448,30,4.383150988862875
6775,531,250,80,-50,94.33981132056604,131.49452966588623,30,111.0849769115448,30,4.383150988862875
6776,502,215,-29,-35,45.45327270945405,131.49452966588623,30,111.0849769115448,30,4.383150988862875
6777,410,289,-92,74,118.06777714516353,131.49452966588623,30,111.0849769115448,30,4.383150988862875
6778,509,279,99,-10,99.50376877284599,131.49452966588623,30,111.0849769115448,30,4.383150988862875
6779,540,217,31,-62,69.31810730249349,131.49452966588623,30,111.0849769115448,30,4.383150988862875
6780,421,260,-119,43,126.53062870309307,131.49452966588623,30,111.0849769115448,30,4.383150988862875
6781,451,300,30,40,50.0,131.49452966588623,30,111.0849769115448,30,4.383150988862875
6782,534,249,83,-51,97.41663102366043,131.49452966588623,30,111.0849769115448,30,4.383150988862875
6783,500,216,-34,-33,47.38143096192854,131.49452966588623,30,111.0849769115448,30,4.383150988862875
6784,409,291,-91,75,117.92370414806346,131.49452966588623,30,111.0849769115448,30,4.383150988862875
6785,509,277,100,-14,100.9752444909147,131.49452966588623,30,111.0849769115448,30,4.383150988862875
6786,540,216,31,-61,68.42514157822401,131.49452966588623,30,111.0849769115448,30,4.383150988862875
6787,419,262,-121,46,129.4488315899375,131.49452966588623,30,111.0849769115448,30,4.383150988862875
6788,456,298,37,36,51.62363799656123,131.49452966588623,30,111.0849769115448,30,4.383150988862875
6789,537,242,81,-56,98.4733466477097,131.49452966588623,30,111.0849769115448,30,4.383150988862875
6790,489,217,-48,-25,54.120236510939236,131.49452966588623,30,111.0849769115448,30,4.383150988862875
6791,417,298,-72,81,108.37435120913067,131.49452966588623,30,111.0849769115448,30,4.383150988862875
6792,524,268,107,-30,111.12605455067681,131.49452966588623,30,111.0849769115448,30,4.383150988862875
6793,527,213,3,-55,55.08175741568164,131.49452966588623,30,111.0849769115448,30,4.383150988862875
6794,412,271,-115,58,128.79829191413992,131.49452966588623,30,111.0849769115448,30,4.383150988862875
6795,484,293,72,22,75.28612089887484,131.49452966588623,30,111.0849769115448,30,4.383150988862875
6796,550,226,66,-67,94.04786015641186,131.49452966588623,30,111.0849769115448,30,4.383150988862875
6797,,,,,,131.49452966588623,30,111.0849769115448,30,4.383150988862875
6798,423,299,-127,73,146.48549416239138,131.49452966588623,30,111.0849769115448,30,4.383150988862875
6799,526,265,103,-34,108.4665847162157,131.49452966588623,30,111.0849769115448,30,4.383150988862875
6800,521,213,-5,-52,52.23983154643591,131.49452966588623,30,111.0849769115448,30,4.383150988862875
6801,412,274,-109,61,124.90796611905904,131.49452966588623,30,111.0849769115448,30,4.383150988862875
6802,494,291,82,17,83.74365647617735,131.49452966588623,30,111.0849769115448,30,4.383150988862875
6803,547,224,53,-67,85.42833253669417,131.49452966588623,30,111.0849769115448,30,4.383150988862875
6804,425,247,-122,23,124.1491039033307,131.49452966588623,30,111.0849769115448,30,4.383150988862875
6805,431,300,6,53,53.33854141237835,131.49452966588623,30,111.0849769115448,30,4.383150988862875
6806,524,262,93,-38,100.46392387319938,131.49452966588623,30,111.0849769115448,30,4.383150988862875
6807,520,213,-4,-49,49.16299421312742,131.49452966588623,30,111.0849769115448,30,4.383150988862875
6808,412,277,-108,64,125.53883861180172,131.49452966588623,30,111.0849769115448,30,4.383150988862875
6809,493,289,81,12,81.88406438373708,131.49452966588623,30,111.0849769115448,30,4.383150988862875
6810,548,222,55,-67,86.68333173107735,131.49452966588623,30,111.0849769115448,30,4.383150988862875
6811,425,249,-123,27,125.92855117089213,131.49452966588623,30,111.0849769115448,30,4.383150988862875
6812,431,300,6,51,51.35172830587107,131.49452966588623,30,111.0849769115448,30,4.383150988862875
6813,529,260,98,-40,105.84894897919393,131.49452966588623,30,111.0849769115448,30,4.383150988862875
6814,515,214,-14,-46,48.08326112068523,131.49452966588623,30,111.0849769115448,30,4.383150988862875
6815,408,280,-107,66,125.7179382586272,131.49452966588623,30,111.0849769115448,30,4.383150988862875
6816,496,286,88,6,88.20430828479978,131.49452966588623,30,111.0849769115448,30,4.383150988862875
6817,546,221,50,-65,82.00609733428362,131.49452966588623,30,111.0849769115448,30,4.383150988862875
6818,420,254,-126,33,130.24976007655445,131.49452966588623,30,111.0849769115448,30,4.383150988862875
6819,440,300,20,46,50.15974481593781,131.49452966588623,30,111.0849769115448,30,4.383150988862875
6820,533,252,93,-48,104.65658125507444,131.49452966588623,30,111.0849769115448,30,4.383150988862875
6821,504,215,-29,-37,47.01063709417264,131.49452966588623,30,111.0849769115448,30,4.383150988862875
6822,407,287,-97,72,120.80149005703531,131.49452966588623,30,111.0849769115448,30,4.383150988862875
6823,510,281,103,-6,103.1746092796091,131.49452966588623,30,111.0849769115448,30,4.383150988862875
6824,541,218,31,-63,70.21395872616783,131.49452966588623,30,111.0849769115448,30,4.383150988862875
6825,418,257,-123,39,129.0348790056394,131.49452966588623,30,111.0849769115448,30,4.383150988862875
6826,451,300,33,43,54.20332093147061,131.49452966588623,30,111.0849769115448,30,4.383150988862875
6827,531,250,80,-50,94.33981132056604,131.49452966588623,30,111.0849769115448,30,4.383150988862875
6828,502,215,-29,-35,45.45327270945405,131.49452966588623,30,111.0849769115448,30,4.383150988862875
6829,411,290,-91,75,117.92370414806346,131.49452966588623,30,111.0849769115448,30,4.383150988862875
6830,510,279,99,-11,99.60923651951158,131.49452966588623,30,111.0849769115448,30,4.383150988862875
6831,540,217,30,-62,68.87670143089025,131.49452966588623,30,111.0849769115448,30,4.383150988862875
6832,421,260,-119,43,126.53062870309307,131.49452966588623,30,111.0849769115448,30,4.383150988862875
6833,453,299,32,39,50.44799302251776,131.49452966588623,30,111.0849769115448,30,4.383150988862875
6834,534,249,81,-50,95.1892851112981,131.49452966588623,30,111.0849769115448,30,4.383150988862875
6835,500,216,-34,-33,47.38143096192854,131.49452966588623,30,111.0849769115448,30,4.383150988862875
6836,409,292,-91,76,118.56221995222593,131.49452966588623,30,111.0849769115448,30,4.383150988862875
6837,510,276,101,-16,102.25947388873072,131.49452966588623,30,111.0849769115448,30,4.383150988862875
6838,540,215,30,-61,67.97793759742936,131.49452966588623,30,111.0849769115448,30,4.383150988862875
6839,419,263,-121,48,130.17296186228538,131.49452966588623,30,111.0849769115448,30,4.383150988862875
6840,458,298,39,35,52.40229002629561,131.49452966588623,30,111.0849769115448,30,4.383150988862875
6841,537,246,79,-52,94.57801012920498,131.49452966588623,30,111.0849769115448,30,4.383150988862875
6842,493,216,-44,-30,53.25410782277739,131.49452966588623,30,111.0849769115448,30,4.383150988862875
6843,409,294,-84,78,114.6298390472568,131.49452966588623,30,111.0849769115448,30,4.383150988862875
6844,518,274,109,-20,110.81967334368028,131.49452966588623,30,111.0849769115448,30,4.383150988862875
6845,534,215,16,-59,61.1310068623117,131.49452966588623,30,111.0849769115448,30,4.383150988862875
6846,416,265,-118,50,128.15615474880636,131.49452966588623,30,111.0849769115448,30,4.383150988862875
6847,471,297,55,32,63.631753079732135,131.49452966588623,30,111.0849769115448,30,4.383150988862875
6848,535,242,64,-55,84.38601779915912,131.49452966588623,30,111.0849769115448,30,4.383150988862875
6849,487,217,-48,-25,54.120236510939236,131.49452966588623,30,111.0849769115448,30,4.383150988862875
6850,416,297,-71,80,106.96261028976434,131.49452966588623,30,111.0849769115448,30,4.383150988862875
6851,519,271,103,-26,106.23088063270491,131.49452966588623,30,111.0849769115448,30,4.383150988862875
6852,531,214,12,-57,58.249463516842795,131.49452966588623,30,111.0849769115448,30,4.383150988862875
6853,417,267,-114,53,125.7179382586272,131.49452966588623,30,111.0849769115448,30,4.383150988862875
6854,483,295,66,28,71.69379331573968,131.49452966588623,30,111.0849769115448,30,4.383150988862875
6855,550,228,67,-67,94.75230867899737,131.49452966588623,30,111.0849769115448,30,4.383150988862875
6856,488,219,-62,-9,62.64982043070834,131.49452966588623,30,111.0849769115448,30,4.383150988862875
6857,420,298,-68,79,104.23531071570709,131.49452966588623,30,111.0849769115448,30,4.383150988862875
6858,519,267,99,-31,103.74005976477939,131.49452966588623,30,111.0849769115448,30,4.383150988862875
6859,525,213,6,-54,54.3323108288245,131.49452966588623,30,111.0849769115448,30,4.383150988862875
6860,413,274,-112,61,127.534309109353,131.49452966588623,30,111.0849769115448,30,4.383150988862875
6861,488,291,75,17,76.90253571892151,131.49452966588623,30,111.0849769115448,30,4.383150988862875
6862,550,225,62,-66,90.55385138137417,131.49452966588623,30,111.0849769115448,30,4.383150988862875
6863,,,,,,131.49452966588623,30,111.0849769115448,30,4.383150988862875
6864,425,300,-125,75,145.7737973711325,131.49452966588623,30,111.0849769115448,30,4.383150988862875
6865,528,263,103,-37,109.4440496326776,131.49452966588623,30,111.0849769115448,30,4.383150988862875
6866,520,213,-8,-50,50.635955604688654,131.49452966588623,30,111.0849769115448,30,4.383150988862875
6867,409,276,-111,63,127.63228431709588,131.49452966588623,30,111.0849769115448,30,4.383150988862875
6868,491,289,82,13,83.02409288875127,131.49452966588623,30,111.0849769115448,30,4.383150988862875
6869,548,223,57,-66,87.20665112249179,131.49452966588623,30,111.0849769115448,30,4.383150988862875
6870,424,248,-124,25,126.49505919204908,131.49452966588623,30,111.0849769115448,30,4.383150988862875
6871,430,300,6,52,52.3450093132096,131.49452966588623,30,111.0849769115448,30,4.383150988862875
6872,529,261,99,-39,106.4048871058092,131.49452966588623,30,111.0849769115448,30,4.383150988862875
6873,514,213,-15,-48,50.28916384272063,131.49452966588623,30,111.0849769115448,30,4.383150988862875
6874,409,279,-105,66,124.02015965156633,131.49452966588623,30,111.0849769115448,30,4.383150988862875
6875,500,287,91,8,91.35097153287424,131.49452966588623,30,111.0849769115448,30,4.383150988862875
6876,544,221,44,-66,79.32212806020776,131.49452966588623,30,111.0849769115448,30,4.383150988862875
6877,420,250,-124,29,127.3459854098275,131.49452966588623,30,111.0849769115448,30,4.383150988862875
6878,438,301,18,51,54.08326913195984,131.49452966588623,30,111.0849769115448,30,4.383150988862875
6879,527,258,89,-43,98.84331034521254,131.49452966588623,30,111.0849769115448,30,4.383150988862875
6880,513,214,-14,-44,46.17358552246078,131.49452966588623,30,111.0849769115448,30,4.383150988862875
6881,410,282,-103,68,123.42204017111368,131.49452966588623,30,111.0849769115448,30,4.383150988862875
6882,500,285,90,3,90.0499861188218,131.49452966588623,30,111.0849769115448,30,4.383150988862875
6883,545,220,45,-65,79.05694150420949,131.49452966588623,30,111.0849769115448,30,4.383150988862875
6884,421,257,-124,37,129.40247292845683,131.49452966588623,30,111.0849769115448,30,4.383150988862875
6885,442,300,21,43,47.853944456021594,131.49452966588623,30,111.0849769115448,30,4.383150988862875
6886,533,252,91,-48,102.88342918079665,131.49452966588623,30,111.0849769115448,30,4.383150988862875
6887,505,215,-28,-37,46.400431032480725,131.49452966588623,30,111.0849769115448,30,4.383150988862875
6888,409,292,-96,77,123.06502346320826,131.49452966588623,30,111.0849769115448,30,4.383150988862875
6889,510,276,101,-16,102.25947388873072,131.49452966588623,30,111.0849769115448,30,4.383150988862875
6890,536,214,26,-62,67.23094525588644,131.49452966588623,30,111.0849769115448,30,4.383150988862875
6891,417,266,-119,52,129.86531484580476,131.49452966588623,30,111.0849769115448,30,4.383150988862875
6892,471,296,54,30,61.773780845922005,131.49452966588623,30,111.0849769115448,30,4.383150988862875
6893,541,239,70,-57,90.27181176868004,131.49452966588623,30,111.0849769115448,30,4.383150988862875
6894,488,217,-53,-22,57.38466694161429,131.49452966588623,30,111.0849769115448,30,4.383150988862875
6895,413,297,-75,80,109.65856099730654,131.49452966588623,30,111.0849769115448,30,4.383150988862875
6896,522,270,109,-27,112.29425630903836,131.49452966588623,30,111.0849769115448,30,4.383150988862875
6897,530,214,8,-56,56.568542494923804,131.49452966588623,30,111.0849769115448,30,4.383150988862875
6898,413,268,-117,54,128.86038956948718,131.49452966588623,30,111.0849769115448,30,4.383150988862875
6899,479,295,66,27,71.30918594402827,131.49452966588623,30,111.0849769115448,30,4.383150988862875
6900,550,228,71,-67,97.62171889492625,131.49452966588623,30,111.0849769115448,30,4.383150988862875
6901,484,219,-66,-9,66.61080993352356,131.49452966588623,30,111.0849769115448,30,4.383150988862875
6902,420,299,-64,80,102.44998779892558,131.49452966588623,30,111.0849769115448,30,4.383150988862875
6903,523,268,103,-31,107.56393447619885,131.49452966588623,30,111.0849769115448,30,4.383150988862875
6904,525,213,2,-55,55.036351623268054,131.49452966588623,30,111.0849769115448,30,4.383150988862875
6905,414,271,-111,58,125.23977004130916,131.49452966588623,30,111.0849769115448,30,4.383150988862875
6906,490,293,76,22,79.12016177940993,131.49452966588623,30,111.0849769115448,30,4.383150988862875
6907,549,226,59,-67,89.27485648266257,131.49452966588623,30,111.0849769115448,30,4.383150988862875
6908,,,,,,131.49452966588623,30,111.0849769115448,30,4.383150988862875
6909,426,300,-123,74,143.54441821262157,131.49452966588623,30,111.0849769115448,30,4.383150988862875
6910,522,265,96,-35,102.18121158021175,131.49452966588623,30,111.0849769115448,30,4.383150988862875
6911,525,213,3,-52,52.08646657242167,131.49452966588623,30,111.0849769115448,30,4.383150988862875
6912,413,274,-112,61,127.534309109353,131.49452966588623,30,111.0849769115448,30,4.383150988862875
6913,488,291,75,17,76.90253571892151,131.49452966588623,30,111.0849769115448,30,4.383150988862875
6914,550,225,62,-66,90.55385138137417,131.49452966588623,30,111.0849769115448,30,4.383150988862875
6915,,,,,,131.49452966588623,30,111.0849769115448,30,4.383150988862875
6916,426,300,-124,75,144.91721774861674,131.49452966588623,30,111.0849769115448,30,4.383150988862875
6917,528,263,102,-37,108.50345616615168,131.49452966588623,30,111.0849769115448,30,4.383150988862875
6918,520,213,-8,-50,50.635955604688654,131.49452966588623,30,111.0849769115448,30,4.383150988862875
6919,409,277,-111,64,128.1288414058287,131.49452966588623,30,111.0849769115448,30,4.383150988862875
6920,491,289,82,12,82.87339742040264,131.49452966588623,30,111.0849769115448,30,4.383150988862875
6921,548,223,57,-66,87.20665112249179,131.49452966588623,30,111.0849769115448,30,4.383150988862875
6922,424,248,-124,25,126.49505919204908,131.49452966588623,30,111.0849769115448,30,4.383150988862875
6923,431,300,7,52,52.46903848937962,131.49452966588623,30,111.0849769115448,30,4.383150988862875
6924,530,260,99,-40,106.77546534667971,131.49452966588623,30,111.0849769115448,30,4.383150988862875
6925,514,214,-16,-46,48.703182647543684,131.49452966588623,30,111.0849769115448,30,4.383150988862875
6926,409,280,-105,66,124.02015965156633,131.49452966588623,30,111.0849769115448,30,4.383150988862875
6927,501,287,92,7,92.26592003551474,131.49452966588623,30,111.0849769115448,30,4.383150988862875
6928,544,221,43,-66,78.77182237323191,131.49452966588623,30,111.0849769115448,30,4.383150988862875
6929,420,250,-124,29,127.3459854098275,131.49452966588623,30,111.0849769115448,30,4.383150988862875
6930,443,300,23,50,55.036351623268054,131.49452966588623,30,111.0849769115448,30,4.383150988862875
6931,529,253,86,-47,98.00510190801293,131.49452966588623,30,111.0849769115448,30,4.383150988862875
6932,506,215,-23,-38,44.41846462902562,131.49452966588623,30,111.0849769115448,30,4.383150988862875
6933,410,287,-96,72,120.0,131.49452966588623,30,111.0849769115448,30,4.383150988862875
6934,506,281,96,-6,96.18731725128839,131.49452966588623,30,111.0849769115448,30,4.383150988862875
6935,542,218,36,-63,72.56031973468694,131.49452966588623,30,111.0849769115448,30,4.383150988862875
6936,421,258,-121,40,127.4401820463232,131.49452966588623,30,111.0849769115448,30,4.383150988862875
6937,443,300,22,42,47.41307836451879,131.49452966588623,30,111.0849769115448,30,4.383150988862875
6938,533,251,90,-49,102.47438704378767,131.49452966588623,30,111.0849769115448,30,4.383150988862875
6939,504,215,-29,-36,46.22769732530488,131.49452966588623,30,111.0849769115448,30,4.383150988862875
6940,408,289,-96,74,121.21056059601408,131.49452966588623,30,111.0849769115448,30,4.383150988862875
6941,506,279,98,-10,98.50888284819801,131.49452966588623,30,111.0849769115448,30,4.383150988862875
6942,542,217,36,-62,71.69379331573968,131.49452966588623,30,111.0849769115448,30,4.383150988862875
6943,419,260,-123,43,130.29965464267354,131.49452966588623,30,111.0849769115448,30,4.383150988862875
6944,449,299,30,39,49.20365840057018,131.49452966588623,30,111.0849769115448,30,4.383150988862875
6945,536,248,87,-51,100.84641788382967,131.49452966588623,30,111.0849769115448,30,4.383150988862875
6946,498,215,-38,-33,50.32891812864648,131.49452966588623,30,111.0849769115448,30,4.383150988862875
6947,407,292,-91,77,119.20570456148481,131.49452966588623,30,111.0849769115448,30,4.383150988862875
6948,515,277,108,-15,109.03669107231748,131.49452966588623,30,111.0849769115448,30,4.383150988862875
6949,537,216,22,-61,64.8459713474939,131.49452966588623,30,111.0849769115448,30,4.383150988862875
6950,417,262,-120,46,128.51459061133875,131.49452966588623,30,111.0849769115448,30,4.383150988862875
6951,467,297,50,35,61.032778078668514,131.49452966588623,30,111.0849769115448,30,4.383150988862875
6952,535,241,68,-56,88.09086218218096,131.49452966588623,30,111.0849769115448,30,4.383150988862875
6953,488,218,-47,-23,52.32590180780452,131.49452966588623,30,111.0849769115448,30,4.383150988862875
6954,420,299,-68,81,105.75916035975324,131.49452966588623,30,111.0849769115448,30,4.383150988862875
6955,523,267,103,-32,107.8563859954523,131.49452966588623,30,111.0849769115448,30,4.383150988862875
6956,525,213,2,-54,54.037024344425184,131.49452966588623,30,111.0849769115448,30,4.383150988862875
6957,413,273,-112,60,127.05904139414872,131.49452966588623,30,111.0849769115448,30,4.383150988862875
6958,496,290,83,17,84.72307831990054,131.49452966588623,30,111.0849769115448,30,4.383150988862875
6959,546,224,50,-66,82.80096617793781,131.49452966588623,30,111.0849769115448,30,4.383150988862875
6960,424,247,-122,23,124.1491039033307,131.49452966588623,30,111.0849769115448,30,4.383150988862875
6961,432,300,8,53,53.600373133029585,131.49452966588623,30,111.0849769115448,30,4.383150988862875
6962,524,262,92,-38,99.53893710503444,131.49452966588623,30,111.0849769115448,30,4.383150988862875
6963,519,214,-5,-48,48.25971404805462,131.49452966588623,30,111.0849769115448,30,4.383150988862875
6964,411,278,-108,64,125.53883861180172,131.49452966588623,30,111.0849769115448,30,4.383150988862875
6965,494,288,83,10,83.60023923410746,131.49452966588623,30,111.0849769115448,30,4.383150988862875
6966,548,222,54,-66,85.27602242131137,131.49452966588623,30,111.0849769115448,30,4.383150988862875
6967,425,250,-123,28,126.14673994994877,131.49452966588623,30,111.0849769115448,30,4.383150988862875
6968,431,300,6,50,50.35871324805669,131.49452966588623,30,111.0849769115448,30,4.383150988862875
6969,529,260,98,-40,105.84894897919393,131.49452966588623,30,111.0849769115448,30,4.383150988862875
6970,515,214,-14,-46,48.08326112068523,131.49452966588623,30,111.0849769115448,30,4.383150988862875
6971,408,280,-107,66,125.7179382586272,131.49452966588623,30,111.0849769115448,30,4.383150988862875
6972,495,286,87,6,87.20665112249179,131.49452966588623,30,111.0849769115448,30,4.383150988862875
6973,546,221,51,-65,82.61961026293939,131.49452966588623,30,111.0849769115448,30,4.383150988862875
6974,421,251,-125,30,128.5496013218244,131.49452966588623,30,111.0849769115448,30,4.383150988862875
6975,435,300,14,49,50.96076922496363,131.49452966588623,30,111.0849769115448,30,4.383150988862875
6976,531,256,96,-44,105.60303025955268,131.49452966588623,30,111.0849769115448,30,4.383150988862875
6977,509,214,-22,-42,47.41307836451879,131.49452966588623,30,111.0849769115448,30,4.383150988862875
6978,407,283,-102,69,123.14625451064275,131.49452966588623,30,111.0849769115448,30,4.383150988862875
6979,505,284,98,1,98.00510190801293,131.49452966588623,30,111.0849769115448,30,4.383150988862875
6980,542,220,37,-64,73.92563831310488,131.49452966588623,30,111.0849769115448,30,4.383150988862875
6981,417,254,-125,34,129.5414991421668,131.49452966588623,30,111.0849769115448,30,4.383150988862875
6982,444,300,27,46,53.33854141237835,131.49452966588623,30,111.0849769115448,30,4.383150988862875
6983,529,252,85,-48,97.6165969494942,131.49452966588623,30,111.0849769115448,30,4.383150988862875
6984,505,215,-24,-37,44.10215414239989,131.49452966588623,30,111.0849769115448,30,4.383150988862875
6985,410,288,-95,73,119.80818002123227,131.49452966588623,30,111.0849769115448,30,4.383150988862875
6986,508,279,98,-9,98.41239759298622,131.49452966588623,30,111.0849769115448,30,4.383150988862875
6987,541,217,33,-62,70.2353187506115,131.49452966588623,30,111.0849769115448,30,4.383150988862875
6988,421,260,-120,43,127.47156545677157,131.49452966588623,30,111.0849769115448,30,4.383150988862875
6989,446,299,25,39,46.32493928760188,131.49452966588623,30,111.0849769115448,30,4.383150988862875
6990,534,249,88,-50,101.21264743103995,131.49452966588623,30,111.0849769115448,30,4.383150988862875
6991,501,216,-33,-33,46.66904755831214,131.49452966588623,30,111.0849769115448,30,4.383150988862875
6992,408,292,-93,76,120.10412149464314,131.49452966588623,30,111.0849769115448,30,4.383150988862875
6993,509,277,101,-15,102.1077861869505,131.49452966588623,30,111.0849769115448,30,4.383150988862875
6994,540,216,31,-61,68.42514157822401,131.49452966588623,30,111.0849769115448,30,4.383150988862875
6995,419,262,-121,46,129.4488315899375,131.49452966588623,30,111.0849769115448,30,4.383150988862875
6996,455,298,36,36,50.91168824543142,131.49452966588623,30,111.0849769115448,30,4.383150988862875
6997,537,246,82,-52,97.09788875150684,131.49452966588623,30,111.0849769115448,30,4.383150988862875
6998,494,216,-43,-30,52.43090691567332,131.49452966588623,30,111.0849769115448,30,4.383150988862875
6999,408,294,-86,78,116.10340218959993,131.49452966588623,30,111.0849769115448,30,4.383150988862875
7000,521,271,113,-23,115.31695452100702,131.49452966588623,30,111.0849769115448,30,4.383150988862875
7001,531,214,10,-57,57.87054518492115,131.49452966588623,30,111.0849769115448,30,4.383150988862875
7002,413,268,-118,54,129.76902558006668,131.49452966588623,30,111.0849769115448,30,4.383150988862875
7003,478,295,65,27,70.3846574190711,131.49452966588623,30,111.0849769115448,30,4.383150988862875
7004,549,226,71,-69,99.00505037623081,131.49452966588623,30,111.0849769115448,30,4.383150988862875
7005,,,,,,131.49452966588623,30,111.0849769115448,30,4.383150988862875
7006,423,300,-126,74,146.12323566086263,131.49452966588623,30,111.0849769115448,30,4.383150988862875
7007,526,265,103,-35,108.78419002777932,131.49452966588623,30,111.0849769115448,30,4.383150988862875
7008,521,213,-5,-52,52.23983154643591,131.49452966588623,30,111.0849769115448,30,4.383150988862875
7009,412,274,-109,61,124.90796611905904,131.49452966588623,30,111.0849769115448,30,4.383150988862875
7010,494,291,82,17,83.74365647617735,131.49452966588623,30,111.0849769115448,30,4.383150988862875
7011,546,224,52,-67,84.81155581640984,131.49452966588623,30,111.0849769115448,30,4.383150988862875
7012,425,246,-121,22,122.98373876248843,131.49452966588623,30,111.0849769115448,30,4.383150988862875
7013,431,300,6,54,54.3323108288245,131.49452966588623,30,111.0849769115448,30,4.383150988862875
7014,524,262,93,-38,100.46392387319938,131.49452966588623,30,111.0849769115448,30,4.383150988862875
7015,520,214,-4,-48,48.16637831516918,131.49452966588623,30,111.0849769115448,30,4.383150988862875
7016,411,278,-109,64,126.40015822774906,131.49452966588623,30,111.0849769115448,30,4.383150988862875
7017,493,289,82,11,82.73451516749222,131.49452966588623,30,111.0849769115448,30,4.383150988862875
7018,548,222,55,-67,86.68333173107735,131.49452966588623,30,111.0849769115448,30,4.383150988862875
7019,425,250,-123,28,126.14673994994877,131.49452966588623,30,111.0849769115448,30,4.383150988862875
7020,430,300,5,50,50.24937810560445,131.49452966588623,30,111.0849769115448,30,4.383150988862875
7021,529,260,99,-40,106.77546534667971,131.49452966588623,30,111.0849769115448,30,4.383150988862875
7022,515,214,-14,-46,48.08326112068523,131.49452966588623,30,111.0849769115448,30,4.383150988862875
7023,408,281,-107,67,126.24579200908045,131.49452966588623,30,111.0849769115448,30,4.383150988862875
7024,496,286,88,5,88.14193099768123,131.49452966588623,30,111.0849769115448,30,4.383150988862875
7025,546,221,50,-65,82.00609733428362,131.49452966588623,30,111.0849769115448,30,4.383150988862875
7026,421,251,-125,30,128.5496013218244,131.49452966588623,30,111.0849769115448,30,4.383150988862875
7027,435,300,14,49,50.96076922496363,131.49452966588623,30,111.0849769115448,30,4.383150988862875
7028,531,256,96,-44,105.60303025955268,131.49452966588623,30,111.0849769115448,30,4.383150988862875
7029,508,214,-23,-42,47.885279575251516,131.49452966588623,30,111.0849769115448,30,4.383150988862875
7030,407,284,-101,70,122.88612614937456,131.49452966588623,30,111.0849769115448,30,4.383150988862875
7031,506,284,99,0,99.0,131.49452966588623,30,111.0849769115448,30,4.383150988862875
7032,542,219,36,-65,74.30343195303969,131.49452966588623,30,111.0849769115448,30,4.383150988862875
7033,417,254,-125,35,129.80754985747168,131.49452966588623,30,111.0849769115448,30,4.383150988862875
7034,443,300,26,46,52.839379254491625,131.49452966588623,30,111.0849769115448,30,4.383150988862875
7035,529,253,86,-47,98.00510190801293,131.49452966588623,30,111.0849769115448,30,4.383150988862875
