Frame,Centroid_X,Centroid_Y,Movement_X (dX),Movement_Y (dY),Movement (pixels),Original_FPS,Playback_FPS,Actual_Playback_Time_s,Actual_FPS,Actual_Slowdown_Factor
0,369,61,0,0,0,148.45993446373956,30,70.99116635322571,30,4.948664482124652
1,303,65,-66,4,66.12110101926616,148.45993446373956,30,70.99116635322571,30,4.948664482124652
2,344,73,41,8,41.773197148410844,148.45993446373956,30,70.99116635322571,30,4.948664482124652
3,364,83,20,10,22.360679774997898,148.45993446373956,30,70.99116635322571,30,4.948664482124652
4,304,75,-60,-8,60.530983801686226,148.45993446373956,30,70.99116635322571,30,4.948664482124652
5,341,61,37,-14,39.56008088970496,148.45993446373956,30,70.99116635322571,30,4.948664482124652
6,366,64,25,3,25.179356624028344,148.45993446373956,30,70.99116635322571,30,4.948664482124652
7,302,72,-64,8,64.4980619863884,148.45993446373956,30,70.99116635322571,30,4.948664482124652
8,352,82,50,10,50.99019513592785,148.45993446373956,30,70.99116635322571,30,4.948664482124652
9,362,77,10,-5,11.180339887498949,148.45993446373956,30,70.99116635322571,30,4.948664482124652
10,302,63,-60,-14,61.61168720299745,148.45993446373956,30,70.99116635322571,30,4.948664482124652
11,346,62,44,-1,44.01136216933077,148.45993446373956,30,70.99116635322571,30,4.948664482124652
12,361,71,15,9,17.4928556845359,148.45993446373956,30,70.99116635322571,30,4.948664482124652
13,303,81,-58,10,58.855755878248644,148.45993446373956,30,70.99116635322571,30,4.948664482124652
14,354,80,51,-1,51.0098029794274,148.45993446373956,30,70.99116635322571,30,4.948664482124652
15,362,64,8,-16,17.88854381999832,148.45993446373956,30,70.99116635322571,30,4.948664482124652
16,301,62,-61,-2,61.032778078668514,148.45993446373956,30,70.99116635322571,30,4.948664482124652
17,353,69,52,7,52.46903848937962,148.45993446373956,30,70.99116635322571,30,4.948664482124652
18,355,80,2,11,11.180339887498949,148.45993446373956,30,70.99116635322571,30,4.948664482124652
19,303,81,-52,1,52.009614495783374,148.45993446373956,30,70.99116635322571,30,4.948664482124652
20,352,65,49,-16,51.54609587543949,148.45993446373956,30,70.99116635322571,30,4.948664482124652
21,360,62,8,-3,8.54400374531753,148.45993446373956,30,70.99116635322571,30,4.948664482124652
22,300,68,-60,6,60.29925372672534,148.45993446373956,30,70.99116635322571,30,4.948664482124652
23,360,78,60,10,60.8276253029822,148.45993446373956,30,70.99116635322571,30,4.948664482124652
24,351,82,-9,4,9.848857801796104,148.45993446373956,30,70.99116635322571,30,4.948664482124652
25,301,67,-50,-15,52.20153254455275,148.45993446373956,30,70.99116635322571,30,4.948664482124652
26,354,61,53,-6,53.33854141237835,148.45993446373956,30,70.99116635322571,30,4.948664482124652
27,355,67,1,6,6.082762530298219,148.45993446373956,30,70.99116635322571,30,4.948664482124652
28,301,76,-54,9,54.74486277268398,148.45993446373956,30,70.99116635322571,30,4.948664482124652
29,365,83,64,7,64.38167441127949,148.45993446373956,30,70.99116635322571,30,4.948664482124652
30,351,70,-14,-13,19.1049731745428,148.45993446373956,30,70.99116635322571,30,4.948664482124652
31,300,60,-51,-10,51.97114584074513,148.45993446373956,30,70.99116635322571,30,4.948664482124652
32,359,66,59,6,59.30430001273095,148.45993446373956,30,70.99116635322571,30,4.948664482124652
33,349,75,-10,9,13.45362404707371,148.45993446373956,30,70.99116635322571,30,4.948664482124652
34,303,82,-46,7,46.52956049652737,148.45993446373956,30,70.99116635322571,30,4.948664482124652
35,364,71,61,-11,61.98386886924694,148.45993446373956,30,70.99116635322571,30,4.948664482124652
36,350,61,-14,-10,17.204650534085253,148.45993446373956,30,70.99116635322571,30,4.948664482124652
37,302,65,-48,4,48.16637831516918,148.45993446373956,30,70.99116635322571,30,4.948664482124652
38,364,74,62,9,62.64982043070834,148.45993446373956,30,70.99116635322571,30,4.948664482124652
39,343,83,-21,9,22.847319317591726,148.45993446373956,30,70.99116635322571,30,4.948664482124652
40,303,73,-40,-10,41.23105625617661,148.45993446373956,30,70.99116635322571,30,4.948664482124652
41,365,62,62,-11,62.96824596572466,148.45993446373956,30,70.99116635322571,30,4.948664482124652
42,344,64,-21,2,21.095023109728988,148.45993446373956,30,70.99116635322571,30,4.948664482124652
43,304,72,-40,8,40.792156108742276,148.45993446373956,30,70.99116635322571,30,4.948664482124652
44,369,82,65,10,65.76473218982953,148.45993446373956,30,70.99116635322571,30,4.948664482124652
45,341,77,-28,-5,28.442925306655784,148.45993446373956,30,70.99116635322571,30,4.948664482124652
46,301,62,-40,-15,42.720018726587654,148.45993446373956,30,70.99116635322571,30,4.948664482124652
47,368,63,67,1,67.00746227100382,148.45993446373956,30,70.99116635322571,30,4.948664482124652
48,338,71,-30,8,31.04834939252005,148.45993446373956,30,70.99116635322571,30,4.948664482124652
49,309,80,-29,9,30.364452901377952,148.45993446373956,30,70.99116635322571,30,4.948664482124652
50,370,80,61,0,61.0,148.45993446373956,30,70.99116635322571,30,4.948664482124652
51,341,64,-29,-16,33.12099032335839,148.45993446373956,30,70.99116635322571,30,4.948664482124652
52,303,62,-38,-2,38.05259518088089,148.45993446373956,30,70.99116635322571,30,4.948664482124652
53,371,69,68,7,68.3593446428504,148.45993446373956,30,70.99116635322571,30,4.948664482124652
54,331,80,-40,11,41.48493702538308,148.45993446373956,30,70.99116635322571,30,4.948664482124652
55,312,80,-19,0,19.0,148.45993446373956,30,70.99116635322571,30,4.948664482124652
56,369,65,57,-15,58.9406481131655,148.45993446373956,30,70.99116635322571,30,4.948664482124652
57,337,61,-32,-4,32.2490309931942,148.45993446373956,30,70.99116635322571,30,4.948664482124652
58,306,68,-31,7,31.78049716414141,148.45993446373956,30,70.99116635322571,30,4.948664482124652
59,374,78,68,10,68.73136110975832,148.45993446373956,30,70.99116635322571,30,4.948664482124652
60,327,83,-47,5,47.265209192385896,148.45993446373956,30,70.99116635322571,30,4.948664482124652
61,310,67,-17,-16,23.345235059857504,148.45993446373956,30,70.99116635322571,30,4.948664482124652
62,370,61,60,-6,60.29925372672534,148.45993446373956,30,70.99116635322571,30,4.948664482124652
63,331,67,-39,6,39.45883931389772,148.45993446373956,30,70.99116635322571,30,4.948664482124652
64,312,75,-19,8,20.615528128088304,148.45993446373956,30,70.99116635322571,30,4.948664482124652
65,376,83,64,8,64.4980619863884,148.45993446373956,30,70.99116635322571,30,4.948664482124652
66,326,70,-50,-13,51.66236541235796,148.45993446373956,30,70.99116635322571,30,4.948664482124652
67,310,60,-16,-10,18.867962264113206,148.45993446373956,30,70.99116635322571,30,4.948664482124652
68,372,66,62,6,62.289646009589745,148.45993446373956,30,70.99116635322571,30,4.948664482124652
69,325,75,-47,9,47.853944456021594,148.45993446373956,30,70.99116635322571,30,4.948664482124652
70,318,82,-7,7,9.899494936611665,148.45993446373956,30,70.99116635322571,30,4.948664482124652
71,375,73,57,-9,57.706152185014034,148.45993446373956,30,70.99116635322571,30,4.948664482124652
72,324,62,-51,-11,52.172789842982326,148.45993446373956,30,70.99116635322571,30,4.948664482124652
73,314,65,-10,3,10.44030650891055,148.45993446373956,30,70.99116635322571,30,4.948664482124652
74,373,74,59,9,59.682493245507096,148.45993446373956,30,70.99116635322571,30,4.948664482124652
75,320,83,-53,9,53.75872022286245,148.45993446373956,30,70.99116635322571,30,4.948664482124652
76,318,74,-2,-9,9.219544457292887,148.45993446373956,30,70.99116635322571,30,4.948664482124652
77,376,62,58,-12,59.22837157984339,148.45993446373956,30,70.99116635322571,30,4.948664482124652
78,320,64,-56,2,56.0357029044876,148.45993446373956,30,70.99116635322571,30,4.948664482124652
79,321,72,1,8,8.06225774829855,148.45993446373956,30,70.99116635322571,30,4.948664482124652
80,374,82,53,10,53.9351462406472,148.45993446373956,30,70.99116635322571,30,4.948664482124652
81,318,78,-56,-4,56.142675390472796,148.45993446373956,30,70.99116635322571,30,4.948664482124652
82,316,61,-2,-17,17.11724276862369,148.45993446373956,30,70.99116635322571,30,4.948664482124652
83,376,63,60,2,60.03332407921454,148.45993446373956,30,70.99116635322571,30,4.948664482124652
84,315,71,-61,8,61.5223536610881,148.45993446373956,30,70.99116635322571,30,4.948664482124652
85,328,81,13,10,16.401219466856727,148.45993446373956,30,70.99116635322571,30,4.948664482124652
86,373,80,45,-1,45.0111097397076,148.45993446373956,30,70.99116635322571,30,4.948664482124652
87,317,64,-56,-16,58.240879114244144,148.45993446373956,30,70.99116635322571,30,4.948664482124652
88,320,61,3,-3,4.242640687119285,148.45993446373956,30,70.99116635322571,30,4.948664482124652
89,375,70,55,9,55.731499172371095,148.45993446373956,30,70.99116635322571,30,4.948664482124652
90,311,79,-64,9,64.6297145282261,148.45993446373956,30,70.99116635322571,30,4.948664482124652
91,332,81,21,2,21.095023109728988,148.45993446373956,30,70.99116635322571,30,4.948664482124652
92,373,65,41,-16,44.01136216933077,148.45993446373956,30,70.99116635322571,30,4.948664482124652
93,314,62,-59,-3,59.07622195096772,148.45993446373956,30,70.99116635322571,30,4.948664482124652
94,326,68,12,6,13.416407864998739,148.45993446373956,30,70.99116635322571,30,4.948664482124652
95,373,78,47,10,48.05205510693585,148.45993446373956,30,70.99116635322571,30,4.948664482124652
96,309,82,-64,4,64.1248781675256,148.45993446373956,30,70.99116635322571,30,4.948664482124652
97,330,67,21,-15,25.80697580112788,148.45993446373956,30,70.99116635322571,30,4.948664482124652
98,372,61,42,-6,42.42640687119285,148.45993446373956,30,70.99116635322571,30,4.948664482124652
99,310,67,-62,6,62.289646009589745,148.45993446373956,30,70.99116635322571,30,4.948664482124652
100,334,76,24,9,25.632011235952593,148.45993446373956,30,70.99116635322571,30,4.948664482124652
101,370,83,36,7,36.6742416417845,148.45993446373956,30,70.99116635322571,30,4.948664482124652
102,308,70,-62,-13,63.34824385884742,148.45993446373956,30,70.99116635322571,30,4.948664482124652
103,332,61,24,-9,25.632011235952593,148.45993446373956,30,70.99116635322571,30,4.948664482124652
104,371,66,39,5,39.319206502675,148.45993446373956,30,70.99116635322571,30,4.948664482124652
105,306,75,-65,9,65.62011886609167,148.45993446373956,30,70.99116635322571,30,4.948664482124652
106,342,83,36,8,36.87817782917155,148.45993446373956,30,70.99116635322571,30,4.948664482124652
107,369,72,27,-11,29.154759474226502,148.45993446373956,30,70.99116635322571,30,4.948664482124652
108,306,61,-63,-11,63.953107821277925,148.45993446373956,30,70.99116635322571,30,4.948664482124652
109,337,65,31,4,31.25699921617557,148.45993446373956,30,70.99116635322571,30,4.948664482124652
110,368,74,31,9,32.28002478313795,148.45993446373956,30,70.99116635322571,30,4.948664482124652
111,305,83,-63,9,63.63961030678928,148.45993446373956,30,70.99116635322571,30,4.948664482124652
112,342,75,37,-8,37.8549864614954,148.45993446373956,30,70.99116635322571,30,4.948664482124652
113,369,62,27,-13,29.966648127543394,148.45993446373956,30,70.99116635322571,30,4.948664482124652
114,304,64,-65,2,65.03076195155643,148.45993446373956,30,70.99116635322571,30,4.948664482124652
115,344,72,40,8,40.792156108742276,148.45993446373956,30,70.99116635322571,30,4.948664482124652
116,364,82,20,10,22.360679774997898,148.45993446373956,30,70.99116635322571,30,4.948664482124652
117,304,77,-60,-5,60.207972893961475,148.45993446373956,30,70.99116635322571,30,4.948664482124652
118,341,61,37,-16,40.311288741492746,148.45993446373956,30,70.99116635322571,30,4.948664482124652
119,367,63,26,2,26.076809620810597,148.45993446373956,30,70.99116635322571,30,4.948664482124652
120,302,71,-65,8,65.49045732013177,148.45993446373956,30,70.99116635322571,30,4.948664482124652
121,351,81,49,10,50.00999900019995,148.45993446373956,30,70.99116635322571,30,4.948664482124652
122,362,79,11,-2,11.180339887498949,148.45993446373956,30,70.99116635322571,30,4.948664482124652
123,302,63,-60,-16,62.0966987850401,148.45993446373956,30,70.99116635322571,30,4.948664482124652
124,345,61,43,-2,43.04648650006177,148.45993446373956,30,70.99116635322571,30,4.948664482124652
125,362,70,17,9,19.235384061671343,148.45993446373956,30,70.99116635322571,30,4.948664482124652
126,302,79,-60,9,60.67124524847005,148.45993446373956,30,70.99116635322571,30,4.948664482124652
127,355,81,53,2,53.03772242470448,148.45993446373956,30,70.99116635322571,30,4.948664482124652
128,362,65,7,-16,17.46424919657298,148.45993446373956,30,70.99116635322571,30,4.948664482124652
129,300,62,-62,-3,62.07253821135398,148.45993446373956,30,70.99116635322571,30,4.948664482124652
130,352,68,52,6,52.3450093132096,148.45993446373956,30,70.99116635322571,30,4.948664482124652
131,356,78,4,10,10.770329614269007,148.45993446373956,30,70.99116635322571,30,4.948664482124652
132,303,81,-53,3,53.08483775994799,148.45993446373956,30,70.99116635322571,30,4.948664482124652
133,352,67,49,-14,50.96076922496363,148.45993446373956,30,70.99116635322571,30,4.948664482124652
134,360,61,8,-6,10.0,148.45993446373956,30,70.99116635322571,30,4.948664482124652
135,300,67,-60,6,60.29925372672534,148.45993446373956,30,70.99116635322571,30,4.948664482124652
136,359,76,59,9,59.682493245507096,148.45993446373956,30,70.99116635322571,30,4.948664482124652
137,351,83,-8,7,10.63014581273465,148.45993446373956,30,70.99116635322571,30,4.948664482124652
138,302,69,-49,-14,50.96076922496363,148.45993446373956,30,70.99116635322571,30,4.948664482124652
139,354,61,52,-8,52.61178575186362,148.45993446373956,30,70.99116635322571,30,4.948664482124652
140,355,66,1,5,5.0990195135927845,148.45993446373956,30,70.99116635322571,30,4.948664482124652
141,301,75,-54,9,54.74486277268398,148.45993446373956,30,70.99116635322571,30,4.948664482124652
142,365,83,64,8,64.4980619863884,148.45993446373956,30,70.99116635322571,30,4.948664482124652
143,350,72,-15,-11,18.601075237738275,148.45993446373956,30,70.99116635322571,30,4.948664482124652
144,300,61,-50,-11,51.19570294468082,148.45993446373956,30,70.99116635322571,30,4.948664482124652
145,359,65,59,4,59.135437767890075,148.45993446373956,30,70.99116635322571,30,4.948664482124652
146,350,74,-9,9,12.727922061357855,148.45993446373956,30,70.99116635322571,30,4.948664482124652
147,303,81,-47,7,47.51841748206689,148.45993446373956,30,70.99116635322571,30,4.948664482124652
148,365,74,62,-7,62.39390995922599,148.45993446373956,30,70.99116635322571,30,4.948664482124652
149,349,62,-16,-12,20.0,148.45993446373956,30,70.99116635322571,30,4.948664482124652
150,301,63,-48,1,48.010415536631214,148.45993446373956,30,70.99116635322571,30,4.948664482124652
151,364,72,63,9,63.63961030678928,148.45993446373956,30,70.99116635322571,30,4.948664482124652
152,344,82,-20,10,22.360679774997898,148.45993446373956,30,70.99116635322571,30,4.948664482124652
153,304,76,-40,-6,40.44749683231337,148.45993446373956,30,70.99116635322571,30,4.948664482124652
154,364,62,60,-14,61.61168720299745,148.45993446373956,30,70.99116635322571,30,4.948664482124652
155,345,63,-19,1,19.026297590440446,148.45993446373956,30,70.99116635322571,30,4.948664482124652
156,304,70,-41,7,41.593268686170845,148.45993446373956,30,70.99116635322571,30,4.948664482124652
157,369,81,65,11,65.92419889539804,148.45993446373956,30,70.99116635322571,30,4.948664482124652
158,340,80,-29,-1,29.017236257093817,148.45993446373956,30,70.99116635322571,30,4.948664482124652
159,302,63,-38,-17,41.6293165929973,148.45993446373956,30,70.99116635322571,30,4.948664482124652
160,368,62,66,-1,66.007575322837,148.45993446373956,30,70.99116635322571,30,4.948664482124652
161,338,70,-30,8,31.04834939252005,148.45993446373956,30,70.99116635322571,30,4.948664482124652
162,308,79,-30,9,31.32091952673165,148.45993446373956,30,70.99116635322571,30,4.948664482124652
163,371,81,63,2,63.0317380372777,148.45993446373956,30,70.99116635322571,30,4.948664482124652
164,340,65,-31,-16,34.88552708502482,148.45993446373956,30,70.99116635322571,30,4.948664482124652
165,302,61,-38,-4,38.2099463490856,148.45993446373956,30,70.99116635322571,30,4.948664482124652
166,371,68,69,7,69.35416353759881,148.45993446373956,30,70.99116635322571,30,4.948664482124652
167,332,78,-39,10,40.26164427839479,148.45993446373956,30,70.99116635322571,30,4.948664482124652
168,313,82,-19,4,19.4164878389476,148.45993446373956,30,70.99116635322571,30,4.948664482124652
169,370,68,57,-14,58.69412236331676,148.45993446373956,30,70.99116635322571,30,4.948664482124652
170,338,61,-32,-7,32.7566787083184,148.45993446373956,30,70.99116635322571,30,4.948664482124652
171,306,66,-32,5,32.38826948140329,148.45993446373956,30,70.99116635322571,30,4.948664482124652
172,374,76,68,10,68.73136110975832,148.45993446373956,30,70.99116635322571,30,4.948664482124652
173,327,83,-47,7,47.51841748206689,148.45993446373956,30,70.99116635322571,30,4.948664482124652
174,311,69,-16,-14,21.2602916254693,148.45993446373956,30,70.99116635322571,30,4.948664482124652
175,370,61,59,-8,59.53990258641679,148.45993446373956,30,70.99116635322571,30,4.948664482124652
176,332,66,-38,5,38.3275357934736,148.45993446373956,30,70.99116635322571,30,4.948664482124652
177,311,74,-21,8,22.47220505424423,148.45993446373956,30,70.99116635322571,30,4.948664482124652
178,376,83,65,9,65.62011886609167,148.45993446373956,30,70.99116635322571,30,4.948664482124652
179,326,73,-50,-10,50.99019513592785,148.45993446373956,30,70.99116635322571,30,4.948664482124652
180,310,60,-16,-13,20.615528128088304,148.45993446373956,30,70.99116635322571,30,4.948664482124652
181,372,65,62,5,62.20128616033595,148.45993446373956,30,70.99116635322571,30,4.948664482124652
182,326,74,-46,9,46.87216658103186,148.45993446373956,30,70.99116635322571,30,4.948664482124652
183,318,82,-8,8,11.313708498984761,148.45993446373956,30,70.99116635322571,30,4.948664482124652
184,375,75,57,-7,57.42821606144492,148.45993446373956,30,70.99116635322571,30,4.948664482124652
185,324,62,-51,-13,52.630789467763066,148.45993446373956,30,70.99116635322571,30,4.948664482124652
186,314,64,-10,2,10.198039027185569,148.45993446373956,30,70.99116635322571,30,4.948664482124652
187,373,72,59,8,59.53990258641679,148.45993446373956,30,70.99116635322571,30,4.948664482124652
188,320,82,-53,10,53.9351462406472,148.45993446373956,30,70.99116635322571,30,4.948664482124652
189,319,76,-1,-6,6.082762530298219,148.45993446373956,30,70.99116635322571,30,4.948664482124652
190,375,63,56,-13,57.48912940721924,148.45993446373956,30,70.99116635322571,30,4.948664482124652
191,320,63,-55,0,55.0,148.45993446373956,30,70.99116635322571,30,4.948664482124652
192,319,70,-1,7,7.0710678118654755,148.45993446373956,30,70.99116635322571,30,4.948664482124652
193,374,81,55,11,56.089214649520635,148.45993446373956,30,70.99116635322571,30,4.948664482124652
194,318,80,-56,-1,56.00892785976178,148.45993446373956,30,70.99116635322571,30,4.948664482124652
195,317,64,-1,-16,16.0312195418814,148.45993446373956,30,70.99116635322571,30,4.948664482124652
196,376,62,59,-2,59.033888572581766,148.45993446373956,30,70.99116635322571,30,4.948664482124652
197,315,70,-61,8,61.5223536610881,148.45993446373956,30,70.99116635322571,30,4.948664482124652
198,327,79,12,9,15.0,148.45993446373956,30,70.99116635322571,30,4.948664482124652
199,373,81,46,2,46.04345773288535,148.45993446373956,30,70.99116635322571,30,4.948664482124652
200,317,66,-56,-15,57.97413216254298,148.45993446373956,30,70.99116635322571,30,4.948664482124652
201,320,61,3,-5,5.830951894845301,148.45993446373956,30,70.99116635322571,30,4.948664482124652
202,375,69,55,8,55.57877292636101,148.45993446373956,30,70.99116635322571,30,4.948664482124652
203,311,78,-64,9,64.6297145282261,148.45993446373956,30,70.99116635322571,30,4.948664482124652
204,333,82,22,4,22.360679774997898,148.45993446373956,30,70.99116635322571,30,4.948664482124652
205,373,68,40,-14,42.37924020083418,148.45993446373956,30,70.99116635322571,30,4.948664482124652
206,315,62,-58,-6,58.309518948453004,148.45993446373956,30,70.99116635322571,30,4.948664482124652
207,326,67,11,5,12.083045973594572,148.45993446373956,30,70.99116635322571,30,4.948664482124652
208,373,76,47,9,47.853944456021594,148.45993446373956,30,70.99116635322571,30,4.948664482124652
209,309,83,-64,7,64.38167441127949,148.45993446373956,30,70.99116635322571,30,4.948664482124652
210,331,70,22,-13,25.553864678361276,148.45993446373956,30,70.99116635322571,30,4.948664482124652
211,372,61,41,-9,41.97618372363071,148.45993446373956,30,70.99116635322571,30,4.948664482124652
212,310,66,-62,5,62.20128616033595,148.45993446373956,30,70.99116635322571,30,4.948664482124652
213,333,74,23,8,24.351591323771842,148.45993446373956,30,70.99116635322571,30,4.948664482124652
214,370,83,37,9,38.07886552931954,148.45993446373956,30,70.99116635322571,30,4.948664482124652
215,307,73,-63,-10,63.788713735268246,148.45993446373956,30,70.99116635322571,30,4.948664482124652
216,331,61,24,-12,26.832815729997478,148.45993446373956,30,70.99116635322571,30,4.948664482124652
217,371,65,40,4,40.19950248448356,148.45993446373956,30,70.99116635322571,30,4.948664482124652
218,306,74,-65,9,65.62011886609167,148.45993446373956,30,70.99116635322571,30,4.948664482124652
219,342,82,36,8,36.87817782917155,148.45993446373956,30,70.99116635322571,30,4.948664482124652
220,369,75,27,-7,27.892651361962706,148.45993446373956,30,70.99116635322571,30,4.948664482124652
221,306,62,-63,-13,64.32728814430156,148.45993446373956,30,70.99116635322571,30,4.948664482124652
222,336,64,30,2,30.066592756745816,148.45993446373956,30,70.99116635322571,30,4.948664482124652
223,368,72,32,8,32.984845004941285,148.45993446373956,30,70.99116635322571,30,4.948664482124652
224,304,81,-64,9,64.6297145282261,148.45993446373956,30,70.99116635322571,30,4.948664482124652
225,344,77,40,-4,40.19950248448356,148.45993446373956,30,70.99116635322571,30,4.948664482124652
226,369,63,25,-14,28.653097563788805,148.45993446373956,30,70.99116635322571,30,4.948664482124652
227,304,63,-65,0,65.0,148.45993446373956,30,70.99116635322571,30,4.948664482124652
228,343,71,39,8,39.81205847478876,148.45993446373956,30,70.99116635322571,30,4.948664482124652
229,364,80,21,9,22.847319317591726,148.45993446373956,30,70.99116635322571,30,4.948664482124652
230,304,79,-60,-1,60.00833275470999,148.45993446373956,30,70.99116635322571,30,4.948664482124652
231,342,63,38,-16,41.23105625617661,148.45993446373956,30,70.99116635322571,30,4.948664482124652
232,367,63,25,0,25.0,148.45993446373956,30,70.99116635322571,30,4.948664482124652
233,302,70,-65,7,65.37583651472461,148.45993446373956,30,70.99116635322571,30,4.948664482124652
234,350,79,48,9,48.83646178829912,148.45993446373956,30,70.99116635322571,30,4.948664482124652
235,362,81,12,2,12.165525060596439,148.45993446373956,30,70.99116635322571,30,4.948664482124652
236,302,65,-60,-16,62.0966987850401,148.45993446373956,30,70.99116635322571,30,4.948664482124652
237,345,61,43,-4,43.18564576337837,148.45993446373956,30,70.99116635322571,30,4.948664482124652
238,362,69,17,8,18.788294228055936,148.45993446373956,30,70.99116635322571,30,4.948664482124652
239,302,77,-60,8,60.530983801686226,148.45993446373956,30,70.99116635322571,30,4.948664482124652
240,355,82,53,5,53.23532661682466,148.45993446373956,30,70.99116635322571,30,4.948664482124652
241,361,68,6,-14,15.231546211727817,148.45993446373956,30,70.99116635322571,30,4.948664482124652
242,301,61,-60,-7,60.40695324215582,148.45993446373956,30,70.99116635322571,30,4.948664482124652
243,352,67,51,6,51.35172830587107,148.45993446373956,30,70.99116635322571,30,4.948664482124652
244,357,77,5,10,11.180339887498949,148.45993446373956,30,70.99116635322571,30,4.948664482124652
245,303,82,-54,5,54.230987451824994,148.45993446373956,30,70.99116635322571,30,4.948664482124652
246,354,70,51,-12,52.392747589718944,148.45993446373956,30,70.99116635322571,30,4.948664482124652
247,360,61,6,-9,10.816653826391969,148.45993446373956,30,70.99116635322571,30,4.948664482124652
248,300,65,-60,4,60.13318551349163,148.45993446373956,30,70.99116635322571,30,4.948664482124652
249,358,75,58,10,58.855755878248644,148.45993446373956,30,70.99116635322571,30,4.948664482124652
250,351,83,-7,8,10.63014581273465,148.45993446373956,30,70.99116635322571,30,4.948664482124652
251,302,72,-49,-11,50.21951811795888,148.45993446373956,30,70.99116635322571,30,4.948664482124652
252,354,61,52,-11,53.150729063673246,148.45993446373956,30,70.99116635322571,30,4.948664482124652
253,356,65,2,4,4.47213595499958,148.45993446373956,30,70.99116635322571,30,4.948664482124652
254,300,73,-56,8,56.568542494923804,148.45993446373956,30,70.99116635322571,30,4.948664482124652
255,365,83,65,10,65.76473218982953,148.45993446373956,30,70.99116635322571,30,4.948664482124652
256,350,75,-15,-8,17.0,148.45993446373956,30,70.99116635322571,30,4.948664482124652
257,300,61,-50,-14,51.92301994298868,148.45993446373956,30,70.99116635322571,30,4.948664482124652
258,359,64,59,3,59.07622195096772,148.45993446373956,30,70.99116635322571,30,4.948664482124652
259,350,72,-9,8,12.041594578792296,148.45993446373956,30,70.99116635322571,30,4.948664482124652
260,303,81,-47,9,47.853944456021594,148.45993446373956,30,70.99116635322571,30,4.948664482124652
261,366,77,63,-4,63.12685640834652,148.45993446373956,30,70.99116635322571,30,4.948664482124652
262,349,62,-17,-15,22.67156809750927,148.45993446373956,30,70.99116635322571,30,4.948664482124652
263,301,63,-48,1,48.010415536631214,148.45993446373956,30,70.99116635322571,30,4.948664482124652
264,363,71,62,8,62.51399843235114,148.45993446373956,30,70.99116635322571,30,4.948664482124652
265,344,81,-19,10,21.470910553583888,148.45993446373956,30,70.99116635322571,30,4.948664482124652
266,304,79,-40,-2,40.049968789001575,148.45993446373956,30,70.99116635322571,30,4.948664482124652
267,364,63,60,-16,62.0966987850401,148.45993446373956,30,70.99116635322571,30,4.948664482124652
268,346,62,-18,-1,18.027756377319946,148.45993446373956,30,70.99116635322571,30,4.948664482124652
269,303,69,-43,7,43.56604182158393,148.45993446373956,30,70.99116635322571,30,4.948664482124652
270,368,79,65,10,65.76473218982953,148.45993446373956,30,70.99116635322571,30,4.948664482124652
271,340,81,-28,2,28.071337695236398,148.45993446373956,30,70.99116635322571,30,4.948664482124652
272,302,65,-38,-16,41.23105625617661,148.45993446373956,30,70.99116635322571,30,4.948664482124652
273,367,61,65,-4,65.12296062065974,148.45993446373956,30,70.99116635322571,30,4.948664482124652
274,339,68,-28,7,28.861739379323623,148.45993446373956,30,70.99116635322571,30,4.948664482124652
275,308,77,-31,9,32.28002478313795,148.45993446373956,30,70.99116635322571,30,4.948664482124652
276,371,83,63,6,63.28506932918696,148.45993446373956,30,70.99116635322571,30,4.948664482124652
277,340,68,-31,-15,34.438350715445125,148.45993446373956,30,70.99116635322571,30,4.948664482124652
278,303,61,-37,-7,37.656340767525464,148.45993446373956,30,70.99116635322571,30,4.948664482124652
279,371,67,68,6,68.26419266350405,148.45993446373956,30,70.99116635322571,30,4.948664482124652
280,332,77,-39,10,40.26164427839479,148.45993446373956,30,70.99116635322571,30,4.948664482124652
281,312,82,-20,5,20.615528128088304,148.45993446373956,30,70.99116635322571,30,4.948664482124652
282,370,70,58,-12,59.22837157984339,148.45993446373956,30,70.99116635322571,30,4.948664482124652
283,338,61,-32,-9,33.24154027718932,148.45993446373956,30,70.99116635322571,30,4.948664482124652
284,306,65,-32,4,32.2490309931942,148.45993446373956,30,70.99116635322571,30,4.948664482124652
285,374,75,68,10,68.73136110975832,148.45993446373956,30,70.99116635322571,30,4.948664482124652
286,327,83,-47,8,47.67598976424087,148.45993446373956,30,70.99116635322571,30,4.948664482124652
287,311,72,-16,-11,19.4164878389476,148.45993446373956,30,70.99116635322571,30,4.948664482124652
288,370,61,59,-11,60.01666435249463,148.45993446373956,30,70.99116635322571,30,4.948664482124652
289,333,65,-37,4,37.21558813185679,148.45993446373956,30,70.99116635322571,30,4.948664482124652
290,310,73,-23,8,24.351591323771842,148.45993446373956,30,70.99116635322571,30,4.948664482124652
291,376,82,66,9,66.61080993352356,148.45993446373956,30,70.99116635322571,30,4.948664482124652
292,326,75,-50,-7,50.48762224545735,148.45993446373956,30,70.99116635322571,30,4.948664482124652
293,310,61,-16,-14,21.2602916254693,148.45993446373956,30,70.99116635322571,30,4.948664482124652
294,372,64,62,3,62.07253821135398,148.45993446373956,30,70.99116635322571,30,4.948664482124652
295,326,72,-46,8,46.69047011971501,148.45993446373956,30,70.99116635322571,30,4.948664482124652
296,317,81,-9,9,12.727922061357855,148.45993446373956,30,70.99116635322571,30,4.948664482124652
297,376,78,59,-3,59.07622195096772,148.45993446373956,30,70.99116635322571,30,4.948664482124652
298,324,63,-52,-15,54.120236510939236,148.45993446373956,30,70.99116635322571,30,4.948664482124652
299,314,63,-10,0,10.0,148.45993446373956,30,70.99116635322571,30,4.948664482124652
300,373,71,59,8,59.53990258641679,148.45993446373956,30,70.99116635322571,30,4.948664482124652
301,321,81,-52,10,52.952809179494906,148.45993446373956,30,70.99116635322571,30,4.948664482124652
302,320,78,-1,-3,3.1622776601683795,148.45993446373956,30,70.99116635322571,30,4.948664482124652
303,375,64,55,-14,56.753854494650845,148.45993446373956,30,70.99116635322571,30,4.948664482124652
304,321,62,-54,-2,54.037024344425184,148.45993446373956,30,70.99116635322571,30,4.948664482124652
305,319,69,-2,7,7.280109889280518,148.45993446373956,30,70.99116635322571,30,4.948664482124652
306,374,79,55,10,55.90169943749474,148.45993446373956,30,70.99116635322571,30,4.948664482124652
307,317,82,-57,3,57.07889277132134,148.45993446373956,30,70.99116635322571,30,4.948664482124652
308,317,65,0,-17,17.0,148.45993446373956,30,70.99116635322571,30,4.948664482124652
309,375,62,58,-3,58.077534382926416,148.45993446373956,30,70.99116635322571,30,4.948664482124652
310,316,69,-59,7,59.413803110051795,148.45993446373956,30,70.99116635322571,30,4.948664482124652
311,326,78,10,9,13.45362404707371,148.45993446373956,30,70.99116635322571,30,4.948664482124652
312,373,83,47,5,47.265209192385896,148.45993446373956,30,70.99116635322571,30,4.948664482124652
313,316,69,-57,-14,58.69412236331676,148.45993446373956,30,70.99116635322571,30,4.948664482124652
314,319,60,3,-9,9.486832980505138,148.45993446373956,30,70.99116635322571,30,4.948664482124652
315,375,67,56,7,56.43580423808985,148.45993446373956,30,70.99116635322571,30,4.948664482124652
316,311,76,-64,9,64.6297145282261,148.45993446373956,30,70.99116635322571,30,4.948664482124652
317,333,83,22,7,23.08679276123039,148.45993446373956,30,70.99116635322571,30,4.948664482124652
318,373,70,40,-13,42.05948168962618,148.45993446373956,30,70.99116635322571,30,4.948664482124652
319,315,61,-58,-9,58.69412236331676,148.45993446373956,30,70.99116635322571,30,4.948664482124652
320,325,65,10,4,10.770329614269007,148.45993446373956,30,70.99116635322571,30,4.948664482124652
321,373,75,48,10,49.03060268852505,148.45993446373956,30,70.99116635322571,30,4.948664482124652
322,309,83,-64,8,64.4980619863884,148.45993446373956,30,70.99116635322571,30,4.948664482124652
323,332,72,23,-11,25.495097567963924,148.45993446373956,30,70.99116635322571,30,4.948664482124652
324,373,61,41,-11,42.44997055358225,148.45993446373956,30,70.99116635322571,30,4.948664482124652
325,310,65,-63,4,63.12685640834652,148.45993446373956,30,70.99116635322571,30,4.948664482124652
326,333,73,23,8,24.351591323771842,148.45993446373956,30,70.99116635322571,30,4.948664482124652
327,371,82,38,9,39.05124837953327,148.45993446373956,30,70.99116635322571,30,4.948664482124652
328,307,75,-64,-7,64.38167441127949,148.45993446373956,30,70.99116635322571,30,4.948664482124652
329,331,62,24,-13,27.294688127912362,148.45993446373956,30,70.99116635322571,30,4.948664482124652
330,371,64,40,2,40.049968789001575,148.45993446373956,30,70.99116635322571,30,4.948664482124652
331,306,72,-65,8,65.49045732013177,148.45993446373956,30,70.99116635322571,30,4.948664482124652
332,341,82,35,10,36.40054944640259,148.45993446373956,30,70.99116635322571,30,4.948664482124652
333,369,77,28,-5,28.442925306655784,148.45993446373956,30,70.99116635322571,30,4.948664482124652
334,306,63,-63,-14,64.53681120105021,148.45993446373956,30,70.99116635322571,30,4.948664482124652
335,336,62,30,-1,30.01666203960727,148.45993446373956,30,70.99116635322571,30,4.948664482124652
336,368,71,32,9,33.24154027718932,148.45993446373956,30,70.99116635322571,30,4.948664482124652
337,304,80,-64,9,64.6297145282261,148.45993446373956,30,70.99116635322571,30,4.948664482124652
338,344,79,40,-1,40.01249804748511,148.45993446373956,30,70.99116635322571,30,4.948664482124652
339,369,64,25,-15,29.154759474226502,148.45993446373956,30,70.99116635322571,30,4.948664482124652
340,304,62,-65,-2,65.03076195155643,148.45993446373956,30,70.99116635322571,30,4.948664482124652
341,342,69,38,7,38.63935817272331,148.45993446373956,30,70.99116635322571,30,4.948664482124652
342,365,79,23,10,25.079872407968907,148.45993446373956,30,70.99116635322571,30,4.948664482124652
343,304,81,-61,2,61.032778078668514,148.45993446373956,30,70.99116635322571,30,4.948664482124652
344,342,64,38,-17,41.6293165929973,148.45993446373956,30,70.99116635322571,30,4.948664482124652
345,367,62,25,-2,25.079872407968907,148.45993446373956,30,70.99116635322571,30,4.948664482124652
346,302,68,-65,6,65.27633568147036,148.45993446373956,30,70.99116635322571,30,4.948664482124652
347,349,77,47,9,47.853944456021594,148.45993446373956,30,70.99116635322571,30,4.948664482124652
348,361,83,12,6,13.416407864998739,148.45993446373956,30,70.99116635322571,30,4.948664482124652
349,302,68,-59,-15,60.876925020897694,148.45993446373956,30,70.99116635322571,30,4.948664482124652
350,345,61,43,-7,43.56604182158393,148.45993446373956,30,70.99116635322571,30,4.948664482124652
351,363,67,18,6,18.973665961010276,148.45993446373956,30,70.99116635322571,30,4.948664482124652
352,302,76,-61,9,61.66036003787198,148.45993446373956,30,70.99116635322571,30,4.948664482124652
353,355,83,53,7,53.46026561849464,148.45993446373956,30,70.99116635322571,30,4.948664482124652
354,361,70,6,-13,14.317821063276353,148.45993446373956,30,70.99116635322571,30,4.948664482124652
355,301,61,-60,-9,60.67124524847005,148.45993446373956,30,70.99116635322571,30,4.948664482124652
356,351,65,50,4,50.15974481593781,148.45993446373956,30,70.99116635322571,30,4.948664482124652
357,357,75,6,10,11.661903789690601,148.45993446373956,30,70.99116635322571,30,4.948664482124652
358,303,82,-54,7,54.45181356024793,148.45993446373956,30,70.99116635322571,30,4.948664482124652
359,355,72,52,-10,52.952809179494906,148.45993446373956,30,70.99116635322571,30,4.948664482124652
360,360,61,5,-11,12.083045973594572,148.45993446373956,30,70.99116635322571,30,4.948664482124652
361,299,65,-61,4,61.1310068623117,148.45993446373956,30,70.99116635322571,30,4.948664482124652
362,358,73,59,8,59.53990258641679,148.45993446373956,30,70.99116635322571,30,4.948664482124652
363,351,83,-7,10,12.206555615733702,148.45993446373956,30,70.99116635322571,30,4.948664482124652
364,302,74,-49,-9,49.8196748283246,148.45993446373956,30,70.99116635322571,30,4.948664482124652
365,354,61,52,-13,53.600373133029585,148.45993446373956,30,70.99116635322571,30,4.948664482124652
366,356,64,2,3,3.605551275463989,148.45993446373956,30,70.99116635322571,30,4.948664482124652
367,300,72,-56,8,56.568542494923804,148.45993446373956,30,70.99116635322571,30,4.948664482124652
368,364,82,64,10,64.77653896280658,148.45993446373956,30,70.99116635322571,30,4.948664482124652
369,349,78,-15,-4,15.524174696260024,148.45993446373956,30,70.99116635322571,30,4.948664482124652
370,300,62,-49,-16,51.54609587543949,148.45993446373956,30,70.99116635322571,30,4.948664482124652
371,358,63,58,1,58.008620049092706,148.45993446373956,30,70.99116635322571,30,4.948664482124652
372,351,71,-7,8,10.63014581273465,148.45993446373956,30,70.99116635322571,30,4.948664482124652
373,303,80,-48,9,48.83646178829912,148.45993446373956,30,70.99116635322571,30,4.948664482124652
374,366,80,63,0,63.0,148.45993446373956,30,70.99116635322571,30,4.948664482124652
375,349,64,-17,-16,23.345235059857504,148.45993446373956,30,70.99116635322571,30,4.948664482124652
376,301,62,-48,-2,48.041648597857254,148.45993446373956,30,70.99116635322571,30,4.948664482124652
377,363,70,62,8,62.51399843235114,148.45993446373956,30,70.99116635322571,30,4.948664482124652
378,344,80,-19,10,21.470910553583888,148.45993446373956,30,70.99116635322571,30,4.948664482124652
379,305,80,-39,0,39.0,148.45993446373956,30,70.99116635322571,30,4.948664482124652
380,365,65,60,-15,61.84658438426491,148.45993446373956,30,70.99116635322571,30,4.948664482124652
381,345,62,-20,-3,20.223748416156685,148.45993446373956,30,70.99116635322571,30,4.948664482124652
382,303,68,-42,6,42.42640687119285,148.45993446373956,30,70.99116635322571,30,4.948664482124652
383,367,78,64,10,64.77653896280658,148.45993446373956,30,70.99116635322571,30,4.948664482124652
384,340,83,-27,5,27.459060435491963,148.45993446373956,30,70.99116635322571,30,4.948664482124652
385,303,67,-37,-16,40.311288741492746,148.45993446373956,30,70.99116635322571,30,4.948664482124652
386,367,61,64,-6,64.28063471995279,148.45993446373956,30,70.99116635322571,30,4.948664482124652
387,340,67,-27,6,27.65863337187866,148.45993446373956,30,70.99116635322571,30,4.948664482124652
388,307,76,-33,9,34.20526275297414,148.45993446373956,30,70.99116635322571,30,4.948664482124652
389,370,83,63,7,63.387695966961914,148.45993446373956,30,70.99116635322571,30,4.948664482124652
390,339,70,-31,-13,33.61547262794322,148.45993446373956,30,70.99116635322571,30,4.948664482124652
391,302,60,-37,-10,38.3275357934736,148.45993446373956,30,70.99116635322571,30,4.948664482124652
392,371,66,69,6,69.26037828369117,148.45993446373956,30,70.99116635322571,30,4.948664482124652
393,333,75,-38,9,39.05124837953327,148.45993446373956,30,70.99116635322571,30,4.948664482124652
394,312,82,-21,7,22.135943621178654,148.45993446373956,30,70.99116635322571,30,4.948664482124652
395,370,72,58,-10,58.855755878248644,148.45993446373956,30,70.99116635322571,30,4.948664482124652
396,338,61,-32,-11,33.83784863137726,148.45993446373956,30,70.99116635322571,30,4.948664482124652
397,305,64,-33,3,33.13608305156178,148.45993446373956,30,70.99116635322571,30,4.948664482124652
398,374,73,69,9,69.58448102845921,148.45993446373956,30,70.99116635322571,30,4.948664482124652
399,327,83,-47,10,48.05205510693585,148.45993446373956,30,70.99116635322571,30,4.948664482124652
400,312,74,-15,-9,17.4928556845359,148.45993446373956,30,70.99116635322571,30,4.948664482124652
401,370,62,58,-12,59.22837157984339,148.45993446373956,30,70.99116635322571,30,4.948664482124652
402,333,64,-37,2,37.05401462729781,148.45993446373956,30,70.99116635322571,30,4.948664482124652
403,310,71,-23,7,24.041630560342615,148.45993446373956,30,70.99116635322571,30,4.948664482124652
404,375,82,65,11,65.92419889539804,148.45993446373956,30,70.99116635322571,30,4.948664482124652
405,325,78,-50,-4,50.15974481593781,148.45993446373956,30,70.99116635322571,30,4.948664482124652
406,310,62,-15,-16,21.93171219946131,148.45993446373956,30,70.99116635322571,30,4.948664482124652
407,372,63,62,1,62.00806399170998,148.45993446373956,30,70.99116635322571,30,4.948664482124652
408,327,71,-45,8,45.70557952810576,148.45993446373956,30,70.99116635322571,30,4.948664482124652
409,316,79,-11,8,13.601470508735444,148.45993446373956,30,70.99116635322571,30,4.948664482124652
410,376,80,60,1,60.00833275470999,148.45993446373956,30,70.99116635322571,30,4.948664482124652
411,324,64,-52,-16,54.405882034941776,148.45993446373956,30,70.99116635322571,30,4.948664482124652
412,313,62,-11,-2,11.180339887498949,148.45993446373956,30,70.99116635322571,30,4.948664482124652
413,373,70,60,8,60.530983801686226,148.45993446373956,30,70.99116635322571,30,4.948664482124652
414,321,80,-52,10,52.952809179494906,148.45993446373956,30,70.99116635322571,30,4.948664482124652
415,320,80,-1,0,1.0,148.45993446373956,30,70.99116635322571,30,4.948664482124652
416,375,66,55,-14,56.753854494650845,148.45993446373956,30,70.99116635322571,30,4.948664482124652
417,321,62,-54,-4,54.147945482723536,148.45993446373956,30,70.99116635322571,30,4.948664482124652
418,318,68,-3,6,6.708203932499369,148.45993446373956,30,70.99116635322571,30,4.948664482124652
419,374,78,56,10,56.88585061331157,148.45993446373956,30,70.99116635322571,30,4.948664482124652
420,317,82,-57,4,57.14017850864661,148.45993446373956,30,70.99116635322571,30,4.948664482124652
421,318,66,1,-16,16.0312195418814,148.45993446373956,30,70.99116635322571,30,4.948664482124652
422,376,61,58,-5,58.215118311311535,148.45993446373956,30,70.99116635322571,30,4.948664482124652
423,316,67,-60,6,60.29925372672534,148.45993446373956,30,70.99116635322571,30,4.948664482124652
424,325,76,9,9,12.727922061357855,148.45993446373956,30,70.99116635322571,30,4.948664482124652
425,373,83,48,7,48.507731342539614,148.45993446373956,30,70.99116635322571,30,4.948664482124652
426,316,70,-57,-13,58.463663928973865,148.45993446373956,30,70.99116635322571,30,4.948664482124652
427,319,60,3,-10,10.44030650891055,148.45993446373956,30,70.99116635322571,30,4.948664482124652
428,375,66,56,6,56.32051136131489,148.45993446373956,30,70.99116635322571,30,4.948664482124652
429,311,75,-64,9,64.6297145282261,148.45993446373956,30,70.99116635322571,30,4.948664482124652
430,333,83,22,8,23.40939982143925,148.45993446373956,30,70.99116635322571,30,4.948664482124652
431,372,72,39,-11,40.52159917870962,148.45993446373956,30,70.99116635322571,30,4.948664482124652
432,315,61,-57,-11,58.05170109479997,148.45993446373956,30,70.99116635322571,30,4.948664482124652
433,324,64,9,3,9.486832980505138,148.45993446373956,30,70.99116635322571,30,4.948664482124652
434,373,74,49,10,50.00999900019995,148.45993446373956,30,70.99116635322571,30,4.948664482124652
435,309,83,-64,9,64.6297145282261,148.45993446373956,30,70.99116635322571,30,4.948664482124652
436,333,75,24,-8,25.298221281347036,148.45993446373956,30,70.99116635322571,30,4.948664482124652
437,373,61,40,-14,42.37924020083418,148.45993446373956,30,70.99116635322571,30,4.948664482124652
438,311,64,-62,3,62.07253821135398,148.45993446373956,30,70.99116635322571,30,4.948664482124652
439,332,72,21,8,22.47220505424423,148.45993446373956,30,70.99116635322571,30,4.948664482124652
440,371,82,39,10,40.26164427839479,148.45993446373956,30,70.99116635322571,30,4.948664482124652
441,308,77,-63,-5,63.198101237299845,148.45993446373956,30,70.99116635322571,30,4.948664482124652
442,331,62,23,-15,27.459060435491963,148.45993446373956,30,70.99116635322571,30,4.948664482124652
443,372,63,41,1,41.012193308819754,148.45993446373956,30,70.99116635322571,30,4.948664482124652
444,307,71,-65,8,65.49045732013177,148.45993446373956,30,70.99116635322571,30,4.948664482124652
445,340,81,33,10,34.48187929913333,148.45993446373956,30,70.99116635322571,30,4.948664482124652
446,369,79,29,-2,29.068883707497267,148.45993446373956,30,70.99116635322571,30,4.948664482124652
447,306,63,-63,-16,65.0,148.45993446373956,30,70.99116635322571,30,4.948664482124652
448,335,61,29,-2,29.068883707497267,148.45993446373956,30,70.99116635322571,30,4.948664482124652
449,369,69,34,8,34.92849839314596,148.45993446373956,30,70.99116635322571,30,4.948664482124652
450,305,79,-64,10,64.77653896280658,148.45993446373956,30,70.99116635322571,30,4.948664482124652
451,345,81,40,2,40.049968789001575,148.45993446373956,30,70.99116635322571,30,4.948664482124652
452,369,66,24,-15,28.30194339616981,148.45993446373956,30,70.99116635322571,30,4.948664482124652
453,304,61,-65,-5,65.19202405202648,148.45993446373956,30,70.99116635322571,30,4.948664482124652
454,342,68,38,7,38.63935817272331,148.45993446373956,30,70.99116635322571,30,4.948664482124652
455,365,78,23,10,25.079872407968907,148.45993446373956,30,70.99116635322571,30,4.948664482124652
456,304,82,-61,4,61.1310068623117,148.45993446373956,30,70.99116635322571,30,4.948664482124652
457,343,67,39,-15,41.78516483155236,148.45993446373956,30,70.99116635322571,30,4.948664482124652
458,367,61,24,-6,24.73863375370596,148.45993446373956,30,70.99116635322571,30,4.948664482124652
459,302,67,-65,6,65.27633568147036,148.45993446373956,30,70.99116635322571,30,4.948664482124652
460,349,76,47,9,47.853944456021594,148.45993446373956,30,70.99116635322571,30,4.948664482124652
461,361,83,12,7,13.892443989449804,148.45993446373956,30,70.99116635322571,30,4.948664482124652
462,302,70,-59,-13,60.41522986797286,148.45993446373956,30,70.99116635322571,30,4.948664482124652
463,345,60,43,-10,44.14748010928823,148.45993446373956,30,70.99116635322571,30,4.948664482124652
464,363,66,18,6,18.973665961010276,148.45993446373956,30,70.99116635322571,30,4.948664482124652
465,302,75,-61,9,61.66036003787198,148.45993446373956,30,70.99116635322571,30,4.948664482124652
466,355,83,53,8,53.600373133029585,148.45993446373956,30,70.99116635322571,30,4.948664482124652
467,360,72,5,-11,12.083045973594572,148.45993446373956,30,70.99116635322571,30,4.948664482124652
468,301,61,-59,-11,60.01666435249463,148.45993446373956,30,70.99116635322571,30,4.948664482124652
469,350,64,49,3,49.09175083453431,148.45993446373956,30,70.99116635322571,30,4.948664482124652
470,358,74,8,10,12.806248474865697,148.45993446373956,30,70.99116635322571,30,4.948664482124652
471,303,82,-55,8,55.57877292636101,148.45993446373956,30,70.99116635322571,30,4.948664482124652
472,355,74,52,-8,52.61178575186362,148.45993446373956,30,70.99116635322571,30,4.948664482124652
473,360,61,5,-13,13.92838827718412,148.45993446373956,30,70.99116635322571,30,4.948664482124652
474,300,64,-60,3,60.07495318350236,148.45993446373956,30,70.99116635322571,30,4.948664482124652
475,357,72,57,8,57.55866572463264,148.45993446373956,30,70.99116635322571,30,4.948664482124652
476,352,82,-5,10,11.180339887498949,148.45993446373956,30,70.99116635322571,30,4.948664482124652
477,303,76,-49,-6,49.36598018878993,148.45993446373956,30,70.99116635322571,30,4.948664482124652
478,354,62,51,-14,52.88667128870941,148.45993446373956,30,70.99116635322571,30,4.948664482124652
479,357,63,3,1,3.1622776601683795,148.45993446373956,30,70.99116635322571,30,4.948664482124652
480,300,71,-57,8,57.55866572463264,148.45993446373956,30,70.99116635322571,30,4.948664482124652
481,364,81,64,10,64.77653896280658,148.45993446373956,30,70.99116635322571,30,4.948664482124652
482,349,80,-15,-1,15.033296378372908,148.45993446373956,30,70.99116635322571,30,4.948664482124652
483,301,63,-48,-17,50.92150822589606,148.45993446373956,30,70.99116635322571,30,4.948664482124652
484,358,62,57,-1,57.0087712549569,148.45993446373956,30,70.99116635322571,30,4.948664482124652
485,351,69,-7,7,9.899494936611665,148.45993446373956,30,70.99116635322571,30,4.948664482124652
486,302,78,-49,9,49.8196748283246,148.45993446373956,30,70.99116635322571,30,4.948664482124652
487,367,81,65,3,65.06919393998976,148.45993446373956,30,70.99116635322571,30,4.948664482124652
488,349,65,-18,-16,24.08318915758459,148.45993446373956,30,70.99116635322571,30,4.948664482124652
489,301,61,-48,-4,48.16637831516918,148.45993446373956,30,70.99116635322571,30,4.948664482124652
490,362,68,61,7,61.40032573203501,148.45993446373956,30,70.99116635322571,30,4.948664482124652
491,345,78,-17,10,19.72308292331602,148.45993446373956,30,70.99116635322571,30,4.948664482124652
492,305,81,-40,3,40.11234224026316,148.45993446373956,30,70.99116635322571,30,4.948664482124652
493,365,67,60,-14,61.61168720299745,148.45993446373956,30,70.99116635322571,30,4.948664482124652
494,346,61,-19,-6,19.924858845171276,148.45993446373956,30,70.99116635322571,30,4.948664482124652
495,303,67,-43,6,43.41658669218482,148.45993446373956,30,70.99116635322571,30,4.948664482124652
496,367,76,64,9,64.6297145282261,148.45993446373956,30,70.99116635322571,30,4.948664482124652
497,340,84,-27,8,28.160255680657446,148.45993446373956,30,70.99116635322571,30,4.948664482124652
498,303,69,-37,-15,39.92492955535426,148.45993446373956,30,70.99116635322571,30,4.948664482124652
499,367,61,64,-8,64.4980619863884,148.45993446373956,30,70.99116635322571,30,4.948664482124652
500,340,66,-27,5,27.459060435491963,148.45993446373956,30,70.99116635322571,30,4.948664482124652
501,307,74,-33,8,33.95585369269929,148.45993446373956,30,70.99116635322571,30,4.948664482124652
502,370,83,63,9,63.63961030678928,148.45993446373956,30,70.99116635322571,30,4.948664482124652
503,339,73,-31,-10,32.57299494980466,148.45993446373956,30,70.99116635322571,30,4.948664482124652
504,302,60,-37,-13,39.21734310225516,148.45993446373956,30,70.99116635322571,30,4.948664482124652
505,370,65,68,5,68.18357573492314,148.45993446373956,30,70.99116635322571,30,4.948664482124652
506,333,74,-37,9,38.07886552931954,148.45993446373956,30,70.99116635322571,30,4.948664482124652
507,312,82,-21,8,22.47220505424423,148.45993446373956,30,70.99116635322571,30,4.948664482124652
508,371,75,59,-7,59.413803110051795,148.45993446373956,30,70.99116635322571,30,4.948664482124652
509,338,61,-33,-14,35.84689665786984,148.45993446373956,30,70.99116635322571,30,4.948664482124652
510,305,64,-33,3,33.13608305156178,148.45993446373956,30,70.99116635322571,30,4.948664482124652
511,373,72,68,8,68.46897107449476,148.45993446373956,30,70.99116635322571,30,4.948664482124652
512,328,82,-45,10,46.09772228646444,148.45993446373956,30,70.99116635322571,30,4.948664482124652
513,313,76,-15,-6,16.15549442140351,148.45993446373956,30,70.99116635322571,30,4.948664482124652
514,370,63,57,-13,58.463663928973865,148.45993446373956,30,70.99116635322571,30,4.948664482124652
515,334,63,-36,0,36.0,148.45993446373956,30,70.99116635322571,30,4.948664482124652
516,309,70,-25,7,25.96150997149434,148.45993446373956,30,70.99116635322571,30,4.948664482124652
517,375,81,66,11,66.91038783328041,148.45993446373956,30,70.99116635322571,30,4.948664482124652
518,325,80,-50,-1,50.00999900019995,148.45993446373956,30,70.99116635322571,30,4.948664482124652
519,310,63,-15,-17,22.67156809750927,148.45993446373956,30,70.99116635322571,30,4.948664482124652
520,372,62,62,-1,62.00806399170998,148.45993446373956,30,70.99116635322571,30,4.948664482124652
521,327,70,-45,8,45.70557952810576,148.45993446373956,30,70.99116635322571,30,4.948664482124652
522,315,78,-12,8,14.422205101855956,148.45993446373956,30,70.99116635322571,30,4.948664482124652
523,376,81,61,3,61.07372593840988,148.45993446373956,30,70.99116635322571,30,4.948664482124652
524,324,66,-52,-15,54.120236510939236,148.45993446373956,30,70.99116635322571,30,4.948664482124652
525,313,61,-11,-5,12.083045973594572,148.45993446373956,30,70.99116635322571,30,4.948664482124652
526,373,68,60,7,60.40695324215582,148.45993446373956,30,70.99116635322571,30,4.948664482124652
527,322,78,-51,10,51.97114584074513,148.45993446373956,30,70.99116635322571,30,4.948664482124652
528,321,81,-1,3,3.1622776601683795,148.45993446373956,30,70.99116635322571,30,4.948664482124652
529,376,68,55,-13,56.515484603779164,148.45993446373956,30,70.99116635322571,30,4.948664482124652
530,322,61,-54,-7,54.45181356024793,148.45993446373956,30,70.99116635322571,30,4.948664482124652
531,318,67,-4,6,7.211102550927978,148.45993446373956,30,70.99116635322571,30,4.948664482124652
532,374,77,56,10,56.88585061331157,148.45993446373956,30,70.99116635322571,30,4.948664482124652
533,318,83,-56,6,56.32051136131489,148.45993446373956,30,70.99116635322571,30,4.948664482124652
534,319,68,1,-15,15.033296378372908,148.45993446373956,30,70.99116635322571,30,4.948664482124652
535,376,61,57,-7,57.42821606144492,148.45993446373956,30,70.99116635322571,30,4.948664482124652
536,317,66,-59,5,59.21148537234985,148.45993446373956,30,70.99116635322571,30,4.948664482124652
537,325,75,8,9,12.041594578792296,148.45993446373956,30,70.99116635322571,30,4.948664482124652
538,373,83,48,8,48.662100242385755,148.45993446373956,30,70.99116635322571,30,4.948664482124652
539,316,73,-57,-10,57.87054518492115,148.45993446373956,30,70.99116635322571,30,4.948664482124652
540,319,60,3,-13,13.341664064126334,148.45993446373956,30,70.99116635322571,30,4.948664482124652
541,375,65,56,5,56.22277118748239,148.45993446373956,30,70.99116635322571,30,4.948664482124652
542,312,74,-63,9,63.63961030678928,148.45993446373956,30,70.99116635322571,30,4.948664482124652
543,332,82,20,8,21.540659228538015,148.45993446373956,30,70.99116635322571,30,4.948664482124652
544,373,75,41,-7,41.593268686170845,148.45993446373956,30,70.99116635322571,30,4.948664482124652
545,315,62,-58,-13,59.43904440685432,148.45993446373956,30,70.99116635322571,30,4.948664482124652
546,324,63,9,1,9.055385138137417,148.45993446373956,30,70.99116635322571,30,4.948664482124652
547,373,72,49,9,49.8196748283246,148.45993446373956,30,70.99116635322571,30,4.948664482124652
548,309,82,-64,10,64.77653896280658,148.45993446373956,30,70.99116635322571,30,4.948664482124652
549,334,77,25,-5,25.495097567963924,148.45993446373956,30,70.99116635322571,30,4.948664482124652
550,372,63,38,-14,40.496913462633174,148.45993446373956,30,70.99116635322571,30,4.948664482124652
551,311,63,-61,0,61.0,148.45993446373956,30,70.99116635322571,30,4.948664482124652
552,331,70,20,7,21.18962010041709,148.45993446373956,30,70.99116635322571,30,4.948664482124652
553,371,81,40,11,41.48493702538308,148.45993446373956,30,70.99116635322571,30,4.948664482124652
554,308,80,-63,-1,63.00793600809346,148.45993446373956,30,70.99116635322571,30,4.948664482124652
555,332,64,24,-16,28.844410203711913,148.45993446373956,30,70.99116635322571,30,4.948664482124652
556,372,62,40,-2,40.049968789001575,148.45993446373956,30,70.99116635322571,30,4.948664482124652
557,307,70,-65,8,65.49045732013177,148.45993446373956,30,70.99116635322571,30,4.948664482124652
558,340,79,33,9,34.20526275297414,148.45993446373956,30,70.99116635322571,30,4.948664482124652
559,369,80,29,1,29.017236257093817,148.45993446373956,30,70.99116635322571,30,4.948664482124652
560,306,66,-63,-14,64.53681120105021,148.45993446373956,30,70.99116635322571,30,4.948664482124652
561,335,61,29,-5,29.427877939124322,148.45993446373956,30,70.99116635322571,30,4.948664482124652
562,369,69,34,8,34.92849839314596,148.45993446373956,30,70.99116635322571,30,4.948664482124652
563,305,77,-64,8,64.4980619863884,148.45993446373956,30,70.99116635322571,30,4.948664482124652
564,345,82,40,5,40.311288741492746,148.45993446373956,30,70.99116635322571,30,4.948664482124652
565,368,68,23,-14,26.92582403567252,148.45993446373956,30,70.99116635322571,30,4.948664482124652
566,304,61,-64,-7,64.38167441127949,148.45993446373956,30,70.99116635322571,30,4.948664482124652
567,341,67,37,6,37.48332962798263,148.45993446373956,30,70.99116635322571,30,4.948664482124652
568,366,76,25,9,26.570660511172846,148.45993446373956,30,70.99116635322571,30,4.948664482124652
569,304,82,-62,6,62.289646009589745,148.45993446373956,30,70.99116635322571,30,4.948664482124652
570,344,68,40,-14,42.37924020083418,148.45993446373956,30,70.99116635322571,30,4.948664482124652
571,368,61,24,-7,25.0,148.45993446373956,30,70.99116635322571,30,4.948664482124652
572,302,66,-66,5,66.18912297349165,148.45993446373956,30,70.99116635322571,30,4.948664482124652
573,348,75,46,9,46.87216658103186,148.45993446373956,30,70.99116635322571,30,4.948664482124652
574,362,83,14,8,16.1245154965971,148.45993446373956,30,70.99116635322571,30,4.948664482124652
575,302,71,-60,-12,61.18823416311342,148.45993446373956,30,70.99116635322571,30,4.948664482124652
576,344,60,42,-11,43.41658669218482,148.45993446373956,30,70.99116635322571,30,4.948664482124652
577,364,65,20,5,20.615528128088304,148.45993446373956,30,70.99116635322571,30,4.948664482124652
578,302,73,-62,8,62.51399843235114,148.45993446373956,30,70.99116635322571,30,4.948664482124652
579,354,83,52,10,52.952809179494906,148.45993446373956,30,70.99116635322571,30,4.948664482124652
580,360,75,6,-8,10.0,148.45993446373956,30,70.99116635322571,30,4.948664482124652
581,301,62,-59,-13,60.41522986797286,148.45993446373956,30,70.99116635322571,30,4.948664482124652
582,350,63,49,1,49.01020301937138,148.45993446373956,30,70.99116635322571,30,4.948664482124652
583,358,72,8,9,12.041594578792296,148.45993446373956,30,70.99116635322571,30,4.948664482124652
584,303,81,-55,9,55.731499172371095,148.45993446373956,30,70.99116635322571,30,4.948664482124652
585,356,77,53,-4,53.150729063673246,148.45993446373956,30,70.99116635322571,30,4.948664482124652
586,360,62,4,-15,15.524174696260024,148.45993446373956,30,70.99116635322571,30,4.948664482124652
587,300,63,-60,1,60.00833275470999,148.45993446373956,30,70.99116635322571,30,4.948664482124652
588,357,70,57,7,57.42821606144492,148.45993446373956,30,70.99116635322571,30,4.948664482124652
589,352,81,-5,11,12.083045973594572,148.45993446373956,30,70.99116635322571,30,4.948664482124652
590,303,78,-49,-3,49.09175083453431,148.45993446373956,30,70.99116635322571,30,4.948664482124652
591,354,63,51,-15,53.16013544000805,148.45993446373956,30,70.99116635322571,30,4.948664482124652
592,357,62,3,-1,3.1622776601683795,148.45993446373956,30,70.99116635322571,30,4.948664482124652
593,300,69,-57,7,57.42821606144492,148.45993446373956,30,70.99116635322571,30,4.948664482124652
594,363,79,63,10,63.788713735268246,148.45993446373956,30,70.99116635322571,30,4.948664482124652
595,349,81,-14,2,14.142135623730951,148.45993446373956,30,70.99116635322571,30,4.948664482124652
596,301,65,-48,-16,50.59644256269407,148.45993446373956,30,70.99116635322571,30,4.948664482124652
597,357,61,56,-4,56.142675390472796,148.45993446373956,30,70.99116635322571,30,4.948664482124652
598,352,68,-5,7,8.602325267042627,148.45993446373956,30,70.99116635322571,30,4.948664482124652
599,302,77,-50,9,50.80354318352215,148.45993446373956,30,70.99116635322571,30,4.948664482124652
600,367,82,65,5,65.19202405202648,148.45993446373956,30,70.99116635322571,30,4.948664482124652
601,348,67,-19,-15,24.20743687382041,148.45993446373956,30,70.99116635322571,30,4.948664482124652
602,301,60,-47,-7,47.51841748206689,148.45993446373956,30,70.99116635322571,30,4.948664482124652
603,362,67,61,7,61.40032573203501,148.45993446373956,30,70.99116635322571,30,4.948664482124652
604,346,76,-16,9,18.35755975068582,148.45993446373956,30,70.99116635322571,30,4.948664482124652
605,305,81,-41,5,41.30375285612676,148.45993446373956,30,70.99116635322571,30,4.948664482124652
606,366,70,61,-11,61.98386886924694,148.45993446373956,30,70.99116635322571,30,4.948664482124652
607,347,61,-19,-9,21.02379604162864,148.45993446373956,30,70.99116635322571,30,4.948664482124652
608,303,66,-44,5,44.28317965096906,148.45993446373956,30,70.99116635322571,30,4.948664482124652
609,367,75,64,9,64.6297145282261,148.45993446373956,30,70.99116635322571,30,4.948664482124652
610,340,84,-27,9,28.460498941515414,148.45993446373956,30,70.99116635322571,30,4.948664482124652
611,304,71,-36,-13,38.27531841800928,148.45993446373956,30,70.99116635322571,30,4.948664482124652
612,367,60,63,-11,63.953107821277925,148.45993446373956,30,70.99116635322571,30,4.948664482124652
613,341,65,-26,5,26.476404589747453,148.45993446373956,30,70.99116635322571,30,4.948664482124652
614,306,73,-35,8,35.90264614203248,148.45993446373956,30,70.99116635322571,30,4.948664482124652
615,371,83,65,10,65.76473218982953,148.45993446373956,30,70.99116635322571,30,4.948664482124652
616,338,75,-33,-8,33.95585369269929,148.45993446373956,30,70.99116635322571,30,4.948664482124652
617,302,61,-36,-14,38.62641583165593,148.45993446373956,30,70.99116635322571,30,4.948664482124652
618,370,64,68,3,68.06614430096654,148.45993446373956,30,70.99116635322571,30,4.948664482124652
619,334,72,-36,8,36.87817782917155,148.45993446373956,30,70.99116635322571,30,4.948664482124652
620,312,81,-22,9,23.769728648009426,148.45993446373956,30,70.99116635322571,30,4.948664482124652
621,371,77,59,-4,59.135437767890075,148.45993446373956,30,70.99116635322571,30,4.948664482124652
622,338,62,-33,-15,36.24913792078372,148.45993446373956,30,70.99116635322571,30,4.948664482124652
623,304,62,-34,0,34.0,148.45993446373956,30,70.99116635322571,30,4.948664482124652
624,373,71,69,9,69.58448102845921,148.45993446373956,30,70.99116635322571,30,4.948664482124652
625,328,81,-45,10,46.09772228646444,148.45993446373956,30,70.99116635322571,30,4.948664482124652
626,314,78,-14,-3,14.317821063276353,148.45993446373956,30,70.99116635322571,30,4.948664482124652
627,370,63,56,-15,57.97413216254298,148.45993446373956,30,70.99116635322571,30,4.948664482124652
628,334,62,-36,-1,36.013886210738214,148.45993446373956,30,70.99116635322571,30,4.948664482124652
629,309,69,-25,7,25.96150997149434,148.45993446373956,30,70.99116635322571,30,4.948664482124652
630,375,80,66,11,66.91038783328041,148.45993446373956,30,70.99116635322571,30,4.948664482124652
631,325,81,-50,1,50.00999900019995,148.45993446373956,30,70.99116635322571,30,4.948664482124652
632,311,64,-14,-17,22.02271554554524,148.45993446373956,30,70.99116635322571,30,4.948664482124652
633,372,62,61,-2,61.032778078668514,148.45993446373956,30,70.99116635322571,30,4.948664482124652
634,328,68,-44,6,44.40720662234904,148.45993446373956,30,70.99116635322571,30,4.948664482124652
635,315,77,-13,9,15.811388300841896,148.45993446373956,30,70.99116635322571,30,4.948664482124652
636,376,83,61,6,61.29437168288782,148.45993446373956,30,70.99116635322571,30,4.948664482124652
637,324,67,-52,-16,54.405882034941776,148.45993446373956,30,70.99116635322571,30,4.948664482124652
638,313,61,-11,-6,12.529964086141668,148.45993446373956,30,70.99116635322571,30,4.948664482124652
639,373,67,60,6,60.29925372672534,148.45993446373956,30,70.99116635322571,30,4.948664482124652
640,322,77,-51,10,51.97114584074513,148.45993446373956,30,70.99116635322571,30,4.948664482124652
641,321,82,-1,5,5.0990195135927845,148.45993446373956,30,70.99116635322571,30,4.948664482124652
642,375,70,54,-12,55.31726674375732,148.45993446373956,30,70.99116635322571,30,4.948664482124652
643,322,61,-53,-9,53.75872022286245,148.45993446373956,30,70.99116635322571,30,4.948664482124652
644,317,65,-5,4,6.4031242374328485,148.45993446373956,30,70.99116635322571,30,4.948664482124652
645,374,75,57,10,57.87054518492115,148.45993446373956,30,70.99116635322571,30,4.948664482124652
646,318,83,-56,8,56.568542494923804,148.45993446373956,30,70.99116635322571,30,4.948664482124652
647,320,71,2,-12,12.165525060596439,148.45993446373956,30,70.99116635322571,30,4.948664482124652
648,376,61,56,-10,56.88585061331157,148.45993446373956,30,70.99116635322571,30,4.948664482124652
649,317,65,-59,4,59.135437767890075,148.45993446373956,30,70.99116635322571,30,4.948664482124652
650,324,74,7,9,11.40175425099138,148.45993446373956,30,70.99116635322571,30,4.948664482124652
651,373,83,49,9,49.8196748283246,148.45993446373956,30,70.99116635322571,30,4.948664482124652
652,316,75,-57,-8,57.55866572463264,148.45993446373956,30,70.99116635322571,30,4.948664482124652
653,319,60,3,-15,15.297058540778355,148.45993446373956,30,70.99116635322571,30,4.948664482124652
654,376,64,57,4,57.14017850864661,148.45993446373956,30,70.99116635322571,30,4.948664482124652
655,312,72,-64,8,64.4980619863884,148.45993446373956,30,70.99116635322571,30,4.948664482124652
656,331,82,19,10,21.470910553583888,148.45993446373956,30,70.99116635322571,30,4.948664482124652
657,372,77,41,-5,41.30375285612676,148.45993446373956,30,70.99116635322571,30,4.948664482124652
658,315,63,-57,-14,58.69412236331676,148.45993446373956,30,70.99116635322571,30,4.948664482124652
659,324,62,9,-1,9.055385138137417,148.45993446373956,30,70.99116635322571,30,4.948664482124652
660,374,71,50,9,50.80354318352215,148.45993446373956,30,70.99116635322571,30,4.948664482124652
661,309,81,-65,10,65.76473218982953,148.45993446373956,30,70.99116635322571,30,4.948664482124652
662,335,80,26,-1,26.019223662515376,148.45993446373956,30,70.99116635322571,30,4.948664482124652
663,372,63,37,-17,40.718546143004666,148.45993446373956,30,70.99116635322571,30,4.948664482124652
664,312,62,-60,-1,60.00833275470999,148.45993446373956,30,70.99116635322571,30,4.948664482124652
665,330,69,18,7,19.313207915827967,148.45993446373956,30,70.99116635322571,30,4.948664482124652
666,371,80,41,11,42.44997055358225,148.45993446373956,30,70.99116635322571,30,4.948664482124652
667,308,80,-63,0,63.0,148.45993446373956,30,70.99116635322571,30,4.948664482124652
668,332,64,24,-16,28.844410203711913,148.45993446373956,30,70.99116635322571,30,4.948664482124652
669,372,62,40,-2,40.049968789001575,148.45993446373956,30,70.99116635322571,30,4.948664482124652
670,307,69,-65,7,65.37583651472461,148.45993446373956,30,70.99116635322571,30,4.948664482124652
671,339,78,32,9,33.24154027718932,148.45993446373956,30,70.99116635322571,30,4.948664482124652
672,369,82,30,4,30.265491900843113,148.45993446373956,30,70.99116635322571,30,4.948664482124652
673,306,67,-63,-15,64.76109943476871,148.45993446373956,30,70.99116635322571,30,4.948664482124652
674,335,61,29,-6,29.614185789921695,148.45993446373956,30,70.99116635322571,30,4.948664482124652
675,369,67,34,6,34.52535300326414,148.45993446373956,30,70.99116635322571,30,4.948664482124652
676,305,76,-64,9,64.6297145282261,148.45993446373956,30,70.99116635322571,30,4.948664482124652
677,346,83,41,7,41.593268686170845,148.45993446373956,30,70.99116635322571,30,4.948664482124652
678,368,69,22,-14,26.076809620810597,148.45993446373956,30,70.99116635322571,30,4.948664482124652
679,304,61,-64,-8,64.4980619863884,148.45993446373956,30,70.99116635322571,30,4.948664482124652
680,341,66,37,5,37.33630940518894,148.45993446373956,30,70.99116635322571,30,4.948664482124652
681,366,75,25,9,26.570660511172846,148.45993446373956,30,70.99116635322571,30,4.948664482124652
682,304,83,-62,8,62.51399843235114,148.45993446373956,30,70.99116635322571,30,4.948664482124652
683,345,71,41,-12,42.720018726587654,148.45993446373956,30,70.99116635322571,30,4.948664482124652
684,368,61,23,-10,25.079872407968907,148.45993446373956,30,70.99116635322571,30,4.948664482124652
685,302,65,-66,4,66.12110101926616,148.45993446373956,30,70.99116635322571,30,4.948664482124652
686,347,74,45,9,45.89117562233506,148.45993446373956,30,70.99116635322571,30,4.948664482124652
687,362,82,15,8,17.0,148.45993446373956,30,70.99116635322571,30,4.948664482124652
688,303,74,-59,-8,59.53990258641679,148.45993446373956,30,70.99116635322571,30,4.948664482124652
689,344,61,41,-13,43.01162633521314,148.45993446373956,30,70.99116635322571,30,4.948664482124652
690,365,64,21,3,21.213203435596427,148.45993446373956,30,70.99116635322571,30,4.948664482124652
691,302,72,-63,8,63.50590523722971,148.45993446373956,30,70.99116635322571,30,4.948664482124652
692,354,82,52,10,52.952809179494906,148.45993446373956,30,70.99116635322571,30,4.948664482124652
693,361,76,7,-6,9.219544457292887,148.45993446373956,30,70.99116635322571,30,4.948664482124652
694,301,62,-60,-14,61.61168720299745,148.45993446373956,30,70.99116635322571,30,4.948664482124652
695,349,62,48,0,48.0,148.45993446373956,30,70.99116635322571,30,4.948664482124652
696,359,71,10,9,13.45362404707371,148.45993446373956,30,70.99116635322571,30,4.948664482124652
697,303,80,-56,9,56.71860364994893,148.45993446373956,30,70.99116635322571,30,4.948664482124652
698,356,79,53,-1,53.009433122794285,148.45993446373956,30,70.99116635322571,30,4.948664482124652
699,360,63,4,-16,16.492422502470642,148.45993446373956,30,70.99116635322571,30,4.948664482124652
700,300,62,-60,-1,60.00833275470999,148.45993446373956,30,70.99116635322571,30,4.948664482124652
701,356,69,56,7,56.43580423808985,148.45993446373956,30,70.99116635322571,30,4.948664482124652
702,353,80,-3,11,11.40175425099138,148.45993446373956,30,70.99116635322571,30,4.948664482124652
703,304,80,-49,0,49.0,148.45993446373956,30,70.99116635322571,30,4.948664482124652
704,355,65,51,-15,53.16013544000805,148.45993446373956,30,70.99116635322571,30,4.948664482124652
705,357,62,2,-3,3.605551275463989,148.45993446373956,30,70.99116635322571,30,4.948664482124652
706,299,68,-58,6,58.309518948453004,148.45993446373956,30,70.99116635322571,30,4.948664482124652
707,363,78,64,10,64.77653896280658,148.45993446373956,30,70.99116635322571,30,4.948664482124652
708,349,82,-14,4,14.560219778561036,148.45993446373956,30,70.99116635322571,30,4.948664482124652
709,301,66,-48,-16,50.59644256269407,148.45993446373956,30,70.99116635322571,30,4.948664482124652
710,357,61,56,-5,56.22277118748239,148.45993446373956,30,70.99116635322571,30,4.948664482124652
711,353,67,-4,6,7.211102550927978,148.45993446373956,30,70.99116635322571,30,4.948664482124652
712,302,76,-51,9,51.78802950489621,148.45993446373956,30,70.99116635322571,30,4.948664482124652
713,367,83,65,7,65.37583651472461,148.45993446373956,30,70.99116635322571,30,4.948664482124652
714,348,69,-19,-14,23.600847442411894,148.45993446373956,30,70.99116635322571,30,4.948664482124652
715,301,60,-47,-9,47.853944456021594,148.45993446373956,30,70.99116635322571,30,4.948664482124652
716,362,66,61,6,61.29437168288782,148.45993446373956,30,70.99116635322571,30,4.948664482124652
717,346,75,-16,9,18.35755975068582,148.45993446373956,30,70.99116635322571,30,4.948664482124652
718,305,82,-41,7,41.593268686170845,148.45993446373956,30,70.99116635322571,30,4.948664482124652
719,366,71,61,-11,61.98386886924694,148.45993446373956,30,70.99116635322571,30,4.948664482124652
720,347,60,-19,-11,21.95449840010015,148.45993446373956,30,70.99116635322571,30,4.948664482124652
721,303,65,-44,5,44.28317965096906,148.45993446373956,30,70.99116635322571,30,4.948664482124652
722,366,74,63,9,63.63961030678928,148.45993446373956,30,70.99116635322571,30,4.948664482124652
723,341,83,-25,9,26.570660511172846,148.45993446373956,30,70.99116635322571,30,4.948664482124652
724,304,73,-37,-10,38.3275357934736,148.45993446373956,30,70.99116635322571,30,4.948664482124652
725,367,61,63,-12,64.13267497929586,148.45993446373956,30,70.99116635322571,30,4.948664482124652
726,342,64,-25,3,25.179356624028344,148.45993446373956,30,70.99116635322571,30,4.948664482124652
727,306,72,-36,8,36.87817782917155,148.45993446373956,30,70.99116635322571,30,4.948664482124652
728,370,82,64,10,64.77653896280658,148.45993446373956,30,70.99116635322571,30,4.948664482124652
729,338,77,-32,-5,32.38826948140329,148.45993446373956,30,70.99116635322571,30,4.948664482124652
730,302,61,-36,-16,39.395431207184416,148.45993446373956,30,70.99116635322571,30,4.948664482124652
731,370,63,68,2,68.0294054067798,148.45993446373956,30,70.99116635322571,30,4.948664482124652
732,335,71,-35,8,35.90264614203248,148.45993446373956,30,70.99116635322571,30,4.948664482124652
733,311,80,-24,9,25.632011235952593,148.45993446373956,30,70.99116635322571,30,4.948664482124652
734,372,79,61,-1,61.00819617067857,148.45993446373956,30,70.99116635322571,30,4.948664482124652
735,338,63,-34,-16,37.57658845611187,148.45993446373956,30,70.99116635322571,30,4.948664482124652
736,304,62,-34,-1,34.0147027033899,148.45993446373956,30,70.99116635322571,30,4.948664482124652
737,373,70,69,8,69.46221994724903,148.45993446373956,30,70.99116635322571,30,4.948664482124652
738,329,80,-44,10,45.12205669071391,148.45993446373956,30,70.99116635322571,30,4.948664482124652
739,314,80,-15,0,15.0,148.45993446373956,30,70.99116635322571,30,4.948664482124652
740,370,65,56,-15,57.97413216254298,148.45993446373956,30,70.99116635322571,30,4.948664482124652
741,335,62,-35,-3,35.12833614050059,148.45993446373956,30,70.99116635322571,30,4.948664482124652
742,308,68,-27,6,27.65863337187866,148.45993446373956,30,70.99116635322571,30,4.948664482124652
743,375,78,67,10,67.7421582177598,148.45993446373956,30,70.99116635322571,30,4.948664482124652
744,325,82,-50,4,50.15974481593781,148.45993446373956,30,70.99116635322571,30,4.948664482124652
745,312,66,-13,-16,20.615528128088304,148.45993446373956,30,70.99116635322571,30,4.948664482124652
746,372,61,60,-5,60.207972893961475,148.45993446373956,30,70.99116635322571,30,4.948664482124652
747,329,68,-43,7,43.56604182158393,148.45993446373956,30,70.99116635322571,30,4.948664482124652
748,314,76,-15,8,17.0,148.45993446373956,30,70.99116635322571,30,4.948664482124652
749,376,83,62,7,62.39390995922599,148.45993446373956,30,70.99116635322571,30,4.948664482124652
750,324,69,-52,-14,53.85164807134504,148.45993446373956,30,70.99116635322571,30,4.948664482124652
751,313,61,-11,-8,13.601470508735444,148.45993446373956,30,70.99116635322571,30,4.948664482124652
752,373,66,60,5,60.207972893961475,148.45993446373956,30,70.99116635322571,30,4.948664482124652
753,322,76,-51,10,51.97114584074513,148.45993446373956,30,70.99116635322571,30,4.948664482124652
754,321,82,-1,6,6.082762530298219,148.45993446373956,30,70.99116635322571,30,4.948664482124652
755,376,71,55,-11,56.089214649520635,148.45993446373956,30,70.99116635322571,30,4.948664482124652
756,322,61,-54,-10,54.91812087098393,148.45993446373956,30,70.99116635322571,30,4.948664482124652
757,317,65,-5,4,6.4031242374328485,148.45993446373956,30,70.99116635322571,30,4.948664482124652
758,374,74,57,9,57.706152185014034,148.45993446373956,30,70.99116635322571,30,4.948664482124652
759,318,83,-56,9,56.71860364994893,148.45993446373956,30,70.99116635322571,30,4.948664482124652
760,321,72,3,-11,11.40175425099138,148.45993446373956,30,70.99116635322571,30,4.948664482124652
761,376,62,55,-10,55.90169943749474,148.45993446373956,30,70.99116635322571,30,4.948664482124652
762,318,64,-58,2,58.034472514187634,148.45993446373956,30,70.99116635322571,30,4.948664482124652
763,324,73,6,9,10.816653826391969,148.45993446373956,30,70.99116635322571,30,4.948664482124652
764,374,82,50,9,50.80354318352215,148.45993446373956,30,70.99116635322571,30,4.948664482124652
765,316,76,-58,-6,58.309518948453004,148.45993446373956,30,70.99116635322571,30,4.948664482124652
766,319,61,3,-15,15.297058540778355,148.45993446373956,30,70.99116635322571,30,4.948664482124652
767,376,63,57,2,57.0350769263968,148.45993446373956,30,70.99116635322571,30,4.948664482124652
768,313,72,-63,9,63.63961030678928,148.45993446373956,30,70.99116635322571,30,4.948664482124652
769,331,81,18,9,20.12461179749811,148.45993446373956,30,70.99116635322571,30,4.948664482124652
770,373,78,42,-3,42.1070065428546,148.45993446373956,30,70.99116635322571,30,4.948664482124652
771,315,63,-58,-15,59.90826320300064,148.45993446373956,30,70.99116635322571,30,4.948664482124652
772,323,62,8,-1,8.06225774829855,148.45993446373956,30,70.99116635322571,30,4.948664482124652
773,374,70,51,8,51.62363799656123,148.45993446373956,30,70.99116635322571,30,4.948664482124652
774,309,80,-65,10,65.76473218982953,148.45993446373956,30,70.99116635322571,30,4.948664482124652
775,336,81,27,1,27.018512172212592,148.45993446373956,30,70.99116635322571,30,4.948664482124652
776,373,64,37,-17,40.718546143004666,148.45993446373956,30,70.99116635322571,30,4.948664482124652
777,312,62,-61,-2,61.032778078668514,148.45993446373956,30,70.99116635322571,30,4.948664482124652
778,330,68,18,6,18.973665961010276,148.45993446373956,30,70.99116635322571,30,4.948664482124652
779,372,79,42,11,43.41658669218482,148.45993446373956,30,70.99116635322571,30,4.948664482124652
780,308,82,-64,3,64.07027391856539,148.45993446373956,30,70.99116635322571,30,4.948664482124652
781,333,67,25,-15,29.154759474226502,148.45993446373956,30,70.99116635322571,30,4.948664482124652
782,372,61,39,-6,39.45883931389772,148.45993446373956,30,70.99116635322571,30,4.948664482124652
783,308,68,-64,7,64.38167441127949,148.45993446373956,30,70.99116635322571,30,4.948664482124652
784,338,77,30,9,31.32091952673165,148.45993446373956,30,70.99116635322571,30,4.948664482124652
785,369,83,31,6,31.575306807693888,148.45993446373956,30,70.99116635322571,30,4.948664482124652
786,306,69,-63,-14,64.53681120105021,148.45993446373956,30,70.99116635322571,30,4.948664482124652
787,335,60,29,-9,30.364452901377952,148.45993446373956,30,70.99116635322571,30,4.948664482124652
788,370,66,35,6,35.510561809129406,148.45993446373956,30,70.99116635322571,30,4.948664482124652
789,305,75,-65,9,65.62011886609167,148.45993446373956,30,70.99116635322571,30,4.948664482124652
790,346,83,41,8,41.773197148410844,148.45993446373956,30,70.99116635322571,30,4.948664482124652
791,368,71,22,-12,25.059928172283335,148.45993446373956,30,70.99116635322571,30,4.948664482124652
792,305,61,-63,-10,63.788713735268246,148.45993446373956,30,70.99116635322571,30,4.948664482124652
793,340,65,35,4,35.22782990761707,148.45993446373956,30,70.99116635322571,30,4.948664482124652
794,366,74,26,9,27.51363298439521,148.45993446373956,30,70.99116635322571,30,4.948664482124652
795,304,83,-62,9,62.64982043070834,148.45993446373956,30,70.99116635322571,30,4.948664482124652
796,345,73,41,-10,42.20189569201838,148.45993446373956,30,70.99116635322571,30,4.948664482124652
797,368,62,23,-11,25.495097567963924,148.45993446373956,30,70.99116635322571,30,4.948664482124652
798,303,64,-65,2,65.03076195155643,148.45993446373956,30,70.99116635322571,30,4.948664482124652
799,347,73,44,9,44.91102314577124,148.45993446373956,30,70.99116635322571,30,4.948664482124652
800,362,82,15,9,17.4928556845359,148.45993446373956,30,70.99116635322571,30,4.948664482124652
801,303,75,-59,-7,59.413803110051795,148.45993446373956,30,70.99116635322571,30,4.948664482124652
802,344,61,41,-14,43.32435804486894,148.45993446373956,30,70.99116635322571,30,4.948664482124652
803,365,64,21,3,21.213203435596427,148.45993446373956,30,70.99116635322571,30,4.948664482124652
804,302,71,-63,7,63.387695966961914,148.45993446373956,30,70.99116635322571,30,4.948664482124652
805,354,81,52,10,52.952809179494906,148.45993446373956,30,70.99116635322571,30,4.948664482124652
806,360,78,6,-3,6.708203932499369,148.45993446373956,30,70.99116635322571,30,4.948664482124652
807,301,63,-59,-15,60.876925020897694,148.45993446373956,30,70.99116635322571,30,4.948664482124652
808,349,62,48,-1,48.010415536631214,148.45993446373956,30,70.99116635322571,30,4.948664482124652
809,359,71,10,9,13.45362404707371,148.45993446373956,30,70.99116635322571,30,4.948664482124652
810,303,80,-56,9,56.71860364994893,148.45993446373956,30,70.99116635322571,30,4.948664482124652
811,357,80,54,0,54.0,148.45993446373956,30,70.99116635322571,30,4.948664482124652
812,360,64,3,-16,16.278820596099706,148.45993446373956,30,70.99116635322571,30,4.948664482124652
813,300,62,-60,-2,60.03332407921454,148.45993446373956,30,70.99116635322571,30,4.948664482124652
814,355,68,55,6,55.326304774492215,148.45993446373956,30,70.99116635322571,30,4.948664482124652
815,353,79,-2,11,11.180339887498949,148.45993446373956,30,70.99116635322571,30,4.948664482124652
816,304,80,-49,1,49.01020301937138,148.45993446373956,30,70.99116635322571,30,4.948664482124652
817,355,66,51,-14,52.88667128870941,148.45993446373956,30,70.99116635322571,30,4.948664482124652
818,358,61,3,-5,5.830951894845301,148.45993446373956,30,70.99116635322571,30,4.948664482124652
819,300,68,-58,7,58.42088667591412,148.45993446373956,30,70.99116635322571,30,4.948664482124652
820,362,77,62,9,62.64982043070834,148.45993446373956,30,70.99116635322571,30,4.948664482124652
821,349,83,-13,6,14.317821063276353,148.45993446373956,30,70.99116635322571,30,4.948664482124652
822,302,68,-47,-15,49.33558553417604,148.45993446373956,30,70.99116635322571,30,4.948664482124652
823,357,61,55,-7,55.44366510251645,148.45993446373956,30,70.99116635322571,30,4.948664482124652
824,353,66,-4,5,6.4031242374328485,148.45993446373956,30,70.99116635322571,30,4.948664482124652
825,302,75,-51,9,51.78802950489621,148.45993446373956,30,70.99116635322571,30,4.948664482124652
826,367,83,65,8,65.49045732013177,148.45993446373956,30,70.99116635322571,30,4.948664482124652
827,348,71,-19,-12,22.47220505424423,148.45993446373956,30,70.99116635322571,30,4.948664482124652
828,301,60,-47,-11,48.27007354458868,148.45993446373956,30,70.99116635322571,30,4.948664482124652
829,362,66,61,6,61.29437168288782,148.45993446373956,30,70.99116635322571,30,4.948664482124652
830,347,75,-15,9,17.4928556845359,148.45993446373956,30,70.99116635322571,30,4.948664482124652
831,305,82,-42,7,42.579337712087536,148.45993446373956,30,70.99116635322571,30,4.948664482124652
832,367,73,62,-9,62.64982043070834,148.45993446373956,30,70.99116635322571,30,4.948664482124652
833,347,61,-20,-12,23.323807579381203,148.45993446373956,30,70.99116635322571,30,4.948664482124652
834,302,64,-45,3,45.09988913511872,148.45993446373956,30,70.99116635322571,30,4.948664482124652
835,366,73,64,9,64.6297145282261,148.45993446373956,30,70.99116635322571,30,4.948664482124652
836,341,83,-25,10,26.92582403567252,148.45993446373956,30,70.99116635322571,30,4.948664482124652
837,305,74,-36,-9,37.107950630558946,148.45993446373956,30,70.99116635322571,30,4.948664482124652
838,367,62,62,-12,63.150613615387776,148.45993446373956,30,70.99116635322571,30,4.948664482124652
839,342,64,-25,2,25.079872407968907,148.45993446373956,30,70.99116635322571,30,4.948664482124652
840,306,71,-36,7,36.6742416417845,148.45993446373956,30,70.99116635322571,30,4.948664482124652
841,370,81,64,10,64.77653896280658,148.45993446373956,30,70.99116635322571,30,4.948664482124652
842,338,78,-32,-3,32.14031735997639,148.45993446373956,30,70.99116635322571,30,4.948664482124652
843,303,62,-35,-16,38.48376280978771,148.45993446373956,30,70.99116635322571,30,4.948664482124652
844,370,63,67,1,67.00746227100382,148.45993446373956,30,70.99116635322571,30,4.948664482124652
845,335,70,-35,7,35.6931365951495,148.45993446373956,30,70.99116635322571,30,4.948664482124652
846,311,79,-24,9,25.632011235952593,148.45993446373956,30,70.99116635322571,30,4.948664482124652
847,372,80,61,1,61.00819617067857,148.45993446373956,30,70.99116635322571,30,4.948664482124652
848,338,64,-34,-16,37.57658845611187,148.45993446373956,30,70.99116635322571,30,4.948664482124652
849,305,61,-33,-3,33.13608305156178,148.45993446373956,30,70.99116635322571,30,4.948664482124652
850,373,69,68,8,68.46897107449476,148.45993446373956,30,70.99116635322571,30,4.948664482124652
851,329,79,-44,10,45.12205669071391,148.45993446373956,30,70.99116635322571,30,4.948664482124652
852,315,81,-14,2,14.142135623730951,148.45993446373956,30,70.99116635322571,30,4.948664482124652
853,371,66,56,-15,57.97413216254298,148.45993446373956,30,70.99116635322571,30,4.948664482124652
854,335,62,-36,-4,36.22154055254967,148.45993446373956,30,70.99116635322571,30,4.948664482124652
855,308,67,-27,5,27.459060435491963,148.45993446373956,30,70.99116635322571,30,4.948664482124652
856,375,78,67,11,67.89698078707183,148.45993446373956,30,70.99116635322571,30,4.948664482124652
857,325,82,-50,4,50.15974481593781,148.45993446373956,30,70.99116635322571,30,4.948664482124652
858,312,68,-13,-14,19.1049731745428,148.45993446373956,30,70.99116635322571,30,4.948664482124652
859,372,61,60,-7,60.40695324215582,148.45993446373956,30,70.99116635322571,30,4.948664482124652
860,329,67,-43,6,43.41658669218482,148.45993446373956,30,70.99116635322571,30,4.948664482124652
861,314,75,-15,8,17.0,148.45993446373956,30,70.99116635322571,30,4.948664482124652
862,376,83,62,8,62.51399843235114,148.45993446373956,30,70.99116635322571,30,4.948664482124652
863,324,70,-52,-13,53.600373133029585,148.45993446373956,30,70.99116635322571,30,4.948664482124652
864,313,61,-11,-9,14.212670403551895,148.45993446373956,30,70.99116635322571,30,4.948664482124652
865,373,66,60,5,60.207972893961475,148.45993446373956,30,70.99116635322571,30,4.948664482124652
866,323,75,-50,9,50.80354318352215,148.45993446373956,30,70.99116635322571,30,4.948664482124652
867,321,82,-2,7,7.280109889280518,148.45993446373956,30,70.99116635322571,30,4.948664482124652
868,376,73,55,-9,55.731499172371095,148.45993446373956,30,70.99116635322571,30,4.948664482124652
869,322,61,-54,-12,55.31726674375732,148.45993446373956,30,70.99116635322571,30,4.948664482124652
870,317,65,-5,4,6.4031242374328485,148.45993446373956,30,70.99116635322571,30,4.948664482124652
871,374,73,57,8,57.55866572463264,148.45993446373956,30,70.99116635322571,30,4.948664482124652
872,318,82,-56,9,56.71860364994893,148.45993446373956,30,70.99116635322571,30,4.948664482124652
873,321,74,3,-8,8.54400374531753,148.45993446373956,30,70.99116635322571,30,4.948664482124652
874,376,62,55,-12,56.293871780150276,148.45993446373956,30,70.99116635322571,30,4.948664482124652
875,318,64,-58,2,58.034472514187634,148.45993446373956,30,70.99116635322571,30,4.948664482124652
876,323,72,5,8,9.433981132056603,148.45993446373956,30,70.99116635322571,30,4.948664482124652
877,374,81,51,9,51.78802950489621,148.45993446373956,30,70.99116635322571,30,4.948664482124652
878,316,78,-58,-3,58.077534382926416,148.45993446373956,30,70.99116635322571,30,4.948664482124652
879,319,62,3,-16,16.278820596099706,148.45993446373956,30,70.99116635322571,30,4.948664482124652
880,376,63,57,1,57.0087712549569,148.45993446373956,30,70.99116635322571,30,4.948664482124652
881,313,71,-63,8,63.50590523722971,148.45993446373956,30,70.99116635322571,30,4.948664482124652
882,331,80,18,9,20.12461179749811,148.45993446373956,30,70.99116635322571,30,4.948664482124652
883,373,79,42,-1,42.01190307520001,148.45993446373956,30,70.99116635322571,30,4.948664482124652
884,315,64,-58,-15,59.90826320300064,148.45993446373956,30,70.99116635322571,30,4.948664482124652
885,324,62,9,-2,9.219544457292887,148.45993446373956,30,70.99116635322571,30,4.948664482124652
886,374,70,50,8,50.635955604688654,148.45993446373956,30,70.99116635322571,30,4.948664482124652
887,310,79,-64,9,64.6297145282261,148.45993446373956,30,70.99116635322571,30,4.948664482124652
888,335,81,25,2,25.079872407968907,148.45993446373956,30,70.99116635322571,30,4.948664482124652
889,373,65,38,-16,41.23105625617661,148.45993446373956,30,70.99116635322571,30,4.948664482124652
890,312,62,-61,-3,61.07372593840988,148.45993446373956,30,70.99116635322571,30,4.948664482124652
891,330,68,18,6,18.973665961010276,148.45993446373956,30,70.99116635322571,30,4.948664482124652
892,372,78,42,10,43.174066289845804,148.45993446373956,30,70.99116635322571,30,4.948664482124652
893,308,81,-64,3,64.07027391856539,148.45993446373956,30,70.99116635322571,30,4.948664482124652
894,333,67,25,-14,28.653097563788805,148.45993446373956,30,70.99116635322571,30,4.948664482124652
895,372,61,39,-6,39.45883931389772,148.45993446373956,30,70.99116635322571,30,4.948664482124652
896,308,67,-64,6,64.28063471995279,148.45993446373956,30,70.99116635322571,30,4.948664482124652
897,338,76,30,9,31.32091952673165,148.45993446373956,30,70.99116635322571,30,4.948664482124652
898,369,83,31,7,31.78049716414141,148.45993446373956,30,70.99116635322571,30,4.948664482124652
899,307,70,-62,-13,63.34824385884742,148.45993446373956,30,70.99116635322571,30,4.948664482124652
900,335,61,28,-9,29.410882339705484,148.45993446373956,30,70.99116635322571,30,4.948664482124652
901,370,66,35,5,35.35533905932738,148.45993446373956,30,70.99116635322571,30,4.948664482124652
902,305,75,-65,9,65.62011886609167,148.45993446373956,30,70.99116635322571,30,4.948664482124652
903,346,83,41,8,41.773197148410844,148.45993446373956,30,70.99116635322571,30,4.948664482124652
904,368,72,22,-11,24.596747752497688,148.45993446373956,30,70.99116635322571,30,4.948664482124652
905,305,61,-63,-11,63.953107821277925,148.45993446373956,30,70.99116635322571,30,4.948664482124652
906,340,65,35,4,35.22782990761707,148.45993446373956,30,70.99116635322571,30,4.948664482124652
907,367,74,27,9,28.460498941515414,148.45993446373956,30,70.99116635322571,30,4.948664482124652
908,304,82,-63,8,63.50590523722971,148.45993446373956,30,70.99116635322571,30,4.948664482124652
909,346,74,42,-8,42.7551166528639,148.45993446373956,30,70.99116635322571,30,4.948664482124652
910,368,62,22,-12,25.059928172283335,148.45993446373956,30,70.99116635322571,30,4.948664482124652
911,303,64,-65,2,65.03076195155643,148.45993446373956,30,70.99116635322571,30,4.948664482124652
912,346,72,43,8,43.73785545725808,148.45993446373956,30,70.99116635322571,30,4.948664482124652
913,362,81,16,9,18.35755975068582,148.45993446373956,30,70.99116635322571,30,4.948664482124652
914,303,76,-59,-5,59.21148537234985,148.45993446373956,30,70.99116635322571,30,4.948664482124652
915,345,62,42,-14,44.27188724235731,148.45993446373956,30,70.99116635322571,30,4.948664482124652
916,365,63,20,1,20.024984394500787,148.45993446373956,30,70.99116635322571,30,4.948664482124652
917,302,71,-63,8,63.50590523722971,148.45993446373956,30,70.99116635322571,30,4.948664482124652
918,354,81,52,10,52.952809179494906,148.45993446373956,30,70.99116635322571,30,4.948664482124652
919,360,79,6,-2,6.324555320336759,148.45993446373956,30,70.99116635322571,30,4.948664482124652
920,301,63,-59,-16,61.1310068623117,148.45993446373956,30,70.99116635322571,30,4.948664482124652
921,349,62,48,-1,48.010415536631214,148.45993446373956,30,70.99116635322571,30,4.948664482124652
922,360,70,11,8,13.601470508735444,148.45993446373956,30,70.99116635322571,30,4.948664482124652
923,303,78,-57,8,57.55866572463264,148.45993446373956,30,70.99116635322571,30,4.948664482124652
924,357,81,54,3,54.08326913195984,148.45993446373956,30,70.99116635322571,30,4.948664482124652
925,360,65,3,-16,16.278820596099706,148.45993446373956,30,70.99116635322571,30,4.948664482124652
926,300,62,-60,-3,60.07495318350236,148.45993446373956,30,70.99116635322571,30,4.948664482124652
927,355,68,55,6,55.326304774492215,148.45993446373956,30,70.99116635322571,30,4.948664482124652
928,354,78,-1,10,10.04987562112089,148.45993446373956,30,70.99116635322571,30,4.948664482124652
929,304,81,-50,3,50.08991914547278,148.45993446373956,30,70.99116635322571,30,4.948664482124652
930,356,67,52,-14,53.85164807134504,148.45993446373956,30,70.99116635322571,30,4.948664482124652
931,358,61,2,-6,6.324555320336759,148.45993446373956,30,70.99116635322571,30,4.948664482124652
932,300,67,-58,6,58.309518948453004,148.45993446373956,30,70.99116635322571,30,4.948664482124652
933,362,76,62,9,62.64982043070834,148.45993446373956,30,70.99116635322571,30,4.948664482124652
934,349,83,-13,7,14.7648230602334,148.45993446373956,30,70.99116635322571,30,4.948664482124652
935,302,69,-47,-14,49.040799340956916,148.45993446373956,30,70.99116635322571,30,4.948664482124652
936,357,61,55,-8,55.57877292636101,148.45993446373956,30,70.99116635322571,30,4.948664482124652
937,353,66,-4,5,6.4031242374328485,148.45993446373956,30,70.99116635322571,30,4.948664482124652
938,302,74,-51,8,51.62363799656123,148.45993446373956,30,70.99116635322571,30,4.948664482124652
939,367,83,65,9,65.62011886609167,148.45993446373956,30,70.99116635322571,30,4.948664482124652
940,348,72,-19,-11,21.95449840010015,148.45993446373956,30,70.99116635322571,30,4.948664482124652
941,301,61,-47,-11,48.27007354458868,148.45993446373956,30,70.99116635322571,30,4.948664482124652
942,362,65,61,4,61.1310068623117,148.45993446373956,30,70.99116635322571,30,4.948664482124652
943,347,74,-15,9,17.4928556845359,148.45993446373956,30,70.99116635322571,30,4.948664482124652
944,304,81,-43,7,43.56604182158393,148.45993446373956,30,70.99116635322571,30,4.948664482124652
945,367,74,63,-7,63.387695966961914,148.45993446373956,30,70.99116635322571,30,4.948664482124652
946,347,62,-20,-12,23.323807579381203,148.45993446373956,30,70.99116635322571,30,4.948664482124652
947,302,64,-45,2,45.044422518220834,148.45993446373956,30,70.99116635322571,30,4.948664482124652
948,366,73,64,9,64.6297145282261,148.45993446373956,30,70.99116635322571,30,4.948664482124652
949,341,82,-25,9,26.570660511172846,148.45993446373956,30,70.99116635322571,30,4.948664482124652
950,305,75,-36,-7,36.6742416417845,148.45993446373956,30,70.99116635322571,30,4.948664482124652
951,367,62,62,-13,63.34824385884742,148.45993446373956,30,70.99116635322571,30,4.948664482124652
952,343,63,-24,1,24.020824298928627,148.45993446373956,30,70.99116635322571,30,4.948664482124652
953,305,70,-38,7,38.63935817272331,148.45993446373956,30,70.99116635322571,30,4.948664482124652
954,370,81,65,11,65.92419889539804,148.45993446373956,30,70.99116635322571,30,4.948664482124652
955,338,79,-32,-2,32.0624390837628,148.45993446373956,30,70.99116635322571,30,4.948664482124652
956,303,62,-35,-17,38.91015291668744,148.45993446373956,30,70.99116635322571,30,4.948664482124652
957,370,62,67,0,67.0,148.45993446373956,30,70.99116635322571,30,4.948664482124652
958,336,70,-34,8,34.92849839314596,148.45993446373956,30,70.99116635322571,30,4.948664482124652
959,311,79,-25,9,26.570660511172846,148.45993446373956,30,70.99116635322571,30,4.948664482124652
960,372,81,61,2,61.032778078668514,148.45993446373956,30,70.99116635322571,30,4.948664482124652
961,338,65,-34,-16,37.57658845611187,148.45993446373956,30,70.99116635322571,30,4.948664482124652
962,304,61,-34,-4,34.23448553724738,148.45993446373956,30,70.99116635322571,30,4.948664482124652
963,373,69,69,8,69.46221994724903,148.45993446373956,30,70.99116635322571,30,4.948664482124652
964,330,78,-43,9,43.93176527297759,148.45993446373956,30,70.99116635322571,30,4.948664482124652
965,314,81,-16,3,16.278820596099706,148.45993446373956,30,70.99116635322571,30,4.948664482124652
966,371,66,57,-15,58.9406481131655,148.45993446373956,30,70.99116635322571,30,4.948664482124652
967,335,61,-36,-5,36.345563690772494,148.45993446373956,30,70.99116635322571,30,4.948664482124652
968,308,66,-27,5,27.459060435491963,148.45993446373956,30,70.99116635322571,30,4.948664482124652
969,375,77,67,11,67.89698078707183,148.45993446373956,30,70.99116635322571,30,4.948664482124652
970,325,83,-50,6,50.35871324805669,148.45993446373956,30,70.99116635322571,30,4.948664482124652
971,313,68,-12,-15,19.209372712298546,148.45993446373956,30,70.99116635322571,30,4.948664482124652
972,372,61,59,-7,59.413803110051795,148.45993446373956,30,70.99116635322571,30,4.948664482124652
973,329,66,-43,5,43.289721643826724,148.45993446373956,30,70.99116635322571,30,4.948664482124652
974,314,75,-15,9,17.4928556845359,148.45993446373956,30,70.99116635322571,30,4.948664482124652
975,376,83,62,8,62.51399843235114,148.45993446373956,30,70.99116635322571,30,4.948664482124652
976,324,71,-52,-12,53.36665625650534,148.45993446373956,30,70.99116635322571,30,4.948664482124652
977,313,61,-11,-10,14.866068747318506,148.45993446373956,30,70.99116635322571,30,4.948664482124652
978,374,65,61,4,61.1310068623117,148.45993446373956,30,70.99116635322571,30,4.948664482124652
979,323,74,-51,9,51.78802950489621,148.45993446373956,30,70.99116635322571,30,4.948664482124652
980,321,82,-2,8,8.246211251235321,148.45993446373956,30,70.99116635322571,30,4.948664482124652
981,376,74,55,-8,55.57877292636101,148.45993446373956,30,70.99116635322571,30,4.948664482124652
982,323,61,-53,-13,54.57105459856901,148.45993446373956,30,70.99116635322571,30,4.948664482124652
983,317,64,-6,3,6.708203932499369,148.45993446373956,30,70.99116635322571,30,4.948664482124652
984,374,73,57,9,57.706152185014034,148.45993446373956,30,70.99116635322571,30,4.948664482124652
985,318,83,-56,10,56.88585061331157,148.45993446373956,30,70.99116635322571,30,4.948664482124652
986,321,75,3,-8,8.54400374531753,148.45993446373956,30,70.99116635322571,30,4.948664482124652
987,376,62,55,-13,56.515484603779164,148.45993446373956,30,70.99116635322571,30,4.948664482124652
988,318,63,-58,1,58.008620049092706,148.45993446373956,30,70.99116635322571,30,4.948664482124652
989,323,71,5,8,9.433981132056603,148.45993446373956,30,70.99116635322571,30,4.948664482124652
990,374,81,51,10,51.97114584074513,148.45993446373956,30,70.99116635322571,30,4.948664482124652
991,316,78,-58,-3,58.077534382926416,148.45993446373956,30,70.99116635322571,30,4.948664482124652
992,319,62,3,-16,16.278820596099706,148.45993446373956,30,70.99116635322571,30,4.948664482124652
993,376,63,57,1,57.0087712549569,148.45993446373956,30,70.99116635322571,30,4.948664482124652
994,313,70,-63,7,63.387695966961914,148.45993446373956,30,70.99116635322571,30,4.948664482124652
995,331,80,18,10,20.591260281974,148.45993446373956,30,70.99116635322571,30,4.948664482124652
996,373,80,42,0,42.0,148.45993446373956,30,70.99116635322571,30,4.948664482124652
997,315,65,-58,-15,59.90826320300064,148.45993446373956,30,70.99116635322571,30,4.948664482124652
998,323,61,8,-4,8.94427190999916,148.45993446373956,30,70.99116635322571,30,4.948664482124652
999,375,69,52,8,52.61178575186362,148.45993446373956,30,70.99116635322571,30,4.948664482124652
1000,310,79,-65,10,65.76473218982953,148.45993446373956,30,70.99116635322571,30,4.948664482124652
1001,336,82,26,3,26.1725046566048,148.45993446373956,30,70.99116635322571,30,4.948664482124652
1002,373,66,37,-16,40.311288741492746,148.45993446373956,30,70.99116635322571,30,4.948664482124652
1003,313,62,-60,-4,60.13318551349163,148.45993446373956,30,70.99116635322571,30,4.948664482124652
1004,329,67,16,5,16.76305461424021,148.45993446373956,30,70.99116635322571,30,4.948664482124652
1005,372,78,43,11,44.384682042344295,148.45993446373956,30,70.99116635322571,30,4.948664482124652
1006,308,82,-64,4,64.1248781675256,148.45993446373956,30,70.99116635322571,30,4.948664482124652
1007,334,68,26,-14,29.5296461204668,148.45993446373956,30,70.99116635322571,30,4.948664482124652
1008,372,61,38,-7,38.63935817272331,148.45993446373956,30,70.99116635322571,30,4.948664482124652
1009,308,67,-64,6,64.28063471995279,148.45993446373956,30,70.99116635322571,30,4.948664482124652
1010,337,76,29,9,30.364452901377952,148.45993446373956,30,70.99116635322571,30,4.948664482124652
1011,369,83,32,7,32.7566787083184,148.45993446373956,30,70.99116635322571,30,4.948664482124652
1012,307,71,-62,-12,63.150613615387776,148.45993446373956,30,70.99116635322571,30,4.948664482124652
1013,334,60,27,-11,29.154759474226502,148.45993446373956,30,70.99116635322571,30,4.948664482124652
1014,370,66,36,6,36.49657518178932,148.45993446373956,30,70.99116635322571,30,4.948664482124652
1015,305,75,-65,9,65.62011886609167,148.45993446373956,30,70.99116635322571,30,4.948664482124652
1016,345,82,40,7,40.607881008493905,148.45993446373956,30,70.99116635322571,30,4.948664482124652
1017,368,73,23,-9,24.698178070456937,148.45993446373956,30,70.99116635322571,30,4.948664482124652
1018,305,61,-63,-12,64.13267497929586,148.45993446373956,30,70.99116635322571,30,4.948664482124652
1019,340,64,35,3,35.12833614050059,148.45993446373956,30,70.99116635322571,30,4.948664482124652
1020,367,73,27,9,28.460498941515414,148.45993446373956,30,70.99116635322571,30,4.948664482124652
1021,304,83,-63,10,63.788713735268246,148.45993446373956,30,70.99116635322571,30,4.948664482124652
1022,346,75,42,-8,42.7551166528639,148.45993446373956,30,70.99116635322571,30,4.948664482124652
1023,368,62,22,-13,25.553864678361276,148.45993446373956,30,70.99116635322571,30,4.948664482124652
1024,303,64,-65,2,65.03076195155643,148.45993446373956,30,70.99116635322571,30,4.948664482124652
1025,346,71,43,7,43.56604182158393,148.45993446373956,30,70.99116635322571,30,4.948664482124652
1026,363,82,17,11,20.248456731316587,148.45993446373956,30,70.99116635322571,30,4.948664482124652
1027,303,78,-60,-4,60.13318551349163,148.45993446373956,30,70.99116635322571,30,4.948664482124652
1028,344,62,41,-16,44.01136216933077,148.45993446373956,30,70.99116635322571,30,4.948664482124652
1029,365,63,21,1,21.02379604162864,148.45993446373956,30,70.99116635322571,30,4.948664482124652
1030,302,70,-63,7,63.387695966961914,148.45993446373956,30,70.99116635322571,30,4.948664482124652
1031,353,80,51,10,51.97114584074513,148.45993446373956,30,70.99116635322571,30,4.948664482124652
1032,360,80,7,0,7.0,148.45993446373956,30,70.99116635322571,30,4.948664482124652
1033,301,64,-59,-16,61.1310068623117,148.45993446373956,30,70.99116635322571,30,4.948664482124652
1034,349,62,48,-2,48.041648597857254,148.45993446373956,30,70.99116635322571,30,4.948664482124652
1035,360,70,11,8,13.601470508735444,148.45993446373956,30,70.99116635322571,30,4.948664482124652
1036,303,79,-57,9,57.706152185014034,148.45993446373956,30,70.99116635322571,30,4.948664482124652
1037,358,82,55,3,55.08175741568164,148.45993446373956,30,70.99116635322571,30,4.948664482124652
1038,360,66,2,-16,16.1245154965971,148.45993446373956,30,70.99116635322571,30,4.948664482124652
1039,300,61,-60,-5,60.207972893961475,148.45993446373956,30,70.99116635322571,30,4.948664482124652
1040,355,68,55,7,55.44366510251645,148.45993446373956,30,70.99116635322571,30,4.948664482124652
1041,354,78,-1,10,10.04987562112089,148.45993446373956,30,70.99116635322571,30,4.948664482124652
1042,304,81,-50,3,50.08991914547278,148.45993446373956,30,70.99116635322571,30,4.948664482124652
1043,355,67,51,-14,52.88667128870941,148.45993446373956,30,70.99116635322571,30,4.948664482124652
1044,359,61,4,-6,7.211102550927978,148.45993446373956,30,70.99116635322571,30,4.948664482124652
1045,300,67,-59,6,59.30430001273095,148.45993446373956,30,70.99116635322571,30,4.948664482124652
1046,362,76,62,9,62.64982043070834,148.45993446373956,30,70.99116635322571,30,4.948664482124652
1047,349,83,-13,7,14.7648230602334,148.45993446373956,30,70.99116635322571,30,4.948664482124652
1048,302,70,-47,-13,48.76474136094644,148.45993446373956,30,70.99116635322571,30,4.948664482124652
1049,357,61,55,-9,55.731499172371095,148.45993446373956,30,70.99116635322571,30,4.948664482124652
1050,354,66,-3,5,5.830951894845301,148.45993446373956,30,70.99116635322571,30,4.948664482124652
1051,302,74,-52,8,52.61178575186362,148.45993446373956,30,70.99116635322571,30,4.948664482124652
1052,367,84,65,10,65.76473218982953,148.45993446373956,30,70.99116635322571,30,4.948664482124652
1053,348,73,-19,-11,21.95449840010015,148.45993446373956,30,70.99116635322571,30,4.948664482124652
1054,301,61,-47,-12,48.507731342539614,148.45993446373956,30,70.99116635322571,30,4.948664482124652
1055,362,65,61,4,61.1310068623117,148.45993446373956,30,70.99116635322571,30,4.948664482124652
1056,347,73,-15,8,17.0,148.45993446373956,30,70.99116635322571,30,4.948664482124652
1057,305,81,-42,8,42.7551166528639,148.45993446373956,30,70.99116635322571,30,4.948664482124652
1058,367,75,62,-6,62.289646009589745,148.45993446373956,30,70.99116635322571,30,4.948664482124652
1059,347,62,-20,-13,23.853720883753127,148.45993446373956,30,70.99116635322571,30,4.948664482124652
1060,302,63,-45,1,45.0111097397076,148.45993446373956,30,70.99116635322571,30,4.948664482124652
1061,366,72,64,9,64.6297145282261,148.45993446373956,30,70.99116635322571,30,4.948664482124652
1062,341,82,-25,10,26.92582403567252,148.45993446373956,30,70.99116635322571,30,4.948664482124652
1063,305,76,-36,-6,36.49657518178932,148.45993446373956,30,70.99116635322571,30,4.948664482124652
1064,367,62,62,-14,63.56099432828282,148.45993446373956,30,70.99116635322571,30,4.948664482124652
1065,343,63,-24,1,24.020824298928627,148.45993446373956,30,70.99116635322571,30,4.948664482124652
1066,305,70,-38,7,38.63935817272331,148.45993446373956,30,70.99116635322571,30,4.948664482124652
1067,370,80,65,10,65.76473218982953,148.45993446373956,30,70.99116635322571,30,4.948664482124652
1068,338,80,-32,0,32.0,148.45993446373956,30,70.99116635322571,30,4.948664482124652
1069,302,62,-36,-18,40.24922359499622,148.45993446373956,30,70.99116635322571,30,4.948664482124652
1070,370,62,68,0,68.0,148.45993446373956,30,70.99116635322571,30,4.948664482124652
1071,336,69,-34,7,34.713109915419565,148.45993446373956,30,70.99116635322571,30,4.948664482124652
1072,310,78,-26,9,27.51363298439521,148.45993446373956,30,70.99116635322571,30,4.948664482124652
1073,372,81,62,3,62.07253821135398,148.45993446373956,30,70.99116635322571,30,4.948664482124652
1074,338,66,-34,-15,37.16180835212409,148.45993446373956,30,70.99116635322571,30,4.948664482124652
1075,304,61,-34,-5,34.36568055487916,148.45993446373956,30,70.99116635322571,30,4.948664482124652
1076,373,68,69,7,69.35416353759881,148.45993446373956,30,70.99116635322571,30,4.948664482124652
1077,330,78,-43,10,44.14748010928823,148.45993446373956,30,70.99116635322571,30,4.948664482124652
1078,314,81,-16,3,16.278820596099706,148.45993446373956,30,70.99116635322571,30,4.948664482124652
1079,371,67,57,-14,58.69412236331676,148.45993446373956,30,70.99116635322571,30,4.948664482124652
1080,335,62,-36,-5,36.345563690772494,148.45993446373956,30,70.99116635322571,30,4.948664482124652
1081,308,67,-27,5,27.459060435491963,148.45993446373956,30,70.99116635322571,30,4.948664482124652
1082,375,76,67,9,67.60177512462228,148.45993446373956,30,70.99116635322571,30,4.948664482124652
1083,325,83,-50,7,50.48762224545735,148.45993446373956,30,70.99116635322571,30,4.948664482124652
1084,313,69,-12,-14,18.439088914585774,148.45993446373956,30,70.99116635322571,30,4.948664482124652
1085,372,61,59,-8,59.53990258641679,148.45993446373956,30,70.99116635322571,30,4.948664482124652
1086,330,66,-42,5,42.2965719651132,148.45993446373956,30,70.99116635322571,30,4.948664482124652
1087,313,74,-17,8,18.788294228055936,148.45993446373956,30,70.99116635322571,30,4.948664482124652
1088,376,83,63,9,63.63961030678928,148.45993446373956,30,70.99116635322571,30,4.948664482124652
1089,324,73,-52,-10,52.952809179494906,148.45993446373956,30,70.99116635322571,30,4.948664482124652
1090,313,61,-11,-12,16.278820596099706,148.45993446373956,30,70.99116635322571,30,4.948664482124652
1091,373,65,60,4,60.13318551349163,148.45993446373956,30,70.99116635322571,30,4.948664482124652
1092,324,74,-49,9,49.8196748283246,148.45993446373956,30,70.99116635322571,30,4.948664482124652
1093,320,82,-4,8,8.94427190999916,148.45993446373956,30,70.99116635322571,30,4.948664482124652
1094,376,75,56,-7,56.43580423808985,148.45993446373956,30,70.99116635322571,30,4.948664482124652
1095,322,62,-54,-13,55.54277630799526,148.45993446373956,30,70.99116635322571,30,4.948664482124652
1096,317,64,-5,2,5.385164807134504,148.45993446373956,30,70.99116635322571,30,4.948664482124652
1097,374,72,57,8,57.55866572463264,148.45993446373956,30,70.99116635322571,30,4.948664482124652
1098,318,82,-56,10,56.88585061331157,148.45993446373956,30,70.99116635322571,30,4.948664482124652
1099,322,76,4,-6,7.211102550927978,148.45993446373956,30,70.99116635322571,30,4.948664482124652
1100,376,62,54,-14,55.78530272392541,148.45993446373956,30,70.99116635322571,30,4.948664482124652
1101,318,63,-58,1,58.008620049092706,148.45993446373956,30,70.99116635322571,30,4.948664482124652
1102,322,71,4,8,8.94427190999916,148.45993446373956,30,70.99116635322571,30,4.948664482124652
1103,374,81,52,10,52.952809179494906,148.45993446373956,30,70.99116635322571,30,4.948664482124652
1104,316,79,-58,-2,58.034472514187634,148.45993446373956,30,70.99116635322571,30,4.948664482124652
1105,319,63,3,-16,16.278820596099706,148.45993446373956,30,70.99116635322571,30,4.948664482124652
1106,376,63,57,0,57.0,148.45993446373956,30,70.99116635322571,30,4.948664482124652
1107,313,70,-63,7,63.387695966961914,148.45993446373956,30,70.99116635322571,30,4.948664482124652
1108,330,80,17,10,19.72308292331602,148.45993446373956,30,70.99116635322571,30,4.948664482124652
1109,373,81,43,1,43.01162633521314,148.45993446373956,30,70.99116635322571,30,4.948664482124652
1110,316,65,-57,-16,59.20304046246274,148.45993446373956,30,70.99116635322571,30,4.948664482124652
1111,323,61,7,-4,8.06225774829855,148.45993446373956,30,70.99116635322571,30,4.948664482124652
1112,374,69,51,8,51.62363799656123,148.45993446373956,30,70.99116635322571,30,4.948664482124652
1113,310,78,-64,9,64.6297145282261,148.45993446373956,30,70.99116635322571,30,4.948664482124652
1114,335,83,25,5,25.495097567963924,148.45993446373956,30,70.99116635322571,30,4.948664482124652
1115,373,67,38,-16,41.23105625617661,148.45993446373956,30,70.99116635322571,30,4.948664482124652
1116,313,61,-60,-6,60.29925372672534,148.45993446373956,30,70.99116635322571,30,4.948664482124652
1117,329,67,16,6,17.08800749063506,148.45993446373956,30,70.99116635322571,30,4.948664482124652
1118,372,77,43,10,44.14748010928823,148.45993446373956,30,70.99116635322571,30,4.948664482124652
1119,308,83,-64,6,64.28063471995279,148.45993446373956,30,70.99116635322571,30,4.948664482124652
1120,334,69,26,-14,29.5296461204668,148.45993446373956,30,70.99116635322571,30,4.948664482124652
1121,373,61,39,-8,39.81205847478876,148.45993446373956,30,70.99116635322571,30,4.948664482124652
1122,309,67,-64,6,64.28063471995279,148.45993446373956,30,70.99116635322571,30,4.948664482124652
1123,337,75,28,8,29.120439557122072,148.45993446373956,30,70.99116635322571,30,4.948664482124652
1124,369,83,32,8,32.984845004941285,148.45993446373956,30,70.99116635322571,30,4.948664482124652
1125,307,72,-62,-11,62.96824596572466,148.45993446373956,30,70.99116635322571,30,4.948664482124652
1126,334,61,27,-11,29.154759474226502,148.45993446373956,30,70.99116635322571,30,4.948664482124652
1127,371,65,37,4,37.21558813185679,148.45993446373956,30,70.99116635322571,30,4.948664482124652
1128,305,74,-66,9,66.61080993352356,148.45993446373956,30,70.99116635322571,30,4.948664482124652
1129,345,82,40,8,40.792156108742276,148.45993446373956,30,70.99116635322571,30,4.948664482124652
1130,368,74,23,-8,24.351591323771842,148.45993446373956,30,70.99116635322571,30,4.948664482124652
1131,305,62,-63,-12,64.13267497929586,148.45993446373956,30,70.99116635322571,30,4.948664482124652
1132,340,64,35,2,35.05709628591621,148.45993446373956,30,70.99116635322571,30,4.948664482124652
1133,367,73,27,9,28.460498941515414,148.45993446373956,30,70.99116635322571,30,4.948664482124652
1134,304,82,-63,9,63.63961030678928,148.45993446373956,30,70.99116635322571,30,4.948664482124652
1135,346,76,42,-6,42.42640687119285,148.45993446373956,30,70.99116635322571,30,4.948664482124652
1136,368,62,22,-14,26.076809620810597,148.45993446373956,30,70.99116635322571,30,4.948664482124652
1137,303,63,-65,1,65.00769185258002,148.45993446373956,30,70.99116635322571,30,4.948664482124652
1138,346,71,43,8,43.73785545725808,148.45993446373956,30,70.99116635322571,30,4.948664482124652
1139,363,81,17,10,19.72308292331602,148.45993446373956,30,70.99116635322571,30,4.948664482124652
1140,303,78,-60,-3,60.07495318350236,148.45993446373956,30,70.99116635322571,30,4.948664482124652
1141,344,63,41,-15,43.657759905886145,148.45993446373956,30,70.99116635322571,30,4.948664482124652
1142,365,63,21,0,21.0,148.45993446373956,30,70.99116635322571,30,4.948664482124652
1143,302,70,-63,7,63.387695966961914,148.45993446373956,30,70.99116635322571,30,4.948664482124652
1144,353,80,51,10,51.97114584074513,148.45993446373956,30,70.99116635322571,30,4.948664482124652
1145,360,80,7,0,7.0,148.45993446373956,30,70.99116635322571,30,4.948664482124652
1146,301,65,-59,-15,60.876925020897694,148.45993446373956,30,70.99116635322571,30,4.948664482124652
1147,348,61,47,-4,47.16990566028302,148.45993446373956,30,70.99116635322571,30,4.948664482124652
1148,361,69,13,8,15.264337522473747,148.45993446373956,30,70.99116635322571,30,4.948664482124652
1149,302,78,-59,9,59.682493245507096,148.45993446373956,30,70.99116635322571,30,4.948664482124652
1150,357,82,55,4,55.14526271584895,148.45993446373956,30,70.99116635322571,30,4.948664482124652
1151,360,67,3,-15,15.297058540778355,148.45993446373956,30,70.99116635322571,30,4.948664482124652
1152,300,62,-60,-5,60.207972893961475,148.45993446373956,30,70.99116635322571,30,4.948664482124652
1153,355,67,55,5,55.226805085936306,148.45993446373956,30,70.99116635322571,30,4.948664482124652
1154,354,77,-1,10,10.04987562112089,148.45993446373956,30,70.99116635322571,30,4.948664482124652
1155,304,82,-50,5,50.24937810560445,148.45993446373956,30,70.99116635322571,30,4.948664482124652
1156,355,68,51,-14,52.88667128870941,148.45993446373956,30,70.99116635322571,30,4.948664482124652
1157,358,61,3,-7,7.615773105863909,148.45993446373956,30,70.99116635322571,30,4.948664482124652
1158,300,66,-58,5,58.215118311311535,148.45993446373956,30,70.99116635322571,30,4.948664482124652
1159,361,75,61,9,61.66036003787198,148.45993446373956,30,70.99116635322571,30,4.948664482124652
1160,349,83,-12,8,14.422205101855956,148.45993446373956,30,70.99116635322571,30,4.948664482124652
1161,302,71,-47,-12,48.507731342539614,148.45993446373956,30,70.99116635322571,30,4.948664482124652
1162,357,61,55,-10,55.90169943749474,148.45993446373956,30,70.99116635322571,30,4.948664482124652
1163,354,65,-3,4,5.0,148.45993446373956,30,70.99116635322571,30,4.948664482124652
1164,301,73,-53,8,53.600373133029585,148.45993446373956,30,70.99116635322571,30,4.948664482124652
1165,367,82,66,9,66.61080993352356,148.45993446373956,30,70.99116635322571,30,4.948664482124652
1166,348,74,-19,-8,20.615528128088304,148.45993446373956,30,70.99116635322571,30,4.948664482124652
1167,301,61,-47,-13,48.76474136094644,148.45993446373956,30,70.99116635322571,30,4.948664482124652
1168,361,64,60,3,60.07495318350236,148.45993446373956,30,70.99116635322571,30,4.948664482124652
1169,348,73,-13,9,15.811388300841896,148.45993446373956,30,70.99116635322571,30,4.948664482124652
1170,304,81,-44,8,44.721359549995796,148.45993446373956,30,70.99116635322571,30,4.948664482124652
1171,367,76,63,-5,63.198101237299845,148.45993446373956,30,70.99116635322571,30,4.948664482124652
1172,347,62,-20,-14,24.413111231467404,148.45993446373956,30,70.99116635322571,30,4.948664482124652
1173,302,63,-45,1,45.0111097397076,148.45993446373956,30,70.99116635322571,30,4.948664482124652
1174,366,71,64,8,64.4980619863884,148.45993446373956,30,70.99116635322571,30,4.948664482124652
1175,341,81,-25,10,26.92582403567252,148.45993446373956,30,70.99116635322571,30,4.948664482124652
1176,305,77,-36,-4,36.22154055254967,148.45993446373956,30,70.99116635322571,30,4.948664482124652
1177,367,63,62,-14,63.56099432828282,148.45993446373956,30,70.99116635322571,30,4.948664482124652
1178,343,63,-24,0,24.0,148.45993446373956,30,70.99116635322571,30,4.948664482124652
1179,305,70,-38,7,38.63935817272331,148.45993446373956,30,70.99116635322571,30,4.948664482124652
1180,369,80,64,10,64.77653896280658,148.45993446373956,30,70.99116635322571,30,4.948664482124652
1181,338,80,-31,0,31.0,148.45993446373956,30,70.99116635322571,30,4.948664482124652
1182,303,63,-35,-17,38.91015291668744,148.45993446373956,30,70.99116635322571,30,4.948664482124652
1183,370,62,67,-1,67.00746227100382,148.45993446373956,30,70.99116635322571,30,4.948664482124652
1184,336,69,-34,7,34.713109915419565,148.45993446373956,30,70.99116635322571,30,4.948664482124652
1185,310,78,-26,9,27.51363298439521,148.45993446373956,30,70.99116635322571,30,4.948664482124652
1186,372,81,62,3,62.07253821135398,148.45993446373956,30,70.99116635322571,30,4.948664482124652
1187,338,66,-34,-15,37.16180835212409,148.45993446373956,30,70.99116635322571,30,4.948664482124652
1188,304,61,-34,-5,34.36568055487916,148.45993446373956,30,70.99116635322571,30,4.948664482124652
1189,373,68,69,7,69.35416353759881,148.45993446373956,30,70.99116635322571,30,4.948664482124652
1190,330,77,-43,9,43.93176527297759,148.45993446373956,30,70.99116635322571,30,4.948664482124652
1191,314,81,-16,4,16.492422502470642,148.45993446373956,30,70.99116635322571,30,4.948664482124652
1192,371,68,57,-13,58.463663928973865,148.45993446373956,30,70.99116635322571,30,4.948664482124652
1193,336,61,-35,-7,35.6931365951495,148.45993446373956,30,70.99116635322571,30,4.948664482124652
1194,307,66,-29,5,29.427877939124322,148.45993446373956,30,70.99116635322571,30,4.948664482124652
1195,375,76,68,10,68.73136110975832,148.45993446373956,30,70.99116635322571,30,4.948664482124652
1196,325,83,-50,7,50.48762224545735,148.45993446373956,30,70.99116635322571,30,4.948664482124652
1197,313,70,-12,-13,17.69180601295413,148.45993446373956,30,70.99116635322571,30,4.948664482124652
1198,372,61,59,-9,59.682493245507096,148.45993446373956,30,70.99116635322571,30,4.948664482124652
1199,330,66,-42,5,42.2965719651132,148.45993446373956,30,70.99116635322571,30,4.948664482124652
1200,313,74,-17,8,18.788294228055936,148.45993446373956,30,70.99116635322571,30,4.948664482124652
1201,376,83,63,9,63.63961030678928,148.45993446373956,30,70.99116635322571,30,4.948664482124652
1202,324,73,-52,-10,52.952809179494906,148.45993446373956,30,70.99116635322571,30,4.948664482124652
1203,313,61,-11,-12,16.278820596099706,148.45993446373956,30,70.99116635322571,30,4.948664482124652
1204,373,64,60,3,60.07495318350236,148.45993446373956,30,70.99116635322571,30,4.948664482124652
1205,324,73,-49,9,49.8196748283246,148.45993446373956,30,70.99116635322571,30,4.948664482124652
1206,320,82,-4,9,9.848857801796104,148.45993446373956,30,70.99116635322571,30,4.948664482124652
1207,376,76,56,-6,56.32051136131489,148.45993446373956,30,70.99116635322571,30,4.948664482124652
1208,322,62,-54,-14,55.78530272392541,148.45993446373956,30,70.99116635322571,30,4.948664482124652
1209,316,64,-6,2,6.324555320336759,148.45993446373956,30,70.99116635322571,30,4.948664482124652
1210,374,72,58,8,58.54912467321779,148.45993446373956,30,70.99116635322571,30,4.948664482124652
1211,319,81,-55,9,55.731499172371095,148.45993446373956,30,70.99116635322571,30,4.948664482124652
1212,322,77,3,-4,5.0,148.45993446373956,30,70.99116635322571,30,4.948664482124652
1213,376,64,54,-13,55.54277630799526,148.45993446373956,30,70.99116635322571,30,4.948664482124652
1214,319,63,-57,-1,57.0087712549569,148.45993446373956,30,70.99116635322571,30,4.948664482124652
1215,322,70,3,7,7.615773105863909,148.45993446373956,30,70.99116635322571,30,4.948664482124652
1216,374,80,52,10,52.952809179494906,148.45993446373956,30,70.99116635322571,30,4.948664482124652
1217,316,80,-58,0,58.0,148.45993446373956,30,70.99116635322571,30,4.948664482124652
1218,319,63,3,-17,17.26267650163207,148.45993446373956,30,70.99116635322571,30,4.948664482124652
1219,376,62,57,-1,57.0087712549569,148.45993446373956,30,70.99116635322571,30,4.948664482124652
1220,314,69,-62,7,62.39390995922599,148.45993446373956,30,70.99116635322571,30,4.948664482124652
1221,329,79,15,10,18.027756377319946,148.45993446373956,30,70.99116635322571,30,4.948664482124652
1222,373,81,44,2,44.04543109109048,148.45993446373956,30,70.99116635322571,30,4.948664482124652
1223,315,67,-58,-14,59.665735560705194,148.45993446373956,30,70.99116635322571,30,4.948664482124652
1224,322,60,7,-7,9.899494936611665,148.45993446373956,30,70.99116635322571,30,4.948664482124652
1225,374,68,52,8,52.61178575186362,148.45993446373956,30,70.99116635322571,30,4.948664482124652
1226,310,77,-64,9,64.6297145282261,148.45993446373956,30,70.99116635322571,30,4.948664482124652
1227,336,83,26,6,26.68332812825267,148.45993446373956,30,70.99116635322571,30,4.948664482124652
1228,372,68,36,-15,39.0,148.45993446373956,30,70.99116635322571,30,4.948664482124652
1229,313,62,-59,-6,59.30430001273095,148.45993446373956,30,70.99116635322571,30,4.948664482124652
1230,329,66,16,4,16.492422502470642,148.45993446373956,30,70.99116635322571,30,4.948664482124652
1231,372,76,43,10,44.14748010928823,148.45993446373956,30,70.99116635322571,30,4.948664482124652
1232,308,82,-64,6,64.28063471995279,148.45993446373956,30,70.99116635322571,30,4.948664482124652
1233,334,70,26,-12,28.635642126552707,148.45993446373956,30,70.99116635322571,30,4.948664482124652
1234,372,61,38,-9,39.05124837953327,148.45993446373956,30,70.99116635322571,30,4.948664482124652
1235,308,66,-64,5,64.19501538281614,148.45993446373956,30,70.99116635322571,30,4.948664482124652
1236,336,74,28,8,29.120439557122072,148.45993446373956,30,70.99116635322571,30,4.948664482124652
1237,369,83,33,9,34.20526275297414,148.45993446373956,30,70.99116635322571,30,4.948664482124652
1238,307,73,-62,-10,62.80127387243033,148.45993446373956,30,70.99116635322571,30,4.948664482124652
1239,334,61,27,-12,29.546573405388315,148.45993446373956,30,70.99116635322571,30,4.948664482124652
1240,371,65,37,4,37.21558813185679,148.45993446373956,30,70.99116635322571,30,4.948664482124652
1241,305,73,-66,8,66.48308055437865,148.45993446373956,30,70.99116635322571,30,4.948664482124652
1242,344,82,39,9,40.024992192379,148.45993446373956,30,70.99116635322571,30,4.948664482124652
1243,368,75,24,-7,25.0,148.45993446373956,30,70.99116635322571,30,4.948664482124652
1244,305,62,-63,-13,64.32728814430156,148.45993446373956,30,70.99116635322571,30,4.948664482124652
1245,339,64,34,2,34.058772731852805,148.45993446373956,30,70.99116635322571,30,4.948664482124652
1246,367,72,28,8,29.120439557122072,148.45993446373956,30,70.99116635322571,30,4.948664482124652
1247,304,81,-63,9,63.63961030678928,148.45993446373956,30,70.99116635322571,30,4.948664482124652
1248,346,77,42,-4,42.190046219457976,148.45993446373956,30,70.99116635322571,30,4.948664482124652
1249,368,62,22,-15,26.627053911388696,148.45993446373956,30,70.99116635322571,30,4.948664482124652
1250,303,63,-65,1,65.00769185258002,148.45993446373956,30,70.99116635322571,30,4.948664482124652
1251,346,70,43,7,43.56604182158393,148.45993446373956,30,70.99116635322571,30,4.948664482124652
1252,363,80,17,10,19.72308292331602,148.45993446373956,30,70.99116635322571,30,4.948664482124652
1253,303,79,-60,-1,60.00833275470999,148.45993446373956,30,70.99116635322571,30,4.948664482124652
1254,344,62,41,-17,44.384682042344295,148.45993446373956,30,70.99116635322571,30,4.948664482124652
1255,366,62,22,0,22.0,148.45993446373956,30,70.99116635322571,30,4.948664482124652
1256,302,69,-64,7,64.38167441127949,148.45993446373956,30,70.99116635322571,30,4.948664482124652
1257,353,79,51,10,51.97114584074513,148.45993446373956,30,70.99116635322571,30,4.948664482124652
1258,360,81,7,2,7.280109889280518,148.45993446373956,30,70.99116635322571,30,4.948664482124652
1259,302,65,-58,-16,60.166435825965294,148.45993446373956,30,70.99116635322571,30,4.948664482124652
1260,348,60,46,-5,46.2709412050371,148.45993446373956,30,70.99116635322571,30,4.948664482124652
1261,361,68,13,8,15.264337522473747,148.45993446373956,30,70.99116635322571,30,4.948664482124652
1262,302,77,-59,9,59.682493245507096,148.45993446373956,30,70.99116635322571,30,4.948664482124652
1263,357,82,55,5,55.226805085936306,148.45993446373956,30,70.99116635322571,30,4.948664482124652
1264,360,67,3,-15,15.297058540778355,148.45993446373956,30,70.99116635322571,30,4.948664482124652
1265,300,61,-60,-6,60.29925372672534,148.45993446373956,30,70.99116635322571,30,4.948664482124652
1266,355,67,55,6,55.326304774492215,148.45993446373956,30,70.99116635322571,30,4.948664482124652
1267,355,76,0,9,9.0,148.45993446373956,30,70.99116635322571,30,4.948664482124652
1268,304,82,-51,6,51.35172830587107,148.45993446373956,30,70.99116635322571,30,4.948664482124652
1269,356,69,52,-13,53.600373133029585,148.45993446373956,30,70.99116635322571,30,4.948664482124652
1270,358,61,2,-8,8.246211251235321,148.45993446373956,30,70.99116635322571,30,4.948664482124652
1271,300,66,-58,5,58.215118311311535,148.45993446373956,30,70.99116635322571,30,4.948664482124652
1272,361,75,61,9,61.66036003787198,148.45993446373956,30,70.99116635322571,30,4.948664482124652
1273,349,82,-12,7,13.892443989449804,148.45993446373956,30,70.99116635322571,30,4.948664482124652
1274,303,71,-46,-11,47.29693436154187,148.45993446373956,30,70.99116635322571,30,4.948664482124652
1275,356,61,53,-10,53.9351462406472,148.45993446373956,30,70.99116635322571,30,4.948664482124652
1276,354,65,-2,4,4.47213595499958,148.45993446373956,30,70.99116635322571,30,4.948664482124652
1277,301,73,-53,8,53.600373133029585,148.45993446373956,30,70.99116635322571,30,4.948664482124652
1278,366,82,65,9,65.62011886609167,148.45993446373956,30,70.99116635322571,30,4.948664482124652
1279,348,74,-18,-8,19.697715603592208,148.45993446373956,30,70.99116635322571,30,4.948664482124652
1280,301,61,-47,-13,48.76474136094644,148.45993446373956,30,70.99116635322571,30,4.948664482124652
1281,361,64,60,3,60.07495318350236,148.45993446373956,30,70.99116635322571,30,4.948664482124652
1282,348,73,-13,9,15.811388300841896,148.45993446373956,30,70.99116635322571,30,4.948664482124652
1283,304,80,-44,7,44.553338819890925,148.45993446373956,30,70.99116635322571,30,4.948664482124652
1284,368,77,64,-3,64.07027391856539,148.45993446373956,30,70.99116635322571,30,4.948664482124652
1285,347,62,-21,-15,25.80697580112788,148.45993446373956,30,70.99116635322571,30,4.948664482124652
1286,302,63,-45,1,45.0111097397076,148.45993446373956,30,70.99116635322571,30,4.948664482124652
1287,365,71,63,8,63.50590523722971,148.45993446373956,30,70.99116635322571,30,4.948664482124652
1288,341,81,-24,10,26.0,148.45993446373956,30,70.99116635322571,30,4.948664482124652
1289,305,77,-36,-4,36.22154055254967,148.45993446373956,30,70.99116635322571,30,4.948664482124652
1290,367,64,62,-13,63.34824385884742,148.45993446373956,30,70.99116635322571,30,4.948664482124652
1291,343,63,-24,-1,24.020824298928627,148.45993446373956,30,70.99116635322571,30,4.948664482124652
1292,305,69,-38,6,38.47076812334269,148.45993446373956,30,70.99116635322571,30,4.948664482124652
1293,369,80,64,11,64.93843238021688,148.45993446373956,30,70.99116635322571,30,4.948664482124652
1294,338,81,-31,1,31.016124838541646,148.45993446373956,30,70.99116635322571,30,4.948664482124652
1295,303,64,-35,-17,38.91015291668744,148.45993446373956,30,70.99116635322571,30,4.948664482124652
1296,369,62,66,-2,66.03029607687671,148.45993446373956,30,70.99116635322571,30,4.948664482124652
1297,337,69,-32,7,32.7566787083184,148.45993446373956,30,70.99116635322571,30,4.948664482124652
1298,310,77,-27,8,28.160255680657446,148.45993446373956,30,70.99116635322571,30,4.948664482124652
1299,372,82,62,5,62.20128616033595,148.45993446373956,30,70.99116635322571,30,4.948664482124652
1300,338,67,-34,-15,37.16180835212409,148.45993446373956,30,70.99116635322571,30,4.948664482124652
1301,304,60,-34,-7,34.713109915419565,148.45993446373956,30,70.99116635322571,30,4.948664482124652
1302,373,67,69,7,69.35416353759881,148.45993446373956,30,70.99116635322571,30,4.948664482124652
1303,330,77,-43,10,44.14748010928823,148.45993446373956,30,70.99116635322571,30,4.948664482124652
1304,314,82,-16,5,16.76305461424021,148.45993446373956,30,70.99116635322571,30,4.948664482124652
1305,370,69,56,-13,57.48912940721924,148.45993446373956,30,70.99116635322571,30,4.948664482124652
1306,336,61,-34,-8,34.92849839314596,148.45993446373956,30,70.99116635322571,30,4.948664482124652
1307,307,65,-29,4,29.274562336608895,148.45993446373956,30,70.99116635322571,30,4.948664482124652
1308,375,76,68,11,68.8839603971781,148.45993446373956,30,70.99116635322571,30,4.948664482124652
1309,325,84,-50,8,50.635955604688654,148.45993446373956,30,70.99116635322571,30,4.948664482124652
1310,313,71,-12,-13,17.69180601295413,148.45993446373956,30,70.99116635322571,30,4.948664482124652
1311,371,61,58,-10,58.855755878248644,148.45993446373956,30,70.99116635322571,30,4.948664482124652
1312,330,65,-41,4,41.19465984809196,148.45993446373956,30,70.99116635322571,30,4.948664482124652
1313,313,73,-17,8,18.788294228055936,148.45993446373956,30,70.99116635322571,30,4.948664482124652
1314,376,83,63,10,63.788713735268246,148.45993446373956,30,70.99116635322571,30,4.948664482124652
1315,324,74,-52,-9,52.773099207835045,148.45993446373956,30,70.99116635322571,30,4.948664482124652
1316,312,61,-12,-13,17.69180601295413,148.45993446373956,30,70.99116635322571,30,4.948664482124652
1317,373,64,61,3,61.07372593840988,148.45993446373956,30,70.99116635322571,30,4.948664482124652
1318,324,73,-49,9,49.8196748283246,148.45993446373956,30,70.99116635322571,30,4.948664482124652
1319,319,81,-5,8,9.433981132056603,148.45993446373956,30,70.99116635322571,30,4.948664482124652
1320,376,77,57,-4,57.14017850864661,148.45993446373956,30,70.99116635322571,30,4.948664482124652
1321,323,63,-53,-14,54.817880294662984,148.45993446373956,30,70.99116635322571,30,4.948664482124652
1322,316,63,-7,0,7.0,148.45993446373956,30,70.99116635322571,30,4.948664482124652
1323,374,71,58,8,58.54912467321779,148.45993446373956,30,70.99116635322571,30,4.948664482124652
1324,319,81,-55,10,55.90169943749474,148.45993446373956,30,70.99116635322571,30,4.948664482124652
1325,322,78,3,-3,4.242640687119285,148.45993446373956,30,70.99116635322571,30,4.948664482124652
1326,376,63,54,-15,56.04462507680822,148.45993446373956,30,70.99116635322571,30,4.948664482124652
1327,319,63,-57,0,57.0,148.45993446373956,30,70.99116635322571,30,4.948664482124652
1328,322,70,3,7,7.615773105863909,148.45993446373956,30,70.99116635322571,30,4.948664482124652
1329,374,80,52,10,52.952809179494906,148.45993446373956,30,70.99116635322571,30,4.948664482124652
1330,316,81,-58,1,58.008620049092706,148.45993446373956,30,70.99116635322571,30,4.948664482124652
1331,319,64,3,-17,17.26267650163207,148.45993446373956,30,70.99116635322571,30,4.948664482124652
1332,376,62,57,-2,57.0350769263968,148.45993446373956,30,70.99116635322571,30,4.948664482124652
1333,314,69,-62,7,62.39390995922599,148.45993446373956,30,70.99116635322571,30,4.948664482124652
1334,329,79,15,10,18.027756377319946,148.45993446373956,30,70.99116635322571,30,4.948664482124652
1335,373,81,44,2,44.04543109109048,148.45993446373956,30,70.99116635322571,30,4.948664482124652
1336,315,67,-58,-14,59.665735560705194,148.45993446373956,30,70.99116635322571,30,4.948664482124652
1337,322,60,7,-7,9.899494936611665,148.45993446373956,30,70.99116635322571,30,4.948664482124652
1338,375,68,53,8,53.600373133029585,148.45993446373956,30,70.99116635322571,30,4.948664482124652
1339,310,77,-65,9,65.62011886609167,148.45993446373956,30,70.99116635322571,30,4.948664482124652
1340,335,83,25,6,25.709920264364882,148.45993446373956,30,70.99116635322571,30,4.948664482124652
1341,372,69,37,-14,39.56008088970496,148.45993446373956,30,70.99116635322571,30,4.948664482124652
1342,313,61,-59,-8,59.53990258641679,148.45993446373956,30,70.99116635322571,30,4.948664482124652
1343,328,66,15,5,15.811388300841896,148.45993446373956,30,70.99116635322571,30,4.948664482124652
1344,372,76,44,10,45.12205669071391,148.45993446373956,30,70.99116635322571,30,4.948664482124652
1345,308,82,-64,6,64.28063471995279,148.45993446373956,30,70.99116635322571,30,4.948664482124652
1346,334,71,26,-11,28.231188426986208,148.45993446373956,30,70.99116635322571,30,4.948664482124652
1347,372,61,38,-10,39.293765408777,148.45993446373956,30,70.99116635322571,30,4.948664482124652
1348,309,66,-63,5,63.198101237299845,148.45993446373956,30,70.99116635322571,30,4.948664482124652
1349,336,74,27,8,28.160255680657446,148.45993446373956,30,70.99116635322571,30,4.948664482124652
1350,369,83,33,9,34.20526275297414,148.45993446373956,30,70.99116635322571,30,4.948664482124652
1351,306,73,-63,-10,63.788713735268246,148.45993446373956,30,70.99116635322571,30,4.948664482124652
1352,334,61,28,-12,30.463092423455635,148.45993446373956,30,70.99116635322571,30,4.948664482124652
1353,371,64,37,3,37.12142238654117,148.45993446373956,30,70.99116635322571,30,4.948664482124652
1354,305,73,-66,9,66.61080993352356,148.45993446373956,30,70.99116635322571,30,4.948664482124652
1355,344,82,39,9,40.024992192379,148.45993446373956,30,70.99116635322571,30,4.948664482124652
1356,368,75,24,-7,25.0,148.45993446373956,30,70.99116635322571,30,4.948664482124652
1357,305,62,-63,-13,64.32728814430156,148.45993446373956,30,70.99116635322571,30,4.948664482124652
1358,339,64,34,2,34.058772731852805,148.45993446373956,30,70.99116635322571,30,4.948664482124652
1359,367,72,28,8,29.120439557122072,148.45993446373956,30,70.99116635322571,30,4.948664482124652
1360,304,81,-63,9,63.63961030678928,148.45993446373956,30,70.99116635322571,30,4.948664482124652
1361,346,78,42,-3,42.1070065428546,148.45993446373956,30,70.99116635322571,30,4.948664482124652
1362,368,63,22,-15,26.627053911388696,148.45993446373956,30,70.99116635322571,30,4.948664482124652
1363,303,63,-65,0,65.0,148.45993446373956,30,70.99116635322571,30,4.948664482124652
1364,345,70,42,7,42.579337712087536,148.45993446373956,30,70.99116635322571,30,4.948664482124652
1365,363,80,18,10,20.591260281974,148.45993446373956,30,70.99116635322571,30,4.948664482124652
1366,303,79,-60,-1,60.00833275470999,148.45993446373956,30,70.99116635322571,30,4.948664482124652
1367,344,63,41,-16,44.01136216933077,148.45993446373956,30,70.99116635322571,30,4.948664482124652
1368,366,62,22,-1,22.02271554554524,148.45993446373956,30,70.99116635322571,30,4.948664482124652
1369,302,69,-64,7,64.38167441127949,148.45993446373956,30,70.99116635322571,30,4.948664482124652
1370,352,79,50,10,50.99019513592785,148.45993446373956,30,70.99116635322571,30,4.948664482124652
1371,360,81,8,2,8.246211251235321,148.45993446373956,30,70.99116635322571,30,4.948664482124652
1372,301,66,-59,-15,60.876925020897694,148.45993446373956,30,70.99116635322571,30,4.948664482124652
1373,348,61,47,-5,47.265209192385896,148.45993446373956,30,70.99116635322571,30,4.948664482124652
1374,361,68,13,7,14.7648230602334,148.45993446373956,30,70.99116635322571,30,4.948664482124652
1375,302,77,-59,9,59.682493245507096,148.45993446373956,30,70.99116635322571,30,4.948664482124652
1376,357,82,55,5,55.226805085936306,148.45993446373956,30,70.99116635322571,30,4.948664482124652
1377,359,69,2,-13,13.152946437965905,148.45993446373956,30,70.99116635322571,30,4.948664482124652
1378,300,61,-59,-8,59.53990258641679,148.45993446373956,30,70.99116635322571,30,4.948664482124652
1379,354,66,54,5,54.230987451824994,148.45993446373956,30,70.99116635322571,30,4.948664482124652
1380,355,76,1,10,10.04987562112089,148.45993446373956,30,70.99116635322571,30,4.948664482124652
1381,303,82,-52,6,52.3450093132096,148.45993446373956,30,70.99116635322571,30,4.948664482124652
1382,356,70,53,-12,54.3415126767741,148.45993446373956,30,70.99116635322571,30,4.948664482124652
1383,359,61,3,-9,9.486832980505138,148.45993446373956,30,70.99116635322571,30,4.948664482124652
1384,300,66,-59,5,59.21148537234985,148.45993446373956,30,70.99116635322571,30,4.948664482124652
1385,361,74,61,8,61.5223536610881,148.45993446373956,30,70.99116635322571,30,4.948664482124652
1386,349,83,-12,9,15.0,148.45993446373956,30,70.99116635322571,30,4.948664482124652
1387,302,72,-47,-11,48.27007354458868,148.45993446373956,30,70.99116635322571,30,4.948664482124652
1388,356,61,54,-11,55.10898293381942,148.45993446373956,30,70.99116635322571,30,4.948664482124652
1389,354,65,-2,4,4.47213595499958,148.45993446373956,30,70.99116635322571,30,4.948664482124652
1390,301,73,-53,8,53.600373133029585,148.45993446373956,30,70.99116635322571,30,4.948664482124652
1391,366,82,65,9,65.62011886609167,148.45993446373956,30,70.99116635322571,30,4.948664482124652
1392,347,75,-19,-7,20.248456731316587,148.45993446373956,30,70.99116635322571,30,4.948664482124652
1393,301,61,-46,-14,48.08326112068523,148.45993446373956,30,70.99116635322571,30,4.948664482124652
1394,361,64,60,3,60.07495318350236,148.45993446373956,30,70.99116635322571,30,4.948664482124652
1395,348,72,-13,8,15.264337522473747,148.45993446373956,30,70.99116635322571,30,4.948664482124652
1396,304,80,-44,8,44.721359549995796,148.45993446373956,30,70.99116635322571,30,4.948664482124652
1397,367,78,63,-2,63.0317380372777,148.45993446373956,30,70.99116635322571,30,4.948664482124652
1398,347,62,-20,-16,25.612496949731394,148.45993446373956,30,70.99116635322571,30,4.948664482124652
1399,302,63,-45,1,45.0111097397076,148.45993446373956,30,70.99116635322571,30,4.948664482124652
1400,365,70,63,7,63.387695966961914,148.45993446373956,30,70.99116635322571,30,4.948664482124652
1401,342,80,-23,10,25.079872407968907,148.45993446373956,30,70.99116635322571,30,4.948664482124652
1402,305,78,-37,-2,37.05401462729781,148.45993446373956,30,70.99116635322571,30,4.948664482124652
1403,366,64,61,-14,62.5859409132754,148.45993446373956,30,70.99116635322571,30,4.948664482124652
1404,343,62,-23,-2,23.08679276123039,148.45993446373956,30,70.99116635322571,30,4.948664482124652
1405,305,69,-38,7,38.63935817272331,148.45993446373956,30,70.99116635322571,30,4.948664482124652
1406,369,79,64,10,64.77653896280658,148.45993446373956,30,70.99116635322571,30,4.948664482124652
1407,338,81,-31,2,31.064449134018133,148.45993446373956,30,70.99116635322571,30,4.948664482124652
1408,303,65,-35,-16,38.48376280978771,148.45993446373956,30,70.99116635322571,30,4.948664482124652
1409,370,61,67,-4,67.11929677819934,148.45993446373956,30,70.99116635322571,30,4.948664482124652
1410,337,68,-33,7,33.734255586866,148.45993446373956,30,70.99116635322571,30,4.948664482124652
1411,309,77,-28,9,29.410882339705484,148.45993446373956,30,70.99116635322571,30,4.948664482124652
1412,372,82,63,5,63.198101237299845,148.45993446373956,30,70.99116635322571,30,4.948664482124652
1413,338,68,-34,-14,36.76955262170047,148.45993446373956,30,70.99116635322571,30,4.948664482124652
1414,304,61,-34,-7,34.713109915419565,148.45993446373956,30,70.99116635322571,30,4.948664482124652
1415,372,67,68,6,68.26419266350405,148.45993446373956,30,70.99116635322571,30,4.948664482124652
1416,331,77,-41,10,42.20189569201838,148.45993446373956,30,70.99116635322571,30,4.948664482124652
1417,314,82,-17,5,17.72004514666935,148.45993446373956,30,70.99116635322571,30,4.948664482124652
1418,371,70,57,-12,58.249463516842795,148.45993446373956,30,70.99116635322571,30,4.948664482124652
1419,336,61,-35,-9,36.138621999185304,148.45993446373956,30,70.99116635322571,30,4.948664482124652
1420,307,65,-29,4,29.274562336608895,148.45993446373956,30,70.99116635322571,30,4.948664482124652
1421,375,75,68,10,68.73136110975832,148.45993446373956,30,70.99116635322571,30,4.948664482124652
1422,325,82,-50,7,50.48762224545735,148.45993446373956,30,70.99116635322571,30,4.948664482124652
1423,313,71,-12,-11,16.278820596099706,148.45993446373956,30,70.99116635322571,30,4.948664482124652
1424,371,61,58,-10,58.855755878248644,148.45993446373956,30,70.99116635322571,30,4.948664482124652
1425,330,65,-41,4,41.19465984809196,148.45993446373956,30,70.99116635322571,30,4.948664482124652
1426,312,73,-18,8,19.697715603592208,148.45993446373956,30,70.99116635322571,30,4.948664482124652
1427,376,82,64,9,64.6297145282261,148.45993446373956,30,70.99116635322571,30,4.948664482124652
1428,323,75,-53,-7,53.46026561849464,148.45993446373956,30,70.99116635322571,30,4.948664482124652
1429,312,61,-11,-14,17.804493814764857,148.45993446373956,30,70.99116635322571,30,4.948664482124652
1430,373,64,61,3,61.07372593840988,148.45993446373956,30,70.99116635322571,30,4.948664482124652
1431,324,72,-49,8,49.64876634922564,148.45993446373956,30,70.99116635322571,30,4.948664482124652
1432,319,81,-5,9,10.295630140987,148.45993446373956,30,70.99116635322571,30,4.948664482124652
1433,376,76,57,-5,57.21887800367987,148.45993446373956,30,70.99116635322571,30,4.948664482124652
1434,322,62,-54,-14,55.78530272392541,148.45993446373956,30,70.99116635322571,30,4.948664482124652
1435,316,63,-6,1,6.082762530298219,148.45993446373956,30,70.99116635322571,30,4.948664482124652
1436,374,71,58,8,58.54912467321779,148.45993446373956,30,70.99116635322571,30,4.948664482124652
1437,319,81,-55,10,55.90169943749474,148.45993446373956,30,70.99116635322571,30,4.948664482124652
1438,322,78,3,-3,4.242640687119285,148.45993446373956,30,70.99116635322571,30,4.948664482124652
1439,376,63,54,-15,56.04462507680822,148.45993446373956,30,70.99116635322571,30,4.948664482124652
1440,319,62,-57,-1,57.0087712549569,148.45993446373956,30,70.99116635322571,30,4.948664482124652
1441,321,70,2,8,8.246211251235321,148.45993446373956,30,70.99116635322571,30,4.948664482124652
1442,374,80,53,10,53.9351462406472,148.45993446373956,30,70.99116635322571,30,4.948664482124652
1443,316,81,-58,1,58.008620049092706,148.45993446373956,30,70.99116635322571,30,4.948664482124652
1444,319,64,3,-17,17.26267650163207,148.45993446373956,30,70.99116635322571,30,4.948664482124652
1445,376,62,57,-2,57.0350769263968,148.45993446373956,30,70.99116635322571,30,4.948664482124652
1446,314,69,-62,7,62.39390995922599,148.45993446373956,30,70.99116635322571,30,4.948664482124652
1447,329,78,15,9,17.4928556845359,148.45993446373956,30,70.99116635322571,30,4.948664482124652
1448,373,82,44,4,44.181444068749045,148.45993446373956,30,70.99116635322571,30,4.948664482124652
1449,315,67,-58,-15,59.90826320300064,148.45993446373956,30,70.99116635322571,30,4.948664482124652
1450,321,60,6,-7,9.219544457292887,148.45993446373956,30,70.99116635322571,30,4.948664482124652
1451,375,68,54,8,54.589376255824725,148.45993446373956,30,70.99116635322571,30,4.948664482124652
1452,310,77,-65,9,65.62011886609167,148.45993446373956,30,70.99116635322571,30,4.948664482124652
1453,335,82,25,5,25.495097567963924,148.45993446373956,30,70.99116635322571,30,4.948664482124652
1454,372,69,37,-13,39.21734310225516,148.45993446373956,30,70.99116635322571,30,4.948664482124652
1455,313,61,-59,-8,59.53990258641679,148.45993446373956,30,70.99116635322571,30,4.948664482124652
1456,328,66,15,5,15.811388300841896,148.45993446373956,30,70.99116635322571,30,4.948664482124652
1457,373,76,45,10,46.09772228646444,148.45993446373956,30,70.99116635322571,30,4.948664482124652
1458,308,83,-65,7,65.37583651472461,148.45993446373956,30,70.99116635322571,30,4.948664482124652
1459,334,71,26,-12,28.635642126552707,148.45993446373956,30,70.99116635322571,30,4.948664482124652
1460,372,61,38,-10,39.293765408777,148.45993446373956,30,70.99116635322571,30,4.948664482124652
1461,309,65,-63,4,63.12685640834652,148.45993446373956,30,70.99116635322571,30,4.948664482124652
1462,335,74,26,9,27.51363298439521,148.45993446373956,30,70.99116635322571,30,4.948664482124652
1463,370,82,35,8,35.90264614203248,148.45993446373956,30,70.99116635322571,30,4.948664482124652
1464,307,74,-63,-8,63.50590523722971,148.45993446373956,30,70.99116635322571,30,4.948664482124652
1465,333,61,26,-13,29.068883707497267,148.45993446373956,30,70.99116635322571,30,4.948664482124652
1466,371,64,38,3,38.118237105091836,148.45993446373956,30,70.99116635322571,30,4.948664482124652
1467,305,73,-66,9,66.61080993352356,148.45993446373956,30,70.99116635322571,30,4.948664482124652
1468,344,82,39,9,40.024992192379,148.45993446373956,30,70.99116635322571,30,4.948664482124652
1469,368,76,24,-6,24.73863375370596,148.45993446373956,30,70.99116635322571,30,4.948664482124652
1470,305,62,-63,-14,64.53681120105021,148.45993446373956,30,70.99116635322571,30,4.948664482124652
1471,339,63,34,1,34.0147027033899,148.45993446373956,30,70.99116635322571,30,4.948664482124652
1472,367,71,28,8,29.120439557122072,148.45993446373956,30,70.99116635322571,30,4.948664482124652
1473,304,81,-63,10,63.788713735268246,148.45993446373956,30,70.99116635322571,30,4.948664482124652
1474,346,78,42,-3,42.1070065428546,148.45993446373956,30,70.99116635322571,30,4.948664482124652
1475,368,63,22,-15,26.627053911388696,148.45993446373956,30,70.99116635322571,30,4.948664482124652
1476,303,63,-65,0,65.0,148.45993446373956,30,70.99116635322571,30,4.948664482124652
1477,345,70,42,7,42.579337712087536,148.45993446373956,30,70.99116635322571,30,4.948664482124652
1478,363,80,18,10,20.591260281974,148.45993446373956,30,70.99116635322571,30,4.948664482124652
1479,303,80,-60,0,60.0,148.45993446373956,30,70.99116635322571,30,4.948664482124652
1480,344,64,41,-16,44.01136216933077,148.45993446373956,30,70.99116635322571,30,4.948664482124652
1481,366,62,22,-2,22.090722034374522,148.45993446373956,30,70.99116635322571,30,4.948664482124652
1482,302,69,-64,7,64.38167441127949,148.45993446373956,30,70.99116635322571,30,4.948664482124652
1483,352,78,50,9,50.80354318352215,148.45993446373956,30,70.99116635322571,30,4.948664482124652
1484,360,81,8,3,8.54400374531753,148.45993446373956,30,70.99116635322571,30,4.948664482124652
1485,302,66,-58,-15,59.90826320300064,148.45993446373956,30,70.99116635322571,30,4.948664482124652
1486,348,61,46,-5,46.2709412050371,148.45993446373956,30,70.99116635322571,30,4.948664482124652
1487,361,68,13,7,14.7648230602334,148.45993446373956,30,70.99116635322571,30,4.948664482124652
1488,302,77,-59,9,59.682493245507096,148.45993446373956,30,70.99116635322571,30,4.948664482124652
1489,356,82,54,5,54.230987451824994,148.45993446373956,30,70.99116635322571,30,4.948664482124652
1490,360,69,4,-13,13.601470508735444,148.45993446373956,30,70.99116635322571,30,4.948664482124652
1491,300,61,-60,-8,60.530983801686226,148.45993446373956,30,70.99116635322571,30,4.948664482124652
1492,354,66,54,5,54.230987451824994,148.45993446373956,30,70.99116635322571,30,4.948664482124652
1493,355,76,1,10,10.04987562112089,148.45993446373956,30,70.99116635322571,30,4.948664482124652
1494,304,82,-51,6,51.35172830587107,148.45993446373956,30,70.99116635322571,30,4.948664482124652
1495,355,70,51,-12,52.392747589718944,148.45993446373956,30,70.99116635322571,30,4.948664482124652
1496,359,61,4,-9,9.848857801796104,148.45993446373956,30,70.99116635322571,30,4.948664482124652
1497,300,65,-59,4,59.135437767890075,148.45993446373956,30,70.99116635322571,30,4.948664482124652
1498,360,74,60,9,60.67124524847005,148.45993446373956,30,70.99116635322571,30,4.948664482124652
1499,349,83,-11,9,14.212670403551895,148.45993446373956,30,70.99116635322571,30,4.948664482124652
1500,302,71,-47,-12,48.507731342539614,148.45993446373956,30,70.99116635322571,30,4.948664482124652
1501,356,61,54,-10,54.91812087098393,148.45993446373956,30,70.99116635322571,30,4.948664482124652
1502,354,65,-2,4,4.47213595499958,148.45993446373956,30,70.99116635322571,30,4.948664482124652
1503,301,72,-53,7,53.46026561849464,148.45993446373956,30,70.99116635322571,30,4.948664482124652
1504,366,82,65,10,65.76473218982953,148.45993446373956,30,70.99116635322571,30,4.948664482124652
1505,348,75,-18,-7,19.313207915827967,148.45993446373956,30,70.99116635322571,30,4.948664482124652
1506,301,61,-47,-14,49.040799340956916,148.45993446373956,30,70.99116635322571,30,4.948664482124652
1507,360,63,59,2,59.033888572581766,148.45993446373956,30,70.99116635322571,30,4.948664482124652
1508,349,72,-11,9,14.212670403551895,148.45993446373956,30,70.99116635322571,30,4.948664482124652
1509,304,80,-45,8,45.70557952810576,148.45993446373956,30,70.99116635322571,30,4.948664482124652
1510,367,78,63,-2,63.0317380372777,148.45993446373956,30,70.99116635322571,30,4.948664482124652
1511,348,62,-19,-16,24.839484696748443,148.45993446373956,30,70.99116635322571,30,4.948664482124652
1512,302,62,-46,0,46.0,148.45993446373956,30,70.99116635322571,30,4.948664482124652
1513,365,71,63,9,63.63961030678928,148.45993446373956,30,70.99116635322571,30,4.948664482124652
1514,342,80,-23,9,24.698178070456937,148.45993446373956,30,70.99116635322571,30,4.948664482124652
1515,305,78,-37,-2,37.05401462729781,148.45993446373956,30,70.99116635322571,30,4.948664482124652
1516,366,64,61,-14,62.5859409132754,148.45993446373956,30,70.99116635322571,30,4.948664482124652
1517,344,62,-22,-2,22.090722034374522,148.45993446373956,30,70.99116635322571,30,4.948664482124652
1518,304,69,-40,7,40.607881008493905,148.45993446373956,30,70.99116635322571,30,4.948664482124652
1519,369,79,65,10,65.76473218982953,148.45993446373956,30,70.99116635322571,30,4.948664482124652
1520,338,81,-31,2,31.064449134018133,148.45993446373956,30,70.99116635322571,30,4.948664482124652
1521,303,64,-35,-17,38.91015291668744,148.45993446373956,30,70.99116635322571,30,4.948664482124652
1522,369,61,66,-3,66.06814663663572,148.45993446373956,30,70.99116635322571,30,4.948664482124652
1523,338,68,-31,7,31.78049716414141,148.45993446373956,30,70.99116635322571,30,4.948664482124652
1524,309,77,-29,9,30.364452901377952,148.45993446373956,30,70.99116635322571,30,4.948664482124652
1525,371,82,62,5,62.20128616033595,148.45993446373956,30,70.99116635322571,30,4.948664482124652
1526,338,68,-33,-14,35.84689665786984,148.45993446373956,30,70.99116635322571,30,4.948664482124652
1527,304,60,-34,-8,34.92849839314596,148.45993446373956,30,70.99116635322571,30,4.948664482124652
1528,372,67,68,7,68.3593446428504,148.45993446373956,30,70.99116635322571,30,4.948664482124652
1529,331,76,-41,9,41.97618372363071,148.45993446373956,30,70.99116635322571,30,4.948664482124652
1530,314,82,-17,6,18.027756377319946,148.45993446373956,30,70.99116635322571,30,4.948664482124652
1531,370,69,56,-13,57.48912940721924,148.45993446373956,30,70.99116635322571,30,4.948664482124652
1532,336,61,-34,-8,34.92849839314596,148.45993446373956,30,70.99116635322571,30,4.948664482124652
1533,307,65,-29,4,29.274562336608895,148.45993446373956,30,70.99116635322571,30,4.948664482124652
1534,375,75,68,10,68.73136110975832,148.45993446373956,30,70.99116635322571,30,4.948664482124652
1535,325,83,-50,8,50.635955604688654,148.45993446373956,30,70.99116635322571,30,4.948664482124652
1536,313,71,-12,-12,16.97056274847714,148.45993446373956,30,70.99116635322571,30,4.948664482124652
1537,371,61,58,-10,58.855755878248644,148.45993446373956,30,70.99116635322571,30,4.948664482124652
1538,331,65,-40,4,40.19950248448356,148.45993446373956,30,70.99116635322571,30,4.948664482124652
1539,312,73,-19,8,20.615528128088304,148.45993446373956,30,70.99116635322571,30,4.948664482124652
1540,376,83,64,10,64.77653896280658,148.45993446373956,30,70.99116635322571,30,4.948664482124652
1541,324,74,-52,-9,52.773099207835045,148.45993446373956,30,70.99116635322571,30,4.948664482124652
1542,311,61,-13,-13,18.384776310850235,148.45993446373956,30,70.99116635322571,30,4.948664482124652
1543,373,64,62,3,62.07253821135398,148.45993446373956,30,70.99116635322571,30,4.948664482124652
1544,324,72,-49,8,49.64876634922564,148.45993446373956,30,70.99116635322571,30,4.948664482124652
1545,319,81,-5,9,10.295630140987,148.45993446373956,30,70.99116635322571,30,4.948664482124652
1546,376,77,57,-4,57.14017850864661,148.45993446373956,30,70.99116635322571,30,4.948664482124652
1547,323,62,-53,-15,55.08175741568164,148.45993446373956,30,70.99116635322571,30,4.948664482124652
1548,315,63,-8,1,8.06225774829855,148.45993446373956,30,70.99116635322571,30,4.948664482124652
1549,374,71,59,8,59.53990258641679,148.45993446373956,30,70.99116635322571,30,4.948664482124652
1550,319,81,-55,10,55.90169943749474,148.45993446373956,30,70.99116635322571,30,4.948664482124652
1551,321,78,2,-3,3.605551275463989,148.45993446373956,30,70.99116635322571,30,4.948664482124652
1552,376,63,55,-15,57.0087712549569,148.45993446373956,30,70.99116635322571,30,4.948664482124652
1553,319,63,-57,0,57.0,148.45993446373956,30,70.99116635322571,30,4.948664482124652
1554,321,70,2,7,7.280109889280518,148.45993446373956,30,70.99116635322571,30,4.948664482124652
1555,374,80,53,10,53.9351462406472,148.45993446373956,30,70.99116635322571,30,4.948664482124652
1556,316,81,-58,1,58.008620049092706,148.45993446373956,30,70.99116635322571,30,4.948664482124652
1557,319,64,3,-17,17.26267650163207,148.45993446373956,30,70.99116635322571,30,4.948664482124652
1558,376,62,57,-2,57.0350769263968,148.45993446373956,30,70.99116635322571,30,4.948664482124652
1559,314,69,-62,7,62.39390995922599,148.45993446373956,30,70.99116635322571,30,4.948664482124652
1560,329,79,15,10,18.027756377319946,148.45993446373956,30,70.99116635322571,30,4.948664482124652
1561,373,82,44,3,44.10215414239989,148.45993446373956,30,70.99116635322571,30,4.948664482124652
1562,315,67,-58,-15,59.90826320300064,148.45993446373956,30,70.99116635322571,30,4.948664482124652
1563,322,60,7,-7,9.899494936611665,148.45993446373956,30,70.99116635322571,30,4.948664482124652
1564,375,68,53,8,53.600373133029585,148.45993446373956,30,70.99116635322571,30,4.948664482124652
1565,310,77,-65,9,65.62011886609167,148.45993446373956,30,70.99116635322571,30,4.948664482124652
1566,335,83,25,6,25.709920264364882,148.45993446373956,30,70.99116635322571,30,4.948664482124652
1567,373,69,38,-14,40.496913462633174,148.45993446373956,30,70.99116635322571,30,4.948664482124652
1568,313,62,-60,-7,60.40695324215582,148.45993446373956,30,70.99116635322571,30,4.948664482124652
1569,328,66,15,4,15.524174696260024,148.45993446373956,30,70.99116635322571,30,4.948664482124652
1570,373,75,45,9,45.89117562233506,148.45993446373956,30,70.99116635322571,30,4.948664482124652
1571,308,83,-65,8,65.49045732013177,148.45993446373956,30,70.99116635322571,30,4.948664482124652
1572,334,71,26,-12,28.635642126552707,148.45993446373956,30,70.99116635322571,30,4.948664482124652
1573,372,61,38,-10,39.293765408777,148.45993446373956,30,70.99116635322571,30,4.948664482124652
1574,309,66,-63,5,63.198101237299845,148.45993446373956,30,70.99116635322571,30,4.948664482124652
1575,335,74,26,8,27.202941017470888,148.45993446373956,30,70.99116635322571,30,4.948664482124652
1576,370,82,35,8,35.90264614203248,148.45993446373956,30,70.99116635322571,30,4.948664482124652
1577,307,73,-63,-9,63.63961030678928,148.45993446373956,30,70.99116635322571,30,4.948664482124652
1578,333,61,26,-12,28.635642126552707,148.45993446373956,30,70.99116635322571,30,4.948664482124652
1579,370,64,37,3,37.12142238654117,148.45993446373956,30,70.99116635322571,30,4.948664482124652
1580,306,72,-64,8,64.4980619863884,148.45993446373956,30,70.99116635322571,30,4.948664482124652
1581,344,81,38,9,39.05124837953327,148.45993446373956,30,70.99116635322571,30,4.948664482124652
1582,368,76,24,-5,24.515301344262525,148.45993446373956,30,70.99116635322571,30,4.948664482124652
1583,305,62,-63,-14,64.53681120105021,148.45993446373956,30,70.99116635322571,30,4.948664482124652
1584,338,63,33,1,33.015148038438355,148.45993446373956,30,70.99116635322571,30,4.948664482124652
1585,367,71,29,8,30.083217912982647,148.45993446373956,30,70.99116635322571,30,4.948664482124652
1586,304,81,-63,10,63.788713735268246,148.45993446373956,30,70.99116635322571,30,4.948664482124652
1587,346,78,42,-3,42.1070065428546,148.45993446373956,30,70.99116635322571,30,4.948664482124652
1588,368,63,22,-15,26.627053911388696,148.45993446373956,30,70.99116635322571,30,4.948664482124652
1589,304,62,-64,-1,64.00781202322104,148.45993446373956,30,70.99116635322571,30,4.948664482124652
1590,345,70,41,8,41.773197148410844,148.45993446373956,30,70.99116635322571,30,4.948664482124652
1591,364,80,19,10,21.470910553583888,148.45993446373956,30,70.99116635322571,30,4.948664482124652
1592,303,79,-61,-1,61.00819617067857,148.45993446373956,30,70.99116635322571,30,4.948664482124652
1593,344,63,41,-16,44.01136216933077,148.45993446373956,30,70.99116635322571,30,4.948664482124652
1594,366,62,22,-1,22.02271554554524,148.45993446373956,30,70.99116635322571,30,4.948664482124652
1595,302,69,-64,7,64.38167441127949,148.45993446373956,30,70.99116635322571,30,4.948664482124652
1596,351,78,49,9,49.8196748283246,148.45993446373956,30,70.99116635322571,30,4.948664482124652
1597,361,81,10,3,10.44030650891055,148.45993446373956,30,70.99116635322571,30,4.948664482124652
1598,302,66,-59,-15,60.876925020897694,148.45993446373956,30,70.99116635322571,30,4.948664482124652
1599,348,61,46,-5,46.2709412050371,148.45993446373956,30,70.99116635322571,30,4.948664482124652
1600,362,68,14,7,15.652475842498529,148.45993446373956,30,70.99116635322571,30,4.948664482124652
1601,302,77,-60,9,60.67124524847005,148.45993446373956,30,70.99116635322571,30,4.948664482124652
1602,357,82,55,5,55.226805085936306,148.45993446373956,30,70.99116635322571,30,4.948664482124652
1603,360,67,3,-15,15.297058540778355,148.45993446373956,30,70.99116635322571,30,4.948664482124652
1604,301,61,-59,-6,59.30430001273095,148.45993446373956,30,70.99116635322571,30,4.948664482124652
1605,354,66,53,5,53.23532661682466,148.45993446373956,30,70.99116635322571,30,4.948664482124652
1606,356,76,2,10,10.198039027185569,148.45993446373956,30,70.99116635322571,30,4.948664482124652
1607,304,82,-52,6,52.3450093132096,148.45993446373956,30,70.99116635322571,30,4.948664482124652
1608,355,70,51,-12,52.392747589718944,148.45993446373956,30,70.99116635322571,30,4.948664482124652
1609,359,61,4,-9,9.848857801796104,148.45993446373956,30,70.99116635322571,30,4.948664482124652
1610,300,66,-59,5,59.21148537234985,148.45993446373956,30,70.99116635322571,30,4.948664482124652
1611,360,74,60,8,60.530983801686226,148.45993446373956,30,70.99116635322571,30,4.948664482124652
1612,350,82,-10,8,12.806248474865697,148.45993446373956,30,70.99116635322571,30,4.948664482124652
1613,302,71,-48,-11,49.24428900898052,148.45993446373956,30,70.99116635322571,30,4.948664482124652
1614,356,61,54,-10,54.91812087098393,148.45993446373956,30,70.99116635322571,30,4.948664482124652
1615,355,65,-1,4,4.123105625617661,148.45993446373956,30,70.99116635322571,30,4.948664482124652
1616,301,73,-54,8,54.589376255824725,148.45993446373956,30,70.99116635322571,30,4.948664482124652
1617,366,82,65,9,65.62011886609167,148.45993446373956,30,70.99116635322571,30,4.948664482124652
1618,348,75,-18,-7,19.313207915827967,148.45993446373956,30,70.99116635322571,30,4.948664482124652
1619,301,61,-47,-14,49.040799340956916,148.45993446373956,30,70.99116635322571,30,4.948664482124652
1620,360,64,59,3,59.07622195096772,148.45993446373956,30,70.99116635322571,30,4.948664482124652
1621,349,72,-11,8,13.601470508735444,148.45993446373956,30,70.99116635322571,30,4.948664482124652
1622,304,80,-45,8,45.70557952810576,148.45993446373956,30,70.99116635322571,30,4.948664482124652
1623,367,77,63,-3,63.071388124885914,148.45993446373956,30,70.99116635322571,30,4.948664482124652
1624,348,62,-19,-15,24.20743687382041,148.45993446373956,30,70.99116635322571,30,4.948664482124652
1625,302,63,-46,1,46.010868281309364,148.45993446373956,30,70.99116635322571,30,4.948664482124652
1626,365,71,63,8,63.50590523722971,148.45993446373956,30,70.99116635322571,30,4.948664482124652
1627,342,81,-23,10,25.079872407968907,148.45993446373956,30,70.99116635322571,30,4.948664482124652
1628,305,78,-37,-3,37.12142238654117,148.45993446373956,30,70.99116635322571,30,4.948664482124652
1629,366,63,61,-15,62.81719509815764,148.45993446373956,30,70.99116635322571,30,4.948664482124652
1630,344,62,-22,-1,22.02271554554524,148.45993446373956,30,70.99116635322571,30,4.948664482124652
1631,305,69,-39,7,39.6232255123179,148.45993446373956,30,70.99116635322571,30,4.948664482124652
1632,369,79,64,10,64.77653896280658,148.45993446373956,30,70.99116635322571,30,4.948664482124652
1633,339,81,-30,2,30.066592756745816,148.45993446373956,30,70.99116635322571,30,4.948664482124652
1634,303,63,-36,-18,40.24922359499622,148.45993446373956,30,70.99116635322571,30,4.948664482124652
1635,369,61,66,-2,66.03029607687671,148.45993446373956,30,70.99116635322571,30,4.948664482124652
1636,338,68,-31,7,31.78049716414141,148.45993446373956,30,70.99116635322571,30,4.948664482124652
1637,309,77,-29,9,30.364452901377952,148.45993446373956,30,70.99116635322571,30,4.948664482124652
1638,372,82,63,5,63.198101237299845,148.45993446373956,30,70.99116635322571,30,4.948664482124652
1639,339,67,-33,-15,36.24913792078372,148.45993446373956,30,70.99116635322571,30,4.948664482124652
1640,304,61,-35,-6,35.510561809129406,148.45993446373956,30,70.99116635322571,30,4.948664482124652
1641,372,67,68,6,68.26419266350405,148.45993446373956,30,70.99116635322571,30,4.948664482124652
1642,331,77,-41,10,42.20189569201838,148.45993446373956,30,70.99116635322571,30,4.948664482124652
1643,314,82,-17,5,17.72004514666935,148.45993446373956,30,70.99116635322571,30,4.948664482124652
1644,370,69,56,-13,57.48912940721924,148.45993446373956,30,70.99116635322571,30,4.948664482124652
1645,337,61,-33,-8,33.95585369269929,148.45993446373956,30,70.99116635322571,30,4.948664482124652
1646,307,66,-30,5,30.4138126514911,148.45993446373956,30,70.99116635322571,30,4.948664482124652
1647,375,75,68,9,68.59300255857006,148.45993446373956,30,70.99116635322571,30,4.948664482124652
1648,326,83,-49,8,49.64876634922564,148.45993446373956,30,70.99116635322571,30,4.948664482124652
1649,313,71,-13,-12,17.69180601295413,148.45993446373956,30,70.99116635322571,30,4.948664482124652
1650,371,61,58,-10,58.855755878248644,148.45993446373956,30,70.99116635322571,30,4.948664482124652
1651,331,65,-40,4,40.19950248448356,148.45993446373956,30,70.99116635322571,30,4.948664482124652
1652,312,73,-19,8,20.615528128088304,148.45993446373956,30,70.99116635322571,30,4.948664482124652
1653,376,83,64,10,64.77653896280658,148.45993446373956,30,70.99116635322571,30,4.948664482124652
1654,324,74,-52,-9,52.773099207835045,148.45993446373956,30,70.99116635322571,30,4.948664482124652
1655,312,61,-12,-13,17.69180601295413,148.45993446373956,30,70.99116635322571,30,4.948664482124652
1656,373,64,61,3,61.07372593840988,148.45993446373956,30,70.99116635322571,30,4.948664482124652
1657,325,72,-48,8,48.662100242385755,148.45993446373956,30,70.99116635322571,30,4.948664482124652
1658,319,81,-6,9,10.816653826391969,148.45993446373956,30,70.99116635322571,30,4.948664482124652
1659,376,76,57,-5,57.21887800367987,148.45993446373956,30,70.99116635322571,30,4.948664482124652
1660,323,62,-53,-14,54.817880294662984,148.45993446373956,30,70.99116635322571,30,4.948664482124652
1661,315,63,-8,1,8.06225774829855,148.45993446373956,30,70.99116635322571,30,4.948664482124652
1662,374,71,59,8,59.53990258641679,148.45993446373956,30,70.99116635322571,30,4.948664482124652
1663,319,81,-55,10,55.90169943749474,148.45993446373956,30,70.99116635322571,30,4.948664482124652
1664,321,77,2,-4,4.47213595499958,148.45993446373956,30,70.99116635322571,30,4.948664482124652
1665,376,63,55,-14,56.753854494650845,148.45993446373956,30,70.99116635322571,30,4.948664482124652
1666,320,62,-56,-1,56.00892785976178,148.45993446373956,30,70.99116635322571,30,4.948664482124652
1667,321,70,1,8,8.06225774829855,148.45993446373956,30,70.99116635322571,30,4.948664482124652
1668,374,79,53,9,53.75872022286245,148.45993446373956,30,70.99116635322571,30,4.948664482124652
1669,317,81,-57,2,57.0350769263968,148.45993446373956,30,70.99116635322571,30,4.948664482124652
1670,304,64,-13,-17,21.400934559032695,148.45993446373956,30,70.99116635322571,30,4.948664482124652
1671,364,61,60,-3,60.07495318350236,148.45993446373956,30,70.99116635322571,30,4.948664482124652
1672,356,68,-8,7,10.63014581273465,148.45993446373956,30,70.99116635322571,30,4.948664482124652
1673,308,78,-48,10,49.03060268852505,148.45993446373956,30,70.99116635322571,30,4.948664482124652
1674,339,82,31,4,31.25699921617557,148.45993446373956,30,70.99116635322571,30,4.948664482124652
1675,363,66,24,-16,28.844410203711913,148.45993446373956,30,70.99116635322571,30,4.948664482124652
1676,332,61,-31,-5,31.400636936215164,148.45993446373956,30,70.99116635322571,30,4.948664482124652
1677,319,68,-13,7,14.7648230602334,148.45993446373956,30,70.99116635322571,30,4.948664482124652
1678,351,77,32,9,33.24154027718932,148.45993446373956,30,70.99116635322571,30,4.948664482124652
1679,347,82,-4,5,6.4031242374328485,148.45993446373956,30,70.99116635322571,30,4.948664482124652
1680,324,69,-23,-13,26.419689627245813,148.45993446373956,30,70.99116635322571,30,4.948664482124652
1681,336,61,12,-8,14.422205101855956,148.45993446373956,30,70.99116635322571,30,4.948664482124652
1682,350,66,14,5,14.866068747318506,148.45993446373956,30,70.99116635322571,30,4.948664482124652
1683,331,76,-19,10,21.470910553583888,148.45993446373956,30,70.99116635322571,30,4.948664482124652
1684,334,83,3,7,7.615773105863909,148.45993446373956,30,70.99116635322571,30,4.948664482124652
1685,348,70,14,-13,19.1049731745428,148.45993446373956,30,70.99116635322571,30,4.948664482124652
1686,339,61,-9,-9,12.727922061357855,148.45993446373956,30,70.99116635322571,30,4.948664482124652
1687,329,66,-10,5,11.180339887498949,148.45993446373956,30,70.99116635322571,30,4.948664482124652
1688,342,74,13,8,15.264337522473747,148.45993446373956,30,70.99116635322571,30,4.948664482124652
1689,345,83,3,9,9.486832980505138,148.45993446373956,30,70.99116635322571,30,4.948664482124652
1690,332,73,-13,-10,16.401219466856727,148.45993446373956,30,70.99116635322571,30,4.948664482124652
1691,334,61,2,-12,12.165525060596439,148.45993446373956,30,70.99116635322571,30,4.948664482124652
1692,345,64,11,3,11.40175425099138,148.45993446373956,30,70.99116635322571,30,4.948664482124652
1693,338,73,-7,9,11.40175425099138,148.45993446373956,30,70.99116635322571,30,4.948664482124652
1694,333,82,-5,9,10.295630140987,148.45993446373956,30,70.99116635322571,30,4.948664482124652
1695,341,75,8,-7,10.63014581273465,148.45993446373956,30,70.99116635322571,30,4.948664482124652
1696,342,62,1,-13,13.038404810405298,148.45993446373956,30,70.99116635322571,30,4.948664482124652
1697,335,64,-7,2,7.280109889280518,148.45993446373956,30,70.99116635322571,30,4.948664482124652
1698,336,72,1,8,8.06225774829855,148.45993446373956,30,70.99116635322571,30,4.948664482124652
1699,342,81,6,9,10.816653826391969,148.45993446373956,30,70.99116635322571,30,4.948664482124652
1700,340,77,-2,-4,4.47213595499958,148.45993446373956,30,70.99116635322571,30,4.948664482124652
1701,336,63,-4,-14,14.560219778561036,148.45993446373956,30,70.99116635322571,30,4.948664482124652
1702,337,63,1,0,1.0,148.45993446373956,30,70.99116635322571,30,4.948664482124652
1703,340,70,3,7,7.615773105863909,148.45993446373956,30,70.99116635322571,30,4.948664482124652
1704,340,80,0,10,10.0,148.45993446373956,30,70.99116635322571,30,4.948664482124652
1705,338,79,-2,-1,2.23606797749979,148.45993446373956,30,70.99116635322571,30,4.948664482124652
1706,337,64,-1,-15,15.033296378372908,148.45993446373956,30,70.99116635322571,30,4.948664482124652
1707,339,62,2,-2,2.8284271247461903,148.45993446373956,30,70.99116635322571,30,4.948664482124652
1708,339,69,0,7,7.0,148.45993446373956,30,70.99116635322571,30,4.948664482124652
1709,337,79,-2,10,10.198039027185569,148.45993446373956,30,70.99116635322571,30,4.948664482124652
1710,340,80,3,1,3.1622776601683795,148.45993446373956,30,70.99116635322571,30,4.948664482124652
1711,340,65,0,-15,15.0,148.45993446373956,30,70.99116635322571,30,4.948664482124652
1712,337,62,-3,-3,4.242640687119285,148.45993446373956,30,70.99116635322571,30,4.948664482124652
1713,336,68,-1,6,6.082762530298219,148.45993446373956,30,70.99116635322571,30,4.948664482124652
1714,340,77,4,9,9.848857801796104,148.45993446373956,30,70.99116635322571,30,4.948664482124652
1715,340,82,0,5,5.0,148.45993446373956,30,70.99116635322571,30,4.948664482124652
1716,337,68,-3,-14,14.317821063276353,148.45993446373956,30,70.99116635322571,30,4.948664482124652
1717,338,61,1,-7,7.0710678118654755,148.45993446373956,30,70.99116635322571,30,4.948664482124652
1718,339,67,1,6,6.082762530298219,148.45993446373956,30,70.99116635322571,30,4.948664482124652
1719,337,76,-2,9,9.219544457292887,148.45993446373956,30,70.99116635322571,30,4.948664482124652
1720,340,82,3,6,6.708203932499369,148.45993446373956,30,70.99116635322571,30,4.948664482124652
1721,339,69,-1,-13,13.038404810405298,148.45993446373956,30,70.99116635322571,30,4.948664482124652
1722,337,61,-2,-8,8.246211251235321,148.45993446373956,30,70.99116635322571,30,4.948664482124652
1723,337,66,0,5,5.0,148.45993446373956,30,70.99116635322571,30,4.948664482124652
1724,340,75,3,9,9.486832980505138,148.45993446373956,30,70.99116635322571,30,4.948664482124652
1725,339,82,-1,7,7.0710678118654755,148.45993446373956,30,70.99116635322571,30,4.948664482124652
1726,337,71,-2,-11,11.180339887498949,148.45993446373956,30,70.99116635322571,30,4.948664482124652
1727,338,61,1,-10,10.04987562112089,148.45993446373956,30,70.99116635322571,30,4.948664482124652
1728,339,65,1,4,4.123105625617661,148.45993446373956,30,70.99116635322571,30,4.948664482124652
1729,337,73,-2,8,8.246211251235321,148.45993446373956,30,70.99116635322571,30,4.948664482124652
1730,338,82,1,9,9.055385138137417,148.45993446373956,30,70.99116635322571,30,4.948664482124652
1731,340,74,2,-8,8.246211251235321,148.45993446373956,30,70.99116635322571,30,4.948664482124652
1732,338,61,-2,-13,13.152946437965905,148.45993446373956,30,70.99116635322571,30,4.948664482124652
1733,336,64,-2,3,3.605551275463989,148.45993446373956,30,70.99116635322571,30,4.948664482124652
1734,339,72,3,8,8.54400374531753,148.45993446373956,30,70.99116635322571,30,4.948664482124652
1735,340,81,1,9,9.055385138137417,148.45993446373956,30,70.99116635322571,30,4.948664482124652
1736,338,77,-2,-4,4.47213595499958,148.45993446373956,30,70.99116635322571,30,4.948664482124652
1737,337,63,-1,-14,14.035668847618199,148.45993446373956,30,70.99116635322571,30,4.948664482124652
1738,339,63,2,0,2.0,148.45993446373956,30,70.99116635322571,30,4.948664482124652
1739,338,71,-1,8,8.06225774829855,148.45993446373956,30,70.99116635322571,30,4.948664482124652
1740,338,81,0,10,10.0,148.45993446373956,30,70.99116635322571,30,4.948664482124652
1741,340,78,2,-3,3.605551275463989,148.45993446373956,30,70.99116635322571,30,4.948664482124652
1742,338,63,-2,-15,15.132745950421556,148.45993446373956,30,70.99116635322571,30,4.948664482124652
1743,337,62,-1,-1,1.4142135623730951,148.45993446373956,30,70.99116635322571,30,4.948664482124652
1744,338,70,1,8,8.06225774829855,148.45993446373956,30,70.99116635322571,30,4.948664482124652
1745,339,79,1,9,9.055385138137417,148.45993446373956,30,70.99116635322571,30,4.948664482124652
1746,339,80,0,1,1.0,148.45993446373956,30,70.99116635322571,30,4.948664482124652
1747,338,65,-1,-15,15.033296378372908,148.45993446373956,30,70.99116635322571,30,4.948664482124652
1748,338,61,0,-4,4.0,148.45993446373956,30,70.99116635322571,30,4.948664482124652
1749,338,69,0,8,8.0,148.45993446373956,30,70.99116635322571,30,4.948664482124652
1750,339,78,1,9,9.055385138137417,148.45993446373956,30,70.99116635322571,30,4.948664482124652
1751,339,81,0,3,3.0,148.45993446373956,30,70.99116635322571,30,4.948664482124652
1752,338,66,-1,-15,15.033296378372908,148.45993446373956,30,70.99116635322571,30,4.948664482124652
1753,338,61,0,-5,5.0,148.45993446373956,30,70.99116635322571,30,4.948664482124652
1754,338,67,0,6,6.0,148.45993446373956,30,70.99116635322571,30,4.948664482124652
1755,338,76,0,9,9.0,148.45993446373956,30,70.99116635322571,30,4.948664482124652
1756,340,83,2,7,7.280109889280518,148.45993446373956,30,70.99116635322571,30,4.948664482124652
1757,338,68,-2,-15,15.132745950421556,148.45993446373956,30,70.99116635322571,30,4.948664482124652
1758,338,61,0,-7,7.0,148.45993446373956,30,70.99116635322571,30,4.948664482124652
1759,338,66,0,5,5.0,148.45993446373956,30,70.99116635322571,30,4.948664482124652
1760,339,75,1,9,9.055385138137417,148.45993446373956,30,70.99116635322571,30,4.948664482124652
1761,339,83,0,8,8.0,148.45993446373956,30,70.99116635322571,30,4.948664482124652
1762,338,71,-1,-12,12.041594578792296,148.45993446373956,30,70.99116635322571,30,4.948664482124652
1763,338,61,0,-10,10.0,148.45993446373956,30,70.99116635322571,30,4.948664482124652
1764,338,65,0,4,4.0,148.45993446373956,30,70.99116635322571,30,4.948664482124652
1765,338,74,0,9,9.0,148.45993446373956,30,70.99116635322571,30,4.948664482124652
1766,340,83,2,9,9.219544457292887,148.45993446373956,30,70.99116635322571,30,4.948664482124652
1767,339,73,-1,-10,10.04987562112089,148.45993446373956,30,70.99116635322571,30,4.948664482124652
1768,338,61,-1,-12,12.041594578792296,148.45993446373956,30,70.99116635322571,30,4.948664482124652
1769,338,64,0,3,3.0,148.45993446373956,30,70.99116635322571,30,4.948664482124652
1770,339,73,1,9,9.055385138137417,148.45993446373956,30,70.99116635322571,30,4.948664482124652
1771,339,82,0,9,9.0,148.45993446373956,30,70.99116635322571,30,4.948664482124652
1772,339,76,0,-6,6.0,148.45993446373956,30,70.99116635322571,30,4.948664482124652
1773,338,62,-1,-14,14.035668847618199,148.45993446373956,30,70.99116635322571,30,4.948664482124652
1774,338,63,0,1,1.0,148.45993446373956,30,70.99116635322571,30,4.948664482124652
1775,338,71,0,8,8.0,148.45993446373956,30,70.99116635322571,30,4.948664482124652
1776,339,81,1,10,10.04987562112089,148.45993446373956,30,70.99116635322571,30,4.948664482124652
1777,339,77,0,-4,4.0,148.45993446373956,30,70.99116635322571,30,4.948664482124652
1778,338,62,-1,-15,15.033296378372908,148.45993446373956,30,70.99116635322571,30,4.948664482124652
1779,338,63,0,1,1.0,148.45993446373956,30,70.99116635322571,30,4.948664482124652
1780,338,70,0,7,7.0,148.45993446373956,30,70.99116635322571,30,4.948664482124652
1781,339,80,1,10,10.04987562112089,148.45993446373956,30,70.99116635322571,30,4.948664482124652
1782,339,79,0,-1,1.0,148.45993446373956,30,70.99116635322571,30,4.948664482124652
1783,338,64,-1,-15,15.033296378372908,148.45993446373956,30,70.99116635322571,30,4.948664482124652
1784,338,62,0,-2,2.0,148.45993446373956,30,70.99116635322571,30,4.948664482124652
1785,338,69,0,7,7.0,148.45993446373956,30,70.99116635322571,30,4.948664482124652
1786,339,78,1,9,9.055385138137417,148.45993446373956,30,70.99116635322571,30,4.948664482124652
1787,339,80,0,2,2.0,148.45993446373956,30,70.99116635322571,30,4.948664482124652
1788,338,66,-1,-14,14.035668847618199,148.45993446373956,30,70.99116635322571,30,4.948664482124652
1789,338,61,0,-5,5.0,148.45993446373956,30,70.99116635322571,30,4.948664482124652
1790,338,68,0,7,7.0,148.45993446373956,30,70.99116635322571,30,4.948664482124652
1791,338,77,0,9,9.0,148.45993446373956,30,70.99116635322571,30,4.948664482124652
1792,339,82,1,5,5.0990195135927845,148.45993446373956,30,70.99116635322571,30,4.948664482124652
1793,338,68,-1,-14,14.035668847618199,148.45993446373956,30,70.99116635322571,30,4.948664482124652
1794,338,61,0,-7,7.0,148.45993446373956,30,70.99116635322571,30,4.948664482124652
1795,338,67,0,6,6.0,148.45993446373956,30,70.99116635322571,30,4.948664482124652
1796,339,76,1,9,9.055385138137417,148.45993446373956,30,70.99116635322571,30,4.948664482124652
1797,339,83,0,7,7.0,148.45993446373956,30,70.99116635322571,30,4.948664482124652
1798,339,70,0,-13,13.0,148.45993446373956,30,70.99116635322571,30,4.948664482124652
1799,338,61,-1,-9,9.055385138137417,148.45993446373956,30,70.99116635322571,30,4.948664482124652
1800,338,66,0,5,5.0,148.45993446373956,30,70.99116635322571,30,4.948664482124652
1801,339,75,1,9,9.055385138137417,148.45993446373956,30,70.99116635322571,30,4.948664482124652
1802,339,83,0,8,8.0,148.45993446373956,30,70.99116635322571,30,4.948664482124652
1803,339,72,0,-11,11.0,148.45993446373956,30,70.99116635322571,30,4.948664482124652
1804,338,61,-1,-11,11.045361017187261,148.45993446373956,30,70.99116635322571,30,4.948664482124652
1805,338,64,0,3,3.0,148.45993446373956,30,70.99116635322571,30,4.948664482124652
1806,338,73,0,9,9.0,148.45993446373956,30,70.99116635322571,30,4.948664482124652
1807,339,82,1,9,9.055385138137417,148.45993446373956,30,70.99116635322571,30,4.948664482124652
1808,339,74,0,-8,8.0,148.45993446373956,30,70.99116635322571,30,4.948664482124652
1809,338,61,-1,-13,13.038404810405298,148.45993446373956,30,70.99116635322571,30,4.948664482124652
1810,338,64,0,3,3.0,148.45993446373956,30,70.99116635322571,30,4.948664482124652
1811,338,72,0,8,8.0,148.45993446373956,30,70.99116635322571,30,4.948664482124652
1812,339,81,1,9,9.055385138137417,148.45993446373956,30,70.99116635322571,30,4.948664482124652
1813,339,77,0,-4,4.0,148.45993446373956,30,70.99116635322571,30,4.948664482124652
1814,338,62,-1,-15,15.033296378372908,148.45993446373956,30,70.99116635322571,30,4.948664482124652
1815,338,63,0,1,1.0,148.45993446373956,30,70.99116635322571,30,4.948664482124652
1816,338,71,0,8,8.0,148.45993446373956,30,70.99116635322571,30,4.948664482124652
1817,339,80,1,9,9.055385138137417,148.45993446373956,30,70.99116635322571,30,4.948664482124652
1818,339,78,0,-2,2.0,148.45993446373956,30,70.99116635322571,30,4.948664482124652
1819,338,63,-1,-15,15.033296378372908,148.45993446373956,30,70.99116635322571,30,4.948664482124652
1820,338,62,0,-1,1.0,148.45993446373956,30,70.99116635322571,30,4.948664482124652
1821,338,69,0,7,7.0,148.45993446373956,30,70.99116635322571,30,4.948664482124652
1822,339,79,1,10,10.04987562112089,148.45993446373956,30,70.99116635322571,30,4.948664482124652
1823,339,80,0,1,1.0,148.45993446373956,30,70.99116635322571,30,4.948664482124652
1824,338,65,-1,-15,15.033296378372908,148.45993446373956,30,70.99116635322571,30,4.948664482124652
1825,338,62,0,-3,3.0,148.45993446373956,30,70.99116635322571,30,4.948664482124652
1826,338,68,0,6,6.0,148.45993446373956,30,70.99116635322571,30,4.948664482124652
1827,339,78,1,10,10.04987562112089,148.45993446373956,30,70.99116635322571,30,4.948664482124652
1828,339,81,0,3,3.0,148.45993446373956,30,70.99116635322571,30,4.948664482124652
1829,338,67,-1,-14,14.035668847618199,148.45993446373956,30,70.99116635322571,30,4.948664482124652
1830,338,61,0,-6,6.0,148.45993446373956,30,70.99116635322571,30,4.948664482124652
1831,338,67,0,6,6.0,148.45993446373956,30,70.99116635322571,30,4.948664482124652
1832,339,76,1,9,9.055385138137417,148.45993446373956,30,70.99116635322571,30,4.948664482124652
1833,339,82,0,6,6.0,148.45993446373956,30,70.99116635322571,30,4.948664482124652
1834,338,69,-1,-13,13.038404810405298,148.45993446373956,30,70.99116635322571,30,4.948664482124652
1835,338,61,0,-8,8.0,148.45993446373956,30,70.99116635322571,30,4.948664482124652
1836,338,66,0,5,5.0,148.45993446373956,30,70.99116635322571,30,4.948664482124652
1837,339,75,1,9,9.055385138137417,148.45993446373956,30,70.99116635322571,30,4.948664482124652
1838,340,82,1,7,7.0710678118654755,148.45993446373956,30,70.99116635322571,30,4.948664482124652
1839,339,71,-1,-11,11.045361017187261,148.45993446373956,30,70.99116635322571,30,4.948664482124652
1840,338,61,-1,-10,10.04987562112089,148.45993446373956,30,70.99116635322571,30,4.948664482124652
1841,338,65,0,4,4.0,148.45993446373956,30,70.99116635322571,30,4.948664482124652
1842,338,74,0,9,9.0,148.45993446373956,30,70.99116635322571,30,4.948664482124652
1843,339,82,1,8,8.06225774829855,148.45993446373956,30,70.99116635322571,30,4.948664482124652
1844,338,73,-1,-9,9.055385138137417,148.45993446373956,30,70.99116635322571,30,4.948664482124652
1845,338,61,0,-12,12.0,148.45993446373956,30,70.99116635322571,30,4.948664482124652
1846,338,64,0,3,3.0,148.45993446373956,30,70.99116635322571,30,4.948664482124652
1847,338,72,0,8,8.0,148.45993446373956,30,70.99116635322571,30,4.948664482124652
1848,339,82,1,10,10.04987562112089,148.45993446373956,30,70.99116635322571,30,4.948664482124652
1849,339,76,0,-6,6.0,148.45993446373956,30,70.99116635322571,30,4.948664482124652
1850,338,62,-1,-14,14.035668847618199,148.45993446373956,30,70.99116635322571,30,4.948664482124652
1851,338,63,0,1,1.0,148.45993446373956,30,70.99116635322571,30,4.948664482124652
1852,338,71,0,8,8.0,148.45993446373956,30,70.99116635322571,30,4.948664482124652
1853,339,81,1,10,10.04987562112089,148.45993446373956,30,70.99116635322571,30,4.948664482124652
1854,339,78,0,-3,3.0,148.45993446373956,30,70.99116635322571,30,4.948664482124652
1855,338,63,-1,-15,15.033296378372908,148.45993446373956,30,70.99116635322571,30,4.948664482124652
1856,338,63,0,0,0.0,148.45993446373956,30,70.99116635322571,30,4.948664482124652
1857,338,70,0,7,7.0,148.45993446373956,30,70.99116635322571,30,4.948664482124652
1858,324,80,-14,10,17.204650534085253,148.45993446373956,30,70.99116635322571,30,4.948664482124652
1859,339,79,15,-1,15.033296378372908,148.45993446373956,30,70.99116635322571,30,4.948664482124652
1860,370,64,31,-15,34.438350715445125,148.45993446373956,30,70.99116635322571,30,4.948664482124652
1861,310,62,-60,-2,60.03332407921454,148.45993446373956,30,70.99116635322571,30,4.948664482124652
1862,331,69,21,7,22.135943621178654,148.45993446373956,30,70.99116635322571,30,4.948664482124652
1863,370,78,39,9,40.024992192379,148.45993446373956,30,70.99116635322571,30,4.948664482124652
1864,316,81,-54,3,54.08326913195984,148.45993446373956,30,70.99116635322571,30,4.948664482124652
1865,335,66,19,-15,24.20743687382041,148.45993446373956,30,70.99116635322571,30,4.948664482124652
1866,354,61,19,-5,19.6468827043885,148.45993446373956,30,70.99116635322571,30,4.948664482124652
1867,324,67,-30,6,30.59411708155671,148.45993446373956,30,70.99116635322571,30,4.948664482124652
1868,351,77,27,10,28.792360097775937,148.45993446373956,30,70.99116635322571,30,4.948664482124652
1869,328,82,-23,5,23.53720459187964,148.45993446373956,30,70.99116635322571,30,4.948664482124652
1870,336,68,8,-14,16.1245154965971,148.45993446373956,30,70.99116635322571,30,4.948664482124652
1871,356,61,20,-7,21.18962010041709,148.45993446373956,30,70.99116635322571,30,4.948664482124652
1872,316,67,-40,6,40.44749683231337,148.45993446373956,30,70.99116635322571,30,4.948664482124652
1873,348,75,32,8,32.984845004941285,148.45993446373956,30,70.99116635322571,30,4.948664482124652
1874,352,83,4,8,8.94427190999916,148.45993446373956,30,70.99116635322571,30,4.948664482124652
1875,310,70,-42,-13,43.965895873961216,148.45993446373956,30,70.99116635322571,30,4.948664482124652
1876,353,60,43,-10,44.14748010928823,148.45993446373956,30,70.99116635322571,30,4.948664482124652
1877,345,66,-8,6,10.0,148.45993446373956,30,70.99116635322571,30,4.948664482124652
1878,318,74,-27,8,28.160255680657446,148.45993446373956,30,70.99116635322571,30,4.948664482124652
1879,358,82,40,8,40.792156108742276,148.45993446373956,30,70.99116635322571,30,4.948664482124652
1880,333,72,-25,-10,26.92582403567252,148.45993446373956,30,70.99116635322571,30,4.948664482124652
1881,329,61,-4,-11,11.704699910719626,148.45993446373956,30,70.99116635322571,30,4.948664482124652
1882,355,65,26,4,26.30589287593181,148.45993446373956,30,70.99116635322571,30,4.948664482124652
1883,319,73,-36,8,36.87817782917155,148.45993446373956,30,70.99116635322571,30,4.948664482124652
1884,351,82,32,9,33.24154027718932,148.45993446373956,30,70.99116635322571,30,4.948664482124652
1885,345,75,-6,-7,9.219544457292887,148.45993446373956,30,70.99116635322571,30,4.948664482124652
1886,314,61,-31,-14,34.0147027033899,148.45993446373956,30,70.99116635322571,30,4.948664482124652
1887,357,64,43,3,43.104524124504614,148.45993446373956,30,70.99116635322571,30,4.948664482124652
1888,336,72,-21,8,22.47220505424423,148.45993446373956,30,70.99116635322571,30,4.948664482124652
1889,324,82,-12,10,15.620499351813308,148.45993446373956,30,70.99116635322571,30,4.948664482124652
1890,360,77,36,-5,36.345563690772494,148.45993446373956,30,70.99116635322571,30,4.948664482124652
1891,325,62,-35,-15,38.07886552931954,148.45993446373956,30,70.99116635322571,30,4.948664482124652
1892,334,62,9,0,9.0,148.45993446373956,30,70.99116635322571,30,4.948664482124652
1893,355,71,21,9,22.847319317591726,148.45993446373956,30,70.99116635322571,30,4.948664482124652
1894,318,80,-37,9,38.07886552931954,148.45993446373956,30,70.99116635322571,30,4.948664482124652
1895,351,79,33,-1,33.015148038438355,148.45993446373956,30,70.99116635322571,30,4.948664482124652
1896,347,64,-4,-15,15.524174696260024,148.45993446373956,30,70.99116635322571,30,4.948664482124652
1897,317,62,-30,-2,30.066592756745816,148.45993446373956,30,70.99116635322571,30,4.948664482124652
1898,357,69,40,7,40.607881008493905,148.45993446373956,30,70.99116635322571,30,4.948664482124652
1899,330,79,-27,10,28.792360097775937,148.45993446373956,30,70.99116635322571,30,4.948664482124652
1900,332,80,2,1,2.23606797749979,148.45993446373956,30,70.99116635322571,30,4.948664482124652
1901,359,65,27,-15,30.886890422961002,148.45993446373956,30,70.99116635322571,30,4.948664482124652
1902,320,61,-39,-4,39.20459156782532,148.45993446373956,30,70.99116635322571,30,4.948664482124652
1903,340,68,20,7,21.18962010041709,148.45993446373956,30,70.99116635322571,30,4.948664482124652
1904,353,78,13,10,16.401219466856727,148.45993446373956,30,70.99116635322571,30,4.948664482124652
1905,318,82,-35,4,35.22782990761707,148.45993446373956,30,70.99116635322571,30,4.948664482124652
1906,351,66,33,-16,36.6742416417845,148.45993446373956,30,70.99116635322571,30,4.948664482124652
1907,344,61,-7,-5,8.602325267042627,148.45993446373956,30,70.99116635322571,30,4.948664482124652
1908,319,67,-25,6,25.709920264364882,148.45993446373956,30,70.99116635322571,30,4.948664482124652
1909,360,77,41,10,42.20189569201838,148.45993446373956,30,70.99116635322571,30,4.948664482124652
1910,327,82,-33,5,33.37663853655727,148.45993446373956,30,70.99116635322571,30,4.948664482124652
1911,331,69,4,-13,13.601470508735444,148.45993446373956,30,70.99116635322571,30,4.948664482124652
1912,358,60,27,-9,28.460498941515414,148.45993446373956,30,70.99116635322571,30,4.948664482124652
1913,319,66,-39,6,39.45883931389772,148.45993446373956,30,70.99116635322571,30,4.948664482124652
1914,345,75,26,9,27.51363298439521,148.45993446373956,30,70.99116635322571,30,4.948664482124652
1915,347,83,2,8,8.246211251235321,148.45993446373956,30,70.99116635322571,30,4.948664482124652
1916,317,71,-30,-12,32.31098884280702,148.45993446373956,30,70.99116635322571,30,4.948664482124652
1917,355,61,38,-10,39.293765408777,148.45993446373956,30,70.99116635322571,30,4.948664482124652
1918,336,65,-19,4,19.4164878389476,148.45993446373956,30,70.99116635322571,30,4.948664482124652
1919,324,74,-12,9,15.0,148.45993446373956,30,70.99116635322571,30,4.948664482124652
1920,360,83,36,9,37.107950630558946,148.45993446373956,30,70.99116635322571,30,4.948664482124652
1921,325,73,-35,-10,36.40054944640259,148.45993446373956,30,70.99116635322571,30,4.948664482124652
1922,331,61,6,-12,13.416407864998739,148.45993446373956,30,70.99116635322571,30,4.948664482124652
1923,357,64,26,3,26.1725046566048,148.45993446373956,30,70.99116635322571,30,4.948664482124652
1924,317,73,-40,9,41.0,148.45993446373956,30,70.99116635322571,30,4.948664482124652
1925,352,82,35,9,36.138621999185304,148.45993446373956,30,70.99116635322571,30,4.948664482124652
1926,343,76,-9,-6,10.816653826391969,148.45993446373956,30,70.99116635322571,30,4.948664482124652
1927,318,62,-25,-14,28.653097563788805,148.45993446373956,30,70.99116635322571,30,4.948664482124652
1928,357,63,39,1,39.01281840626232,148.45993446373956,30,70.99116635322571,30,4.948664482124652
1929,332,72,-25,9,26.570660511172846,148.45993446373956,30,70.99116635322571,30,4.948664482124652
1930,329,80,-3,8,8.54400374531753,148.45993446373956,30,70.99116635322571,30,4.948664482124652
1931,361,78,32,-2,32.0624390837628,148.45993446373956,30,70.99116635322571,30,4.948664482124652
1932,320,63,-41,-15,43.657759905886145,148.45993446373956,30,70.99116635322571,30,4.948664482124652
1933,339,62,19,-1,19.026297590440446,148.45993446373956,30,70.99116635322571,30,4.948664482124652
1934,352,70,13,8,15.264337522473747,148.45993446373956,30,70.99116635322571,30,4.948664482124652
1935,318,80,-34,10,35.4400902933387,148.45993446373956,30,70.99116635322571,30,4.948664482124652
1936,353,80,35,0,35.0,148.45993446373956,30,70.99116635322571,30,4.948664482124652
1937,343,64,-10,-16,18.867962264113206,148.45993446373956,30,70.99116635322571,30,4.948664482124652
1938,317,61,-26,-3,26.1725046566048,148.45993446373956,30,70.99116635322571,30,4.948664482124652
1939,360,69,43,8,43.73785545725808,148.45993446373956,30,70.99116635322571,30,4.948664482124652
1940,326,79,-34,10,35.4400902933387,148.45993446373956,30,70.99116635322571,30,4.948664482124652
1941,336,81,10,2,10.198039027185569,148.45993446373956,30,70.99116635322571,30,4.948664482124652
1942,358,66,22,-15,26.627053911388696,148.45993446373956,30,70.99116635322571,30,4.948664482124652
1943,321,61,-37,-5,37.33630940518894,148.45993446373956,30,70.99116635322571,30,4.948664482124652
1944,342,67,21,6,21.840329667841555,148.45993446373956,30,70.99116635322571,30,4.948664482124652
1945,350,78,8,11,13.601470508735444,148.45993446373956,30,70.99116635322571,30,4.948664482124652
1946,318,82,-32,4,32.2490309931942,148.45993446373956,30,70.99116635322571,30,4.948664482124652
1947,356,68,38,-14,40.496913462633174,148.45993446373956,30,70.99116635322571,30,4.948664482124652
1948,337,61,-19,-7,20.248456731316587,148.45993446373956,30,70.99116635322571,30,4.948664482124652
1949,323,66,-14,5,14.866068747318506,148.45993446373956,30,70.99116635322571,30,4.948664482124652
1950,359,76,36,10,37.36308338453881,148.45993446373956,30,70.99116635322571,30,4.948664482124652
1951,325,83,-34,7,34.713109915419565,148.45993446373956,30,70.99116635322571,30,4.948664482124652
1952,334,70,9,-13,15.811388300841896,148.45993446373956,30,70.99116635322571,30,4.948664482124652
1953,358,61,24,-9,25.632011235952593,148.45993446373956,30,70.99116635322571,30,4.948664482124652
1954,316,65,-42,4,42.190046219457976,148.45993446373956,30,70.99116635322571,30,4.948664482124652
1955,351,74,35,9,36.138621999185304,148.45993446373956,30,70.99116635322571,30,4.948664482124652
1956,343,82,-8,8,11.313708498984761,148.45993446373956,30,70.99116635322571,30,4.948664482124652
1957,320,72,-23,-10,25.079872407968907,148.45993446373956,30,70.99116635322571,30,4.948664482124652
1958,355,60,35,-12,37.0,148.45993446373956,30,70.99116635322571,30,4.948664482124652
1959,335,65,-20,5,20.615528128088304,148.45993446373956,30,70.99116635322571,30,4.948664482124652
1960,326,73,-9,8,12.041594578792296,148.45993446373956,30,70.99116635322571,30,4.948664482124652
1961,361,82,35,9,36.138621999185304,148.45993446373956,30,70.99116635322571,30,4.948664482124652
1962,320,75,-41,-7,41.593268686170845,148.45993446373956,30,70.99116635322571,30,4.948664482124652
1963,338,60,18,-15,23.430749027719962,148.45993446373956,30,70.99116635322571,30,4.948664482124652
1964,353,64,15,4,15.524174696260024,148.45993446373956,30,70.99116635322571,30,4.948664482124652
1965,318,72,-35,8,35.90264614203248,148.45993446373956,30,70.99116635322571,30,4.948664482124652
1966,353,81,35,9,36.138621999185304,148.45993446373956,30,70.99116635322571,30,4.948664482124652
1967,342,77,-11,-4,11.704699910719626,148.45993446373956,30,70.99116635322571,30,4.948664482124652
1968,317,62,-25,-15,29.154759474226502,148.45993446373956,30,70.99116635322571,30,4.948664482124652
1969,360,62,43,0,43.0,148.45993446373956,30,70.99116635322571,30,4.948664482124652
1970,327,71,-33,9,34.20526275297414,148.45993446373956,30,70.99116635322571,30,4.948664482124652
1971,335,81,8,10,12.806248474865697,148.45993446373956,30,70.99116635322571,30,4.948664482124652
1972,357,79,22,-2,22.090722034374522,148.45993446373956,30,70.99116635322571,30,4.948664482124652
1973,320,64,-37,-15,39.92492955535426,148.45993446373956,30,70.99116635322571,30,4.948664482124652
1974,340,61,20,-3,20.223748416156685,148.45993446373956,30,70.99116635322571,30,4.948664482124652
1975,353,69,13,8,15.264337522473747,148.45993446373956,30,70.99116635322571,30,4.948664482124652
1976,315,79,-38,10,39.293765408777,148.45993446373956,30,70.99116635322571,30,4.948664482124652
1977,359,80,44,1,44.01136216933077,148.45993446373956,30,70.99116635322571,30,4.948664482124652
1978,341,66,-18,-14,22.80350850198276,148.45993446373956,30,70.99116635322571,30,4.948664482124652
1979,317,61,-24,-5,24.515301344262525,148.45993446373956,30,70.99116635322571,30,4.948664482124652
1980,360,68,43,7,43.56604182158393,148.45993446373956,30,70.99116635322571,30,4.948664482124652
1981,329,78,-31,10,32.57299494980466,148.45993446373956,30,70.99116635322571,30,4.948664482124652
1982,331,82,2,4,4.47213595499958,148.45993446373956,30,70.99116635322571,30,4.948664482124652
1983,361,67,30,-15,33.54101966249684,148.45993446373956,30,70.99116635322571,30,4.948664482124652
1984,320,62,-41,-5,41.30375285612676,148.45993446373956,30,70.99116635322571,30,4.948664482124652
1985,340,67,20,5,20.615528128088304,148.45993446373956,30,70.99116635322571,30,4.948664482124652
1986,353,77,13,10,16.401219466856727,148.45993446373956,30,70.99116635322571,30,4.948664482124652
1987,318,82,-35,5,35.35533905932738,148.45993446373956,30,70.99116635322571,30,4.948664482124652
1988,351,68,33,-14,35.84689665786984,148.45993446373956,30,70.99116635322571,30,4.948664482124652
1989,346,61,-5,-7,8.602325267042627,148.45993446373956,30,70.99116635322571,30,4.948664482124652
1990,316,66,-30,5,30.4138126514911,148.45993446373956,30,70.99116635322571,30,4.948664482124652
1991,361,75,45,9,45.89117562233506,148.45993446373956,30,70.99116635322571,30,4.948664482124652
1992,329,83,-32,8,32.984845004941285,148.45993446373956,30,70.99116635322571,30,4.948664482124652
1993,326,70,-3,-13,13.341664064126334,148.45993446373956,30,70.99116635322571,30,4.948664482124652
1994,362,61,36,-9,37.107950630558946,148.45993446373956,30,70.99116635322571,30,4.948664482124652
1995,321,65,-41,4,41.19465984809196,148.45993446373956,30,70.99116635322571,30,4.948664482124652
1996,338,74,17,9,19.235384061671343,148.45993446373956,30,70.99116635322571,30,4.948664482124652
1997,356,82,18,8,19.697715603592208,148.45993446373956,30,70.99116635322571,30,4.948664482124652
1998,317,73,-39,-9,40.024992192379,148.45993446373956,30,70.99116635322571,30,4.948664482124652
1999,346,61,29,-12,31.38470965295043,148.45993446373956,30,70.99116635322571,30,4.948664482124652
2000,349,64,3,3,4.242640687119285,148.45993446373956,30,70.99116635322571,30,4.948664482124652
2001,316,72,-33,8,33.95585369269929,148.45993446373956,30,70.99116635322571,30,4.948664482124652
2002,361,82,45,10,46.09772228646444,148.45993446373956,30,70.99116635322571,30,4.948664482124652
2003,333,76,-28,-6,28.635642126552707,148.45993446373956,30,70.99116635322571,30,4.948664482124652
2004,322,62,-11,-14,17.804493814764857,148.45993446373956,30,70.99116635322571,30,4.948664482124652
2005,361,63,39,1,39.01281840626232,148.45993446373956,30,70.99116635322571,30,4.948664482124652
2006,324,71,-37,8,37.8549864614954,148.45993446373956,30,70.99116635322571,30,4.948664482124652
2007,337,81,13,10,16.401219466856727,148.45993446373956,30,70.99116635322571,30,4.948664482124652
2008,359,79,22,-2,22.090722034374522,148.45993446373956,30,70.99116635322571,30,4.948664482124652
2009,315,63,-44,-16,46.8187996428785,148.45993446373956,30,70.99116635322571,30,4.948664482124652
2010,347,62,32,-1,32.01562118716424,148.45993446373956,30,70.99116635322571,30,4.948664482124652
2011,348,70,1,8,8.06225774829855,148.45993446373956,30,70.99116635322571,30,4.948664482124652
2012,318,80,-30,10,31.622776601683793,148.45993446373956,30,70.99116635322571,30,4.948664482124652
2013,357,80,39,0,39.0,148.45993446373956,30,70.99116635322571,30,4.948664482124652
2014,340,64,-17,-16,23.345235059857504,148.45993446373956,30,70.99116635322571,30,4.948664482124652
2015,317,61,-23,-3,23.194827009486403,148.45993446373956,30,70.99116635322571,30,4.948664482124652
2016,363,69,46,8,46.69047011971501,148.45993446373956,30,70.99116635322571,30,4.948664482124652
2017,323,78,-40,9,41.0,148.45993446373956,30,70.99116635322571,30,4.948664482124652
2018,337,81,14,3,14.317821063276353,148.45993446373956,30,70.99116635322571,30,4.948664482124652
2019,359,66,22,-15,26.627053911388696,148.45993446373956,30,70.99116635322571,30,4.948664482124652
2020,319,61,-40,-5,40.311288741492746,148.45993446373956,30,70.99116635322571,30,4.948664482124652
2021,342,67,23,6,23.769728648009426,148.45993446373956,30,70.99116635322571,30,4.948664482124652
2022,352,77,10,10,14.142135623730951,148.45993446373956,30,70.99116635322571,30,4.948664482124652
2023,316,82,-36,5,36.345563690772494,148.45993446373956,30,70.99116635322571,30,4.948664482124652
2024,356,68,40,-14,42.37924020083418,148.45993446373956,30,70.99116635322571,30,4.948664482124652
2025,341,61,-15,-7,16.55294535724685,148.45993446373956,30,70.99116635322571,30,4.948664482124652
2026,319,66,-22,5,22.561028345356956,148.45993446373956,30,70.99116635322571,30,4.948664482124652
2027,361,76,42,10,43.174066289845804,148.45993446373956,30,70.99116635322571,30,4.948664482124652
2028,328,83,-33,7,33.734255586866,148.45993446373956,30,70.99116635322571,30,4.948664482124652
2029,328,70,0,-13,13.0,148.45993446373956,30,70.99116635322571,30,4.948664482124652
2030,362,61,34,-9,35.17101079013795,148.45993446373956,30,70.99116635322571,30,4.948664482124652
2031,318,66,-44,5,44.28317965096906,148.45993446373956,30,70.99116635322571,30,4.948664482124652
2032,343,74,25,8,26.248809496813376,148.45993446373956,30,70.99116635322571,30,4.948664482124652
2033,351,83,8,9,12.041594578792296,148.45993446373956,30,70.99116635322571,30,4.948664482124652
2034,316,72,-35,-11,36.68787265568828,148.45993446373956,30,70.99116635322571,30,4.948664482124652
2035,350,61,34,-11,35.73513677041127,148.45993446373956,30,70.99116635322571,30,4.948664482124652
2036,344,65,-6,4,7.211102550927978,148.45993446373956,30,70.99116635322571,30,4.948664482124652
2037,318,73,-26,8,27.202941017470888,148.45993446373956,30,70.99116635322571,30,4.948664482124652
2038,362,83,44,10,45.12205669071391,148.45993446373956,30,70.99116635322571,30,4.948664482124652
2039,330,75,-32,-8,32.984845004941285,148.45993446373956,30,70.99116635322571,30,4.948664482124652
2040,324,61,-6,-14,15.231546211727817,148.45993446373956,30,70.99116635322571,30,4.948664482124652
2041,362,64,38,3,38.118237105091836,148.45993446373956,30,70.99116635322571,30,4.948664482124652
2042,320,72,-42,8,42.7551166528639,148.45993446373956,30,70.99116635322571,30,4.948664482124652
2043,342,81,22,9,23.769728648009426,148.45993446373956,30,70.99116635322571,30,4.948664482124652
2044,355,77,13,-4,13.601470508735444,148.45993446373956,30,70.99116635322571,30,4.948664482124652
2045,315,62,-40,-15,42.720018726587654,148.45993446373956,30,70.99116635322571,30,4.948664482124652
2046,348,62,33,0,33.0,148.45993446373956,30,70.99116635322571,30,4.948664482124652
2047,346,71,-2,9,9.219544457292887,148.45993446373956,30,70.99116635322571,30,4.948664482124652
2048,318,80,-28,9,29.410882339705484,148.45993446373956,30,70.99116635322571,30,4.948664482124652
2049,361,78,43,-2,43.04648650006177,148.45993446373956,30,70.99116635322571,30,4.948664482124652
2050,333,63,-28,-15,31.76476034853718,148.45993446373956,30,70.99116635322571,30,4.948664482124652
2051,323,62,-10,-1,10.04987562112089,148.45993446373956,30,70.99116635322571,30,4.948664482124652
2052,361,70,38,8,38.8329756778952,148.45993446373956,30,70.99116635322571,30,4.948664482124652
2053,323,79,-38,9,39.05124837953327,148.45993446373956,30,70.99116635322571,30,4.948664482124652
2054,338,80,15,1,15.033296378372908,148.45993446373956,30,70.99116635322571,30,4.948664482124652
2055,359,65,21,-15,25.80697580112788,148.45993446373956,30,70.99116635322571,30,4.948664482124652
2056,314,61,-45,-4,45.17742799230607,148.45993446373956,30,70.99116635322571,30,4.948664482124652
2057,349,68,35,7,35.6931365951495,148.45993446373956,30,70.99116635322571,30,4.948664482124652
2058,346,78,-3,10,10.44030650891055,148.45993446373956,30,70.99116635322571,30,4.948664482124652
2059,319,81,-27,3,27.16615541441225,148.45993446373956,30,70.99116635322571,30,4.948664482124652
2060,355,67,36,-14,38.62641583165593,148.45993446373956,30,70.99116635322571,30,4.948664482124652
2061,340,62,-15,-5,15.811388300841896,148.45993446373956,30,70.99116635322571,30,4.948664482124652
2062,319,66,-21,4,21.37755832643195,148.45993446373956,30,70.99116635322571,30,4.948664482124652
2063,363,77,44,11,45.35416188179427,148.45993446373956,30,70.99116635322571,30,4.948664482124652
2064,322,83,-41,6,41.43669871020132,148.45993446373956,30,70.99116635322571,30,4.948664482124652
2065,335,69,13,-14,19.1049731745428,148.45993446373956,30,70.99116635322571,30,4.948664482124652
2066,359,61,24,-8,25.298221281347036,148.45993446373956,30,70.99116635322571,30,4.948664482124652
2067,318,66,-41,5,41.30375285612676,148.45993446373956,30,70.99116635322571,30,4.948664482124652
2068,345,75,27,9,28.460498941515414,148.45993446373956,30,70.99116635322571,30,4.948664482124652
2069,350,83,5,8,9.433981132056603,148.45993446373956,30,70.99116635322571,30,4.948664482124652
2070,315,71,-35,-12,37.0,148.45993446373956,30,70.99116635322571,30,4.948664482124652
2071,355,61,40,-10,41.23105625617661,148.45993446373956,30,70.99116635322571,30,4.948664482124652
2072,338,65,-17,4,17.46424919657298,148.45993446373956,30,70.99116635322571,30,4.948664482124652
2073,322,74,-16,9,18.35755975068582,148.45993446373956,30,70.99116635322571,30,4.948664482124652
2074,361,82,39,8,39.81205847478876,148.45993446373956,30,70.99116635322571,30,4.948664482124652
2075,328,74,-33,-8,33.95585369269929,148.45993446373956,30,70.99116635322571,30,4.948664482124652
2076,326,61,-2,-13,13.152946437965905,148.45993446373956,30,70.99116635322571,30,4.948664482124652
2077,362,64,36,3,36.124783736376884,148.45993446373956,30,70.99116635322571,30,4.948664482124652
2078,317,73,-45,9,45.89117562233506,148.45993446373956,30,70.99116635322571,30,4.948664482124652
2079,347,82,30,9,31.32091952673165,148.45993446373956,30,70.99116635322571,30,4.948664482124652
2080,351,76,4,-6,7.211102550927978,148.45993446373956,30,70.99116635322571,30,4.948664482124652
2081,314,61,-37,-15,39.92492955535426,148.45993446373956,30,70.99116635322571,30,4.948664482124652
2082,352,63,38,2,38.05259518088089,148.45993446373956,30,70.99116635322571,30,4.948664482124652
2083,342,71,-10,8,12.806248474865697,148.45993446373956,30,70.99116635322571,30,4.948664482124652
2084,320,80,-22,9,23.769728648009426,148.45993446373956,30,70.99116635322571,30,4.948664482124652
2085,362,78,42,-2,42.04759208325728,148.45993446373956,30,70.99116635322571,30,4.948664482124652
2086,330,63,-32,-15,35.34119409414458,148.45993446373956,30,70.99116635322571,30,4.948664482124652
2087,325,62,-5,-1,5.0990195135927845,148.45993446373956,30,70.99116635322571,30,4.948664482124652
2088,361,71,36,9,37.107950630558946,148.45993446373956,30,70.99116635322571,30,4.948664482124652
2089,319,80,-42,9,42.95346318982906,148.45993446373956,30,70.99116635322571,30,4.948664482124652
2090,343,80,24,0,24.0,148.45993446373956,30,70.99116635322571,30,4.948664482124652
2091,356,65,13,-15,19.849433241279208,148.45993446373956,30,70.99116635322571,30,4.948664482124652
2092,316,62,-40,-3,40.11234224026316,148.45993446373956,30,70.99116635322571,30,4.948664482124652
2093,351,68,35,6,35.510561809129406,148.45993446373956,30,70.99116635322571,30,4.948664482124652
2094,343,79,-8,11,13.601470508735444,148.45993446373956,30,70.99116635322571,30,4.948664482124652
2095,320,81,-23,2,23.08679276123039,148.45993446373956,30,70.99116635322571,30,4.948664482124652
2096,360,67,40,-14,42.37924020083418,148.45993446373956,30,70.99116635322571,30,4.948664482124652
2097,333,62,-27,-5,27.459060435491963,148.45993446373956,30,70.99116635322571,30,4.948664482124652
2098,325,68,-8,6,10.0,148.45993446373956,30,70.99116635322571,30,4.948664482124652
2099,361,78,36,10,37.36308338453881,148.45993446373956,30,70.99116635322571,30,4.948664482124652
2100,322,82,-39,4,39.20459156782532,148.45993446373956,30,70.99116635322571,30,4.948664482124652
2101,335,67,13,-15,19.849433241279208,148.45993446373956,30,70.99116635322571,30,4.948664482124652
2102,359,62,24,-5,24.515301344262525,148.45993446373956,30,70.99116635322571,30,4.948664482124652
2103,314,67,-45,5,45.27692569068709,148.45993446373956,30,70.99116635322571,30,4.948664482124652
2104,352,76,38,9,39.05124837953327,148.45993446373956,30,70.99116635322571,30,4.948664482124652
2105,344,82,-8,6,10.0,148.45993446373956,30,70.99116635322571,30,4.948664482124652
2106,318,70,-26,-12,28.635642126552707,148.45993446373956,30,70.99116635322571,30,4.948664482124652
2107,355,61,37,-9,38.07886552931954,148.45993446373956,30,70.99116635322571,30,4.948664482124652
2108,337,66,-18,5,18.681541692269406,148.45993446373956,30,70.99116635322571,30,4.948664482124652
2109,322,74,-15,8,17.0,148.45993446373956,30,70.99116635322571,30,4.948664482124652
2110,363,83,41,9,41.97618372363071,148.45993446373956,30,70.99116635322571,30,4.948664482124652
2111,322,72,-41,-11,42.44997055358225,148.45993446373956,30,70.99116635322571,30,4.948664482124652
2112,333,61,11,-11,15.556349186104045,148.45993446373956,30,70.99116635322571,30,4.948664482124652
2113,358,65,25,4,25.317977802344327,148.45993446373956,30,70.99116635322571,30,4.948664482124652
2114,317,74,-41,9,41.97618372363071,148.45993446373956,30,70.99116635322571,30,4.948664482124652
2115,348,82,31,8,32.01562118716424,148.45993446373956,30,70.99116635322571,30,4.948664482124652
2116,350,75,2,-7,7.280109889280518,148.45993446373956,30,70.99116635322571,30,4.948664482124652
2117,313,61,-37,-14,39.56008088970496,148.45993446373956,30,70.99116635322571,30,4.948664482124652
2118,357,64,44,3,44.10215414239989,148.45993446373956,30,70.99116635322571,30,4.948664482124652
2119,336,72,-21,8,22.47220505424423,148.45993446373956,30,70.99116635322571,30,4.948664482124652
2120,325,82,-11,10,14.866068747318506,148.45993446373956,30,70.99116635322571,30,4.948664482124652
2121,361,78,36,-4,36.22154055254967,148.45993446373956,30,70.99116635322571,30,4.948664482124652
2122,328,63,-33,-15,36.24913792078372,148.45993446373956,30,70.99116635322571,30,4.948664482124652
2123,328,62,0,-1,1.0,148.45993446373956,30,70.99116635322571,30,4.948664482124652
2124,361,71,33,9,34.20526275297414,148.45993446373956,30,70.99116635322571,30,4.948664482124652
2125,316,81,-45,10,46.09772228646444,148.45993446373956,30,70.99116635322571,30,4.948664482124652
2126,347,78,31,-3,31.144823004794873,148.45993446373956,30,70.99116635322571,30,4.948664482124652
2127,352,64,5,-14,14.866068747318506,148.45993446373956,30,70.99116635322571,30,4.948664482124652
2128,315,62,-37,-2,37.05401462729781,148.45993446373956,30,70.99116635322571,30,4.948664482124652
2129,354,70,39,8,39.81205847478876,148.45993446373956,30,70.99116635322571,30,4.948664482124652
2130,340,79,-14,9,16.64331697709324,148.45993446373956,30,70.99116635322571,30,4.948664482124652
2131,321,80,-19,1,19.026297590440446,148.45993446373956,30,70.99116635322571,30,4.948664482124652
2132,361,65,40,-15,42.720018726587654,148.45993446373956,30,70.99116635322571,30,4.948664482124652
2133,330,62,-31,-3,31.144823004794873,148.45993446373956,30,70.99116635322571,30,4.948664482124652
2134,328,68,-2,6,6.324555320336759,148.45993446373956,30,70.99116635322571,30,4.948664482124652
2135,360,78,32,10,33.52610922848042,148.45993446373956,30,70.99116635322571,30,4.948664482124652
2136,319,82,-41,4,41.19465984809196,148.45993446373956,30,70.99116635322571,30,4.948664482124652
2137,340,66,21,-16,26.40075756488817,148.45993446373956,30,70.99116635322571,30,4.948664482124652
2138,355,61,15,-5,15.811388300841896,148.45993446373956,30,70.99116635322571,30,4.948664482124652
2139,315,67,-40,6,40.44749683231337,148.45993446373956,30,70.99116635322571,30,4.948664482124652
2140,354,77,39,10,40.26164427839479,148.45993446373956,30,70.99116635322571,30,4.948664482124652
2141,341,83,-13,6,14.317821063276353,148.45993446373956,30,70.99116635322571,30,4.948664482124652
2142,317,68,-24,-15,28.30194339616981,148.45993446373956,30,70.99116635322571,30,4.948664482124652
2143,360,61,43,-7,43.56604182158393,148.45993446373956,30,70.99116635322571,30,4.948664482124652
2144,331,66,-29,5,29.427877939124322,148.45993446373956,30,70.99116635322571,30,4.948664482124652
2145,328,76,-3,10,10.44030650891055,148.45993446373956,30,70.99116635322571,30,4.948664482124652
2146,361,83,33,7,33.734255586866,148.45993446373956,30,70.99116635322571,30,4.948664482124652
2147,322,71,-39,-12,40.80441152620633,148.45993446373956,30,70.99116635322571,30,4.948664482124652
2148,334,60,12,-11,16.278820596099706,148.45993446373956,30,70.99116635322571,30,4.948664482124652
2149,358,65,24,5,24.515301344262525,148.45993446373956,30,70.99116635322571,30,4.948664482124652
2150,314,74,-44,9,44.91102314577124,148.45993446373956,30,70.99116635322571,30,4.948664482124652
2151,354,83,40,9,41.0,148.45993446373956,30,70.99116635322571,30,4.948664482124652
2152,344,74,-10,-9,13.45362404707371,148.45993446373956,30,70.99116635322571,30,4.948664482124652
2153,316,61,-28,-13,30.870698080866262,148.45993446373956,30,70.99116635322571,30,4.948664482124652
2154,356,64,40,3,40.11234224026316,148.45993446373956,30,70.99116635322571,30,4.948664482124652
2155,334,73,-22,9,23.769728648009426,148.45993446373956,30,70.99116635322571,30,4.948664482124652
2156,326,82,-8,9,12.041594578792296,148.45993446373956,30,70.99116635322571,30,4.948664482124652
2157,363,76,37,-6,37.48332962798263,148.45993446373956,30,70.99116635322571,30,4.948664482124652
2158,322,62,-41,-14,43.32435804486894,148.45993446373956,30,70.99116635322571,30,4.948664482124652
2159,335,63,13,1,13.038404810405298,148.45993446373956,30,70.99116635322571,30,4.948664482124652
2160,357,72,22,9,23.769728648009426,148.45993446373956,30,70.99116635322571,30,4.948664482124652
2161,318,81,-39,9,40.024992192379,148.45993446373956,30,70.99116635322571,30,4.948664482124652
2162,348,77,30,-4,30.265491900843113,148.45993446373956,30,70.99116635322571,30,4.948664482124652
2163,351,63,3,-14,14.317821063276353,148.45993446373956,30,70.99116635322571,30,4.948664482124652
2164,313,62,-38,-1,38.01315561749642,148.45993446373956,30,70.99116635322571,30,4.948664482124652
2165,359,70,46,8,46.69047011971501,148.45993446373956,30,70.99116635322571,30,4.948664482124652
2166,333,80,-26,10,27.85677655436824,148.45993446373956,30,70.99116635322571,30,4.948664482124652
2167,326,79,-7,-1,7.0710678118654755,148.45993446373956,30,70.99116635322571,30,4.948664482124652
2168,360,64,34,-15,37.16180835212409,148.45993446373956,30,70.99116635322571,30,4.948664482124652
2169,327,62,-33,-2,33.06055050963308,148.45993446373956,30,70.99116635322571,30,4.948664482124652
2170,331,69,4,7,8.06225774829855,148.45993446373956,30,70.99116635322571,30,4.948664482124652
2171,359,80,28,11,30.083217912982647,148.45993446373956,30,70.99116635322571,30,4.948664482124652
2172,316,81,-43,1,43.01162633521314,148.45993446373956,30,70.99116635322571,30,4.948664482124652
2173,344,65,28,-16,32.2490309931942,148.45993446373956,30,70.99116635322571,30,4.948664482124652
2174,352,61,8,-4,8.94427190999916,148.45993446373956,30,70.99116635322571,30,4.948664482124652
2175,315,68,-37,7,37.656340767525464,148.45993446373956,30,70.99116635322571,30,4.948664482124652
2176,356,78,41,10,42.20189569201838,148.45993446373956,30,70.99116635322571,30,4.948664482124652
2177,338,83,-18,5,18.681541692269406,148.45993446373956,30,70.99116635322571,30,4.948664482124652
2178,319,67,-19,-16,24.839484696748443,148.45993446373956,30,70.99116635322571,30,4.948664482124652
2179,361,61,42,-6,42.42640687119285,148.45993446373956,30,70.99116635322571,30,4.948664482124652
2180,327,67,-34,6,34.52535300326414,148.45993446373956,30,70.99116635322571,30,4.948664482124652
2181,332,76,5,9,10.295630140987,148.45993446373956,30,70.99116635322571,30,4.948664482124652
2182,359,83,27,7,27.892651361962706,148.45993446373956,30,70.99116635322571,30,4.948664482124652
2183,319,70,-40,-13,42.05948168962618,148.45993446373956,30,70.99116635322571,30,4.948664482124652
2184,340,61,21,-9,22.847319317591726,148.45993446373956,30,70.99116635322571,30,4.948664482124652
2185,354,66,14,5,14.866068747318506,148.45993446373956,30,70.99116635322571,30,4.948664482124652
2186,315,75,-39,9,40.024992192379,148.45993446373956,30,70.99116635322571,30,4.948664482124652
2187,356,83,41,8,41.773197148410844,148.45993446373956,30,70.99116635322571,30,4.948664482124652
2188,342,72,-14,-11,17.804493814764857,148.45993446373956,30,70.99116635322571,30,4.948664482124652
2189,315,60,-27,-12,29.546573405388315,148.45993446373956,30,70.99116635322571,30,4.948664482124652
2190,361,65,46,5,46.2709412050371,148.45993446373956,30,70.99116635322571,30,4.948664482124652
2191,328,73,-33,8,33.95585369269929,148.45993446373956,30,70.99116635322571,30,4.948664482124652
2192,331,83,3,10,10.44030650891055,148.45993446373956,30,70.99116635322571,30,4.948664482124652
2193,360,75,29,-8,30.083217912982647,148.45993446373956,30,70.99116635322571,30,4.948664482124652
2194,321,62,-39,-13,41.10960958218893,148.45993446373956,30,70.99116635322571,30,4.948664482124652
2195,336,63,15,1,15.033296378372908,148.45993446373956,30,70.99116635322571,30,4.948664482124652
2196,356,73,20,10,22.360679774997898,148.45993446373956,30,70.99116635322571,30,4.948664482124652
2197,315,81,-41,8,41.773197148410844,148.45993446373956,30,70.99116635322571,30,4.948664482124652
2198,354,76,39,-5,39.319206502675,148.45993446373956,30,70.99116635322571,30,4.948664482124652
2199,345,62,-9,-14,16.64331697709324,148.45993446373956,30,70.99116635322571,30,4.948664482124652
2200,317,63,-28,1,28.0178514522438,148.45993446373956,30,70.99116635322571,30,4.948664482124652
2201,358,71,41,8,41.773197148410844,148.45993446373956,30,70.99116635322571,30,4.948664482124652
2202,332,81,-26,10,27.85677655436824,148.45993446373956,30,70.99116635322571,30,4.948664482124652
2203,326,78,-6,-3,6.708203932499369,148.45993446373956,30,70.99116635322571,30,4.948664482124652
2204,363,64,37,-14,39.56008088970496,148.45993446373956,30,70.99116635322571,30,4.948664482124652
2205,321,62,-42,-2,42.04759208325728,148.45993446373956,30,70.99116635322571,30,4.948664482124652
2206,338,70,17,8,18.788294228055936,148.45993446373956,30,70.99116635322571,30,4.948664482124652
2207,355,80,17,10,19.72308292331602,148.45993446373956,30,70.99116635322571,30,4.948664482124652
2208,318,81,-37,1,37.013511046643494,148.45993446373956,30,70.99116635322571,30,4.948664482124652
2209,345,64,27,-17,31.906112267087632,148.45993446373956,30,70.99116635322571,30,4.948664482124652
2210,351,62,6,-2,6.324555320336759,148.45993446373956,30,70.99116635322571,30,4.948664482124652
2211,314,69,-37,7,37.656340767525464,148.45993446373956,30,70.99116635322571,30,4.948664482124652
2212,361,78,47,9,47.853944456021594,148.45993446373956,30,70.99116635322571,30,4.948664482124652
2213,332,82,-29,4,29.274562336608895,148.45993446373956,30,70.99116635322571,30,4.948664482124652
2214,323,66,-9,-16,18.35755975068582,148.45993446373956,30,70.99116635322571,30,4.948664482124652
2215,360,62,37,-4,37.21558813185679,148.45993446373956,30,70.99116635322571,30,4.948664482124652
2216,325,68,-35,6,35.510561809129406,148.45993446373956,30,70.99116635322571,30,4.948664482124652
2217,334,77,9,9,12.727922061357855,148.45993446373956,30,70.99116635322571,30,4.948664482124652
2218,359,83,25,6,25.709920264364882,148.45993446373956,30,70.99116635322571,30,4.948664482124652
2219,316,69,-43,-14,45.221676218380054,148.45993446373956,30,70.99116635322571,30,4.948664482124652
2220,344,60,28,-9,29.410882339705484,148.45993446373956,30,70.99116635322571,30,4.948664482124652
2221,350,67,6,7,9.219544457292887,148.45993446373956,30,70.99116635322571,30,4.948664482124652
2222,317,76,-33,9,34.20526275297414,148.45993446373956,30,70.99116635322571,30,4.948664482124652
2223,358,82,41,6,41.43669871020132,148.45993446373956,30,70.99116635322571,30,4.948664482124652
2224,339,70,-19,-12,22.47220505424423,148.45993446373956,30,70.99116635322571,30,4.948664482124652
2225,318,61,-21,-9,22.847319317591726,148.45993446373956,30,70.99116635322571,30,4.948664482124652
2226,362,66,44,5,44.28317965096906,148.45993446373956,30,70.99116635322571,30,4.948664482124652
2227,325,75,-37,9,38.07886552931954,148.45993446373956,30,70.99116635322571,30,4.948664482124652
2228,336,82,11,7,13.038404810405298,148.45993446373956,30,70.99116635322571,30,4.948664482124652
2229,359,73,23,-9,24.698178070456937,148.45993446373956,30,70.99116635322571,30,4.948664482124652
2230,318,61,-41,-12,42.720018726587654,148.45993446373956,30,70.99116635322571,30,4.948664482124652
2231,341,64,23,3,23.194827009486403,148.45993446373956,30,70.99116635322571,30,4.948664482124652
2232,352,73,11,9,14.212670403551895,148.45993446373956,30,70.99116635322571,30,4.948664482124652
2233,316,82,-36,9,37.107950630558946,148.45993446373956,30,70.99116635322571,30,4.948664482124652
2234,355,75,39,-7,39.6232255123179,148.45993446373956,30,70.99116635322571,30,4.948664482124652
2235,342,62,-13,-13,18.384776310850235,148.45993446373956,30,70.99116635322571,30,4.948664482124652
2236,317,63,-25,1,25.019992006393608,148.45993446373956,30,70.99116635322571,30,4.948664482124652
2237,361,72,44,9,44.91102314577124,148.45993446373956,30,70.99116635322571,30,4.948664482124652
2238,327,82,-34,10,35.4400902933387,148.45993446373956,30,70.99116635322571,30,4.948664482124652
2239,331,78,4,-4,5.656854249492381,148.45993446373956,30,70.99116635322571,30,4.948664482124652
2240,360,62,29,-16,33.12099032335839,148.45993446373956,30,70.99116635322571,30,4.948664482124652
2241,321,63,-39,1,39.01281840626232,148.45993446373956,30,70.99116635322571,30,4.948664482124652
2242,339,70,18,7,19.313207915827967,148.45993446373956,30,70.99116635322571,30,4.948664482124652
2243,354,81,15,11,18.601075237738275,148.45993446373956,30,70.99116635322571,30,4.948664482124652
2244,316,79,-38,-2,38.05259518088089,148.45993446373956,30,70.99116635322571,30,4.948664482124652
2245,352,64,36,-15,39.0,148.45993446373956,30,70.99116635322571,30,4.948664482124652
2246,344,62,-8,-2,8.246211251235321,148.45993446373956,30,70.99116635322571,30,4.948664482124652
2247,318,69,-26,7,26.92582403567252,148.45993446373956,30,70.99116635322571,30,4.948664482124652
2248,360,79,42,10,43.174066289845804,148.45993446373956,30,70.99116635322571,30,4.948664482124652
2249,331,81,-29,2,29.068883707497267,148.45993446373956,30,70.99116635322571,30,4.948664482124652
2250,323,64,-8,-17,18.788294228055936,148.45993446373956,30,70.99116635322571,30,4.948664482124652
2251,363,61,40,-3,40.11234224026316,148.45993446373956,30,70.99116635322571,30,4.948664482124652
2252,319,68,-44,7,44.553338819890925,148.45993446373956,30,70.99116635322571,30,4.948664482124652
2253,341,78,22,10,24.166091947189145,148.45993446373956,30,70.99116635322571,30,4.948664482124652
2254,354,82,13,4,13.601470508735444,148.45993446373956,30,70.99116635322571,30,4.948664482124652
2255,317,67,-37,-15,39.92492955535426,148.45993446373956,30,70.99116635322571,30,4.948664482124652
2256,346,60,29,-7,29.832867780352597,148.45993446373956,30,70.99116635322571,30,4.948664482124652
2257,348,67,2,7,7.280109889280518,148.45993446373956,30,70.99116635322571,30,4.948664482124652
2258,316,76,-32,9,33.24154027718932,148.45993446373956,30,70.99116635322571,30,4.948664482124652
2259,362,82,46,6,46.389654018972806,148.45993446373956,30,70.99116635322571,30,4.948664482124652
2260,333,70,-29,-12,31.38470965295043,148.45993446373956,30,70.99116635322571,30,4.948664482124652
2261,322,61,-11,-9,14.212670403551895,148.45993446373956,30,70.99116635322571,30,4.948664482124652
2262,361,66,39,5,39.319206502675,148.45993446373956,30,70.99116635322571,30,4.948664482124652
2263,324,76,-37,10,38.3275357934736,148.45993446373956,30,70.99116635322571,30,4.948664482124652
2264,338,83,14,7,15.652475842498529,148.45993446373956,30,70.99116635322571,30,4.948664482124652
2265,359,72,21,-11,23.706539182259394,148.45993446373956,30,70.99116635322571,30,4.948664482124652
2266,315,61,-44,-11,45.35416188179427,148.45993446373956,30,70.99116635322571,30,4.948664482124652
2267,347,65,32,4,32.2490309931942,148.45993446373956,30,70.99116635322571,30,4.948664482124652
2268,347,74,0,9,9.0,148.45993446373956,30,70.99116635322571,30,4.948664482124652
2269,319,82,-28,8,29.120439557122072,148.45993446373956,30,70.99116635322571,30,4.948664482124652
2270,357,74,38,-8,38.8329756778952,148.45993446373956,30,70.99116635322571,30,4.948664482124652
2271,339,62,-18,-12,21.633307652783937,148.45993446373956,30,70.99116635322571,30,4.948664482124652
2272,319,64,-20,2,20.09975124224178,148.45993446373956,30,70.99116635322571,30,4.948664482124652
2273,362,73,43,9,43.93176527297759,148.45993446373956,30,70.99116635322571,30,4.948664482124652
2274,323,82,-39,9,40.024992192379,148.45993446373956,30,70.99116635322571,30,4.948664482124652
2275,335,76,12,-6,13.416407864998739,148.45993446373956,30,70.99116635322571,30,4.948664482124652
2276,359,62,24,-14,27.784887978899608,148.45993446373956,30,70.99116635322571,30,4.948664482124652
2277,317,63,-42,1,42.01190307520001,148.45993446373956,30,70.99116635322571,30,4.948664482124652
2278,344,71,27,8,28.160255680657446,148.45993446373956,30,70.99116635322571,30,4.948664482124652
2279,350,81,6,10,11.661903789690601,148.45993446373956,30,70.99116635322571,30,4.948664482124652
2280,316,77,-34,-4,34.23448553724738,148.45993446373956,30,70.99116635322571,30,4.948664482124652
2281,353,62,37,-15,39.92492955535426,148.45993446373956,30,70.99116635322571,30,4.948664482124652
2282,341,63,-12,1,12.041594578792296,148.45993446373956,30,70.99116635322571,30,4.948664482124652
2283,319,70,-22,7,23.08679276123039,148.45993446373956,30,70.99116635322571,30,4.948664482124652
2284,362,80,43,10,44.14748010928823,148.45993446373956,30,70.99116635322571,30,4.948664482124652
2285,326,80,-36,0,36.0,148.45993446373956,30,70.99116635322571,30,4.948664482124652
2286,328,64,2,-16,16.1245154965971,148.45993446373956,30,70.99116635322571,30,4.948664482124652
2287,360,62,32,-2,32.0624390837628,148.45993446373956,30,70.99116635322571,30,4.948664482124652
2288,319,69,-41,7,41.593268686170845,148.45993446373956,30,70.99116635322571,30,4.948664482124652
2289,343,79,24,10,26.0,148.45993446373956,30,70.99116635322571,30,4.948664482124652
2290,353,81,10,2,10.198039027185569,148.45993446373956,30,70.99116635322571,30,4.948664482124652
2291,314,66,-39,-15,41.78516483155236,148.45993446373956,30,70.99116635322571,30,4.948664482124652
2292,353,61,39,-5,39.319206502675,148.45993446373956,30,70.99116635322571,30,4.948664482124652
2293,342,68,-11,7,13.038404810405298,148.45993446373956,30,70.99116635322571,30,4.948664482124652
2294,320,78,-22,10,24.166091947189145,148.45993446373956,30,70.99116635322571,30,4.948664482124652
2295,361,83,41,5,41.30375285612676,148.45993446373956,30,70.99116635322571,30,4.948664482124652
2296,332,69,-29,-14,32.202484376209235,148.45993446373956,30,70.99116635322571,30,4.948664482124652
2297,323,60,-9,-9,12.727922061357855,148.45993446373956,30,70.99116635322571,30,4.948664482124652
2298,363,67,40,7,40.607881008493905,148.45993446373956,30,70.99116635322571,30,4.948664482124652
2299,318,76,-45,9,45.89117562233506,148.45993446373956,30,70.99116635322571,30,4.948664482124652
2300,344,82,26,6,26.68332812825267,148.45993446373956,30,70.99116635322571,30,4.948664482124652
2301,354,70,10,-12,15.620499351813308,148.45993446373956,30,70.99116635322571,30,4.948664482124652
2302,316,61,-38,-9,39.05124837953327,148.45993446373956,30,70.99116635322571,30,4.948664482124652
2303,348,66,32,5,32.38826948140329,148.45993446373956,30,70.99116635322571,30,4.948664482124652
2304,346,75,-2,9,9.219544457292887,148.45993446373956,30,70.99116635322571,30,4.948664482124652
2305,318,82,-28,7,28.861739379323623,148.45993446373956,30,70.99116635322571,30,4.948664482124652
2306,361,73,43,-9,43.93176527297759,148.45993446373956,30,70.99116635322571,30,4.948664482124652
2307,333,61,-28,-12,30.463092423455635,148.45993446373956,30,70.99116635322571,30,4.948664482124652
2308,324,64,-9,3,9.486832980505138,148.45993446373956,30,70.99116635322571,30,4.948664482124652
2309,360,74,36,10,37.36308338453881,148.45993446373956,30,70.99116635322571,30,4.948664482124652
2310,322,83,-38,9,39.05124837953327,148.45993446373956,30,70.99116635322571,30,4.948664482124652
2311,336,74,14,-9,16.64331697709324,148.45993446373956,30,70.99116635322571,30,4.948664482124652
2312,359,62,23,-12,25.942243542145693,148.45993446373956,30,70.99116635322571,30,4.948664482124652
2313,314,64,-45,2,45.044422518220834,148.45993446373956,30,70.99116635322571,30,4.948664482124652
2314,349,72,35,8,35.90264614203248,148.45993446373956,30,70.99116635322571,30,4.948664482124652
2315,345,82,-4,10,10.770329614269007,148.45993446373956,30,70.99116635322571,30,4.948664482124652
2316,318,76,-27,-6,27.65863337187866,148.45993446373956,30,70.99116635322571,30,4.948664482124652
2317,355,62,37,-14,39.56008088970496,148.45993446373956,30,70.99116635322571,30,4.948664482124652
2318,338,63,-17,1,17.029386365926403,148.45993446373956,30,70.99116635322571,30,4.948664482124652
2319,321,70,-17,7,18.384776310850235,148.45993446373956,30,70.99116635322571,30,4.948664482124652
2320,363,81,42,11,43.41658669218482,148.45993446373956,30,70.99116635322571,30,4.948664482124652
2321,323,79,-40,-2,40.049968789001575,148.45993446373956,30,70.99116635322571,30,4.948664482124652
2322,331,63,8,-16,17.88854381999832,148.45993446373956,30,70.99116635322571,30,4.948664482124652
2323,359,62,28,-1,28.0178514522438,148.45993446373956,30,70.99116635322571,30,4.948664482124652
2324,316,70,-43,8,43.73785545725808,148.45993446373956,30,70.99116635322571,30,4.948664482124652
2325,348,80,32,10,33.52610922848042,148.45993446373956,30,70.99116635322571,30,4.948664482124652
2326,350,80,2,0,2.0,148.45993446373956,30,70.99116635322571,30,4.948664482124652
2327,314,65,-36,-15,39.0,148.45993446373956,30,70.99116635322571,30,4.948664482124652
2328,354,61,40,-4,40.19950248448356,148.45993446373956,30,70.99116635322571,30,4.948664482124652
2329,339,69,-15,8,17.0,148.45993446373956,30,70.99116635322571,30,4.948664482124652
2330,322,78,-17,9,19.235384061671343,148.45993446373956,30,70.99116635322571,30,4.948664482124652
2331,362,82,40,4,40.19950248448356,148.45993446373956,30,70.99116635322571,30,4.948664482124652
2332,326,67,-36,-15,39.0,148.45993446373956,30,70.99116635322571,30,4.948664482124652
2333,328,61,2,-6,6.324555320336759,148.45993446373956,30,70.99116635322571,30,4.948664482124652
2334,360,67,32,6,32.55764119219941,148.45993446373956,30,70.99116635322571,30,4.948664482124652
2335,318,77,-42,10,43.174066289845804,148.45993446373956,30,70.99116635322571,30,4.948664482124652
2336,346,82,28,5,28.442925306655784,148.45993446373956,30,70.99116635322571,30,4.948664482124652
2337,354,69,8,-13,15.264337522473747,148.45993446373956,30,70.99116635322571,30,4.948664482124652
2338,313,61,-41,-8,41.773197148410844,148.45993446373956,30,70.99116635322571,30,4.948664482124652
2339,354,66,41,5,41.30375285612676,148.45993446373956,30,70.99116635322571,30,4.948664482124652
2340,339,75,-15,9,17.4928556845359,148.45993446373956,30,70.99116635322571,30,4.948664482124652
2341,322,82,-17,7,18.384776310850235,148.45993446373956,30,70.99116635322571,30,4.948664482124652
2342,359,71,37,-11,38.600518131237564,148.45993446373956,30,70.99116635322571,30,4.948664482124652
2343,332,61,-27,-10,28.792360097775937,148.45993446373956,30,70.99116635322571,30,4.948664482124652
2344,325,65,-7,4,8.06225774829855,148.45993446373956,30,70.99116635322571,30,4.948664482124652
2345,362,75,37,10,38.3275357934736,148.45993446373956,30,70.99116635322571,30,4.948664482124652
2346,318,83,-44,8,44.721359549995796,148.45993446373956,30,70.99116635322571,30,4.948664482124652
2347,342,73,24,-10,26.0,148.45993446373956,30,70.99116635322571,30,4.948664482124652
2348,355,61,13,-12,17.69180601295413,148.45993446373956,30,70.99116635322571,30,4.948664482124652
2349,316,65,-39,4,39.20459156782532,148.45993446373956,30,70.99116635322571,30,4.948664482124652
2350,350,73,34,8,34.92849839314596,148.45993446373956,30,70.99116635322571,30,4.948664482124652
2351,343,82,-7,9,11.40175425099138,148.45993446373956,30,70.99116635322571,30,4.948664482124652
2352,317,74,-26,-8,27.202941017470888,148.45993446373956,30,70.99116635322571,30,4.948664482124652
2353,360,62,43,-12,44.64302857109943,148.45993446373956,30,70.99116635322571,30,4.948664482124652
2354,331,64,-29,2,29.068883707497267,148.45993446373956,30,70.99116635322571,30,4.948664482124652
2355,327,72,-4,8,8.94427190999916,148.45993446373956,30,70.99116635322571,30,4.948664482124652
2356,360,81,33,9,34.20526275297414,148.45993446373956,30,70.99116635322571,30,4.948664482124652
2357,322,78,-38,-3,38.118237105091836,148.45993446373956,30,70.99116635322571,30,4.948664482124652
2358,333,62,11,-16,19.4164878389476,148.45993446373956,30,70.99116635322571,30,4.948664482124652
2359,359,63,26,1,26.019223662515376,148.45993446373956,30,70.99116635322571,30,4.948664482124652
2360,314,70,-45,7,45.5411901469428,148.45993446373956,30,70.99116635322571,30,4.948664482124652
2361,353,80,39,10,40.26164427839479,148.45993446373956,30,70.99116635322571,30,4.948664482124652
2362,344,80,-9,0,9.0,148.45993446373956,30,70.99116635322571,30,4.948664482124652
2363,316,63,-28,-17,32.7566787083184,148.45993446373956,30,70.99116635322571,30,4.948664482124652
2364,356,62,40,-1,40.01249804748511,148.45993446373956,30,70.99116635322571,30,4.948664482124652
2365,335,69,-21,7,22.135943621178654,148.45993446373956,30,70.99116635322571,30,4.948664482124652
2366,324,79,-11,10,14.866068747318506,148.45993446373956,30,70.99116635322571,30,4.948664482124652
2367,363,81,39,2,39.05124837953327,148.45993446373956,30,70.99116635322571,30,4.948664482124652
2368,323,66,-40,-15,42.720018726587654,148.45993446373956,30,70.99116635322571,30,4.948664482124652
2369,332,61,9,-5,10.295630140987,148.45993446373956,30,70.99116635322571,30,4.948664482124652
2370,358,68,26,7,26.92582403567252,148.45993446373956,30,70.99116635322571,30,4.948664482124652
2371,317,78,-41,10,42.20189569201838,148.45993446373956,30,70.99116635322571,30,4.948664482124652
2372,349,82,32,4,32.2490309931942,148.45993446373956,30,70.99116635322571,30,4.948664482124652
2373,350,67,1,-15,15.033296378372908,148.45993446373956,30,70.99116635322571,30,4.948664482124652
2374,314,61,-36,-6,36.49657518178932,148.45993446373956,30,70.99116635322571,30,4.948664482124652
2375,356,67,42,6,42.42640687119285,148.45993446373956,30,70.99116635322571,30,4.948664482124652
2376,336,76,-20,9,21.93171219946131,148.45993446373956,30,70.99116635322571,30,4.948664482124652
2377,325,82,-11,6,12.529964086141668,148.45993446373956,30,70.99116635322571,30,4.948664482124652
2378,362,69,37,-13,39.21734310225516,148.45993446373956,30,70.99116635322571,30,4.948664482124652
2379,326,61,-36,-8,36.87817782917155,148.45993446373956,30,70.99116635322571,30,4.948664482124652
2380,330,66,4,5,6.4031242374328485,148.45993446373956,30,70.99116635322571,30,4.948664482124652
2381,359,75,29,9,30.364452901377952,148.45993446373956,30,70.99116635322571,30,4.948664482124652
2382,318,83,-41,8,41.773197148410844,148.45993446373956,30,70.99116635322571,30,4.948664482124652
2383,344,72,26,-11,28.231188426986208,148.45993446373956,30,70.99116635322571,30,4.948664482124652
2384,354,62,10,-10,14.142135623730951,148.45993446373956,30,70.99116635322571,30,4.948664482124652
2385,314,65,-40,3,40.11234224026316,148.45993446373956,30,70.99116635322571,30,4.948664482124652
2386,356,74,42,9,42.95346318982906,148.45993446373956,30,70.99116635322571,30,4.948664482124652
2387,337,83,-19,9,21.02379604162864,148.45993446373956,30,70.99116635322571,30,4.948664482124652
2388,321,74,-16,-9,18.35755975068582,148.45993446373956,30,70.99116635322571,30,4.948664482124652
2389,359,62,38,-12,39.84971769034255,148.45993446373956,30,70.99116635322571,30,4.948664482124652
2390,330,65,-29,3,29.154759474226502,148.45993446373956,30,70.99116635322571,30,4.948664482124652
2391,328,72,-2,7,7.280109889280518,148.45993446373956,30,70.99116635322571,30,4.948664482124652
2392,361,82,33,10,34.48187929913333,148.45993446373956,30,70.99116635322571,30,4.948664482124652
2393,318,76,-43,-6,43.41658669218482,148.45993446373956,30,70.99116635322571,30,4.948664482124652
2394,340,61,22,-15,26.627053911388696,148.45993446373956,30,70.99116635322571,30,4.948664482124652
2395,354,63,14,2,14.142135623730951,148.45993446373956,30,70.99116635322571,30,4.948664482124652
2396,316,71,-38,8,38.8329756778952,148.45993446373956,30,70.99116635322571,30,4.948664482124652
2397,354,80,38,9,39.05124837953327,148.45993446373956,30,70.99116635322571,30,4.948664482124652
2398,343,78,-11,-2,11.180339887498949,148.45993446373956,30,70.99116635322571,30,4.948664482124652
2399,315,62,-28,-16,32.2490309931942,148.45993446373956,30,70.99116635322571,30,4.948664482124652
2400,361,63,46,1,46.010868281309364,148.45993446373956,30,70.99116635322571,30,4.948664482124652
2401,329,70,-32,7,32.7566787083184,148.45993446373956,30,70.99116635322571,30,4.948664482124652
2402,330,80,1,10,10.04987562112089,148.45993446373956,30,70.99116635322571,30,4.948664482124652
2403,360,80,30,0,30.0,148.45993446373956,30,70.99116635322571,30,4.948664482124652
2404,322,65,-38,-15,40.85339643163099,148.45993446373956,30,70.99116635322571,30,4.948664482124652
2405,334,61,12,-4,12.649110640673518,148.45993446373956,30,70.99116635322571,30,4.948664482124652
2406,357,69,23,8,24.351591323771842,148.45993446373956,30,70.99116635322571,30,4.948664482124652
2407,314,78,-43,9,43.93176527297759,148.45993446373956,30,70.99116635322571,30,4.948664482124652
2408,354,81,40,3,40.11234224026316,148.45993446373956,30,70.99116635322571,30,4.948664482124652
2409,345,66,-9,-15,17.4928556845359,148.45993446373956,30,70.99116635322571,30,4.948664482124652
2410,316,61,-29,-5,29.427877939124322,148.45993446373956,30,70.99116635322571,30,4.948664482124652
2411,358,68,42,7,42.579337712087536,148.45993446373956,30,70.99116635322571,30,4.948664482124652
2412,333,77,-25,9,26.570660511172846,148.45993446373956,30,70.99116635322571,30,4.948664482124652
2413,327,82,-6,5,7.810249675906654,148.45993446373956,30,70.99116635322571,30,4.948664482124652
2414,362,68,35,-14,37.69615364994153,148.45993446373956,30,70.99116635322571,30,4.948664482124652
2415,323,61,-39,-7,39.6232255123179,148.45993446373956,30,70.99116635322571,30,4.948664482124652
2416,335,66,12,5,13.0,148.45993446373956,30,70.99116635322571,30,4.948664482124652
2417,356,76,21,10,23.259406699226016,148.45993446373956,30,70.99116635322571,30,4.948664482124652
2418,317,82,-39,6,39.45883931389772,148.45993446373956,30,70.99116635322571,30,4.948664482124652
2419,347,70,30,-12,32.31098884280702,148.45993446373956,30,70.99116635322571,30,4.948664482124652
2420,350,61,3,-9,9.486832980505138,148.45993446373956,30,70.99116635322571,30,4.948664482124652
2421,314,65,-36,4,36.22154055254967,148.45993446373956,30,70.99116635322571,30,4.948664482124652
2422,358,74,44,9,44.91102314577124,148.45993446373956,30,70.99116635322571,30,4.948664482124652
2423,334,83,-24,9,25.632011235952593,148.45993446373956,30,70.99116635322571,30,4.948664482124652
2424,323,72,-11,-11,15.556349186104045,148.45993446373956,30,70.99116635322571,30,4.948664482124652
2425,362,61,39,-11,40.52159917870962,148.45993446373956,30,70.99116635322571,30,4.948664482124652
2426,325,65,-37,4,37.21558813185679,148.45993446373956,30,70.99116635322571,30,4.948664482124652
2427,333,73,8,8,11.313708498984761,148.45993446373956,30,70.99116635322571,30,4.948664482124652
2428,358,82,25,9,26.570660511172846,148.45993446373956,30,70.99116635322571,30,4.948664482124652
2429,317,75,-41,-7,41.593268686170845,148.45993446373956,30,70.99116635322571,30,4.948664482124652
2430,342,61,25,-14,28.653097563788805,148.45993446373956,30,70.99116635322571,30,4.948664482124652
2431,353,64,11,3,11.40175425099138,148.45993446373956,30,70.99116635322571,30,4.948664482124652
2432,314,71,-39,7,39.6232255123179,148.45993446373956,30,70.99116635322571,30,4.948664482124652
2433,358,81,44,10,45.12205669071391,148.45993446373956,30,70.99116635322571,30,4.948664482124652
2434,337,77,-21,-4,21.37755832643195,148.45993446373956,30,70.99116635322571,30,4.948664482124652
2435,319,62,-18,-15,23.430749027719962,148.45993446373956,30,70.99116635322571,30,4.948664482124652
2436,360,63,41,1,41.012193308819754,148.45993446373956,30,70.99116635322571,30,4.948664482124652
2437,328,71,-32,8,32.984845004941285,148.45993446373956,30,70.99116635322571,30,4.948664482124652
2438,332,80,4,9,9.848857801796104,148.45993446373956,30,70.99116635322571,30,4.948664482124652
2439,361,79,29,-1,29.017236257093817,148.45993446373956,30,70.99116635322571,30,4.948664482124652
2440,317,64,-44,-15,46.486557196677836,148.45993446373956,30,70.99116635322571,30,4.948664482124652
2441,342,62,25,-2,25.079872407968907,148.45993446373956,30,70.99116635322571,30,4.948664482124652
2442,352,69,10,7,12.206555615733702,148.45993446373956,30,70.99116635322571,30,4.948664482124652
2443,317,79,-35,10,36.40054944640259,148.45993446373956,30,70.99116635322571,30,4.948664482124652
2444,355,80,38,1,38.01315561749642,148.45993446373956,30,70.99116635322571,30,4.948664482124652
2445,344,65,-11,-15,18.601075237738275,148.45993446373956,30,70.99116635322571,30,4.948664482124652
2446,315,61,-29,-4,29.274562336608895,148.45993446373956,30,70.99116635322571,30,4.948664482124652
2447,362,69,47,8,47.67598976424087,148.45993446373956,30,70.99116635322571,30,4.948664482124652
2448,327,77,-35,8,35.90264614203248,148.45993446373956,30,70.99116635322571,30,4.948664482124652
2449,333,82,6,5,7.810249675906654,148.45993446373956,30,70.99116635322571,30,4.948664482124652
2450,360,67,27,-15,30.886890422961002,148.45993446373956,30,70.99116635322571,30,4.948664482124652
2451,322,61,-38,-6,38.47076812334269,148.45993446373956,30,70.99116635322571,30,4.948664482124652
2452,337,67,15,6,16.15549442140351,148.45993446373956,30,70.99116635322571,30,4.948664482124652
2453,356,77,19,10,21.470910553583888,148.45993446373956,30,70.99116635322571,30,4.948664482124652
2454,315,82,-41,5,41.30375285612676,148.45993446373956,30,70.99116635322571,30,4.948664482124652
2455,352,69,37,-13,39.21734310225516,148.45993446373956,30,70.99116635322571,30,4.948664482124652
2456,345,61,-7,-8,10.63014581273465,148.45993446373956,30,70.99116635322571,30,4.948664482124652
2457,317,66,-28,5,28.442925306655784,148.45993446373956,30,70.99116635322571,30,4.948664482124652
2458,359,75,42,9,42.95346318982906,148.45993446373956,30,70.99116635322571,30,4.948664482124652
2459,332,83,-27,8,28.160255680657446,148.45993446373956,30,70.99116635322571,30,4.948664482124652
2460,324,71,-8,-12,14.422205101855956,148.45993446373956,30,70.99116635322571,30,4.948664482124652
2461,362,61,38,-10,39.293765408777,148.45993446373956,30,70.99116635322571,30,4.948664482124652
2462,321,66,-41,5,41.30375285612676,148.45993446373956,30,70.99116635322571,30,4.948664482124652
2463,338,74,17,8,18.788294228055936,148.45993446373956,30,70.99116635322571,30,4.948664482124652
2464,355,83,17,9,19.235384061671343,148.45993446373956,30,70.99116635322571,30,4.948664482124652
2465,317,73,-38,-10,39.293765408777,148.45993446373956,30,70.99116635322571,30,4.948664482124652
2466,346,61,29,-12,31.38470965295043,148.45993446373956,30,70.99116635322571,30,4.948664482124652
2467,349,64,3,3,4.242640687119285,148.45993446373956,30,70.99116635322571,30,4.948664482124652
2468,315,72,-34,8,34.92849839314596,148.45993446373956,30,70.99116635322571,30,4.948664482124652
2469,361,82,46,10,47.07440918375928,148.45993446373956,30,70.99116635322571,30,4.948664482124652
2470,333,77,-28,-5,28.442925306655784,148.45993446373956,30,70.99116635322571,30,4.948664482124652
2471,320,61,-13,-16,20.615528128088304,148.45993446373956,30,70.99116635322571,30,4.948664482124652
2472,362,63,42,2,42.04759208325728,148.45993446373956,30,70.99116635322571,30,4.948664482124652
2473,323,71,-39,8,39.81205847478876,148.45993446373956,30,70.99116635322571,30,4.948664482124652
2474,337,81,14,10,17.204650534085253,148.45993446373956,30,70.99116635322571,30,4.948664482124652
2475,358,78,21,-3,21.213203435596427,148.45993446373956,30,70.99116635322571,30,4.948664482124652
2476,317,63,-41,-15,43.657759905886145,148.45993446373956,30,70.99116635322571,30,4.948664482124652
2477,344,62,27,-1,27.018512172212592,148.45993446373956,30,70.99116635322571,30,4.948664482124652
2478,350,70,6,8,10.0,148.45993446373956,30,70.99116635322571,30,4.948664482124652
2479,316,80,-34,10,35.4400902933387,148.45993446373956,30,70.99116635322571,30,4.948664482124652
2480,359,79,43,-1,43.01162633521314,148.45993446373956,30,70.99116635322571,30,4.948664482124652
2481,338,64,-21,-15,25.80697580112788,148.45993446373956,30,70.99116635322571,30,4.948664482124652
2482,319,62,-19,-2,19.1049731745428,148.45993446373956,30,70.99116635322571,30,4.948664482124652
2483,360,69,41,7,41.593268686170845,148.45993446373956,30,70.99116635322571,30,4.948664482124652
2484,326,79,-34,10,35.4400902933387,148.45993446373956,30,70.99116635322571,30,4.948664482124652
2485,334,81,8,2,8.246211251235321,148.45993446373956,30,70.99116635322571,30,4.948664482124652
2486,361,66,27,-15,30.886890422961002,148.45993446373956,30,70.99116635322571,30,4.948664482124652
2487,316,61,-45,-5,45.27692569068709,148.45993446373956,30,70.99116635322571,30,4.948664482124652
2488,344,68,28,7,28.861739379323623,148.45993446373956,30,70.99116635322571,30,4.948664482124652
2489,350,77,6,9,10.816653826391969,148.45993446373956,30,70.99116635322571,30,4.948664482124652
2490,318,81,-32,4,32.2490309931942,148.45993446373956,30,70.99116635322571,30,4.948664482124652
2491,352,67,34,-14,36.76955262170047,148.45993446373956,30,70.99116635322571,30,4.948664482124652
2492,344,61,-8,-6,10.0,148.45993446373956,30,70.99116635322571,30,4.948664482124652
2493,316,66,-28,5,28.442925306655784,148.45993446373956,30,70.99116635322571,30,4.948664482124652
2494,362,76,46,10,47.07440918375928,148.45993446373956,30,70.99116635322571,30,4.948664482124652
2495,325,83,-37,7,37.656340767525464,148.45993446373956,30,70.99116635322571,30,4.948664482124652
2496,330,70,5,-13,13.92838827718412,148.45993446373956,30,70.99116635322571,30,4.948664482124652
2497,360,61,30,-9,31.32091952673165,148.45993446373956,30,70.99116635322571,30,4.948664482124652
2498,321,66,-39,5,39.319206502675,148.45993446373956,30,70.99116635322571,30,4.948664482124652
2499,340,74,19,8,20.615528128088304,148.45993446373956,30,70.99116635322571,30,4.948664482124652
2500,354,83,14,9,16.64331697709324,148.45993446373956,30,70.99116635322571,30,4.948664482124652
2501,314,72,-40,-11,41.48493702538308,148.45993446373956,30,70.99116635322571,30,4.948664482124652
2502,351,61,37,-11,38.600518131237564,148.45993446373956,30,70.99116635322571,30,4.948664482124652
2503,343,65,-8,4,8.94427190999916,148.45993446373956,30,70.99116635322571,30,4.948664482124652
2504,319,73,-24,8,25.298221281347036,148.45993446373956,30,70.99116635322571,30,4.948664482124652
2505,360,82,41,9,41.97618372363071,148.45993446373956,30,70.99116635322571,30,4.948664482124652
2506,332,74,-28,-8,29.120439557122072,148.45993446373956,30,70.99116635322571,30,4.948664482124652
2507,322,61,-10,-13,16.401219466856727,148.45993446373956,30,70.99116635322571,30,4.948664482124652
2508,363,64,41,3,41.10960958218893,148.45993446373956,30,70.99116635322571,30,4.948664482124652
2509,319,72,-44,8,44.721359549995796,148.45993446373956,30,70.99116635322571,30,4.948664482124652
2510,343,82,24,10,26.0,148.45993446373956,30,70.99116635322571,30,4.948664482124652
2511,355,77,12,-5,13.0,148.45993446373956,30,70.99116635322571,30,4.948664482124652
2512,315,62,-40,-15,42.720018726587654,148.45993446373956,30,70.99116635322571,30,4.948664482124652
2513,347,63,32,1,32.01562118716424,148.45993446373956,30,70.99116635322571,30,4.948664482124652
2514,346,71,-1,8,8.06225774829855,148.45993446373956,30,70.99116635322571,30,4.948664482124652
2515,317,80,-29,9,30.364452901377952,148.45993446373956,30,70.99116635322571,30,4.948664482124652
2516,360,79,43,-1,43.01162633521314,148.45993446373956,30,70.99116635322571,30,4.948664482124652
2517,335,64,-25,-15,29.154759474226502,148.45993446373956,30,70.99116635322571,30,4.948664482124652
2518,321,62,-14,-2,14.142135623730951,148.45993446373956,30,70.99116635322571,30,4.948664482124652
2519,362,70,41,8,41.773197148410844,148.45993446373956,30,70.99116635322571,30,4.948664482124652
2520,322,79,-40,9,41.0,148.45993446373956,30,70.99116635322571,30,4.948664482124652
2521,338,80,16,1,16.0312195418814,148.45993446373956,30,70.99116635322571,30,4.948664482124652
2522,358,65,20,-15,25.0,148.45993446373956,30,70.99116635322571,30,4.948664482124652
2523,316,62,-42,-3,42.1070065428546,148.45993446373956,30,70.99116635322571,30,4.948664482124652
2524,346,68,30,6,30.59411708155671,148.45993446373956,30,70.99116635322571,30,4.948664482124652
2525,348,78,2,10,10.198039027185569,148.45993446373956,30,70.99116635322571,30,4.948664482124652
2526,318,81,-30,3,30.14962686336267,148.45993446373956,30,70.99116635322571,30,4.948664482124652
2527,357,67,39,-14,41.43669871020132,148.45993446373956,30,70.99116635322571,30,4.948664482124652
2528,338,61,-19,-6,19.924858845171276,148.45993446373956,30,70.99116635322571,30,4.948664482124652
2529,321,67,-17,6,18.027756377319946,148.45993446373956,30,70.99116635322571,30,4.948664482124652
2530,361,77,40,10,41.23105625617661,148.45993446373956,30,70.99116635322571,30,4.948664482124652
2531,325,82,-36,5,36.345563690772494,148.45993446373956,30,70.99116635322571,30,4.948664482124652
2532,330,68,5,-14,14.866068747318506,148.45993446373956,30,70.99116635322571,30,4.948664482124652
2533,361,61,31,-7,31.78049716414141,148.45993446373956,30,70.99116635322571,30,4.948664482124652
2534,316,66,-45,5,45.27692569068709,148.45993446373956,30,70.99116635322571,30,4.948664482124652
2535,347,75,31,9,32.28002478313795,148.45993446373956,30,70.99116635322571,30,4.948664482124652
2536,348,83,1,8,8.06225774829855,148.45993446373956,30,70.99116635322571,30,4.948664482124652
2537,316,71,-32,-12,34.17601498127012,148.45993446373956,30,70.99116635322571,30,4.948664482124652
2538,352,60,36,-11,37.64306044943742,148.45993446373956,30,70.99116635322571,30,4.948664482124652
2539,342,66,-10,6,11.661903789690601,148.45993446373956,30,70.99116635322571,30,4.948664482124652
2540,319,73,-23,7,24.041630560342615,148.45993446373956,30,70.99116635322571,30,4.948664482124652
2541,363,82,44,9,44.91102314577124,148.45993446373956,30,70.99116635322571,30,4.948664482124652
2542,326,73,-37,-9,38.07886552931954,148.45993446373956,30,70.99116635322571,30,4.948664482124652
2543,328,61,2,-12,12.165525060596439,148.45993446373956,30,70.99116635322571,30,4.948664482124652
2544,360,64,32,3,32.14031735997639,148.45993446373956,30,70.99116635322571,30,4.948664482124652
2545,319,73,-41,9,41.97618372363071,148.45993446373956,30,70.99116635322571,30,4.948664482124652
2546,344,82,25,9,26.570660511172846,148.45993446373956,30,70.99116635322571,30,4.948664482124652
2547,354,75,10,-7,12.206555615733702,148.45993446373956,30,70.99116635322571,30,4.948664482124652
2548,313,62,-41,-13,43.01162633521314,148.45993446373956,30,70.99116635322571,30,4.948664482124652
2549,353,63,40,1,40.01249804748511,148.45993446373956,30,70.99116635322571,30,4.948664482124652
2550,340,72,-13,9,15.811388300841896,148.45993446373956,30,70.99116635322571,30,4.948664482124652
2551,322,81,-18,9,20.12461179749811,148.45993446373956,30,70.99116635322571,30,4.948664482124652
2552,360,78,38,-3,38.118237105091836,148.45993446373956,30,70.99116635322571,30,4.948664482124652
2553,332,63,-28,-15,31.76476034853718,148.45993446373956,30,70.99116635322571,30,4.948664482124652
2554,323,62,-9,-1,9.055385138137417,148.45993446373956,30,70.99116635322571,30,4.948664482124652
2555,362,70,39,8,39.81205847478876,148.45993446373956,30,70.99116635322571,30,4.948664482124652
2556,318,80,-44,10,45.12205669071391,148.45993446373956,30,70.99116635322571,30,4.948664482124652
2557,343,79,25,-1,25.019992006393608,148.45993446373956,30,70.99116635322571,30,4.948664482124652
2558,355,64,12,-15,19.209372712298546,148.45993446373956,30,70.99116635322571,30,4.948664482124652
2559,315,62,-40,-2,40.049968789001575,148.45993446373956,30,70.99116635322571,30,4.948664482124652
2560,350,69,35,7,35.6931365951495,148.45993446373956,30,70.99116635322571,30,4.948664482124652
2561,344,79,-6,10,11.661903789690601,148.45993446373956,30,70.99116635322571,30,4.948664482124652
2562,318,80,-26,1,26.019223662515376,148.45993446373956,30,70.99116635322571,30,4.948664482124652
2563,359,65,41,-15,43.657759905886145,148.45993446373956,30,70.99116635322571,30,4.948664482124652
2564,334,61,-25,-4,25.317977802344327,148.45993446373956,30,70.99116635322571,30,4.948664482124652
2565,324,67,-10,6,11.661903789690601,148.45993446373956,30,70.99116635322571,30,4.948664482124652
2566,361,78,37,11,38.600518131237564,148.45993446373956,30,70.99116635322571,30,4.948664482124652
2567,321,82,-40,4,40.19950248448356,148.45993446373956,30,70.99116635322571,30,4.948664482124652
2568,335,67,14,-15,20.518284528683193,148.45993446373956,30,70.99116635322571,30,4.948664482124652
2569,358,61,23,-6,23.769728648009426,148.45993446373956,30,70.99116635322571,30,4.948664482124652
2570,315,67,-43,6,43.41658669218482,148.45993446373956,30,70.99116635322571,30,4.948664482124652
2571,350,76,35,9,36.138621999185304,148.45993446373956,30,70.99116635322571,30,4.948664482124652
2572,346,82,-4,6,7.211102550927978,148.45993446373956,30,70.99116635322571,30,4.948664482124652
2573,315,69,-31,-13,33.61547262794322,148.45993446373956,30,70.99116635322571,30,4.948664482124652
2574,357,61,42,-8,42.7551166528639,148.45993446373956,30,70.99116635322571,30,4.948664482124652
2575,335,66,-22,5,22.561028345356956,148.45993446373956,30,70.99116635322571,30,4.948664482124652
2576,324,75,-11,9,14.212670403551895,148.45993446373956,30,70.99116635322571,30,4.948664482124652
2577,362,83,38,8,38.8329756778952,148.45993446373956,30,70.99116635322571,30,4.948664482124652
2578,325,72,-37,-11,38.600518131237564,148.45993446373956,30,70.99116635322571,30,4.948664482124652
2579,329,60,4,-12,12.649110640673518,148.45993446373956,30,70.99116635322571,30,4.948664482124652
2580,360,65,31,5,31.400636936215164,148.45993446373956,30,70.99116635322571,30,4.948664482124652
2581,315,74,-45,9,45.89117562233506,148.45993446373956,30,70.99116635322571,30,4.948664482124652
2582,350,83,35,9,36.138621999185304,148.45993446373956,30,70.99116635322571,30,4.948664482124652
2583,348,74,-2,-9,9.219544457292887,148.45993446373956,30,70.99116635322571,30,4.948664482124652
2584,315,61,-33,-13,35.4682957019364,148.45993446373956,30,70.99116635322571,30,4.948664482124652
2585,354,64,39,3,39.11521443121589,148.45993446373956,30,70.99116635322571,30,4.948664482124652
2586,339,73,-15,9,17.4928556845359,148.45993446373956,30,70.99116635322571,30,4.948664482124652
2587,322,81,-17,8,18.788294228055936,148.45993446373956,30,70.99116635322571,30,4.948664482124652
2588,363,76,41,-5,41.30375285612676,148.45993446373956,30,70.99116635322571,30,4.948664482124652
2589,326,62,-37,-14,39.56008088970496,148.45993446373956,30,70.99116635322571,30,4.948664482124652
2590,330,63,4,1,4.123105625617661,148.45993446373956,30,70.99116635322571,30,4.948664482124652
2591,359,71,29,8,30.083217912982647,148.45993446373956,30,70.99116635322571,30,4.948664482124652
2592,319,81,-40,10,41.23105625617661,148.45993446373956,30,70.99116635322571,30,4.948664482124652
2593,344,77,25,-4,25.317977802344327,148.45993446373956,30,70.99116635322571,30,4.948664482124652
2594,355,63,11,-14,17.804493814764857,148.45993446373956,30,70.99116635322571,30,4.948664482124652
2595,313,62,-42,-1,42.01190307520001,148.45993446373956,30,70.99116635322571,30,4.948664482124652
2596,356,70,43,8,43.73785545725808,148.45993446373956,30,70.99116635322571,30,4.948664482124652
2597,338,80,-18,10,20.591260281974,148.45993446373956,30,70.99116635322571,30,4.948664482124652
2598,323,79,-15,-1,15.033296378372908,148.45993446373956,30,70.99116635322571,30,4.948664482124652
2599,358,64,35,-15,38.07886552931954,148.45993446373956,30,70.99116635322571,30,4.948664482124652
2600,332,62,-26,-2,26.076809620810597,148.45993446373956,30,70.99116635322571,30,4.948664482124652
2601,326,69,-6,7,9.219544457292887,148.45993446373956,30,70.99116635322571,30,4.948664482124652
2602,362,79,36,10,37.36308338453881,148.45993446373956,30,70.99116635322571,30,4.948664482124652
2603,318,81,-44,2,44.04543109109048,148.45993446373956,30,70.99116635322571,30,4.948664482124652
2604,340,65,22,-16,27.202941017470888,148.45993446373956,30,70.99116635322571,30,4.948664482124652
2605,355,61,15,-4,15.524174696260024,148.45993446373956,30,70.99116635322571,30,4.948664482124652
2606,315,68,-40,7,40.607881008493905,148.45993446373956,30,70.99116635322571,30,4.948664482124652
2607,352,77,37,9,38.07886552931954,148.45993446373956,30,70.99116635322571,30,4.948664482124652
2608,343,82,-9,5,10.295630140987,148.45993446373956,30,70.99116635322571,30,4.948664482124652
2609,316,68,-27,-14,30.4138126514911,148.45993446373956,30,70.99116635322571,30,4.948664482124652
2610,359,61,43,-7,43.56604182158393,148.45993446373956,30,70.99116635322571,30,4.948664482124652
2611,331,67,-28,6,28.635642126552707,148.45993446373956,30,70.99116635322571,30,4.948664482124652
2612,328,75,-3,8,8.54400374531753,148.45993446373956,30,70.99116635322571,30,4.948664482124652
2613,361,83,33,8,33.95585369269929,148.45993446373956,30,70.99116635322571,30,4.948664482124652
2614,321,70,-40,-13,42.05948168962618,148.45993446373956,30,70.99116635322571,30,4.948664482124652
2615,335,61,14,-9,16.64331697709324,148.45993446373956,30,70.99116635322571,30,4.948664482124652
2616,357,66,22,5,22.561028345356956,148.45993446373956,30,70.99116635322571,30,4.948664482124652
2617,315,75,-42,9,42.95346318982906,148.45993446373956,30,70.99116635322571,30,4.948664482124652
2618,353,82,38,7,38.63935817272331,148.45993446373956,30,70.99116635322571,30,4.948664482124652
2619,346,73,-7,-9,11.40175425099138,148.45993446373956,30,70.99116635322571,30,4.948664482124652
2620,314,61,-32,-12,34.17601498127012,148.45993446373956,30,70.99116635322571,30,4.948664482124652
2621,359,65,45,4,45.17742799230607,148.45993446373956,30,70.99116635322571,30,4.948664482124652
2622,333,73,-26,8,27.202941017470888,148.45993446373956,30,70.99116635322571,30,4.948664482124652
2623,327,82,-6,9,10.816653826391969,148.45993446373956,30,70.99116635322571,30,4.948664482124652
2624,361,74,34,-8,34.92849839314596,148.45993446373956,30,70.99116635322571,30,4.948664482124652
2625,325,62,-36,-12,37.94733192202055,148.45993446373956,30,70.99116635322571,30,4.948664482124652
2626,332,64,7,2,7.280109889280518,148.45993446373956,30,70.99116635322571,30,4.948664482124652
2627,358,72,26,8,27.202941017470888,148.45993446373956,30,70.99116635322571,30,4.948664482124652
2628,316,82,-42,10,43.174066289845804,148.45993446373956,30,70.99116635322571,30,4.948664482124652
2629,350,76,34,-6,34.52535300326414,148.45993446373956,30,70.99116635322571,30,4.948664482124652
2630,349,62,-1,-14,14.035668847618199,148.45993446373956,30,70.99116635322571,30,4.948664482124652
2631,315,63,-34,1,34.0147027033899,148.45993446373956,30,70.99116635322571,30,4.948664482124652
2632,355,71,40,8,40.792156108742276,148.45993446373956,30,70.99116635322571,30,4.948664482124652
2633,336,81,-19,10,21.470910553583888,148.45993446373956,30,70.99116635322571,30,4.948664482124652
2634,323,78,-13,-3,13.341664064126334,148.45993446373956,30,70.99116635322571,30,4.948664482124652
2635,362,64,39,-14,41.43669871020132,148.45993446373956,30,70.99116635322571,30,4.948664482124652
2636,325,62,-37,-2,37.05401462729781,148.45993446373956,30,70.99116635322571,30,4.948664482124652
2637,333,69,8,7,10.63014581273465,148.45993446373956,30,70.99116635322571,30,4.948664482124652
2638,358,79,25,10,26.92582403567252,148.45993446373956,30,70.99116635322571,30,4.948664482124652
2639,319,81,-39,2,39.05124837953327,148.45993446373956,30,70.99116635322571,30,4.948664482124652
2640,341,64,22,-17,27.80287754891569,148.45993446373956,30,70.99116635322571,30,4.948664482124652
2641,354,62,13,-2,13.152946437965905,148.45993446373956,30,70.99116635322571,30,4.948664482124652
2642,313,68,-41,6,41.43669871020132,148.45993446373956,30,70.99116635322571,30,4.948664482124652
2643,358,78,45,10,46.09772228646444,148.45993446373956,30,70.99116635322571,30,4.948664482124652
2644,336,82,-22,4,22.360679774997898,148.45993446373956,30,70.99116635322571,30,4.948664482124652
2645,320,66,-16,-16,22.627416997969522,148.45993446373956,30,70.99116635322571,30,4.948664482124652
2646,359,61,39,-5,39.319206502675,148.45993446373956,30,70.99116635322571,30,4.948664482124652
2647,330,67,-29,6,29.614185789921695,148.45993446373956,30,70.99116635322571,30,4.948664482124652
2648,330,76,0,9,9.0,148.45993446373956,30,70.99116635322571,30,4.948664482124652
2649,361,82,31,6,31.575306807693888,148.45993446373956,30,70.99116635322571,30,4.948664482124652
2650,318,69,-43,-13,44.9221548904324,148.45993446373956,30,70.99116635322571,30,4.948664482124652
2651,340,61,22,-8,23.40939982143925,148.45993446373956,30,70.99116635322571,30,4.948664482124652
2652,353,67,13,6,14.317821063276353,148.45993446373956,30,70.99116635322571,30,4.948664482124652
2653,316,75,-37,8,37.8549864614954,148.45993446373956,30,70.99116635322571,30,4.948664482124652
2654,355,82,39,7,39.6232255123179,148.45993446373956,30,70.99116635322571,30,4.948664482124652
2655,344,71,-11,-11,15.556349186104045,148.45993446373956,30,70.99116635322571,30,4.948664482124652
2656,315,61,-29,-10,30.675723300355934,148.45993446373956,30,70.99116635322571,30,4.948664482124652
2657,360,65,45,4,45.17742799230607,148.45993446373956,30,70.99116635322571,30,4.948664482124652
2658,328,74,-32,9,33.24154027718932,148.45993446373956,30,70.99116635322571,30,4.948664482124652
2659,331,82,3,8,8.54400374531753,148.45993446373956,30,70.99116635322571,30,4.948664482124652
2660,361,73,30,-9,31.32091952673165,148.45993446373956,30,70.99116635322571,30,4.948664482124652
2661,321,62,-40,-11,41.48493702538308,148.45993446373956,30,70.99116635322571,30,4.948664482124652
2662,337,64,16,2,16.1245154965971,148.45993446373956,30,70.99116635322571,30,4.948664482124652
2663,355,73,18,9,20.12461179749811,148.45993446373956,30,70.99116635322571,30,4.948664482124652
2664,316,82,-39,9,40.024992192379,148.45993446373956,30,70.99116635322571,30,4.948664482124652
2665,352,75,36,-7,36.6742416417845,148.45993446373956,30,70.99116635322571,30,4.948664482124652
2666,347,62,-5,-13,13.92838827718412,148.45993446373956,30,70.99116635322571,30,4.948664482124652
2667,315,63,-32,1,32.01562118716424,148.45993446373956,30,70.99116635322571,30,4.948664482124652
2668,359,72,44,9,44.91102314577124,148.45993446373956,30,70.99116635322571,30,4.948664482124652
2669,331,81,-28,9,29.410882339705484,148.45993446373956,30,70.99116635322571,30,4.948664482124652
2670,327,77,-4,-4,5.656854249492381,148.45993446373956,30,70.99116635322571,30,4.948664482124652
2671,361,63,34,-14,36.76955262170047,148.45993446373956,30,70.99116635322571,30,4.948664482124652
2672,324,63,-37,0,37.0,148.45993446373956,30,70.99116635322571,30,4.948664482124652
2673,335,70,11,7,13.038404810405298,148.45993446373956,30,70.99116635322571,30,4.948664482124652
2674,357,80,22,10,24.166091947189145,148.45993446373956,30,70.99116635322571,30,4.948664482124652
2675,316,79,-41,-1,41.012193308819754,148.45993446373956,30,70.99116635322571,30,4.948664482124652
2676,347,64,31,-15,34.438350715445125,148.45993446373956,30,70.99116635322571,30,4.948664482124652
2677,349,62,2,-2,2.8284271247461903,148.45993446373956,30,70.99116635322571,30,4.948664482124652
2678,316,69,-33,7,33.734255586866,148.45993446373956,30,70.99116635322571,30,4.948664482124652
2679,358,79,42,10,43.174066289845804,148.45993446373956,30,70.99116635322571,30,4.948664482124652
2680,335,81,-23,2,23.08679276123039,148.45993446373956,30,70.99116635322571,30,4.948664482124652
2681,320,65,-15,-16,21.93171219946131,148.45993446373956,30,70.99116635322571,30,4.948664482124652
2682,363,62,43,-3,43.104524124504614,148.45993446373956,30,70.99116635322571,30,4.948664482124652
2683,323,68,-40,6,40.44749683231337,148.45993446373956,30,70.99116635322571,30,4.948664482124652
2684,337,78,14,10,17.204650534085253,148.45993446373956,30,70.99116635322571,30,4.948664482124652
2685,357,82,20,4,20.396078054371138,148.45993446373956,30,70.99116635322571,30,4.948664482124652
2686,318,67,-39,-15,41.78516483155236,148.45993446373956,30,70.99116635322571,30,4.948664482124652
2687,341,60,23,-7,24.041630560342615,148.45993446373956,30,70.99116635322571,30,4.948664482124652
2688,353,67,12,7,13.892443989449804,148.45993446373956,30,70.99116635322571,30,4.948664482124652
2689,314,76,-39,9,40.024992192379,148.45993446373956,30,70.99116635322571,30,4.948664482124652
2690,360,83,46,7,46.52956049652737,148.45993446373956,30,70.99116635322571,30,4.948664482124652
2691,337,70,-23,-13,26.419689627245813,148.45993446373956,30,70.99116635322571,30,4.948664482124652
2692,319,61,-18,-9,20.12461179749811,148.45993446373956,30,70.99116635322571,30,4.948664482124652
2693,360,66,41,5,41.30375285612676,148.45993446373956,30,70.99116635322571,30,4.948664482124652
2694,327,75,-33,9,34.20526275297414,148.45993446373956,30,70.99116635322571,30,4.948664482124652
2695,333,82,6,7,9.219544457292887,148.45993446373956,30,70.99116635322571,30,4.948664482124652
2696,361,72,28,-10,29.732137494637012,148.45993446373956,30,70.99116635322571,30,4.948664482124652
2697,317,61,-44,-11,45.35416188179427,148.45993446373956,30,70.99116635322571,30,4.948664482124652
2698,342,65,25,4,25.317977802344327,148.45993446373956,30,70.99116635322571,30,4.948664482124652
2699,351,74,9,9,12.727922061357855,148.45993446373956,30,70.99116635322571,30,4.948664482124652
2700,318,82,-33,8,33.95585369269929,148.45993446373956,30,70.99116635322571,30,4.948664482124652
2701,354,74,36,-8,36.87817782917155,148.45993446373956,30,70.99116635322571,30,4.948664482124652
2702,344,61,-10,-13,16.401219466856727,148.45993446373956,30,70.99116635322571,30,4.948664482124652
2703,316,64,-28,3,28.160255680657446,148.45993446373956,30,70.99116635322571,30,4.948664482124652
2704,362,73,46,9,46.87216658103186,148.45993446373956,30,70.99116635322571,30,4.948664482124652
2705,326,82,-36,9,37.107950630558946,148.45993446373956,30,70.99116635322571,30,4.948664482124652
2706,330,76,4,-6,7.211102550927978,148.45993446373956,30,70.99116635322571,30,4.948664482124652
2707,361,62,31,-14,34.0147027033899,148.45993446373956,30,70.99116635322571,30,4.948664482124652
2708,320,63,-41,1,41.012193308819754,148.45993446373956,30,70.99116635322571,30,4.948664482124652
2709,339,71,19,8,20.615528128088304,148.45993446373956,30,70.99116635322571,30,4.948664482124652
2710,354,81,15,10,18.027756377319946,148.45993446373956,30,70.99116635322571,30,4.948664482124652
2711,316,78,-38,-3,38.118237105091836,148.45993446373956,30,70.99116635322571,30,4.948664482124652
2712,349,63,33,-15,36.24913792078372,148.45993446373956,30,70.99116635322571,30,4.948664482124652
2713,346,63,-3,0,3.0,148.45993446373956,30,70.99116635322571,30,4.948664482124652
2714,316,70,-30,7,30.805843601498726,148.45993446373956,30,70.99116635322571,30,4.948664482124652
2715,361,80,45,10,46.09772228646444,148.45993446373956,30,70.99116635322571,30,4.948664482124652
2716,331,79,-30,-1,30.01666203960727,148.45993446373956,30,70.99116635322571,30,4.948664482124652
2717,324,65,-7,-14,15.652475842498529,148.45993446373956,30,70.99116635322571,30,4.948664482124652
2718,361,62,37,-3,37.12142238654117,148.45993446373956,30,70.99116635322571,30,4.948664482124652
2719,322,69,-39,7,39.6232255123179,148.45993446373956,30,70.99116635322571,30,4.948664482124652
2720,339,78,17,9,19.235384061671343,148.45993446373956,30,70.99116635322571,30,4.948664482124652
2721,356,82,17,4,17.46424919657298,148.45993446373956,30,70.99116635322571,30,4.948664482124652
2722,315,66,-41,-16,44.01136216933077,148.45993446373956,30,70.99116635322571,30,4.948664482124652
2723,348,61,33,-5,33.37663853655727,148.45993446373956,30,70.99116635322571,30,4.948664482124652
2724,347,68,-1,7,7.0710678118654755,148.45993446373956,30,70.99116635322571,30,4.948664482124652
2725,318,77,-29,9,30.364452901377952,148.45993446373956,30,70.99116635322571,30,4.948664482124652
2726,359,82,41,5,41.30375285612676,148.45993446373956,30,70.99116635322571,30,4.948664482124652
2727,337,68,-22,-14,26.076809620810597,148.45993446373956,30,70.99116635322571,30,4.948664482124652
2728,319,60,-18,-8,19.697715603592208,148.45993446373956,30,70.99116635322571,30,4.948664482124652
2729,363,67,44,7,44.553338819890925,148.45993446373956,30,70.99116635322571,30,4.948664482124652
2730,321,76,-42,9,42.95346318982906,148.45993446373956,30,70.99116635322571,30,4.948664482124652
2731,340,83,19,7,20.248456731316587,148.45993446373956,30,70.99116635322571,30,4.948664482124652
2732,357,70,17,-13,21.400934559032695,148.45993446373956,30,70.99116635322571,30,4.948664482124652
2733,318,61,-39,-9,40.024992192379,148.45993446373956,30,70.99116635322571,30,4.948664482124652
2734,344,65,26,4,26.30589287593181,148.45993446373956,30,70.99116635322571,30,4.948664482124652
2735,350,75,6,10,11.661903789690601,148.45993446373956,30,70.99116635322571,30,4.948664482124652
2736,316,82,-34,7,34.713109915419565,148.45993446373956,30,70.99116635322571,30,4.948664482124652
2737,358,72,42,-10,43.174066289845804,148.45993446373956,30,70.99116635322571,30,4.948664482124652
2738,338,61,-20,-11,22.825424421026653,148.45993446373956,30,70.99116635322571,30,4.948664482124652
2739,321,64,-17,3,17.26267650163207,148.45993446373956,30,70.99116635322571,30,4.948664482124652
2740,360,73,39,9,40.024992192379,148.45993446373956,30,70.99116635322571,30,4.948664482124652
2741,326,82,-34,9,35.17101079013795,148.45993446373956,30,70.99116635322571,30,4.948664482124652
2742,331,74,5,-8,9.433981132056603,148.45993446373956,30,70.99116635322571,30,4.948664482124652
2743,361,61,30,-13,32.69556544854363,148.45993446373956,30,70.99116635322571,30,4.948664482124652
2744,316,64,-45,3,45.09988913511872,148.45993446373956,30,70.99116635322571,30,4.948664482124652
2745,346,72,30,8,31.04834939252005,148.45993446373956,30,70.99116635322571,30,4.948664482124652
2746,350,81,4,9,9.848857801796104,148.45993446373956,30,70.99116635322571,30,4.948664482124652
2747,319,76,-31,-5,31.400636936215164,148.45993446373956,30,70.99116635322571,30,4.948664482124652
2748,350,62,31,-14,34.0147027033899,148.45993446373956,30,70.99116635322571,30,4.948664482124652
2749,338,63,-12,1,12.041594578792296,148.45993446373956,30,70.99116635322571,30,4.948664482124652
2750,331,70,-7,7,9.899494936611665,148.45993446373956,30,70.99116635322571,30,4.948664482124652
2751,351,81,20,11,22.825424421026653,148.45993446373956,30,70.99116635322571,30,4.948664482124652
2752,322,78,-29,-3,29.154759474226502,148.45993446373956,30,70.99116635322571,30,4.948664482124652
2753,350,63,28,-15,31.76476034853718,148.45993446373956,30,70.99116635322571,30,4.948664482124652
2754,340,62,-10,-1,10.04987562112089,148.45993446373956,30,70.99116635322571,30,4.948664482124652
2755,323,70,-17,8,18.788294228055936,148.45993446373956,30,70.99116635322571,30,4.948664482124652
2756,358,79,35,9,36.138621999185304,148.45993446373956,30,70.99116635322571,30,4.948664482124652
2757,327,81,-31,2,31.064449134018133,148.45993446373956,30,70.99116635322571,30,4.948664482124652
2758,334,64,7,-17,18.384776310850235,148.45993446373956,30,70.99116635322571,30,4.948664482124652
2759,353,62,19,-2,19.1049731745428,148.45993446373956,30,70.99116635322571,30,4.948664482124652
2760,319,68,-34,6,34.52535300326414,148.45993446373956,30,70.99116635322571,30,4.948664482124652
2761,354,78,35,10,36.40054944640259,148.45993446373956,30,70.99116635322571,30,4.948664482124652
2762,335,82,-19,4,19.4164878389476,148.45993446373956,30,70.99116635322571,30,4.948664482124652
2763,326,66,-9,-16,18.35755975068582,148.45993446373956,30,70.99116635322571,30,4.948664482124652
2764,357,61,31,-5,31.400636936215164,148.45993446373956,30,70.99116635322571,30,4.948664482124652
2765,324,68,-33,7,33.734255586866,148.45993446373956,30,70.99116635322571,30,4.948664482124652
2766,342,76,18,8,19.697715603592208,148.45993446373956,30,70.99116635322571,30,4.948664482124652
2767,349,83,7,7,9.899494936611665,148.45993446373956,30,70.99116635322571,30,4.948664482124652
2768,318,68,-31,-15,34.438350715445125,148.45993446373956,30,70.99116635322571,30,4.948664482124652
2769,352,60,34,-8,34.92849839314596,148.45993446373956,30,70.99116635322571,30,4.948664482124652
2770,337,67,-15,7,16.55294535724685,148.45993446373956,30,70.99116635322571,30,4.948664482124652
2771,327,75,-10,8,12.806248474865697,148.45993446373956,30,70.99116635322571,30,4.948664482124652
2772,357,82,30,7,30.805843601498726,148.45993446373956,30,70.99116635322571,30,4.948664482124652
2773,323,71,-34,-11,35.73513677041127,148.45993446373956,30,70.99116635322571,30,4.948664482124652
2774,340,60,17,-11,20.248456731316587,148.45993446373956,30,70.99116635322571,30,4.948664482124652
2775,350,66,10,6,11.661903789690601,148.45993446373956,30,70.99116635322571,30,4.948664482124652
2776,320,74,-30,8,31.04834939252005,148.45993446373956,30,70.99116635322571,30,4.948664482124652
2777,356,82,36,8,36.87817782917155,148.45993446373956,30,70.99116635322571,30,4.948664482124652
2778,335,74,-21,-8,22.47220505424423,148.45993446373956,30,70.99116635322571,30,4.948664482124652
2779,325,61,-10,-13,16.401219466856727,148.45993446373956,30,70.99116635322571,30,4.948664482124652
2780,357,64,32,3,32.14031735997639,148.45993446373956,30,70.99116635322571,30,4.948664482124652
2781,321,73,-36,9,37.107950630558946,148.45993446373956,30,70.99116635322571,30,4.948664482124652
2782,347,82,26,9,27.51363298439521,148.45993446373956,30,70.99116635322571,30,4.948664482124652
2783,347,76,0,-6,6.0,148.45993446373956,30,70.99116635322571,30,4.948664482124652
2784,318,62,-29,-14,32.202484376209235,148.45993446373956,30,70.99116635322571,30,4.948664482124652
2785,353,63,35,1,35.014282800023196,148.45993446373956,30,70.99116635322571,30,4.948664482124652
2786,334,72,-19,9,21.02379604162864,148.45993446373956,30,70.99116635322571,30,4.948664482124652
2787,330,81,-4,9,9.848857801796104,148.45993446373956,30,70.99116635322571,30,4.948664482124652
2788,357,77,27,-4,27.294688127912362,148.45993446373956,30,70.99116635322571,30,4.948664482124652
2789,321,63,-36,-14,38.62641583165593,148.45993446373956,30,70.99116635322571,30,4.948664482124652
2790,343,62,22,-1,22.02271554554524,148.45993446373956,30,70.99116635322571,30,4.948664482124652
2791,345,71,2,9,9.219544457292887,148.45993446373956,30,70.99116635322571,30,4.948664482124652
2792,322,80,-23,9,24.698178070456937,148.45993446373956,30,70.99116635322571,30,4.948664482124652
2793,356,78,34,-2,34.058772731852805,148.45993446373956,30,70.99116635322571,30,4.948664482124652
2794,334,64,-22,-14,26.076809620810597,148.45993446373956,30,70.99116635322571,30,4.948664482124652
2795,326,62,-8,-2,8.246211251235321,148.45993446373956,30,70.99116635322571,30,4.948664482124652
2796,357,69,31,7,31.78049716414141,148.45993446373956,30,70.99116635322571,30,4.948664482124652
2797,320,80,-37,11,38.600518131237564,148.45993446373956,30,70.99116635322571,30,4.948664482124652
2798,349,80,29,0,29.0,148.45993446373956,30,70.99116635322571,30,4.948664482124652
2799,345,66,-4,-14,14.560219778561036,148.45993446373956,30,70.99116635322571,30,4.948664482124652
2800,320,62,-25,-4,25.317977802344327,148.45993446373956,30,70.99116635322571,30,4.948664482124652
2801,354,67,34,5,34.36568055487916,148.45993446373956,30,70.99116635322571,30,4.948664482124652
2802,331,78,-23,11,25.495097567963924,148.45993446373956,30,70.99116635322571,30,4.948664482124652
2803,334,81,3,3,4.242640687119285,148.45993446373956,30,70.99116635322571,30,4.948664482124652
2804,357,68,23,-13,26.419689627245813,148.45993446373956,30,70.99116635322571,30,4.948664482124652
2805,319,62,-38,-6,38.47076812334269,148.45993446373956,30,70.99116635322571,30,4.948664482124652
2806,347,66,28,4,28.284271247461902,148.45993446373956,30,70.99116635322571,30,4.948664482124652
2807,343,77,-4,11,11.704699910719626,148.45993446373956,30,70.99116635322571,30,4.948664482124652
2808,324,82,-19,5,19.6468827043885,148.45993446373956,30,70.99116635322571,30,4.948664482124652
2809,355,68,31,-14,34.0147027033899,148.45993446373956,30,70.99116635322571,30,4.948664482124652
2810,332,62,-23,-6,23.769728648009426,148.45993446373956,30,70.99116635322571,30,4.948664482124652
2811,330,66,-2,4,4.47213595499958,148.45993446373956,30,70.99116635322571,30,4.948664482124652
2812,355,75,25,9,26.570660511172846,148.45993446373956,30,70.99116635322571,30,4.948664482124652
2813,320,83,-35,8,35.90264614203248,148.45993446373956,30,70.99116635322571,30,4.948664482124652
2814,349,70,29,-13,31.78049716414141,148.45993446373956,30,70.99116635322571,30,4.948664482124652
2815,344,62,-5,-8,9.433981132056603,148.45993446373956,30,70.99116635322571,30,4.948664482124652
2816,321,65,-23,3,23.194827009486403,148.45993446373956,30,70.99116635322571,30,4.948664482124652
2817,357,73,36,8,36.87817782917155,148.45993446373956,30,70.99116635322571,30,4.948664482124652
2818,327,84,-30,11,31.953090617340916,148.45993446373956,30,70.99116635322571,30,4.948664482124652
2819,334,73,7,-11,13.038404810405298,148.45993446373956,30,70.99116635322571,30,4.948664482124652
2820,356,61,22,-12,25.059928172283335,148.45993446373956,30,70.99116635322571,30,4.948664482124652
2821,318,65,-38,4,38.2099463490856,148.45993446373956,30,70.99116635322571,30,4.948664482124652
2822,349,71,31,6,31.575306807693888,148.45993446373956,30,70.99116635322571,30,4.948664482124652
2823,341,82,-8,11,13.601470508735444,148.45993446373956,30,70.99116635322571,30,4.948664482124652
2824,324,76,-17,-6,18.027756377319946,148.45993446373956,30,70.99116635322571,30,4.948664482124652
2825,356,61,32,-15,35.34119409414458,148.45993446373956,30,70.99116635322571,30,4.948664482124652
2826,328,65,-28,4,28.284271247461902,148.45993446373956,30,70.99116635322571,30,4.948664482124652
2827,335,71,7,6,9.219544457292887,148.45993446373956,30,70.99116635322571,30,4.948664482124652
2828,353,81,18,10,20.591260281974,148.45993446373956,30,70.99116635322571,30,4.948664482124652
2829,320,79,-33,-2,33.06055050963308,148.45993446373956,30,70.99116635322571,30,4.948664482124652
2830,348,61,28,-18,33.28663395418648,148.45993446373956,30,70.99116635322571,30,4.948664482124652
2831,343,63,-5,2,5.385164807134504,148.45993446373956,30,70.99116635322571,30,4.948664482124652
2832,322,70,-21,7,22.135943621178654,148.45993446373956,30,70.99116635322571,30,4.948664482124652
2833,358,79,36,9,37.107950630558946,148.45993446373956,30,70.99116635322571,30,4.948664482124652
2834,325,82,-33,3,33.13608305156178,148.45993446373956,30,70.99116635322571,30,4.948664482124652
2835,334,63,9,-19,21.02379604162864,148.45993446373956,30,70.99116635322571,30,4.948664482124652
2836,354,62,20,-1,20.024984394500787,148.45993446373956,30,70.99116635322571,30,4.948664482124652
2837,319,70,-35,8,35.90264614203248,148.45993446373956,30,70.99116635322571,30,4.948664482124652
2838,351,78,32,8,32.984845004941285,148.45993446373956,30,70.99116635322571,30,4.948664482124652
2839,339,83,-12,5,13.0,148.45993446373956,30,70.99116635322571,30,4.948664482124652
2840,322,66,-17,-17,24.041630560342615,148.45993446373956,30,70.99116635322571,30,4.948664482124652
2841,358,60,36,-6,36.49657518178932,148.45993446373956,30,70.99116635322571,30,4.948664482124652
2842,324,69,-34,9,35.17101079013795,148.45993446373956,30,70.99116635322571,30,4.948664482124652
2843,340,76,16,7,17.46424919657298,148.45993446373956,30,70.99116635322571,30,4.948664482124652
2844,350,83,10,7,12.206555615733702,148.45993446373956,30,70.99116635322571,30,4.948664482124652
2845,319,70,-31,-13,33.61547262794322,148.45993446373956,30,70.99116635322571,30,4.948664482124652
2846,348,59,29,-11,31.016124838541646,148.45993446373956,30,70.99116635322571,30,4.948664482124652
2847,340,68,-8,9,12.041594578792296,148.45993446373956,30,70.99116635322571,30,4.948664482124652
2848,324,76,-16,8,17.88854381999832,148.45993446373956,30,70.99116635322571,30,4.948664482124652
2849,359,81,35,5,35.35533905932738,148.45993446373956,30,70.99116635322571,30,4.948664482124652
2850,323,73,-36,-8,36.87817782917155,148.45993446373956,30,70.99116635322571,30,4.948664482124652
2851,337,60,14,-13,19.1049731745428,148.45993446373956,30,70.99116635322571,30,4.948664482124652
2852,352,66,15,6,16.15549442140351,148.45993446373956,30,70.99116635322571,30,4.948664482124652
2853,319,76,-33,10,34.48187929913333,148.45993446373956,30,70.99116635322571,30,4.948664482124652
2854,354,81,35,5,35.35533905932738,148.45993446373956,30,70.99116635322571,30,4.948664482124652
2855,338,74,-16,-7,17.46424919657298,148.45993446373956,30,70.99116635322571,30,4.948664482124652
2856,322,62,-16,-12,20.0,148.45993446373956,30,70.99116635322571,30,4.948664482124652
2857,359,63,37,1,37.013511046643494,148.45993446373956,30,70.99116635322571,30,4.948664482124652
2858,321,75,-38,12,39.84971769034255,148.45993446373956,30,70.99116635322571,30,4.948664482124652
2859,344,80,23,5,23.53720459187964,148.45993446373956,30,70.99116635322571,30,4.948664482124652
2860,350,74,6,-6,8.48528137423857,148.45993446373956,30,70.99116635322571,30,4.948664482124652
2861,318,64,-32,-10,33.52610922848042,148.45993446373956,30,70.99116635322571,30,4.948664482124652
2862,351,61,33,-3,33.13608305156178,148.45993446373956,30,70.99116635322571,30,4.948664482124652
2863,336,73,-15,12,19.209372712298546,148.45993446373956,30,70.99116635322571,30,4.948664482124652
2864,328,81,-8,8,11.313708498984761,148.45993446373956,30,70.99116635322571,30,4.948664482124652
2865,358,74,30,-7,30.805843601498726,148.45993446373956,30,70.99116635322571,30,4.948664482124652
2866,321,66,-37,-8,37.8549864614954,148.45993446373956,30,70.99116635322571,30,4.948664482124652
2867,340,61,19,-5,19.6468827043885,148.45993446373956,30,70.99116635322571,30,4.948664482124652
2868,349,71,9,10,13.45362404707371,148.45993446373956,30,70.99116635322571,30,4.948664482124652
2869,320,81,-29,10,30.675723300355934,148.45993446373956,30,70.99116635322571,30,4.948664482124652
2870,355,76,35,-5,35.35533905932738,148.45993446373956,30,70.99116635322571,30,4.948664482124652
2871,336,66,-19,-10,21.470910553583888,148.45993446373956,30,70.99116635322571,30,4.948664482124652
2872,324,62,-12,-4,12.649110640673518,148.45993446373956,30,70.99116635322571,30,4.948664482124652
2873,358,68,34,6,34.52535300326414,148.45993446373956,30,70.99116635322571,30,4.948664482124652
2874,321,81,-37,13,39.21734310225516,148.45993446373956,30,70.99116635322571,30,4.948664482124652
2875,345,78,24,-3,24.186773244895647,148.45993446373956,30,70.99116635322571,30,4.948664482124652
2876,349,65,4,-13,13.601470508735444,148.45993446373956,30,70.99116635322571,30,4.948664482124652
2877,318,64,-31,-1,31.016124838541646,148.45993446373956,30,70.99116635322571,30,4.948664482124652
2878,354,66,36,2,36.05551275463989,148.45993446373956,30,70.99116635322571,30,4.948664482124652
2879,332,80,-22,14,26.076809620810597,148.45993446373956,30,70.99116635322571,30,4.948664482124652
2880,331,80,-1,0,1.0,148.45993446373956,30,70.99116635322571,30,4.948664482124652
2881,357,63,26,-17,31.064449134018133,148.45993446373956,30,70.99116635322571,30,4.948664482124652
2882,321,65,-36,2,36.05551275463989,148.45993446373956,30,70.99116635322571,30,4.948664482124652
2883,342,66,21,1,21.02379604162864,148.45993446373956,30,70.99116635322571,30,4.948664482124652
2884,347,77,5,11,12.083045973594572,148.45993446373956,30,70.99116635322571,30,4.948664482124652
2885,321,84,-26,7,26.92582403567252,148.45993446373956,30,70.99116635322571,30,4.948664482124652
2886,355,64,34,-20,39.44616584663204,148.45993446373956,30,70.99116635322571,30,4.948664482124652
2887,332,63,-23,-1,23.021728866442675,148.45993446373956,30,70.99116635322571,30,4.948664482124652
2888,328,66,-4,3,5.0,148.45993446373956,30,70.99116635322571,30,4.948664482124652
2889,356,74,28,8,29.120439557122072,148.45993446373956,30,70.99116635322571,30,4.948664482124652
2890,321,85,-35,11,36.68787265568828,148.45993446373956,30,70.99116635322571,30,4.948664482124652
2891,344,68,23,-17,28.600699292150182,148.45993446373956,30,70.99116635322571,30,4.948664482124652
2892,349,61,5,-7,8.602325267042627,148.45993446373956,30,70.99116635322571,30,4.948664482124652
2893,318,68,-31,7,31.78049716414141,148.45993446373956,30,70.99116635322571,30,4.948664482124652
2894,358,72,40,4,40.19950248448356,148.45993446373956,30,70.99116635322571,30,4.948664482124652
2895,328,85,-30,13,32.69556544854363,148.45993446373956,30,70.99116635322571,30,4.948664482124652
2896,330,72,2,-13,13.152946437965905,148.45993446373956,30,70.99116635322571,30,4.948664482124652
2897,359,58,29,-14,32.202484376209235,148.45993446373956,30,70.99116635322571,30,4.948664482124652
2898,320,68,-39,10,40.26164427839479,148.45993446373956,30,70.99116635322571,30,4.948664482124652
2899,342,71,22,3,22.20360331117452,148.45993446373956,30,70.99116635322571,30,4.948664482124652
2900,350,82,8,11,13.601470508735444,148.45993446373956,30,70.99116635322571,30,4.948664482124652
2901,317,78,-33,-4,33.24154027718932,148.45993446373956,30,70.99116635322571,30,4.948664482124652
2902,353,57,36,-21,41.677331968349414,148.45993446373956,30,70.99116635322571,30,4.948664482124652
2903,336,65,-17,8,18.788294228055936,148.45993446373956,30,70.99116635322571,30,4.948664482124652
2904,325,72,-11,7,13.038404810405298,148.45993446373956,30,70.99116635322571,30,4.948664482124652
2905,360,79,35,7,35.6931365951495,148.45993446373956,30,70.99116635322571,30,4.948664482124652
2906,342,79,-18,0,18.0,148.45993446373956,30,70.99116635322571,30,4.948664482124652
2907,318,63,-24,-16,28.844410203711913,148.45993446373956,30,70.99116635322571,30,4.948664482124652
2908,339,63,21,0,21.0,148.45993446373956,30,70.99116635322571,30,4.948664482124652
2909,354,70,15,7,16.55294535724685,148.45993446373956,30,70.99116635322571,30,4.948664482124652
2910,329,80,-25,10,26.92582403567252,148.45993446373956,30,70.99116635322571,30,4.948664482124652
2911,331,79,2,-1,2.23606797749979,148.45993446373956,30,70.99116635322571,30,4.948664482124652
2912,347,64,16,-15,21.93171219946131,148.45993446373956,30,70.99116635322571,30,4.948664482124652
2913,342,62,-5,-2,5.385164807134504,148.45993446373956,30,70.99116635322571,30,4.948664482124652
2914,329,69,-13,7,14.7648230602334,148.45993446373956,30,70.99116635322571,30,4.948664482124652
2915,340,79,11,10,14.866068747318506,148.45993446373956,30,70.99116635322571,30,4.948664482124652
2916,345,81,5,2,5.385164807134504,148.45993446373956,30,70.99116635322571,30,4.948664482124652
2917,334,65,-11,-16,19.4164878389476,148.45993446373956,30,70.99116635322571,30,4.948664482124652
2918,335,61,1,-4,4.123105625617661,148.45993446373956,30,70.99116635322571,30,4.948664482124652
2919,343,68,8,7,10.63014581273465,148.45993446373956,30,70.99116635322571,30,4.948664482124652
2920,337,78,-6,10,11.661903789690601,148.45993446373956,30,70.99116635322571,30,4.948664482124652
2921,337,82,0,4,4.0,148.45993446373956,30,70.99116635322571,30,4.948664482124652
2922,340,67,3,-15,15.297058540778355,148.45993446373956,30,70.99116635322571,30,4.948664482124652
2923,340,61,0,-6,6.0,148.45993446373956,30,70.99116635322571,30,4.948664482124652
2924,335,67,-5,6,7.810249675906654,148.45993446373956,30,70.99116635322571,30,4.948664482124652
2925,339,76,4,9,9.848857801796104,148.45993446373956,30,70.99116635322571,30,4.948664482124652
2926,342,82,3,6,6.708203932499369,148.45993446373956,30,70.99116635322571,30,4.948664482124652
2927,337,70,-5,-12,13.0,148.45993446373956,30,70.99116635322571,30,4.948664482124652
2928,335,61,-2,-9,9.219544457292887,148.45993446373956,30,70.99116635322571,30,4.948664482124652
2929,339,66,4,5,6.4031242374328485,148.45993446373956,30,70.99116635322571,30,4.948664482124652
2930,340,75,1,9,9.055385138137417,148.45993446373956,30,70.99116635322571,30,4.948664482124652
2931,337,83,-3,8,8.54400374531753,148.45993446373956,30,70.99116635322571,30,4.948664482124652
2932,337,71,0,-12,12.0,148.45993446373956,30,70.99116635322571,30,4.948664482124652
2933,340,61,3,-10,10.44030650891055,148.45993446373956,30,70.99116635322571,30,4.948664482124652
2934,339,65,-1,4,4.123105625617661,148.45993446373956,30,70.99116635322571,30,4.948664482124652
2935,336,74,-3,9,9.486832980505138,148.45993446373956,30,70.99116635322571,30,4.948664482124652
2936,338,82,2,8,8.246211251235321,148.45993446373956,30,70.99116635322571,30,4.948664482124652
2937,342,73,4,-9,9.848857801796104,148.45993446373956,30,70.99116635322571,30,4.948664482124652
2938,338,61,-4,-12,12.649110640673518,148.45993446373956,30,70.99116635322571,30,4.948664482124652
2939,334,64,-4,3,5.0,148.45993446373956,30,70.99116635322571,30,4.948664482124652
2940,339,72,5,8,9.433981132056603,148.45993446373956,30,70.99116635322571,30,4.948664482124652
2941,341,81,2,9,9.219544457292887,148.45993446373956,30,70.99116635322571,30,4.948664482124652
2942,337,76,-4,-5,6.4031242374328485,148.45993446373956,30,70.99116635322571,30,4.948664482124652
2943,336,62,-1,-14,14.035668847618199,148.45993446373956,30,70.99116635322571,30,4.948664482124652
2944,340,63,4,1,4.123105625617661,148.45993446373956,30,70.99116635322571,30,4.948664482124652
2945,339,71,-1,8,8.06225774829855,148.45993446373956,30,70.99116635322571,30,4.948664482124652
2946,336,81,-3,10,10.44030650891055,148.45993446373956,30,70.99116635322571,30,4.948664482124652
2947,340,78,4,-3,5.0,148.45993446373956,30,70.99116635322571,30,4.948664482124652
2948,340,63,0,-15,15.0,148.45993446373956,30,70.99116635322571,30,4.948664482124652
2949,337,63,-3,0,3.0,148.45993446373956,30,70.99116635322571,30,4.948664482124652
2950,337,70,0,7,7.0,148.45993446373956,30,70.99116635322571,30,4.948664482124652
2951,340,80,3,10,10.44030650891055,148.45993446373956,30,70.99116635322571,30,4.948664482124652
2952,339,79,-1,-1,1.4142135623730951,148.45993446373956,30,70.99116635322571,30,4.948664482124652
2953,337,64,-2,-15,15.132745950421556,148.45993446373956,30,70.99116635322571,30,4.948664482124652
2954,338,62,1,-2,2.23606797749979,148.45993446373956,30,70.99116635322571,30,4.948664482124652
2955,339,69,1,7,7.0710678118654755,148.45993446373956,30,70.99116635322571,30,4.948664482124652
2956,338,78,-1,9,9.055385138137417,148.45993446373956,30,70.99116635322571,30,4.948664482124652
2957,339,81,1,3,3.1622776601683795,148.45993446373956,30,70.99116635322571,30,4.948664482124652
2958,339,66,0,-15,15.0,148.45993446373956,30,70.99116635322571,30,4.948664482124652
2959,337,62,-2,-4,4.47213595499958,148.45993446373956,30,70.99116635322571,30,4.948664482124652
2960,337,68,0,6,6.0,148.45993446373956,30,70.99116635322571,30,4.948664482124652
2961,340,77,3,9,9.486832980505138,148.45993446373956,30,70.99116635322571,30,4.948664482124652
2962,339,82,-1,5,5.0990195135927845,148.45993446373956,30,70.99116635322571,30,4.948664482124652
2963,337,68,-2,-14,14.142135623730951,148.45993446373956,30,70.99116635322571,30,4.948664482124652
2964,338,61,1,-7,7.0710678118654755,148.45993446373956,30,70.99116635322571,30,4.948664482124652
2965,339,67,1,6,6.082762530298219,148.45993446373956,30,70.99116635322571,30,4.948664482124652
2966,338,76,-1,9,9.055385138137417,148.45993446373956,30,70.99116635322571,30,4.948664482124652
2967,339,82,1,6,6.082762530298219,148.45993446373956,30,70.99116635322571,30,4.948664482124652
2968,339,69,0,-13,13.0,148.45993446373956,30,70.99116635322571,30,4.948664482124652
2969,338,61,-1,-8,8.06225774829855,148.45993446373956,30,70.99116635322571,30,4.948664482124652
2970,337,66,-1,5,5.0990195135927845,148.45993446373956,30,70.99116635322571,30,4.948664482124652
2971,338,75,1,9,9.055385138137417,148.45993446373956,30,70.99116635322571,30,4.948664482124652
2972,339,82,1,7,7.0710678118654755,148.45993446373956,30,70.99116635322571,30,4.948664482124652
2973,338,72,-1,-10,10.04987562112089,148.45993446373956,30,70.99116635322571,30,4.948664482124652
2974,337,61,-1,-11,11.045361017187261,148.45993446373956,30,70.99116635322571,30,4.948664482124652
2975,338,65,1,4,4.123105625617661,148.45993446373956,30,70.99116635322571,30,4.948664482124652
2976,338,73,0,8,8.0,148.45993446373956,30,70.99116635322571,30,4.948664482124652
2977,339,82,1,9,9.055385138137417,148.45993446373956,30,70.99116635322571,30,4.948664482124652
2978,339,74,0,-8,8.0,148.45993446373956,30,70.99116635322571,30,4.948664482124652
2979,338,61,-1,-13,13.038404810405298,148.45993446373956,30,70.99116635322571,30,4.948664482124652
2980,338,64,0,3,3.0,148.45993446373956,30,70.99116635322571,30,4.948664482124652
2981,338,72,0,8,8.0,148.45993446373956,30,70.99116635322571,30,4.948664482124652
2982,339,81,1,9,9.055385138137417,148.45993446373956,30,70.99116635322571,30,4.948664482124652
2983,339,77,0,-4,4.0,148.45993446373956,30,70.99116635322571,30,4.948664482124652
2984,337,62,-2,-15,15.132745950421556,148.45993446373956,30,70.99116635322571,30,4.948664482124652
2985,337,63,0,1,1.0,148.45993446373956,30,70.99116635322571,30,4.948664482124652
2986,338,71,1,8,8.06225774829855,148.45993446373956,30,70.99116635322571,30,4.948664482124652
2987,339,81,1,10,10.04987562112089,148.45993446373956,30,70.99116635322571,30,4.948664482124652
2988,338,78,-1,-3,3.1622776601683795,148.45993446373956,30,70.99116635322571,30,4.948664482124652
2989,338,63,0,-15,15.0,148.45993446373956,30,70.99116635322571,30,4.948664482124652
2990,338,62,0,-1,1.0,148.45993446373956,30,70.99116635322571,30,4.948664482124652
2991,338,70,0,8,8.0,148.45993446373956,30,70.99116635322571,30,4.948664482124652
2992,338,79,0,9,9.0,148.45993446373956,30,70.99116635322571,30,4.948664482124652
2993,340,80,2,1,2.23606797749979,148.45993446373956,30,70.99116635322571,30,4.948664482124652
2994,338,65,-2,-15,15.132745950421556,148.45993446373956,30,70.99116635322571,30,4.948664482124652
2995,337,62,-1,-3,3.1622776601683795,148.45993446373956,30,70.99116635322571,30,4.948664482124652
2996,338,68,1,6,6.082762530298219,148.45993446373956,30,70.99116635322571,30,4.948664482124652
2997,339,78,1,10,10.04987562112089,148.45993446373956,30,70.99116635322571,30,4.948664482124652
2998,339,81,0,3,3.0,148.45993446373956,30,70.99116635322571,30,4.948664482124652
2999,338,66,-1,-15,15.033296378372908,148.45993446373956,30,70.99116635322571,30,4.948664482124652
3000,338,61,0,-5,5.0,148.45993446373956,30,70.99116635322571,30,4.948664482124652
3001,337,67,-1,6,6.082762530298219,148.45993446373956,30,70.99116635322571,30,4.948664482124652
3002,338,77,1,10,10.04987562112089,148.45993446373956,30,70.99116635322571,30,4.948664482124652
3003,340,82,2,5,5.385164807134504,148.45993446373956,30,70.99116635322571,30,4.948664482124652
3004,338,69,-2,-13,13.152946437965905,148.45993446373956,30,70.99116635322571,30,4.948664482124652
3005,337,61,-1,-8,8.06225774829855,148.45993446373956,30,70.99116635322571,30,4.948664482124652
3006,338,66,1,5,5.0990195135927845,148.45993446373956,30,70.99116635322571,30,4.948664482124652
3007,339,75,1,9,9.055385138137417,148.45993446373956,30,70.99116635322571,30,4.948664482124652
3008,339,82,0,7,7.0,148.45993446373956,30,70.99116635322571,30,4.948664482124652
3009,338,70,-1,-12,12.041594578792296,148.45993446373956,30,70.99116635322571,30,4.948664482124652
3010,338,61,0,-9,9.0,148.45993446373956,30,70.99116635322571,30,4.948664482124652
3011,338,65,0,4,4.0,148.45993446373956,30,70.99116635322571,30,4.948664482124652
3012,338,74,0,9,9.0,148.45993446373956,30,70.99116635322571,30,4.948664482124652
3013,339,82,1,8,8.06225774829855,148.45993446373956,30,70.99116635322571,30,4.948664482124652
3014,339,73,0,-9,9.0,148.45993446373956,30,70.99116635322571,30,4.948664482124652
3015,338,61,-1,-12,12.041594578792296,148.45993446373956,30,70.99116635322571,30,4.948664482124652
3016,338,64,0,3,3.0,148.45993446373956,30,70.99116635322571,30,4.948664482124652
3017,338,73,0,9,9.0,148.45993446373956,30,70.99116635322571,30,4.948664482124652
3018,339,82,1,9,9.055385138137417,148.45993446373956,30,70.99116635322571,30,4.948664482124652
3019,339,75,0,-7,7.0,148.45993446373956,30,70.99116635322571,30,4.948664482124652
3020,337,62,-2,-13,13.152946437965905,148.45993446373956,30,70.99116635322571,30,4.948664482124652
3021,338,64,1,2,2.23606797749979,148.45993446373956,30,70.99116635322571,30,4.948664482124652
3022,338,72,0,8,8.0,148.45993446373956,30,70.99116635322571,30,4.948664482124652
3023,339,81,1,9,9.055385138137417,148.45993446373956,30,70.99116635322571,30,4.948664482124652
3024,339,77,0,-4,4.0,148.45993446373956,30,70.99116635322571,30,4.948664482124652
3025,338,63,-1,-14,14.035668847618199,148.45993446373956,30,70.99116635322571,30,4.948664482124652
3026,338,62,0,-1,1.0,148.45993446373956,30,70.99116635322571,30,4.948664482124652
3027,338,70,0,8,8.0,148.45993446373956,30,70.99116635322571,30,4.948664482124652
3028,339,80,1,10,10.04987562112089,148.45993446373956,30,70.99116635322571,30,4.948664482124652
3029,339,78,0,-2,2.0,148.45993446373956,30,70.99116635322571,30,4.948664482124652
3030,338,64,-1,-14,14.035668847618199,148.45993446373956,30,70.99116635322571,30,4.948664482124652
3031,338,62,0,-2,2.0,148.45993446373956,30,70.99116635322571,30,4.948664482124652
3032,338,69,0,7,7.0,148.45993446373956,30,70.99116635322571,30,4.948664482124652
3033,338,79,0,10,10.0,148.45993446373956,30,70.99116635322571,30,4.948664482124652
3034,339,80,1,1,1.4142135623730951,148.45993446373956,30,70.99116635322571,30,4.948664482124652
3035,338,66,-1,-14,14.035668847618199,148.45993446373956,30,70.99116635322571,30,4.948664482124652
3036,338,61,0,-5,5.0,148.45993446373956,30,70.99116635322571,30,4.948664482124652
3037,338,68,0,7,7.0,148.45993446373956,30,70.99116635322571,30,4.948664482124652
3038,339,78,1,10,10.04987562112089,148.45993446373956,30,70.99116635322571,30,4.948664482124652
3039,339,81,0,3,3.0,148.45993446373956,30,70.99116635322571,30,4.948664482124652
3040,338,68,-1,-13,13.038404810405298,148.45993446373956,30,70.99116635322571,30,4.948664482124652
3041,338,61,0,-7,7.0,148.45993446373956,30,70.99116635322571,30,4.948664482124652
3042,338,67,0,6,6.0,148.45993446373956,30,70.99116635322571,30,4.948664482124652
3043,338,76,0,9,9.0,148.45993446373956,30,70.99116635322571,30,4.948664482124652
3044,339,82,1,6,6.082762530298219,148.45993446373956,30,70.99116635322571,30,4.948664482124652
3045,338,69,-1,-13,13.038404810405298,148.45993446373956,30,70.99116635322571,30,4.948664482124652
3046,338,61,0,-8,8.0,148.45993446373956,30,70.99116635322571,30,4.948664482124652
3047,338,66,0,5,5.0,148.45993446373956,30,70.99116635322571,30,4.948664482124652
3048,338,75,0,9,9.0,148.45993446373956,30,70.99116635322571,30,4.948664482124652
3049,339,82,1,7,7.0710678118654755,148.45993446373956,30,70.99116635322571,30,4.948664482124652
3050,338,71,-1,-11,11.045361017187261,148.45993446373956,30,70.99116635322571,30,4.948664482124652
3051,338,61,0,-10,10.0,148.45993446373956,30,70.99116635322571,30,4.948664482124652
3052,338,65,0,4,4.0,148.45993446373956,30,70.99116635322571,30,4.948664482124652
3053,338,74,0,9,9.0,148.45993446373956,30,70.99116635322571,30,4.948664482124652
3054,339,82,1,8,8.06225774829855,148.45993446373956,30,70.99116635322571,30,4.948664482124652
3055,339,74,0,-8,8.0,148.45993446373956,30,70.99116635322571,30,4.948664482124652
3056,338,61,-1,-13,13.038404810405298,148.45993446373956,30,70.99116635322571,30,4.948664482124652
3057,338,64,0,3,3.0,148.45993446373956,30,70.99116635322571,30,4.948664482124652
3058,338,73,0,9,9.0,148.45993446373956,30,70.99116635322571,30,4.948664482124652
3059,339,82,1,9,9.055385138137417,148.45993446373956,30,70.99116635322571,30,4.948664482124652
3060,339,75,0,-7,7.0,148.45993446373956,30,70.99116635322571,30,4.948664482124652
3061,338,62,-1,-13,13.038404810405298,148.45993446373956,30,70.99116635322571,30,4.948664482124652
3062,338,63,0,1,1.0,148.45993446373956,30,70.99116635322571,30,4.948664482124652
3063,338,71,0,8,8.0,148.45993446373956,30,70.99116635322571,30,4.948664482124652
3064,327,81,-11,10,14.866068747318506,148.45993446373956,30,70.99116635322571,30,4.948664482124652
3065,330,77,3,-4,5.0,148.45993446373956,30,70.99116635322571,30,4.948664482124652
3066,371,62,41,-15,43.657759905886145,148.45993446373956,30,70.99116635322571,30,4.948664482124652
3067,321,63,-50,1,50.00999900019995,148.45993446373956,30,70.99116635322571,30,4.948664482124652
3068,316,69,-5,6,7.810249675906654,148.45993446373956,30,70.99116635322571,30,4.948664482124652
3069,375,79,59,10,59.841457201508724,148.45993446373956,30,70.99116635322571,30,4.948664482124652
3070,322,82,-53,3,53.08483775994799,148.45993446373956,30,70.99116635322571,30,4.948664482124652
3071,320,63,-2,-19,19.1049731745428,148.45993446373956,30,70.99116635322571,30,4.948664482124652
3072,362,61,42,-2,42.04759208325728,148.45993446373956,30,70.99116635322571,30,4.948664482124652
3073,323,71,-39,10,40.26164427839479,148.45993446373956,30,70.99116635322571,30,4.948664482124652
3074,345,77,22,6,22.80350850198276,148.45993446373956,30,70.99116635322571,30,4.948664482124652
3075,339,83,-6,6,8.48528137423857,148.45993446373956,30,70.99116635322571,30,4.948664482124652
3076,325,67,-14,-16,21.2602916254693,148.45993446373956,30,70.99116635322571,30,4.948664482124652
3077,357,59,32,-8,32.984845004941285,148.45993446373956,30,70.99116635322571,30,4.948664482124652
3078,325,71,-32,12,34.17601498127012,148.45993446373956,30,70.99116635322571,30,4.948664482124652
3079,332,76,7,5,8.602325267042627,148.45993446373956,30,70.99116635322571,30,4.948664482124652
3080,365,79,33,3,33.13608305156178,148.45993446373956,30,70.99116635322571,30,4.948664482124652
3081,313,74,-52,-5,52.23983154643591,148.45993446373956,30,70.99116635322571,30,4.948664482124652
3082,334,60,21,-14,25.238858928247925,148.45993446373956,30,70.99116635322571,30,4.948664482124652
3083,364,65,30,5,30.4138126514911,148.45993446373956,30,70.99116635322571,30,4.948664482124652
3084,310,79,-54,14,55.78530272392541,148.45993446373956,30,70.99116635322571,30,4.948664482124652
3085,349,80,39,1,39.01281840626232,148.45993446373956,30,70.99116635322571,30,4.948664482124652
3086,350,71,1,-9,9.055385138137417,148.45993446373956,30,70.99116635322571,30,4.948664482124652
3087,317,63,-33,-8,33.95585369269929,148.45993446373956,30,70.99116635322571,30,4.948664482124652
3088,353,63,36,0,36.0,148.45993446373956,30,70.99116635322571,30,4.948664482124652
3089,333,76,-20,13,23.853720883753127,148.45993446373956,30,70.99116635322571,30,4.948664482124652
3090,329,81,-4,5,6.4031242374328485,148.45993446373956,30,70.99116635322571,30,4.948664482124652
3091,361,70,32,-11,33.83784863137726,148.45993446373956,30,70.99116635322571,30,4.948664482124652
3092,318,65,-43,-5,43.289721643826724,148.45993446373956,30,70.99116635322571,30,4.948664482124652
3093,337,64,19,-1,19.026297590440446,148.45993446373956,30,70.99116635322571,30,4.948664482124652
3094,357,73,20,9,21.93171219946131,148.45993446373956,30,70.99116635322571,30,4.948664482124652
3095,315,83,-42,10,43.174066289845804,148.45993446373956,30,70.99116635322571,30,4.948664482124652
3096,348,71,33,-12,35.11409973215888,148.45993446373956,30,70.99116635322571,30,4.948664482124652
3097,351,63,3,-8,8.54400374531753,148.45993446373956,30,70.99116635322571,30,4.948664482124652
3098,314,65,-37,2,37.05401462729781,148.45993446373956,30,70.99116635322571,30,4.948664482124652
3099,359,70,45,5,45.27692569068709,148.45993446373956,30,70.99116635322571,30,4.948664482124652
3100,331,83,-28,13,30.870698080866262,148.45993446373956,30,70.99116635322571,30,4.948664482124652
3101,324,76,-7,-7,9.899494936611665,148.45993446373956,30,70.99116635322571,30,4.948664482124652
3102,361,60,37,-16,40.311288741492746,148.45993446373956,30,70.99116635322571,30,4.948664482124652
3103,323,66,-38,6,38.47076812334269,148.45993446373956,30,70.99116635322571,30,4.948664482124652
3104,334,69,11,3,11.40175425099138,148.45993446373956,30,70.99116635322571,30,4.948664482124652
3105,356,81,22,12,25.059928172283335,148.45993446373956,30,70.99116635322571,30,4.948664482124652
3106,317,81,-39,0,39.0,148.45993446373956,30,70.99116635322571,30,4.948664482124652
3107,345,61,28,-20,34.40930106817051,148.45993446373956,30,70.99116635322571,30,4.948664482124652
3108,349,63,4,2,4.47213595499958,148.45993446373956,30,70.99116635322571,30,4.948664482124652
3109,314,71,-35,8,35.90264614203248,148.45993446373956,30,70.99116635322571,30,4.948664482124652
3110,361,77,47,6,47.38143096192854,148.45993446373956,30,70.99116635322571,30,4.948664482124652
3111,331,83,-30,6,30.59411708155671,148.45993446373956,30,70.99116635322571,30,4.948664482124652
3112,321,65,-10,-18,20.591260281974,148.45993446373956,30,70.99116635322571,30,4.948664482124652
3113,362,60,41,-5,41.30375285612676,148.45993446373956,30,70.99116635322571,30,4.948664482124652
3114,324,71,-38,11,39.56008088970496,148.45993446373956,30,70.99116635322571,30,4.948664482124652
3115,334,76,10,5,11.180339887498949,148.45993446373956,30,70.99116635322571,30,4.948664482124652
3116,358,81,24,5,24.515301344262525,148.45993446373956,30,70.99116635322571,30,4.948664482124652
3117,314,70,-44,-11,45.35416188179427,148.45993446373956,30,70.99116635322571,30,4.948664482124652
3118,345,59,31,-11,32.89376840679705,148.45993446373956,30,70.99116635322571,30,4.948664482124652
3119,349,68,4,9,9.848857801796104,148.45993446373956,30,70.99116635322571,30,4.948664482124652
3120,317,78,-32,10,33.52610922848042,148.45993446373956,30,70.99116635322571,30,4.948664482124652
3121,358,79,41,1,41.012193308819754,148.45993446373956,30,70.99116635322571,30,4.948664482124652
3122,336,72,-22,-7,23.08679276123039,148.45993446373956,30,70.99116635322571,30,4.948664482124652
3123,319,62,-17,-10,19.72308292331602,148.45993446373956,30,70.99116635322571,30,4.948664482124652
3124,362,64,43,2,43.04648650006177,148.45993446373956,30,70.99116635322571,30,4.948664482124652
3125,322,78,-40,14,42.37924020083418,148.45993446373956,30,70.99116635322571,30,4.948664482124652
3126,337,81,15,3,15.297058540778355,148.45993446373956,30,70.99116635322571,30,4.948664482124652
3127,359,70,22,-11,24.596747752497688,148.45993446373956,30,70.99116635322571,30,4.948664482124652
3128,315,64,-44,-6,44.40720662234904,148.45993446373956,30,70.99116635322571,30,4.948664482124652
3129,344,63,29,-1,29.017236257093817,148.45993446373956,30,70.99116635322571,30,4.948664482124652
3130,349,75,5,12,13.0,148.45993446373956,30,70.99116635322571,30,4.948664482124652
3131,317,83,-32,8,32.984845004941285,148.45993446373956,30,70.99116635322571,30,4.948664482124652
3132,355,69,38,-14,40.496913462633174,148.45993446373956,30,70.99116635322571,30,4.948664482124652
3133,340,64,-15,-5,15.811388300841896,148.45993446373956,30,70.99116635322571,30,4.948664482124652
3134,318,65,-22,1,22.02271554554524,148.45993446373956,30,70.99116635322571,30,4.948664482124652
3135,362,71,44,6,44.40720662234904,148.45993446373956,30,70.99116635322571,30,4.948664482124652
3136,321,85,-41,14,43.32435804486894,148.45993446373956,30,70.99116635322571,30,4.948664482124652
3137,335,73,14,-12,18.439088914585774,148.45993446373956,30,70.99116635322571,30,4.948664482124652
3138,359,61,24,-12,26.832815729997478,148.45993446373956,30,70.99116635322571,30,4.948664482124652
3139,317,67,-42,6,42.42640687119285,148.45993446373956,30,70.99116635322571,30,4.948664482124652
3140,344,70,27,3,27.16615541441225,148.45993446373956,30,70.99116635322571,30,4.948664482124652
3141,349,82,5,12,13.0,148.45993446373956,30,70.99116635322571,30,4.948664482124652
3142,315,79,-34,-3,34.132096331752024,148.45993446373956,30,70.99116635322571,30,4.948664482124652
3143,355,59,40,-20,44.721359549995796,148.45993446373956,30,70.99116635322571,30,4.948664482124652
3144,339,64,-16,5,16.76305461424021,148.45993446373956,30,70.99116635322571,30,4.948664482124652
3145,320,71,-19,7,20.248456731316587,148.45993446373956,30,70.99116635322571,30,4.948664482124652
3146,362,79,42,8,42.7551166528639,148.45993446373956,30,70.99116635322571,30,4.948664482124652
3147,324,82,-38,3,38.118237105091836,148.45993446373956,30,70.99116635322571,30,4.948664482124652
3148,329,62,5,-20,20.615528128088304,148.45993446373956,30,70.99116635322571,30,4.948664482124652
3149,360,61,31,-1,31.016124838541646,148.45993446373956,30,70.99116635322571,30,4.948664482124652
3150,316,72,-44,11,45.35416188179427,148.45993446373956,30,70.99116635322571,30,4.948664482124652
3151,346,77,30,5,30.4138126514911,148.45993446373956,30,70.99116635322571,30,4.948664482124652
3152,350,82,4,5,6.4031242374328485,148.45993446373956,30,70.99116635322571,30,4.948664482124652
3153,313,68,-37,-14,39.56008088970496,148.45993446373956,30,70.99116635322571,30,4.948664482124652
3154,354,59,41,-9,41.97618372363071,148.45993446373956,30,70.99116635322571,30,4.948664482124652
3155,338,70,-16,11,19.4164878389476,148.45993446373956,30,70.99116635322571,30,4.948664482124652
3156,322,77,-16,7,17.46424919657298,148.45993446373956,30,70.99116635322571,30,4.948664482124652
3157,361,80,39,3,39.11521443121589,148.45993446373956,30,70.99116635322571,30,4.948664482124652
3158,327,71,-34,-9,35.17101079013795,148.45993446373956,30,70.99116635322571,30,4.948664482124652
3159,326,61,-1,-10,10.04987562112089,148.45993446373956,30,70.99116635322571,30,4.948664482124652
3160,362,66,36,5,36.345563690772494,148.45993446373956,30,70.99116635322571,30,4.948664482124652
3161,316,79,-46,13,47.80167361086848,148.45993446373956,30,70.99116635322571,30,4.948664482124652
3162,347,80,31,1,31.016124838541646,148.45993446373956,30,70.99116635322571,30,4.948664482124652
3163,351,70,4,-10,10.770329614269007,148.45993446373956,30,70.99116635322571,30,4.948664482124652
3164,314,63,-37,-7,37.656340767525464,148.45993446373956,30,70.99116635322571,30,4.948664482124652
3165,353,64,39,1,39.01281840626232,148.45993446373956,30,70.99116635322571,30,4.948664482124652
3166,338,77,-15,13,19.849433241279208,148.45993446373956,30,70.99116635322571,30,4.948664482124652
3167,321,82,-17,5,17.72004514666935,148.45993446373956,30,70.99116635322571,30,4.948664482124652
3168,361,68,40,-14,42.37924020083418,148.45993446373956,30,70.99116635322571,30,4.948664482124652
3169,327,64,-34,-4,34.23448553724738,148.45993446373956,30,70.99116635322571,30,4.948664482124652
3170,328,65,1,1,1.4142135623730951,148.45993446373956,30,70.99116635322571,30,4.948664482124652
3171,360,73,32,8,32.984845004941285,148.45993446373956,30,70.99116635322571,30,4.948664482124652
3172,316,84,-44,11,45.35416188179427,148.45993446373956,30,70.99116635322571,30,4.948664482124652
3173,343,70,27,-14,30.4138126514911,148.45993446373956,30,70.99116635322571,30,4.948664482124652
3174,354,62,11,-8,13.601470508735444,148.45993446373956,30,70.99116635322571,30,4.948664482124652
3175,314,66,-40,4,40.19950248448356,148.45993446373956,30,70.99116635322571,30,4.948664482124652
3176,353,70,39,4,39.20459156782532,148.45993446373956,30,70.99116635322571,30,4.948664482124652
3177,339,84,-14,14,19.79898987322333,148.45993446373956,30,70.99116635322571,30,4.948664482124652
3178,317,75,-22,-9,23.769728648009426,148.45993446373956,30,70.99116635322571,30,4.948664482124652
3179,362,59,45,-16,47.75981574503821,148.45993446373956,30,70.99116635322571,30,4.948664482124652
3180,328,66,-34,7,34.713109915419565,148.45993446373956,30,70.99116635322571,30,4.948664482124652
3181,325,70,-3,4,5.0,148.45993446373956,30,70.99116635322571,30,4.948664482124652
3182,364,80,39,10,40.26164427839479,148.45993446373956,30,70.99116635322571,30,4.948664482124652
3183,320,81,-44,1,44.01136216933077,148.45993446373956,30,70.99116635322571,30,4.948664482124652
3184,330,61,10,-20,22.360679774997898,148.45993446373956,30,70.99116635322571,30,4.948664482124652
3185,362,62,32,1,32.01562118716424,148.45993446373956,30,70.99116635322571,30,4.948664482124652
3186,312,72,-50,10,50.99019513592785,148.45993446373956,30,70.99116635322571,30,4.948664482124652
3187,350,78,38,6,38.47076812334269,148.45993446373956,30,70.99116635322571,30,4.948664482124652
3188,348,81,-2,3,3.605551275463989,148.45993446373956,30,70.99116635322571,30,4.948664482124652
3189,313,66,-35,-15,38.07886552931954,148.45993446373956,30,70.99116635322571,30,4.948664482124652
3190,353,60,40,-6,40.44749683231337,148.45993446373956,30,70.99116635322571,30,4.948664482124652
3191,340,71,-13,11,17.029386365926403,148.45993446373956,30,70.99116635322571,30,4.948664482124652
3192,319,78,-21,7,22.135943621178654,148.45993446373956,30,70.99116635322571,30,4.948664482124652
3193,364,79,45,1,45.0111097397076,148.45993446373956,30,70.99116635322571,30,4.948664482124652
3194,327,69,-37,-10,38.3275357934736,148.45993446373956,30,70.99116635322571,30,4.948664482124652
3195,325,61,-2,-8,8.246211251235321,148.45993446373956,30,70.99116635322571,30,4.948664482124652
3196,363,67,38,6,38.47076812334269,148.45993446373956,30,70.99116635322571,30,4.948664482124652
3197,317,79,-46,12,47.53945729601885,148.45993446373956,30,70.99116635322571,30,4.948664482124652
3198,341,80,24,1,24.020824298928627,148.45993446373956,30,70.99116635322571,30,4.948664482124652
3199,358,68,17,-12,20.808652046684813,148.45993446373956,30,70.99116635322571,30,4.948664482124652
3200,312,64,-46,-4,46.17358552246078,148.45993446373956,30,70.99116635322571,30,4.948664482124652
3201,348,65,36,1,36.013886210738214,148.45993446373956,30,70.99116635322571,30,4.948664482124652
3202,348,77,0,12,12.0,148.45993446373956,30,70.99116635322571,30,4.948664482124652
3203,315,83,-33,6,33.54101966249684,148.45993446373956,30,70.99116635322571,30,4.948664482124652
3204,358,67,43,-16,45.880278987817846,148.45993446373956,30,70.99116635322571,30,4.948664482124652
3205,338,63,-20,-4,20.396078054371138,148.45993446373956,30,70.99116635322571,30,4.948664482124652
3206,318,66,-20,3,20.223748416156685,148.45993446373956,30,70.99116635322571,30,4.948664482124652
3207,363,74,45,8,45.70557952810576,148.45993446373956,30,70.99116635322571,30,4.948664482124652
3208,324,85,-39,11,40.52159917870962,148.45993446373956,30,70.99116635322571,30,4.948664482124652
3209,328,70,4,-15,15.524174696260024,148.45993446373956,30,70.99116635322571,30,4.948664482124652
3210,364,60,36,-10,37.36308338453881,148.45993446373956,30,70.99116635322571,30,4.948664482124652
3211,316,67,-48,7,48.507731342539614,148.45993446373956,30,70.99116635322571,30,4.948664482124652
3212,342,72,26,5,26.476404589747453,148.45993446373956,30,70.99116635322571,30,4.948664482124652
3213,353,83,11,11,15.556349186104045,148.45993446373956,30,70.99116635322571,30,4.948664482124652
3214,314,76,-39,-7,39.6232255123179,148.45993446373956,30,70.99116635322571,30,4.948664482124652
3215,347,59,33,-17,37.12142238654117,148.45993446373956,30,70.99116635322571,30,4.948664482124652
3216,349,65,2,6,6.324555320336759,148.45993446373956,30,70.99116635322571,30,4.948664482124652
3217,312,73,-37,8,37.8549864614954,148.45993446373956,30,70.99116635322571,30,4.948664482124652
3218,362,80,50,7,50.48762224545735,148.45993446373956,30,70.99116635322571,30,4.948664482124652
3219,332,79,-30,-1,30.01666203960727,148.45993446373956,30,70.99116635322571,30,4.948664482124652
3220,319,62,-13,-17,21.400934559032695,148.45993446373956,30,70.99116635322571,30,4.948664482124652
3221,363,62,44,0,44.0,148.45993446373956,30,70.99116635322571,30,4.948664482124652
3222,324,73,-39,11,40.52159917870962,148.45993446373956,30,70.99116635322571,30,4.948664482124652
3223,333,79,9,6,10.816653826391969,148.45993446373956,30,70.99116635322571,30,4.948664482124652
3224,361,78,28,-1,28.0178514522438,148.45993446373956,30,70.99116635322571,30,4.948664482124652
3225,314,66,-47,-12,48.507731342539614,148.45993446373956,30,70.99116635322571,30,4.948664482124652
3226,341,61,27,-5,27.459060435491963,148.45993446373956,30,70.99116635322571,30,4.948664482124652
3227,354,70,13,9,15.811388300841896,148.45993446373956,30,70.99116635322571,30,4.948664482124652
3228,313,80,-41,10,42.20189569201838,148.45993446373956,30,70.99116635322571,30,4.948664482124652
3229,355,78,42,-2,42.04759208325728,148.45993446373956,30,70.99116635322571,30,4.948664482124652
3230,345,67,-10,-11,14.866068747318506,148.45993446373956,30,70.99116635322571,30,4.948664482124652
3231,313,62,-32,-5,32.38826948140329,148.45993446373956,30,70.99116635322571,30,4.948664482124652
3232,361,67,48,5,48.25971404805462,148.45993446373956,30,70.99116635322571,30,4.948664482124652
3233,330,80,-31,13,33.61547262794322,148.45993446373956,30,70.99116635322571,30,4.948664482124652
3234,326,80,-4,0,4.0,148.45993446373956,30,70.99116635322571,30,4.948664482124652
3235,363,65,37,-15,39.92492955535426,148.45993446373956,30,70.99116635322571,30,4.948664482124652
3236,322,64,-41,-1,41.012193308819754,148.45993446373956,30,70.99116635322571,30,4.948664482124652
3237,333,66,11,2,11.180339887498949,148.45993446373956,30,70.99116635322571,30,4.948664482124652
3238,359,77,26,11,28.231188426986208,148.45993446373956,30,70.99116635322571,30,4.948664482124652
3239,315,84,-44,7,44.553338819890925,148.45993446373956,30,70.99116635322571,30,4.948664482124652
3240,343,65,28,-19,33.83784863137726,148.45993446373956,30,70.99116635322571,30,4.948664482124652
3241,355,62,12,-3,12.36931687685298,148.45993446373956,30,70.99116635322571,30,4.948664482124652
3242,311,68,-44,6,44.40720662234904,148.45993446373956,30,70.99116635322571,30,4.948664482124652
3243,357,74,46,6,46.389654018972806,148.45993446373956,30,70.99116635322571,30,4.948664482124652
3244,337,85,-20,11,22.825424421026653,148.45993446373956,30,70.99116635322571,30,4.948664482124652
3245,317,70,-20,-15,25.0,148.45993446373956,30,70.99116635322571,30,4.948664482124652
3246,360,59,43,-11,44.384682042344295,148.45993446373956,30,70.99116635322571,30,4.948664482124652
3247,331,67,-29,8,30.083217912982647,148.45993446373956,30,70.99116635322571,30,4.948664482124652
3248,324,74,-7,7,9.899494936611665,148.45993446373956,30,70.99116635322571,30,4.948664482124652
3249,364,82,40,8,40.792156108742276,148.45993446373956,30,70.99116635322571,30,4.948664482124652
3250,318,76,-46,-6,46.389654018972806,148.45993446373956,30,70.99116635322571,30,4.948664482124652
3251,334,59,16,-17,23.345235059857504,148.45993446373956,30,70.99116635322571,30,4.948664482124652
3252,359,65,25,6,25.709920264364882,148.45993446373956,30,70.99116635322571,30,4.948664482124652
3253,314,75,-45,10,46.09772228646444,148.45993446373956,30,70.99116635322571,30,4.948664482124652
3254,350,80,36,5,36.345563690772494,148.45993446373956,30,70.99116635322571,30,4.948664482124652
3255,350,77,0,-3,3.0,148.45993446373956,30,70.99116635322571,30,4.948664482124652
3256,310,63,-40,-14,42.37924020083418,148.45993446373956,30,70.99116635322571,30,4.948664482124652
3257,357,61,47,-2,47.042533945356304,148.45993446373956,30,70.99116635322571,30,4.948664482124652
3258,337,73,-20,12,23.323807579381203,148.45993446373956,30,70.99116635322571,30,4.948664482124652
3259,320,80,-17,7,18.384776310850235,148.45993446373956,30,70.99116635322571,30,4.948664482124652
3260,363,75,43,-5,43.289721643826724,148.45993446373956,30,70.99116635322571,30,4.948664482124652
3261,328,65,-35,-10,36.40054944640259,148.45993446373956,30,70.99116635322571,30,4.948664482124652
3262,324,62,-4,-3,5.0,148.45993446373956,30,70.99116635322571,30,4.948664482124652
3263,363,70,39,8,39.81205847478876,148.45993446373956,30,70.99116635322571,30,4.948664482124652
3264,317,82,-46,12,47.53945729601885,148.45993446373956,30,70.99116635322571,30,4.948664482124652
3265,341,76,24,-6,24.73863375370596,148.45993446373956,30,70.99116635322571,30,4.948664482124652
3266,358,64,17,-12,20.808652046684813,148.45993446373956,30,70.99116635322571,30,4.948664482124652
3267,312,64,-46,0,46.0,148.45993446373956,30,70.99116635322571,30,4.948664482124652
3268,350,68,38,4,38.2099463490856,148.45993446373956,30,70.99116635322571,30,4.948664482124652
3269,345,80,-5,12,13.0,148.45993446373956,30,70.99116635322571,30,4.948664482124652
3270,317,80,-28,0,28.0,148.45993446373956,30,70.99116635322571,30,4.948664482124652
3271,357,63,40,-17,43.46262762420146,148.45993446373956,30,70.99116635322571,30,4.948664482124652
3272,338,63,-19,0,19.0,148.45993446373956,30,70.99116635322571,30,4.948664482124652
3273,317,68,-21,5,21.587033144922902,148.45993446373956,30,70.99116635322571,30,4.948664482124652
3274,365,77,48,9,48.83646178829912,148.45993446373956,30,70.99116635322571,30,4.948664482124652
3275,322,84,-43,7,43.56604182158393,148.45993446373956,30,70.99116635322571,30,4.948664482124652
3276,329,65,7,-19,20.248456731316587,148.45993446373956,30,70.99116635322571,30,4.948664482124652
3277,362,61,33,-4,33.24154027718932,148.45993446373956,30,70.99116635322571,30,4.948664482124652
3278,317,69,-45,8,45.70557952810576,148.45993446373956,30,70.99116635322571,30,4.948664482124652
3279,342,75,25,6,25.709920264364882,148.45993446373956,30,70.99116635322571,30,4.948664482124652
3280,354,83,12,8,14.422205101855956,148.45993446373956,30,70.99116635322571,30,4.948664482124652
3281,312,70,-42,-13,43.965895873961216,148.45993446373956,30,70.99116635322571,30,4.948664482124652
3282,351,59,39,-11,40.52159917870962,148.45993446373956,30,70.99116635322571,30,4.948664482124652
3283,345,68,-6,9,10.816653826391969,148.45993446373956,30,70.99116635322571,30,4.948664482124652
3284,315,75,-30,7,30.805843601498726,148.45993446373956,30,70.99116635322571,30,4.948664482124652
3285,361,81,46,6,46.389654018972806,148.45993446373956,30,70.99116635322571,30,4.948664482124652
3286,334,73,-27,-8,28.160255680657446,148.45993446373956,30,70.99116635322571,30,4.948664482124652
3287,317,61,-17,-12,20.808652046684813,148.45993446373956,30,70.99116635322571,30,4.948664482124652
3288,364,64,47,3,47.095647357266465,148.45993446373956,30,70.99116635322571,30,4.948664482124652
3289,321,76,-43,12,44.64302857109943,148.45993446373956,30,70.99116635322571,30,4.948664482124652
3290,336,81,15,5,15.811388300841896,148.45993446373956,30,70.99116635322571,30,4.948664482124652
3291,360,73,24,-8,25.298221281347036,148.45993446373956,30,70.99116635322571,30,4.948664482124652
3292,316,63,-44,-10,45.12205669071391,148.45993446373956,30,70.99116635322571,30,4.948664482124652
3293,341,63,25,0,25.0,148.45993446373956,30,70.99116635322571,30,4.948664482124652
3294,353,74,12,11,16.278820596099706,148.45993446373956,30,70.99116635322571,30,4.948664482124652
3295,314,82,-39,8,39.81205847478876,148.45993446373956,30,70.99116635322571,30,4.948664482124652
3296,355,72,41,-10,42.20189569201838,148.45993446373956,30,70.99116635322571,30,4.948664482124652
3297,344,64,-11,-8,13.601470508735444,148.45993446373956,30,70.99116635322571,30,4.948664482124652
3298,314,64,-30,0,30.0,148.45993446373956,30,70.99116635322571,30,4.948664482124652
3299,362,70,48,6,48.373546489791295,148.45993446373956,30,70.99116635322571,30,4.948664482124652
3300,328,83,-34,13,36.40054944640259,148.45993446373956,30,70.99116635322571,30,4.948664482124652
3301,326,77,-2,-6,6.324555320336759,148.45993446373956,30,70.99116635322571,30,4.948664482124652
3302,363,62,37,-15,39.92492955535426,148.45993446373956,30,70.99116635322571,30,4.948664482124652
3303,322,65,-41,3,41.10960958218893,148.45993446373956,30,70.99116635322571,30,4.948664482124652
3304,333,69,11,4,11.704699910719626,148.45993446373956,30,70.99116635322571,30,4.948664482124652
3305,360,80,27,11,29.154759474226502,148.45993446373956,30,70.99116635322571,30,4.948664482124652
3306,314,81,-46,1,46.010868281309364,148.45993446373956,30,70.99116635322571,30,4.948664482124652
3307,344,62,30,-19,35.510561809129406,148.45993446373956,30,70.99116635322571,30,4.948664482124652
3308,352,63,8,1,8.06225774829855,148.45993446373956,30,70.99116635322571,30,4.948664482124652
3309,313,70,-39,7,39.6232255123179,148.45993446373956,30,70.99116635322571,30,4.948664482124652
3310,357,78,44,8,44.721359549995796,148.45993446373956,30,70.99116635322571,30,4.948664482124652
3311,339,82,-18,4,18.439088914585774,148.45993446373956,30,70.99116635322571,30,4.948664482124652
3312,314,65,-25,-17,30.23243291566195,148.45993446373956,30,70.99116635322571,30,4.948664482124652
3313,363,60,49,-5,49.25444142409901,148.45993446373956,30,70.99116635322571,30,4.948664482124652
3314,327,70,-36,10,37.36308338453881,148.45993446373956,30,70.99116635322571,30,4.948664482124652
3315,328,77,1,7,7.0710678118654755,148.45993446373956,30,70.99116635322571,30,4.948664482124652
3316,362,81,34,4,34.23448553724738,148.45993446373956,30,70.99116635322571,30,4.948664482124652
3317,320,69,-42,-12,43.68065933568311,148.45993446373956,30,70.99116635322571,30,4.948664482124652
3318,332,60,12,-9,15.0,148.45993446373956,30,70.99116635322571,30,4.948664482124652
3319,360,67,28,7,28.861739379323623,148.45993446373956,30,70.99116635322571,30,4.948664482124652
3320,312,77,-48,10,49.03060268852505,148.45993446373956,30,70.99116635322571,30,4.948664482124652
3321,352,81,40,4,40.19950248448356,148.45993446373956,30,70.99116635322571,30,4.948664482124652
3322,349,70,-3,-11,11.40175425099138,148.45993446373956,30,70.99116635322571,30,4.948664482124652
3323,312,62,-37,-8,37.8549864614954,148.45993446373956,30,70.99116635322571,30,4.948664482124652
3324,356,65,44,3,44.10215414239989,148.45993446373956,30,70.99116635322571,30,4.948664482124652
3325,337,76,-19,11,21.95449840010015,148.45993446373956,30,70.99116635322571,30,4.948664482124652
3326,322,82,-15,6,16.15549442140351,148.45993446373956,30,70.99116635322571,30,4.948664482124652
3327,362,70,40,-12,41.7612260356422,148.45993446373956,30,70.99116635322571,30,4.948664482124652
3328,327,63,-35,-7,35.6931365951495,148.45993446373956,30,70.99116635322571,30,4.948664482124652
3329,326,64,-1,1,1.4142135623730951,148.45993446373956,30,70.99116635322571,30,4.948664482124652
3330,362,74,36,10,37.36308338453881,148.45993446373956,30,70.99116635322571,30,4.948664482124652
3331,316,83,-46,9,46.87216658103186,148.45993446373956,30,70.99116635322571,30,4.948664482124652
3332,340,72,24,-11,26.40075756488817,148.45993446373956,30,70.99116635322571,30,4.948664482124652
3333,358,62,18,-10,20.591260281974,148.45993446373956,30,70.99116635322571,30,4.948664482124652
3334,313,65,-45,3,45.09988913511872,148.45993446373956,30,70.99116635322571,30,4.948664482124652
3335,350,71,37,6,37.48332962798263,148.45993446373956,30,70.99116635322571,30,4.948664482124652
3336,345,83,-5,12,13.0,148.45993446373956,30,70.99116635322571,30,4.948664482124652
3337,315,75,-30,-8,31.04834939252005,148.45993446373956,30,70.99116635322571,30,4.948664482124652
3338,358,60,43,-15,45.5411901469428,148.45993446373956,30,70.99116635322571,30,4.948664482124652
3339,335,65,-23,5,23.53720459187964,148.45993446373956,30,70.99116635322571,30,4.948664482124652
3340,320,71,-15,6,16.15549442140351,148.45993446373956,30,70.99116635322571,30,4.948664482124652
3341,363,80,43,9,43.93176527297759,148.45993446373956,30,70.99116635322571,30,4.948664482124652
3342,324,80,-39,0,39.0,148.45993446373956,30,70.99116635322571,30,4.948664482124652
3343,326,62,2,-18,18.110770276274835,148.45993446373956,30,70.99116635322571,30,4.948664482124652
3344,364,62,38,0,38.0,148.45993446373956,30,70.99116635322571,30,4.948664482124652
3345,314,72,-50,10,50.99019513592785,148.45993446373956,30,70.99116635322571,30,4.948664482124652
3346,346,79,32,7,32.7566787083184,148.45993446373956,30,70.99116635322571,30,4.948664482124652
3347,352,80,6,1,6.082762530298219,148.45993446373956,30,70.99116635322571,30,4.948664482124652
3348,313,65,-39,-15,41.78516483155236,148.45993446373956,30,70.99116635322571,30,4.948664482124652
3349,349,60,36,-5,36.345563690772494,148.45993446373956,30,70.99116635322571,30,4.948664482124652
3350,345,70,-4,10,10.770329614269007,148.45993446373956,30,70.99116635322571,30,4.948664482124652
3351,316,79,-29,9,30.364452901377952,148.45993446373956,30,70.99116635322571,30,4.948664482124652
3352,362,80,46,1,46.010868281309364,148.45993446373956,30,70.99116635322571,30,4.948664482124652
3353,332,67,-30,-13,32.69556544854363,148.45993446373956,30,70.99116635322571,30,4.948664482124652
3354,320,61,-12,-6,13.416407864998739,148.45993446373956,30,70.99116635322571,30,4.948664482124652
3355,363,67,43,6,43.41658669218482,148.45993446373956,30,70.99116635322571,30,4.948664482124652
3356,321,79,-42,12,43.68065933568311,148.45993446373956,30,70.99116635322571,30,4.948664482124652
3357,337,81,16,2,16.1245154965971,148.45993446373956,30,70.99116635322571,30,4.948664482124652
3358,361,67,24,-14,27.784887978899608,148.45993446373956,30,70.99116635322571,30,4.948664482124652
3359,315,63,-46,-4,46.17358552246078,148.45993446373956,30,70.99116635322571,30,4.948664482124652
3360,343,66,28,3,28.160255680657446,148.45993446373956,30,70.99116635322571,30,4.948664482124652
3361,352,77,9,11,14.212670403551895,148.45993446373956,30,70.99116635322571,30,4.948664482124652
3362,314,83,-38,6,38.47076812334269,148.45993446373956,30,70.99116635322571,30,4.948664482124652
3363,354,68,40,-15,42.720018726587654,148.45993446373956,30,70.99116635322571,30,4.948664482124652
3364,344,62,-10,-6,11.661903789690601,148.45993446373956,30,70.99116635322571,30,4.948664482124652
3365,315,66,-29,4,29.274562336608895,148.45993446373956,30,70.99116635322571,30,4.948664482124652
3366,361,74,46,8,46.69047011971501,148.45993446373956,30,70.99116635322571,30,4.948664482124652
3367,329,84,-32,10,33.52610922848042,148.45993446373956,30,70.99116635322571,30,4.948664482124652
3368,324,71,-5,-13,13.92838827718412,148.45993446373956,30,70.99116635322571,30,4.948664482124652
3369,364,60,40,-11,41.48493702538308,148.45993446373956,30,70.99116635322571,30,4.948664482124652
3370,319,67,-45,7,45.5411901469428,148.45993446373956,30,70.99116635322571,30,4.948664482124652
3371,337,73,18,6,18.973665961010276,148.45993446373956,30,70.99116635322571,30,4.948664482124652
3372,357,83,20,10,22.360679774997898,148.45993446373956,30,70.99116635322571,30,4.948664482124652
3373,316,75,-41,-8,41.773197148410844,148.45993446373956,30,70.99116635322571,30,4.948664482124652
3374,343,60,27,-15,30.886890422961002,148.45993446373956,30,70.99116635322571,30,4.948664482124652
3375,353,65,10,5,11.180339887498949,148.45993446373956,30,70.99116635322571,30,4.948664482124652
3376,311,73,-42,8,42.7551166528639,148.45993446373956,30,70.99116635322571,30,4.948664482124652
3377,360,81,49,8,49.64876634922564,148.45993446373956,30,70.99116635322571,30,4.948664482124652
3378,337,78,-23,-3,23.194827009486403,148.45993446373956,30,70.99116635322571,30,4.948664482124652
3379,316,62,-21,-16,26.40075756488817,148.45993446373956,30,70.99116635322571,30,4.948664482124652
3380,361,62,45,0,45.0,148.45993446373956,30,70.99116635322571,30,4.948664482124652
3381,328,72,-33,10,34.48187929913333,148.45993446373956,30,70.99116635322571,30,4.948664482124652
3382,329,80,1,8,8.06225774829855,148.45993446373956,30,70.99116635322571,30,4.948664482124652
3383,363,77,34,-3,34.132096331752024,148.45993446373956,30,70.99116635322571,30,4.948664482124652
3384,318,65,-45,-12,46.57252408878007,148.45993446373956,30,70.99116635322571,30,4.948664482124652
3385,336,61,18,-4,18.439088914585774,148.45993446373956,30,70.99116635322571,30,4.948664482124652
3386,358,70,22,9,23.769728648009426,148.45993446373956,30,70.99116635322571,30,4.948664482124652
3387,314,80,-44,10,45.12205669071391,148.45993446373956,30,70.99116635322571,30,4.948664482124652
3388,351,79,37,-1,37.013511046643494,148.45993446373956,30,70.99116635322571,30,4.948664482124652
3389,350,65,-1,-14,14.035668847618199,148.45993446373956,30,70.99116635322571,30,4.948664482124652
3390,312,62,-38,-3,38.118237105091836,148.45993446373956,30,70.99116635322571,30,4.948664482124652
3391,358,68,46,6,46.389654018972806,148.45993446373956,30,70.99116635322571,30,4.948664482124652
3392,335,79,-23,11,25.495097567963924,148.45993446373956,30,70.99116635322571,30,4.948664482124652
3393,322,80,-13,1,13.038404810405298,148.45993446373956,30,70.99116635322571,30,4.948664482124652
3394,363,65,41,-15,43.657759905886145,148.45993446373956,30,70.99116635322571,30,4.948664482124652
3395,327,63,-36,-2,36.05551275463989,148.45993446373956,30,70.99116635322571,30,4.948664482124652
3396,328,67,1,4,4.123105625617661,148.45993446373956,30,70.99116635322571,30,4.948664482124652
3397,361,77,33,10,34.48187929913333,148.45993446373956,30,70.99116635322571,30,4.948664482124652
3398,317,83,-44,6,44.40720662234904,148.45993446373956,30,70.99116635322571,30,4.948664482124652
3399,338,67,21,-16,26.40075756488817,148.45993446373956,30,70.99116635322571,30,4.948664482124652
3400,358,61,20,-6,20.8806130178211,148.45993446373956,30,70.99116635322571,30,4.948664482124652
3401,311,68,-47,7,47.51841748206689,148.45993446373956,30,70.99116635322571,30,4.948664482124652
3402,353,75,42,7,42.579337712087536,148.45993446373956,30,70.99116635322571,30,4.948664482124652
3403,343,84,-10,9,13.45362404707371,148.45993446373956,30,70.99116635322571,30,4.948664482124652
3404,315,70,-28,-14,31.304951684997057,148.45993446373956,30,70.99116635322571,30,4.948664482124652
3405,357,59,42,-11,43.41658669218482,148.45993446373956,30,70.99116635322571,30,4.948664482124652
3406,337,67,-20,8,21.540659228538015,148.45993446373956,30,70.99116635322571,30,4.948664482124652
3407,320,74,-17,7,18.384776310850235,148.45993446373956,30,70.99116635322571,30,4.948664482124652
3408,364,82,44,8,44.721359549995796,148.45993446373956,30,70.99116635322571,30,4.948664482124652
3409,322,74,-42,-8,42.7551166528639,148.45993446373956,30,70.99116635322571,30,4.948664482124652
3410,329,60,7,-14,15.652475842498529,148.45993446373956,30,70.99116635322571,30,4.948664482124652
3411,361,64,32,4,32.2490309931942,148.45993446373956,30,70.99116635322571,30,4.948664482124652
3412,316,74,-45,10,46.09772228646444,148.45993446373956,30,70.99116635322571,30,4.948664482124652
3413,345,81,29,7,29.832867780352597,148.45993446373956,30,70.99116635322571,30,4.948664482124652
3414,354,75,9,-6,10.816653826391969,148.45993446373956,30,70.99116635322571,30,4.948664482124652
3415,311,62,-43,-13,44.9221548904324,148.45993446373956,30,70.99116635322571,30,4.948664482124652
3416,353,63,42,1,42.01190307520001,148.45993446373956,30,70.99116635322571,30,4.948664482124652
3417,342,73,-11,10,14.866068747318506,148.45993446373956,30,70.99116635322571,30,4.948664482124652
3418,318,81,-24,8,25.298221281347036,148.45993446373956,30,70.99116635322571,30,4.948664482124652
3419,361,76,43,-5,43.289721643826724,148.45993446373956,30,70.99116635322571,30,4.948664482124652
3420,334,64,-27,-12,29.546573405388315,148.45993446373956,30,70.99116635322571,30,4.948664482124652
3421,320,62,-14,-2,14.142135623730951,148.45993446373956,30,70.99116635322571,30,4.948664482124652
3422,363,70,43,8,43.73785545725808,148.45993446373956,30,70.99116635322571,30,4.948664482124652
3423,321,81,-42,11,43.41658669218482,148.45993446373956,30,70.99116635322571,30,4.948664482124652
3424,336,77,15,-4,15.524174696260024,148.45993446373956,30,70.99116635322571,30,4.948664482124652
3425,360,63,24,-14,27.784887978899608,148.45993446373956,30,70.99116635322571,30,4.948664482124652
3426,315,64,-45,1,45.0111097397076,148.45993446373956,30,70.99116635322571,30,4.948664482124652
3427,345,69,30,5,30.4138126514911,148.45993446373956,30,70.99116635322571,30,4.948664482124652
3428,350,80,5,11,12.083045973594572,148.45993446373956,30,70.99116635322571,30,4.948664482124652
3429,315,80,-35,0,35.0,148.45993446373956,30,70.99116635322571,30,4.948664482124652
3430,353,63,38,-17,41.6293165929973,148.45993446373956,30,70.99116635322571,30,4.948664482124652
3431,344,63,-9,0,9.0,148.45993446373956,30,70.99116635322571,30,4.948664482124652
3432,315,68,-29,5,29.427877939124322,148.45993446373956,30,70.99116635322571,30,4.948664482124652
3433,364,77,49,9,49.8196748283246,148.45993446373956,30,70.99116635322571,30,4.948664482124652
3434,327,83,-37,6,37.48332962798263,148.45993446373956,30,70.99116635322571,30,4.948664482124652
3435,324,66,-3,-17,17.26267650163207,148.45993446373956,30,70.99116635322571,30,4.948664482124652
3436,362,61,38,-5,38.3275357934736,148.45993446373956,30,70.99116635322571,30,4.948664482124652
3437,321,68,-41,7,41.593268686170845,148.45993446373956,30,70.99116635322571,30,4.948664482124652
3438,337,76,16,8,17.88854381999832,148.45993446373956,30,70.99116635322571,30,4.948664482124652
3439,358,83,21,7,22.135943621178654,148.45993446373956,30,70.99116635322571,30,4.948664482124652
3440,313,69,-45,-14,47.12748667179272,148.45993446373956,30,70.99116635322571,30,4.948664482124652
3441,346,59,33,-10,34.48187929913333,148.45993446373956,30,70.99116635322571,30,4.948664482124652
3442,349,67,3,8,8.54400374531753,148.45993446373956,30,70.99116635322571,30,4.948664482124652
3443,314,76,-35,9,36.138621999185304,148.45993446373956,30,70.99116635322571,30,4.948664482124652
3444,359,82,45,6,45.39823785126467,148.45993446373956,30,70.99116635322571,30,4.948664482124652
3445,339,72,-20,-10,22.360679774997898,148.45993446373956,30,70.99116635322571,30,4.948664482124652
3446,314,60,-25,-12,27.730849247724095,148.45993446373956,30,70.99116635322571,30,4.948664482124652
3447,363,65,49,5,49.25444142409901,148.45993446373956,30,70.99116635322571,30,4.948664482124652
3448,325,75,-38,10,39.293765408777,148.45993446373956,30,70.99116635322571,30,4.948664482124652
3449,332,82,7,7,9.899494936611665,148.45993446373956,30,70.99116635322571,30,4.948664482124652
3450,362,73,30,-9,31.32091952673165,148.45993446373956,30,70.99116635322571,30,4.948664482124652
3451,319,63,-43,-10,44.14748010928823,148.45993446373956,30,70.99116635322571,30,4.948664482124652
3452,336,63,17,0,17.0,148.45993446373956,30,70.99116635322571,30,4.948664482124652
3453,357,74,21,11,23.706539182259394,148.45993446373956,30,70.99116635322571,30,4.948664482124652
3454,314,83,-43,9,43.93176527297759,148.45993446373956,30,70.99116635322571,30,4.948664482124652
3455,351,74,37,-9,38.07886552931954,148.45993446373956,30,70.99116635322571,30,4.948664482124652
3456,349,62,-2,-12,12.165525060596439,148.45993446373956,30,70.99116635322571,30,4.948664482124652
3457,312,64,-37,2,37.05401462729781,148.45993446373956,30,70.99116635322571,30,4.948664482124652
3458,359,71,47,7,47.51841748206689,148.45993446373956,30,70.99116635322571,30,4.948664482124652
3459,334,82,-25,11,27.313000567495326,148.45993446373956,30,70.99116635322571,30,4.948664482124652
3460,322,76,-12,-6,13.416407864998739,148.45993446373956,30,70.99116635322571,30,4.948664482124652
3461,362,61,40,-15,42.720018726587654,148.45993446373956,30,70.99116635322571,30,4.948664482124652
3462,327,64,-35,3,35.12833614050059,148.45993446373956,30,70.99116635322571,30,4.948664482124652
3463,328,70,1,6,6.082762530298219,148.45993446373956,30,70.99116635322571,30,4.948664482124652
3464,362,80,34,10,35.4400902933387,148.45993446373956,30,70.99116635322571,30,4.948664482124652
3465,316,80,-46,0,46.0,148.45993446373956,30,70.99116635322571,30,4.948664482124652
3466,340,62,24,-18,30.0,148.45993446373956,30,70.99116635322571,30,4.948664482124652
3467,356,63,16,1,16.0312195418814,148.45993446373956,30,70.99116635322571,30,4.948664482124652
3468,313,70,-43,7,43.56604182158393,148.45993446373956,30,70.99116635322571,30,4.948664482124652
3469,353,79,40,9,41.0,148.45993446373956,30,70.99116635322571,30,4.948664482124652
3470,345,81,-8,2,8.246211251235321,148.45993446373956,30,70.99116635322571,30,4.948664482124652
3471,313,65,-32,-16,35.77708763999664,148.45993446373956,30,70.99116635322571,30,4.948664482124652
3472,360,61,47,-4,47.16990566028302,148.45993446373956,30,70.99116635322571,30,4.948664482124652
3473,332,69,-28,8,29.120439557122072,148.45993446373956,30,70.99116635322571,30,4.948664482124652
3474,324,77,-8,8,11.313708498984761,148.45993446373956,30,70.99116635322571,30,4.948664482124652
3475,363,81,39,4,39.20459156782532,148.45993446373956,30,70.99116635322571,30,4.948664482124652
3476,324,68,-39,-13,41.10960958218893,148.45993446373956,30,70.99116635322571,30,4.948664482124652
3477,327,60,3,-8,8.54400374531753,148.45993446373956,30,70.99116635322571,30,4.948664482124652
3478,362,67,35,7,35.6931365951495,148.45993446373956,30,70.99116635322571,30,4.948664482124652
3479,314,77,-48,10,49.03060268852505,148.45993446373956,30,70.99116635322571,30,4.948664482124652
3480,348,82,34,5,34.36568055487916,148.45993446373956,30,70.99116635322571,30,4.948664482124652
3481,353,70,5,-12,13.0,148.45993446373956,30,70.99116635322571,30,4.948664482124652
3482,313,62,-40,-8,40.792156108742276,148.45993446373956,30,70.99116635322571,30,4.948664482124652
3483,352,65,39,3,39.11521443121589,148.45993446373956,30,70.99116635322571,30,4.948664482124652
3484,342,76,-10,11,14.866068747318506,148.45993446373956,30,70.99116635322571,30,4.948664482124652
3485,318,82,-24,6,24.73863375370596,148.45993446373956,30,70.99116635322571,30,4.948664482124652
3486,362,70,44,-12,45.60701700396552,148.45993446373956,30,70.99116635322571,30,4.948664482124652
3487,333,62,-29,-8,30.083217912982647,148.45993446373956,30,70.99116635322571,30,4.948664482124652
3488,322,65,-11,3,11.40175425099138,148.45993446373956,30,70.99116635322571,30,4.948664482124652
3489,363,74,41,9,41.97618372363071,148.45993446373956,30,70.99116635322571,30,4.948664482124652
3490,320,83,-43,9,43.93176527297759,148.45993446373956,30,70.99116635322571,30,4.948664482124652
3491,335,72,15,-11,18.601075237738275,148.45993446373956,30,70.99116635322571,30,4.948664482124652
3492,360,61,25,-11,27.313000567495326,148.45993446373956,30,70.99116635322571,30,4.948664482124652
3493,315,65,-45,4,45.17742799230607,148.45993446373956,30,70.99116635322571,30,4.948664482124652
3494,346,72,31,7,31.78049716414141,148.45993446373956,30,70.99116635322571,30,4.948664482124652
3495,350,83,4,11,11.704699910719626,148.45993446373956,30,70.99116635322571,30,4.948664482124652
3496,313,75,-37,-8,37.8549864614954,148.45993446373956,30,70.99116635322571,30,4.948664482124652
3497,354,61,41,-14,43.32435804486894,148.45993446373956,30,70.99116635322571,30,4.948664482124652
3498,341,64,-13,3,13.341664064126334,148.45993446373956,30,70.99116635322571,30,4.948664482124652
3499,318,71,-23,7,24.041630560342615,148.45993446373956,30,70.99116635322571,30,4.948664482124652
3500,362,81,44,10,45.12205669071391,148.45993446373956,30,70.99116635322571,30,4.948664482124652
3501,329,78,-33,-3,33.13608305156178,148.45993446373956,30,70.99116635322571,30,4.948664482124652
3502,322,62,-7,-16,17.46424919657298,148.45993446373956,30,70.99116635322571,30,4.948664482124652
3503,364,63,42,1,42.01190307520001,148.45993446373956,30,70.99116635322571,30,4.948664482124652
3504,318,71,-46,8,46.69047011971501,148.45993446373956,30,70.99116635322571,30,4.948664482124652
3505,341,80,23,9,24.698178070456937,148.45993446373956,30,70.99116635322571,30,4.948664482124652
3506,356,80,15,0,15.0,148.45993446373956,30,70.99116635322571,30,4.948664482124652
3507,315,65,-41,-15,43.657759905886145,148.45993446373956,30,70.99116635322571,30,4.948664482124652
3508,345,61,30,-4,30.265491900843113,148.45993446373956,30,70.99116635322571,30,4.948664482124652
3509,350,70,5,9,10.295630140987,148.45993446373956,30,70.99116635322571,30,4.948664482124652
3510,314,79,-36,9,37.107950630558946,148.45993446373956,30,70.99116635322571,30,4.948664482124652
3511,361,80,47,1,47.01063709417264,148.45993446373956,30,70.99116635322571,30,4.948664482124652
3512,337,66,-24,-14,27.784887978899608,148.45993446373956,30,70.99116635322571,30,4.948664482124652
3513,317,62,-20,-4,20.396078054371138,148.45993446373956,30,70.99116635322571,30,4.948664482124652
3514,362,68,45,6,45.39823785126467,148.45993446373956,30,70.99116635322571,30,4.948664482124652
3515,326,78,-36,10,37.36308338453881,148.45993446373956,30,70.99116635322571,30,4.948664482124652
3516,331,81,5,3,5.830951894845301,148.45993446373956,30,70.99116635322571,30,4.948664482124652
3517,362,68,31,-13,33.61547262794322,148.45993446373956,30,70.99116635322571,30,4.948664482124652
3518,318,62,-44,-6,44.40720662234904,148.45993446373956,30,70.99116635322571,30,4.948664482124652
3519,338,66,20,4,20.396078054371138,148.45993446373956,30,70.99116635322571,30,4.948664482124652
3520,356,77,18,11,21.095023109728988,148.45993446373956,30,70.99116635322571,30,4.948664482124652
3521,314,83,-42,6,42.42640687119285,148.45993446373956,30,70.99116635322571,30,4.948664482124652
3522,350,68,36,-15,39.0,148.45993446373956,30,70.99116635322571,30,4.948664482124652
3523,348,62,-2,-6,6.324555320336759,148.45993446373956,30,70.99116635322571,30,4.948664482124652
3524,313,66,-35,4,35.22782990761707,148.45993446373956,30,70.99116635322571,30,4.948664482124652
3525,359,74,46,8,46.69047011971501,148.45993446373956,30,70.99116635322571,30,4.948664482124652
3526,334,83,-25,9,26.570660511172846,148.45993446373956,30,70.99116635322571,30,4.948664482124652
3527,320,71,-14,-12,18.439088914585774,148.45993446373956,30,70.99116635322571,30,4.948664482124652
3528,363,61,43,-10,44.14748010928823,148.45993446373956,30,70.99116635322571,30,4.948664482124652
3529,324,66,-39,5,39.319206502675,148.45993446373956,30,70.99116635322571,30,4.948664482124652
3530,332,73,8,7,10.63014581273465,148.45993446373956,30,70.99116635322571,30,4.948664482124652
3531,360,83,28,10,29.732137494637012,148.45993446373956,30,70.99116635322571,30,4.948664482124652
3532,317,75,-43,-8,43.73785545725808,148.45993446373956,30,70.99116635322571,30,4.948664482124652
3533,338,60,21,-15,25.80697580112788,148.45993446373956,30,70.99116635322571,30,4.948664482124652
3534,357,65,19,5,19.6468827043885,148.45993446373956,30,70.99116635322571,30,4.948664482124652
3535,311,73,-46,8,46.69047011971501,148.45993446373956,30,70.99116635322571,30,4.948664482124652
3536,356,81,45,8,45.70557952810576,148.45993446373956,30,70.99116635322571,30,4.948664482124652
3537,342,77,-14,-4,14.560219778561036,148.45993446373956,30,70.99116635322571,30,4.948664482124652
3538,314,62,-28,-15,31.76476034853718,148.45993446373956,30,70.99116635322571,30,4.948664482124652
3539,358,63,44,1,44.01136216933077,148.45993446373956,30,70.99116635322571,30,4.948664482124652
3540,333,72,-25,9,26.570660511172846,148.45993446373956,30,70.99116635322571,30,4.948664482124652
3541,324,80,-9,8,12.041594578792296,148.45993446373956,30,70.99116635322571,30,4.948664482124652
3542,364,77,40,-3,40.11234224026316,148.45993446373956,30,70.99116635322571,30,4.948664482124652
3543,322,64,-42,-13,43.965895873961216,148.45993446373956,30,70.99116635322571,30,4.948664482124652
3544,331,62,9,-2,9.219544457292887,148.45993446373956,30,70.99116635322571,30,4.948664482124652
3545,360,71,29,9,30.364452901377952,148.45993446373956,30,70.99116635322571,30,4.948664482124652
3546,315,80,-45,9,45.89117562233506,148.45993446373956,30,70.99116635322571,30,4.948664482124652
3547,347,78,32,-2,32.0624390837628,148.45993446373956,30,70.99116635322571,30,4.948664482124652
3548,354,65,7,-13,14.7648230602334,148.45993446373956,30,70.99116635322571,30,4.948664482124652
3549,311,62,-43,-3,43.104524124504614,148.45993446373956,30,70.99116635322571,30,4.948664482124652
3550,355,69,44,7,44.553338819890925,148.45993446373956,30,70.99116635322571,30,4.948664482124652
3551,340,79,-15,10,18.027756377319946,148.45993446373956,30,70.99116635322571,30,4.948664482124652
3552,319,80,-21,1,21.02379604162864,148.45993446373956,30,70.99116635322571,30,4.948664482124652
3553,360,65,41,-15,43.657759905886145,148.45993446373956,30,70.99116635322571,30,4.948664482124652
3554,332,63,-28,-2,28.071337695236398,148.45993446373956,30,70.99116635322571,30,4.948664482124652
3555,323,67,-9,4,9.848857801796104,148.45993446373956,30,70.99116635322571,30,4.948664482124652
3556,362,77,39,10,40.26164427839479,148.45993446373956,30,70.99116635322571,30,4.948664482124652
3557,320,82,-42,5,42.2965719651132,148.45993446373956,30,70.99116635322571,30,4.948664482124652
3558,334,67,14,-15,20.518284528683193,148.45993446373956,30,70.99116635322571,30,4.948664482124652
3559,361,61,27,-6,27.65863337187866,148.45993446373956,30,70.99116635322571,30,4.948664482124652
3560,313,67,-48,6,48.373546489791295,148.45993446373956,30,70.99116635322571,30,4.948664482124652
3561,349,75,36,8,36.87817782917155,148.45993446373956,30,70.99116635322571,30,4.948664482124652
3562,348,83,-1,8,8.06225774829855,148.45993446373956,30,70.99116635322571,30,4.948664482124652
3563,314,70,-34,-13,36.40054944640259,148.45993446373956,30,70.99116635322571,30,4.948664482124652
3564,353,60,39,-10,40.26164427839479,148.45993446373956,30,70.99116635322571,30,4.948664482124652
3565,341,66,-12,6,13.416407864998739,148.45993446373956,30,70.99116635322571,30,4.948664482124652
3566,317,74,-24,8,25.298221281347036,148.45993446373956,30,70.99116635322571,30,4.948664482124652
3567,364,82,47,8,47.67598976424087,148.45993446373956,30,70.99116635322571,30,4.948664482124652
3568,326,74,-38,-8,38.8329756778952,148.45993446373956,30,70.99116635322571,30,4.948664482124652
3569,324,61,-2,-13,13.152946437965905,148.45993446373956,30,70.99116635322571,30,4.948664482124652
3570,362,65,38,4,38.2099463490856,148.45993446373956,30,70.99116635322571,30,4.948664482124652
3571,319,74,-43,9,43.93176527297759,148.45993446373956,30,70.99116635322571,30,4.948664482124652
3572,340,81,21,7,22.135943621178654,148.45993446373956,30,70.99116635322571,30,4.948664482124652
3573,358,75,18,-6,18.973665961010276,148.45993446373956,30,70.99116635322571,30,4.948664482124652
3574,312,62,-46,-13,47.80167361086848,148.45993446373956,30,70.99116635322571,30,4.948664482124652
3575,348,63,36,1,36.013886210738214,148.45993446373956,30,70.99116635322571,30,4.948664482124652
3576,347,73,-1,10,10.04987562112089,148.45993446373956,30,70.99116635322571,30,4.948664482124652
3577,316,82,-31,9,32.28002478313795,148.45993446373956,30,70.99116635322571,30,4.948664482124652
3578,359,76,43,-6,43.41658669218482,148.45993446373956,30,70.99116635322571,30,4.948664482124652
3579,339,63,-20,-13,23.853720883753127,148.45993446373956,30,70.99116635322571,30,4.948664482124652
3580,316,63,-23,0,23.0,148.45993446373956,30,70.99116635322571,30,4.948664482124652
3581,363,71,47,8,47.67598976424087,148.45993446373956,30,70.99116635322571,30,4.948664482124652
3582,324,81,-39,10,40.26164427839479,148.45993446373956,30,70.99116635322571,30,4.948664482124652
3583,331,78,7,-3,7.615773105863909,148.45993446373956,30,70.99116635322571,30,4.948664482124652
3584,362,64,31,-14,34.0147027033899,148.45993446373956,30,70.99116635322571,30,4.948664482124652
3585,317,64,-45,0,45.0,148.45993446373956,30,70.99116635322571,30,4.948664482124652
3586,340,69,23,5,23.53720459187964,148.45993446373956,30,70.99116635322571,30,4.948664482124652
3587,354,80,14,11,17.804493814764857,148.45993446373956,30,70.99116635322571,30,4.948664482124652
3588,315,80,-39,0,39.0,148.45993446373956,30,70.99116635322571,30,4.948664482124652
3589,349,63,34,-17,38.01315561749642,148.45993446373956,30,70.99116635322571,30,4.948664482124652
3590,348,63,-1,0,1.0,148.45993446373956,30,70.99116635322571,30,4.948664482124652
3591,313,69,-35,6,35.510561809129406,148.45993446373956,30,70.99116635322571,30,4.948664482124652
3592,361,78,48,9,48.83646178829912,148.45993446373956,30,70.99116635322571,30,4.948664482124652
3593,332,82,-29,4,29.274562336608895,148.45993446373956,30,70.99116635322571,30,4.948664482124652
3594,320,65,-12,-17,20.808652046684813,148.45993446373956,30,70.99116635322571,30,4.948664482124652
3595,362,61,42,-4,42.190046219457976,148.45993446373956,30,70.99116635322571,30,4.948664482124652
3596,325,68,-37,7,37.656340767525464,148.45993446373956,30,70.99116635322571,30,4.948664482124652
3597,332,76,7,8,10.63014581273465,148.45993446373956,30,70.99116635322571,30,4.948664482124652
3598,361,82,29,6,29.614185789921695,148.45993446373956,30,70.99116635322571,30,4.948664482124652
3599,315,69,-46,-13,47.80167361086848,148.45993446373956,30,70.99116635322571,30,4.948664482124652
3600,341,60,26,-9,27.51363298439521,148.45993446373956,30,70.99116635322571,30,4.948664482124652
3601,354,67,13,7,14.7648230602334,148.45993446373956,30,70.99116635322571,30,4.948664482124652
3602,314,76,-40,9,41.0,148.45993446373956,30,70.99116635322571,30,4.948664482124652
3603,355,82,41,6,41.43669871020132,148.45993446373956,30,70.99116635322571,30,4.948664482124652
3604,345,71,-10,-11,14.866068747318506,148.45993446373956,30,70.99116635322571,30,4.948664482124652
3605,312,61,-33,-10,34.48187929913333,148.45993446373956,30,70.99116635322571,30,4.948664482124652
3606,361,65,49,4,49.16299421312742,148.45993446373956,30,70.99116635322571,30,4.948664482124652
3607,330,75,-31,10,32.57299494980466,148.45993446373956,30,70.99116635322571,30,4.948664482124652
3608,327,82,-3,7,7.615773105863909,148.45993446373956,30,70.99116635322571,30,4.948664482124652
3609,362,73,35,-9,36.138621999185304,148.45993446373956,30,70.99116635322571,30,4.948664482124652
3610,323,62,-39,-11,40.52159917870962,148.45993446373956,30,70.99116635322571,30,4.948664482124652
3611,331,64,8,2,8.246211251235321,148.45993446373956,30,70.99116635322571,30,4.948664482124652
3612,360,74,29,10,30.675723300355934,148.45993446373956,30,70.99116635322571,30,4.948664482124652
3613,314,82,-46,8,46.69047011971501,148.45993446373956,30,70.99116635322571,30,4.948664482124652
3614,347,74,33,-8,33.95585369269929,148.45993446373956,30,70.99116635322571,30,4.948664482124652
3615,353,62,6,-12,13.416407864998739,148.45993446373956,30,70.99116635322571,30,4.948664482124652
3616,312,64,-41,2,41.048751503547585,148.45993446373956,30,70.99116635322571,30,4.948664482124652
3617,355,71,43,7,43.56604182158393,148.45993446373956,30,70.99116635322571,30,4.948664482124652
3618,339,82,-16,11,19.4164878389476,148.45993446373956,30,70.99116635322571,30,4.948664482124652
3619,319,76,-20,-6,20.8806130178211,148.45993446373956,30,70.99116635322571,30,4.948664482124652
3620,360,62,41,-14,43.32435804486894,148.45993446373956,30,70.99116635322571,30,4.948664482124652
3621,331,64,-29,2,29.068883707497267,148.45993446373956,30,70.99116635322571,30,4.948664482124652
3622,324,70,-7,6,9.219544457292887,148.45993446373956,30,70.99116635322571,30,4.948664482124652
3623,363,80,39,10,40.26164427839479,148.45993446373956,30,70.99116635322571,30,4.948664482124652
3624,318,80,-45,0,45.0,148.45993446373956,30,70.99116635322571,30,4.948664482124652
3625,334,63,16,-17,23.345235059857504,148.45993446373956,30,70.99116635322571,30,4.948664482124652
3626,359,62,25,-1,25.019992006393608,148.45993446373956,30,70.99116635322571,30,4.948664482124652
3627,314,70,-45,8,45.70557952810576,148.45993446373956,30,70.99116635322571,30,4.948664482124652
3628,349,78,35,8,35.90264614203248,148.45993446373956,30,70.99116635322571,30,4.948664482124652
3629,349,81,0,3,3.0,148.45993446373956,30,70.99116635322571,30,4.948664482124652
3630,311,65,-38,-16,41.23105625617661,148.45993446373956,30,70.99116635322571,30,4.948664482124652
3631,357,61,46,-4,46.17358552246078,148.45993446373956,30,70.99116635322571,30,4.948664482124652
3632,338,69,-19,8,20.615528128088304,148.45993446373956,30,70.99116635322571,30,4.948664482124652
3633,320,77,-18,8,19.697715603592208,148.45993446373956,30,70.99116635322571,30,4.948664482124652
3634,362,82,42,5,42.2965719651132,148.45993446373956,30,70.99116635322571,30,4.948664482124652
3635,329,68,-33,-14,35.84689665786984,148.45993446373956,30,70.99116635322571,30,4.948664482124652
3636,323,60,-6,-8,10.0,148.45993446373956,30,70.99116635322571,30,4.948664482124652
3637,363,67,40,7,40.607881008493905,148.45993446373956,30,70.99116635322571,30,4.948664482124652
3638,316,77,-47,10,48.05205510693585,148.45993446373956,30,70.99116635322571,30,4.948664482124652
3639,343,82,27,5,27.459060435491963,148.45993446373956,30,70.99116635322571,30,4.948664482124652
3640,357,69,14,-13,19.1049731745428,148.45993446373956,30,70.99116635322571,30,4.948664482124652
3641,314,62,-43,-7,43.56604182158393,148.45993446373956,30,70.99116635322571,30,4.948664482124652
3642,348,65,34,3,34.132096331752024,148.45993446373956,30,70.99116635322571,30,4.948664482124652
3643,347,76,-1,11,11.045361017187261,148.45993446373956,30,70.99116635322571,30,4.948664482124652
3644,316,82,-31,6,31.575306807693888,148.45993446373956,30,70.99116635322571,30,4.948664482124652
3645,359,71,43,-11,44.384682042344295,148.45993446373956,30,70.99116635322571,30,4.948664482124652
3646,337,62,-22,-9,23.769728648009426,148.45993446373956,30,70.99116635322571,30,4.948664482124652
3647,318,65,-19,3,19.235384061671343,148.45993446373956,30,70.99116635322571,30,4.948664482124652
3648,363,74,45,9,45.89117562233506,148.45993446373956,30,70.99116635322571,30,4.948664482124652
3649,324,83,-39,9,40.024992192379,148.45993446373956,30,70.99116635322571,30,4.948664482124652
3650,330,72,6,-11,12.529964086141668,148.45993446373956,30,70.99116635322571,30,4.948664482124652
3651,362,62,32,-10,33.52610922848042,148.45993446373956,30,70.99116635322571,30,4.948664482124652
3652,317,65,-45,3,45.09988913511872,148.45993446373956,30,70.99116635322571,30,4.948664482124652
3653,341,72,24,7,25.0,148.45993446373956,30,70.99116635322571,30,4.948664482124652
3654,354,82,13,10,16.401219466856727,148.45993446373956,30,70.99116635322571,30,4.948664482124652
3655,313,75,-41,-7,41.593268686170845,148.45993446373956,30,70.99116635322571,30,4.948664482124652
3656,350,61,37,-14,39.56008088970496,148.45993446373956,30,70.99116635322571,30,4.948664482124652
3657,346,64,-4,3,5.0,148.45993446373956,30,70.99116635322571,30,4.948664482124652
3658,315,71,-31,7,31.78049716414141,148.45993446373956,30,70.99116635322571,30,4.948664482124652
3659,360,81,45,10,46.09772228646444,148.45993446373956,30,70.99116635322571,30,4.948664482124652
3660,334,78,-26,-3,26.1725046566048,148.45993446373956,30,70.99116635322571,30,4.948664482124652
3661,318,62,-16,-16,22.627416997969522,148.45993446373956,30,70.99116635322571,30,4.948664482124652
3662,364,63,46,1,46.010868281309364,148.45993446373956,30,70.99116635322571,30,4.948664482124652
3663,321,71,-43,8,43.73785545725808,148.45993446373956,30,70.99116635322571,30,4.948664482124652
3664,336,80,15,9,17.4928556845359,148.45993446373956,30,70.99116635322571,30,4.948664482124652
3665,359,80,23,0,23.0,148.45993446373956,30,70.99116635322571,30,4.948664482124652
3666,317,65,-42,-15,44.598206241955516,148.45993446373956,30,70.99116635322571,30,4.948664482124652
3667,340,61,23,-4,23.345235059857504,148.45993446373956,30,70.99116635322571,30,4.948664482124652
3668,354,70,14,9,16.64331697709324,148.45993446373956,30,70.99116635322571,30,4.948664482124652
3669,313,79,-41,9,41.97618372363071,148.45993446373956,30,70.99116635322571,30,4.948664482124652
3670,357,80,44,1,44.01136216933077,148.45993446373956,30,70.99116635322571,30,4.948664482124652
3671,342,66,-15,-14,20.518284528683193,148.45993446373956,30,70.99116635322571,30,4.948664482124652
3672,314,61,-28,-5,28.442925306655784,148.45993446373956,30,70.99116635322571,30,4.948664482124652
3673,360,68,46,7,46.52956049652737,148.45993446373956,30,70.99116635322571,30,4.948664482124652
3674,330,78,-30,10,31.622776601683793,148.45993446373956,30,70.99116635322571,30,4.948664482124652
3675,326,81,-4,3,5.0,148.45993446373956,30,70.99116635322571,30,4.948664482124652
3676,363,67,37,-14,39.56008088970496,148.45993446373956,30,70.99116635322571,30,4.948664482124652
3677,322,62,-41,-5,41.30375285612676,148.45993446373956,30,70.99116635322571,30,4.948664482124652
3678,333,66,11,4,11.704699910719626,148.45993446373956,30,70.99116635322571,30,4.948664482124652
3679,358,77,25,11,27.313000567495326,148.45993446373956,30,70.99116635322571,30,4.948664482124652
3680,315,83,-43,6,43.41658669218482,148.45993446373956,30,70.99116635322571,30,4.948664482124652
3681,345,68,30,-15,33.54101966249684,148.45993446373956,30,70.99116635322571,30,4.948664482124652
3682,353,62,8,-6,10.0,148.45993446373956,30,70.99116635322571,30,4.948664482124652
3683,312,66,-41,4,41.19465984809196,148.45993446373956,30,70.99116635322571,30,4.948664482124652
3684,356,74,44,8,44.721359549995796,148.45993446373956,30,70.99116635322571,30,4.948664482124652
3685,338,83,-18,9,20.12461179749811,148.45993446373956,30,70.99116635322571,30,4.948664482124652
3686,317,71,-21,-12,24.186773244895647,148.45993446373956,30,70.99116635322571,30,4.948664482124652
3687,361,61,44,-10,45.12205669071391,148.45993446373956,30,70.99116635322571,30,4.948664482124652
3688,329,66,-32,5,32.38826948140329,148.45993446373956,30,70.99116635322571,30,4.948664482124652
3689,327,73,-2,7,7.280109889280518,148.45993446373956,30,70.99116635322571,30,4.948664482124652
3690,362,83,35,10,36.40054944640259,148.45993446373956,30,70.99116635322571,30,4.948664482124652
3691,320,75,-42,-8,42.7551166528639,148.45993446373956,30,70.99116635322571,30,4.948664482124652
3692,333,61,13,-14,19.1049731745428,148.45993446373956,30,70.99116635322571,30,4.948664482124652
3693,360,65,27,4,27.294688127912362,148.45993446373956,30,70.99116635322571,30,4.948664482124652
3694,312,73,-48,8,48.662100242385755,148.45993446373956,30,70.99116635322571,30,4.948664482124652
3695,353,81,41,8,41.773197148410844,148.45993446373956,30,70.99116635322571,30,4.948664482124652
3696,347,77,-6,-4,7.211102550927978,148.45993446373956,30,70.99116635322571,30,4.948664482124652
3697,313,62,-34,-15,37.16180835212409,148.45993446373956,30,70.99116635322571,30,4.948664482124652
3698,355,63,42,1,42.01190307520001,148.45993446373956,30,70.99116635322571,30,4.948664482124652
3699,338,72,-17,9,19.235384061671343,148.45993446373956,30,70.99116635322571,30,4.948664482124652
3700,320,80,-18,8,19.697715603592208,148.45993446373956,30,70.99116635322571,30,4.948664482124652
3701,364,78,44,-2,44.04543109109048,148.45993446373956,30,70.99116635322571,30,4.948664482124652
3702,326,64,-38,-14,40.496913462633174,148.45993446373956,30,70.99116635322571,30,4.948664482124652
3703,326,62,0,-2,2.0,148.45993446373956,30,70.99116635322571,30,4.948664482124652
3704,361,70,35,8,35.90264614203248,148.45993446373956,30,70.99116635322571,30,4.948664482124652
3705,318,80,-43,10,44.14748010928823,148.45993446373956,30,70.99116635322571,30,4.948664482124652
3706,342,78,24,-2,24.08318915758459,148.45993446373956,30,70.99116635322571,30,4.948664482124652
3707,358,64,16,-14,21.2602916254693,148.45993446373956,30,70.99116635322571,30,4.948664482124652
3708,312,62,-46,-2,46.04345773288535,148.45993446373956,30,70.99116635322571,30,4.948664482124652
3709,350,68,38,6,38.47076812334269,148.45993446373956,30,70.99116635322571,30,4.948664482124652
3710,345,79,-5,11,12.083045973594572,148.45993446373956,30,70.99116635322571,30,4.948664482124652
3711,317,81,-28,2,28.071337695236398,148.45993446373956,30,70.99116635322571,30,4.948664482124652
3712,358,65,41,-16,44.01136216933077,148.45993446373956,30,70.99116635322571,30,4.948664482124652
3713,337,62,-21,-3,21.213203435596427,148.45993446373956,30,70.99116635322571,30,4.948664482124652
3714,319,68,-18,6,18.973665961010276,148.45993446373956,30,70.99116635322571,30,4.948664482124652
3715,363,78,44,10,45.12205669071391,148.45993446373956,30,70.99116635322571,30,4.948664482124652
3716,323,83,-40,5,40.311288741492746,148.45993446373956,30,70.99116635322571,30,4.948664482124652
3717,329,67,6,-16,17.08800749063506,148.45993446373956,30,70.99116635322571,30,4.948664482124652
3718,362,61,33,-6,33.54101966249684,148.45993446373956,30,70.99116635322571,30,4.948664482124652
3719,316,67,-46,6,46.389654018972806,148.45993446373956,30,70.99116635322571,30,4.948664482124652
3720,344,75,28,8,29.120439557122072,148.45993446373956,30,70.99116635322571,30,4.948664482124652
3721,352,83,8,8,11.313708498984761,148.45993446373956,30,70.99116635322571,30,4.948664482124652
3722,314,70,-38,-13,40.162171256046406,148.45993446373956,30,70.99116635322571,30,4.948664482124652
3723,349,60,35,-10,36.40054944640259,148.45993446373956,30,70.99116635322571,30,4.948664482124652
3724,346,66,-3,6,6.708203932499369,148.45993446373956,30,70.99116635322571,30,4.948664482124652
3725,314,74,-32,8,32.984845004941285,148.45993446373956,30,70.99116635322571,30,4.948664482124652
3726,363,82,49,8,49.64876634922564,148.45993446373956,30,70.99116635322571,30,4.948664482124652
3727,331,74,-32,-8,32.984845004941285,148.45993446373956,30,70.99116635322571,30,4.948664482124652
3728,320,61,-11,-13,17.029386365926403,148.45993446373956,30,70.99116635322571,30,4.948664482124652
3729,363,65,43,4,43.18564576337837,148.45993446373956,30,70.99116635322571,30,4.948664482124652
3730,322,74,-41,9,41.97618372363071,148.45993446373956,30,70.99116635322571,30,4.948664482124652
3731,335,82,13,8,15.264337522473747,148.45993446373956,30,70.99116635322571,30,4.948664482124652
3732,361,75,26,-7,26.92582403567252,148.45993446373956,30,70.99116635322571,30,4.948664482124652
3733,314,63,-47,-12,48.507731342539614,148.45993446373956,30,70.99116635322571,30,4.948664482124652
3734,343,63,29,0,29.0,148.45993446373956,30,70.99116635322571,30,4.948664482124652
3735,351,72,8,9,12.041594578792296,148.45993446373956,30,70.99116635322571,30,4.948664482124652
3736,315,82,-36,10,37.36308338453881,148.45993446373956,30,70.99116635322571,30,4.948664482124652
3737,355,76,40,-6,40.44749683231337,148.45993446373956,30,70.99116635322571,30,4.948664482124652
3738,344,63,-11,-13,17.029386365926403,148.45993446373956,30,70.99116635322571,30,4.948664482124652
3739,313,63,-31,0,31.0,148.45993446373956,30,70.99116635322571,30,4.948664482124652
3740,362,71,49,8,49.64876634922564,148.45993446373956,30,70.99116635322571,30,4.948664482124652
3741,328,81,-34,10,35.4400902933387,148.45993446373956,30,70.99116635322571,30,4.948664482124652
3742,327,78,-1,-3,3.1622776601683795,148.45993446373956,30,70.99116635322571,30,4.948664482124652
3743,362,63,35,-15,38.07886552931954,148.45993446373956,30,70.99116635322571,30,4.948664482124652
3744,322,63,-40,0,40.0,148.45993446373956,30,70.99116635322571,30,4.948664482124652
3745,334,70,12,7,13.892443989449804,148.45993446373956,30,70.99116635322571,30,4.948664482124652
3746,358,80,24,10,26.0,148.45993446373956,30,70.99116635322571,30,4.948664482124652
3747,315,81,-43,1,43.01162633521314,148.45993446373956,30,70.99116635322571,30,4.948664482124652
3748,344,64,29,-17,33.61547262794322,148.45993446373956,30,70.99116635322571,30,4.948664482124652
3749,353,62,9,-2,9.219544457292887,148.45993446373956,30,70.99116635322571,30,4.948664482124652
3750,312,68,-41,6,41.43669871020132,148.45993446373956,30,70.99116635322571,30,4.948664482124652
3751,359,78,47,10,48.05205510693585,148.45993446373956,30,70.99116635322571,30,4.948664482124652
3752,336,83,-23,5,23.53720459187964,148.45993446373956,30,70.99116635322571,30,4.948664482124652
3753,317,66,-19,-17,25.495097567963924,148.45993446373956,30,70.99116635322571,30,4.948664482124652
3754,361,61,44,-5,44.28317965096906,148.45993446373956,30,70.99116635322571,30,4.948664482124652
3755,329,68,-32,7,32.7566787083184,148.45993446373956,30,70.99116635322571,30,4.948664482124652
3756,327,76,-2,8,8.246211251235321,148.45993446373956,30,70.99116635322571,30,4.948664482124652
3757,363,82,36,6,36.49657518178932,148.45993446373956,30,70.99116635322571,30,4.948664482124652
3758,318,69,-45,-13,46.84015371452148,148.45993446373956,30,70.99116635322571,30,4.948664482124652
3759,335,60,17,-9,19.235384061671343,148.45993446373956,30,70.99116635322571,30,4.948664482124652
3760,357,67,22,7,23.08679276123039,148.45993446373956,30,70.99116635322571,30,4.948664482124652
3761,314,76,-43,9,43.93176527297759,148.45993446373956,30,70.99116635322571,30,4.948664482124652
3762,351,82,37,6,37.48332962798263,148.45993446373956,30,70.99116635322571,30,4.948664482124652
3763,349,71,-2,-11,11.180339887498949,148.45993446373956,30,70.99116635322571,30,4.948664482124652
3764,311,61,-38,-10,39.293765408777,148.45993446373956,30,70.99116635322571,30,4.948664482124652
3765,358,65,47,4,47.16990566028302,148.45993446373956,30,70.99116635322571,30,4.948664482124652
3766,335,75,-23,10,25.079872407968907,148.45993446373956,30,70.99116635322571,30,4.948664482124652
3767,323,82,-12,7,13.892443989449804,148.45993446373956,30,70.99116635322571,30,4.948664482124652
3768,362,73,39,-9,40.024992192379,148.45993446373956,30,70.99116635322571,30,4.948664482124652
3769,328,62,-34,-11,35.73513677041127,148.45993446373956,30,70.99116635322571,30,4.948664482124652
3770,326,64,-2,2,2.8284271247461903,148.45993446373956,30,70.99116635322571,30,4.948664482124652
3771,362,73,36,9,37.107950630558946,148.45993446373956,30,70.99116635322571,30,4.948664482124652
3772,316,83,-46,10,47.07440918375928,148.45993446373956,30,70.99116635322571,30,4.948664482124652
3773,342,74,26,-9,27.51363298439521,148.45993446373956,30,70.99116635322571,30,4.948664482124652
3774,357,62,15,-12,19.209372712298546,148.45993446373956,30,70.99116635322571,30,4.948664482124652
3775,313,64,-44,2,44.04543109109048,148.45993446373956,30,70.99116635322571,30,4.948664482124652
3776,351,71,38,7,38.63935817272331,148.45993446373956,30,70.99116635322571,30,4.948664482124652
3777,344,82,-7,11,13.038404810405298,148.45993446373956,30,70.99116635322571,30,4.948664482124652
3778,316,76,-28,-6,28.635642126552707,148.45993446373956,30,70.99116635322571,30,4.948664482124652
3779,358,62,42,-14,44.27188724235731,148.45993446373956,30,70.99116635322571,30,4.948664482124652
3780,336,63,-22,1,22.02271554554524,148.45993446373956,30,70.99116635322571,30,4.948664482124652
3781,320,71,-16,8,17.88854381999832,148.45993446373956,30,70.99116635322571,30,4.948664482124652
3782,364,80,44,9,44.91102314577124,148.45993446373956,30,70.99116635322571,30,4.948664482124652
3783,322,80,-42,0,42.0,148.45993446373956,30,70.99116635322571,30,4.948664482124652
3784,329,63,7,-17,18.384776310850235,148.45993446373956,30,70.99116635322571,30,4.948664482124652
3785,361,62,32,-1,32.01562118716424,148.45993446373956,30,70.99116635322571,30,4.948664482124652
3786,316,70,-45,8,45.70557952810576,148.45993446373956,30,70.99116635322571,30,4.948664482124652
3787,344,79,28,9,29.410882339705484,148.45993446373956,30,70.99116635322571,30,4.948664482124652
3788,353,81,9,2,9.219544457292887,148.45993446373956,30,70.99116635322571,30,4.948664482124652
3789,311,65,-42,-16,44.94441010848846,148.45993446373956,30,70.99116635322571,30,4.948664482124652
3790,352,61,41,-4,41.19465984809196,148.45993446373956,30,70.99116635322571,30,4.948664482124652
3791,343,69,-9,8,12.041594578792296,148.45993446373956,30,70.99116635322571,30,4.948664482124652
3792,318,78,-25,9,26.570660511172846,148.45993446373956,30,70.99116635322571,30,4.948664482124652
3793,361,81,43,3,43.104524124504614,148.45993446373956,30,70.99116635322571,30,4.948664482124652
3794,334,67,-27,-14,30.4138126514911,148.45993446373956,30,70.99116635322571,30,4.948664482124652
3795,319,61,-15,-6,16.15549442140351,148.45993446373956,30,70.99116635322571,30,4.948664482124652
3796,364,67,45,6,45.39823785126467,148.45993446373956,30,70.99116635322571,30,4.948664482124652
3797,319,77,-45,10,46.09772228646444,148.45993446373956,30,70.99116635322571,30,4.948664482124652
3798,338,82,19,5,19.6468827043885,148.45993446373956,30,70.99116635322571,30,4.948664482124652
3799,359,69,21,-13,24.698178070456937,148.45993446373956,30,70.99116635322571,30,4.948664482124652
3800,316,61,-43,-8,43.73785545725808,148.45993446373956,30,70.99116635322571,30,4.948664482124652
3801,342,65,26,4,26.30589287593181,148.45993446373956,30,70.99116635322571,30,4.948664482124652
3802,352,76,10,11,14.866068747318506,148.45993446373956,30,70.99116635322571,30,4.948664482124652
3803,314,83,-38,7,38.63935817272331,148.45993446373956,30,70.99116635322571,30,4.948664482124652
3804,356,70,42,-13,43.965895873961216,148.45993446373956,30,70.99116635322571,30,4.948664482124652
3805,343,61,-13,-9,15.811388300841896,148.45993446373956,30,70.99116635322571,30,4.948664482124652
3806,315,65,-28,4,28.284271247461902,148.45993446373956,30,70.99116635322571,30,4.948664482124652
3807,361,74,46,9,46.87216658103186,148.45993446373956,30,70.99116635322571,30,4.948664482124652
3808,327,84,-34,10,35.4400902933387,148.45993446373956,30,70.99116635322571,30,4.948664482124652
3809,326,73,-1,-11,11.045361017187261,148.45993446373956,30,70.99116635322571,30,4.948664482124652
3810,363,61,37,-12,38.897300677553446,148.45993446373956,30,70.99116635322571,30,4.948664482124652
3811,320,65,-43,4,43.18564576337837,148.45993446373956,30,70.99116635322571,30,4.948664482124652
3812,336,72,16,7,17.46424919657298,148.45993446373956,30,70.99116635322571,30,4.948664482124652
3813,358,83,22,11,24.596747752497688,148.45993446373956,30,70.99116635322571,30,4.948664482124652
3814,314,76,-44,-7,44.553338819890925,148.45993446373956,30,70.99116635322571,30,4.948664482124652
3815,345,60,31,-16,34.88552708502482,148.45993446373956,30,70.99116635322571,30,4.948664482124652
3816,351,64,6,4,7.211102550927978,148.45993446373956,30,70.99116635322571,30,4.948664482124652
3817,313,71,-38,7,38.63935817272331,148.45993446373956,30,70.99116635322571,30,4.948664482124652
3818,358,81,45,10,46.09772228646444,148.45993446373956,30,70.99116635322571,30,4.948664482124652
3819,339,78,-19,-3,19.235384061671343,148.45993446373956,30,70.99116635322571,30,4.948664482124652
3820,314,62,-25,-16,29.68164415931166,148.45993446373956,30,70.99116635322571,30,4.948664482124652
3821,363,62,49,0,49.0,148.45993446373956,30,70.99116635322571,30,4.948664482124652
3822,326,71,-37,9,38.07886552931954,148.45993446373956,30,70.99116635322571,30,4.948664482124652
3823,331,80,5,9,10.295630140987,148.45993446373956,30,70.99116635322571,30,4.948664482124652
3824,361,79,30,-1,30.01666203960727,148.45993446373956,30,70.99116635322571,30,4.948664482124652
3825,320,64,-41,-15,43.657759905886145,148.45993446373956,30,70.99116635322571,30,4.948664482124652
3826,334,61,14,-3,14.317821063276353,148.45993446373956,30,70.99116635322571,30,4.948664482124652
3827,358,69,24,8,25.298221281347036,148.45993446373956,30,70.99116635322571,30,4.948664482124652
3828,312,79,-46,10,47.07440918375928,148.45993446373956,30,70.99116635322571,30,4.948664482124652
3829,354,81,42,2,42.04759208325728,148.45993446373956,30,70.99116635322571,30,4.948664482124652
3830,347,66,-7,-15,16.55294535724685,148.45993446373956,30,70.99116635322571,30,4.948664482124652
3831,313,61,-34,-5,34.36568055487916,148.45993446373956,30,70.99116635322571,30,4.948664482124652
3832,357,68,44,7,44.553338819890925,148.45993446373956,30,70.99116635322571,30,4.948664482124652
3833,335,78,-22,10,24.166091947189145,148.45993446373956,30,70.99116635322571,30,4.948664482124652
3834,322,82,-13,4,13.601470508735444,148.45993446373956,30,70.99116635322571,30,4.948664482124652
3835,362,67,40,-15,42.720018726587654,148.45993446373956,30,70.99116635322571,30,4.948664482124652
3836,326,61,-36,-6,36.49657518178932,148.45993446373956,30,70.99116635322571,30,4.948664482124652
3837,329,66,3,5,5.830951894845301,148.45993446373956,30,70.99116635322571,30,4.948664482124652
3838,361,76,32,10,33.52610922848042,148.45993446373956,30,70.99116635322571,30,4.948664482124652
3839,317,84,-44,8,44.721359549995796,148.45993446373956,30,70.99116635322571,30,4.948664482124652
3840,340,68,23,-16,28.0178514522438,148.45993446373956,30,70.99116635322571,30,4.948664482124652
3841,357,61,17,-7,18.384776310850235,148.45993446373956,30,70.99116635322571,30,4.948664482124652
3842,312,66,-45,5,45.27692569068709,148.45993446373956,30,70.99116635322571,30,4.948664482124652
3843,353,74,41,8,41.773197148410844,148.45993446373956,30,70.99116635322571,30,4.948664482124652
3844,343,83,-10,9,13.45362404707371,148.45993446373956,30,70.99116635322571,30,4.948664482124652
3845,315,71,-28,-12,30.463092423455635,148.45993446373956,30,70.99116635322571,30,4.948664482124652
3846,358,61,43,-10,44.14748010928823,148.45993446373956,30,70.99116635322571,30,4.948664482124652
3847,334,66,-24,5,24.515301344262525,148.45993446373956,30,70.99116635322571,30,4.948664482124652
3848,322,73,-12,7,13.892443989449804,148.45993446373956,30,70.99116635322571,30,4.948664482124652
3849,362,83,40,10,41.23105625617661,148.45993446373956,30,70.99116635322571,30,4.948664482124652
3850,324,75,-38,-8,38.8329756778952,148.45993446373956,30,70.99116635322571,30,4.948664482124652
3851,328,61,4,-14,14.560219778561036,148.45993446373956,30,70.99116635322571,30,4.948664482124652
3852,362,64,34,3,34.132096331752024,148.45993446373956,30,70.99116635322571,30,4.948664482124652
3853,314,73,-48,9,48.83646178829912,148.45993446373956,30,70.99116635322571,30,4.948664482124652
3854,348,81,34,8,34.92849839314596,148.45993446373956,30,70.99116635322571,30,4.948664482124652
3855,351,77,3,-4,5.0,148.45993446373956,30,70.99116635322571,30,4.948664482124652
3856,313,62,-38,-15,40.85339643163099,148.45993446373956,30,70.99116635322571,30,4.948664482124652
3857,351,62,38,0,38.0,148.45993446373956,30,70.99116635322571,30,4.948664482124652
3858,344,72,-7,10,12.206555615733702,148.45993446373956,30,70.99116635322571,30,4.948664482124652
3859,317,80,-27,8,28.160255680657446,148.45993446373956,30,70.99116635322571,30,4.948664482124652
3860,363,78,46,-2,46.04345773288535,148.45993446373956,30,70.99116635322571,30,4.948664482124652
3861,331,63,-32,-15,35.34119409414458,148.45993446373956,30,70.99116635322571,30,4.948664482124652
3862,322,62,-9,-1,9.055385138137417,148.45993446373956,30,70.99116635322571,30,4.948664482124652
3863,362,70,40,8,40.792156108742276,148.45993446373956,30,70.99116635322571,30,4.948664482124652
3864,320,80,-42,10,43.174066289845804,148.45993446373956,30,70.99116635322571,30,4.948664482124652
3865,337,79,17,-1,17.029386365926403,148.45993446373956,30,70.99116635322571,30,4.948664482124652
3866,360,65,23,-14,26.92582403567252,148.45993446373956,30,70.99116635322571,30,4.948664482124652
3867,313,63,-47,-2,47.042533945356304,148.45993446373956,30,70.99116635322571,30,4.948664482124652
3868,346,68,33,5,33.37663853655727,148.45993446373956,30,70.99116635322571,30,4.948664482124652
3869,350,79,4,11,11.704699910719626,148.45993446373956,30,70.99116635322571,30,4.948664482124652
3870,315,81,-35,2,35.05709628591621,148.45993446373956,30,70.99116635322571,30,4.948664482124652
3871,354,65,39,-16,42.15447781671598,148.45993446373956,30,70.99116635322571,30,4.948664482124652
3872,342,62,-12,-3,12.36931687685298,148.45993446373956,30,70.99116635322571,30,4.948664482124652
3873,315,67,-27,5,27.459060435491963,148.45993446373956,30,70.99116635322571,30,4.948664482124652
3874,362,77,47,10,48.05205510693585,148.45993446373956,30,70.99116635322571,30,4.948664482124652
3875,327,83,-35,6,35.510561809129406,148.45993446373956,30,70.99116635322571,30,4.948664482124652
3876,324,67,-3,-16,16.278820596099706,148.45993446373956,30,70.99116635322571,30,4.948664482124652
3877,363,61,39,-6,39.45883931389772,148.45993446373956,30,70.99116635322571,30,4.948664482124652
3878,319,67,-44,6,44.40720662234904,148.45993446373956,30,70.99116635322571,30,4.948664482124652
3879,339,75,20,8,21.540659228538015,148.45993446373956,30,70.99116635322571,30,4.948664482124652
3880,356,83,17,8,18.788294228055936,148.45993446373956,30,70.99116635322571,30,4.948664482124652
3881,315,70,-41,-13,43.01162633521314,148.45993446373956,30,70.99116635322571,30,4.948664482124652
3882,345,60,30,-10,31.622776601683793,148.45993446373956,30,70.99116635322571,30,4.948664482124652
3883,351,66,6,6,8.48528137423857,148.45993446373956,30,70.99116635322571,30,4.948664482124652
3884,313,74,-38,8,38.8329756778952,148.45993446373956,30,70.99116635322571,30,4.948664482124652
3885,361,82,48,8,48.662100242385755,148.45993446373956,30,70.99116635322571,30,4.948664482124652
3886,336,73,-25,-9,26.570660511172846,148.45993446373956,30,70.99116635322571,30,4.948664482124652
3887,317,61,-19,-12,22.47220505424423,148.45993446373956,30,70.99116635322571,30,4.948664482124652
3888,361,64,44,3,44.10215414239989,148.45993446373956,30,70.99116635322571,30,4.948664482124652
3889,327,74,-34,10,35.4400902933387,148.45993446373956,30,70.99116635322571,30,4.948664482124652
3890,331,82,4,8,8.94427190999916,148.45993446373956,30,70.99116635322571,30,4.948664482124652
3891,363,75,32,-7,32.7566787083184,148.45993446373956,30,70.99116635322571,30,4.948664482124652
3892,317,62,-46,-13,47.80167361086848,148.45993446373956,30,70.99116635322571,30,4.948664482124652
3893,338,63,21,1,21.02379604162864,148.45993446373956,30,70.99116635322571,30,4.948664482124652
3894,355,73,17,10,19.72308292331602,148.45993446373956,30,70.99116635322571,30,4.948664482124652
3895,315,82,-40,9,41.0,148.45993446373956,30,70.99116635322571,30,4.948664482124652
3896,351,76,36,-6,36.49657518178932,148.45993446373956,30,70.99116635322571,30,4.948664482124652
3897,349,63,-2,-13,13.152946437965905,148.45993446373956,30,70.99116635322571,30,4.948664482124652
3898,312,63,-37,0,37.0,148.45993446373956,30,70.99116635322571,30,4.948664482124652
3899,360,71,48,8,48.662100242385755,148.45993446373956,30,70.99116635322571,30,4.948664482124652
3900,333,82,-27,11,29.154759474226502,148.45993446373956,30,70.99116635322571,30,4.948664482124652
3901,323,79,-10,-3,10.44030650891055,148.45993446373956,30,70.99116635322571,30,4.948664482124652
3902,362,63,39,-16,42.15447781671598,148.45993446373956,30,70.99116635322571,30,4.948664482124652
3903,326,63,-36,0,36.0,148.45993446373956,30,70.99116635322571,30,4.948664482124652
3904,329,69,3,6,6.708203932499369,148.45993446373956,30,70.99116635322571,30,4.948664482124652
3905,361,80,32,11,33.83784863137726,148.45993446373956,30,70.99116635322571,30,4.948664482124652
3906,317,81,-44,1,44.01136216933077,148.45993446373956,30,70.99116635322571,30,4.948664482124652
3907,339,64,22,-17,27.80287754891569,148.45993446373956,30,70.99116635322571,30,4.948664482124652
3908,356,62,17,-2,17.11724276862369,148.45993446373956,30,70.99116635322571,30,4.948664482124652
3909,312,69,-44,7,44.553338819890925,148.45993446373956,30,70.99116635322571,30,4.948664482124652
3910,355,78,43,9,43.93176527297759,148.45993446373956,30,70.99116635322571,30,4.948664482124652
3911,341,82,-14,4,14.560219778561036,148.45993446373956,30,70.99116635322571,30,4.948664482124652
3912,314,65,-27,-17,31.906112267087632,148.45993446373956,30,70.99116635322571,30,4.948664482124652
3913,359,61,45,-4,45.17742799230607,148.45993446373956,30,70.99116635322571,30,4.948664482124652
3914,334,68,-25,7,25.96150997149434,148.45993446373956,30,70.99116635322571,30,4.948664482124652
3915,322,77,-12,9,15.0,148.45993446373956,30,70.99116635322571,30,4.948664482124652
3916,364,83,42,6,42.42640687119285,148.45993446373956,30,70.99116635322571,30,4.948664482124652
3917,322,69,-42,-14,44.27188724235731,148.45993446373956,30,70.99116635322571,30,4.948664482124652
3918,330,60,8,-9,12.041594578792296,148.45993446373956,30,70.99116635322571,30,4.948664482124652
3919,360,66,30,6,30.59411708155671,148.45993446373956,30,70.99116635322571,30,4.948664482124652
3920,316,76,-44,10,45.12205669071391,148.45993446373956,30,70.99116635322571,30,4.948664482124652
3921,347,83,31,7,31.78049716414141,148.45993446373956,30,70.99116635322571,30,4.948664482124652
3922,353,71,6,-12,13.416407864998739,148.45993446373956,30,70.99116635322571,30,4.948664482124652
3923,311,61,-42,-10,43.174066289845804,148.45993446373956,30,70.99116635322571,30,4.948664482124652
3924,355,65,44,4,44.181444068749045,148.45993446373956,30,70.99116635322571,30,4.948664482124652
3925,340,75,-15,10,18.027756377319946,148.45993446373956,30,70.99116635322571,30,4.948664482124652
3926,320,83,-20,8,21.540659228538015,148.45993446373956,30,70.99116635322571,30,4.948664482124652
3927,361,72,41,-11,42.44997055358225,148.45993446373956,30,70.99116635322571,30,4.948664482124652
3928,333,62,-28,-10,29.732137494637012,148.45993446373956,30,70.99116635322571,30,4.948664482124652
3929,321,64,-12,2,12.165525060596439,148.45993446373956,30,70.99116635322571,30,4.948664482124652
3930,364,73,43,9,43.93176527297759,148.45993446373956,30,70.99116635322571,30,4.948664482124652
3931,319,83,-45,10,46.09772228646444,148.45993446373956,30,70.99116635322571,30,4.948664482124652
3932,337,74,18,-9,20.12461179749811,148.45993446373956,30,70.99116635322571,30,4.948664482124652
3933,360,62,23,-12,25.942243542145693,148.45993446373956,30,70.99116635322571,30,4.948664482124652
3934,314,64,-46,2,46.04345773288535,148.45993446373956,30,70.99116635322571,30,4.948664482124652
3935,346,71,32,7,32.7566787083184,148.45993446373956,30,70.99116635322571,30,4.948664482124652
3936,349,82,3,11,11.40175425099138,148.45993446373956,30,70.99116635322571,30,4.948664482124652
3937,315,77,-34,-5,34.36568055487916,148.45993446373956,30,70.99116635322571,30,4.948664482124652
3938,354,62,39,-15,41.78516483155236,148.45993446373956,30,70.99116635322571,30,4.948664482124652
3939,341,63,-13,1,13.038404810405298,148.45993446373956,30,70.99116635322571,30,4.948664482124652
3940,317,70,-24,7,25.0,148.45993446373956,30,70.99116635322571,30,4.948664482124652
3941,363,81,46,11,47.29693436154187,148.45993446373956,30,70.99116635322571,30,4.948664482124652
3942,326,80,-37,-1,37.013511046643494,148.45993446373956,30,70.99116635322571,30,4.948664482124652
3943,324,62,-2,-18,18.110770276274835,148.45993446373956,30,70.99116635322571,30,4.948664482124652
3944,363,62,39,0,39.0,148.45993446373956,30,70.99116635322571,30,4.948664482124652
3945,319,70,-44,8,44.721359549995796,148.45993446373956,30,70.99116635322571,30,4.948664482124652
3946,339,79,20,9,21.93171219946131,148.45993446373956,30,70.99116635322571,30,4.948664482124652
3947,357,81,18,2,18.110770276274835,148.45993446373956,30,70.99116635322571,30,4.948664482124652
3948,312,65,-45,-16,47.75981574503821,148.45993446373956,30,70.99116635322571,30,4.948664482124652
3949,347,60,35,-5,35.35533905932738,148.45993446373956,30,70.99116635322571,30,4.948664482124652
3950,348,69,1,9,9.055385138137417,148.45993446373956,30,70.99116635322571,30,4.948664482124652
3951,316,78,-32,9,33.24154027718932,148.45993446373956,30,70.99116635322571,30,4.948664482124652
3952,359,81,43,3,43.104524124504614,148.45993446373956,30,70.99116635322571,30,4.948664482124652
3953,339,67,-20,-14,24.413111231467404,148.45993446373956,30,70.99116635322571,30,4.948664482124652
3954,316,61,-23,-6,23.769728648009426,148.45993446373956,30,70.99116635322571,30,4.948664482124652
3955,364,67,48,6,48.373546489791295,148.45993446373956,30,70.99116635322571,30,4.948664482124652
3956,323,77,-41,10,42.20189569201838,148.45993446373956,30,70.99116635322571,30,4.948664482124652
3957,334,83,11,6,12.529964086141668,148.45993446373956,30,70.99116635322571,30,4.948664482124652
3958,361,69,27,-14,30.4138126514911,148.45993446373956,30,70.99116635322571,30,4.948664482124652
3959,318,61,-43,-8,43.73785545725808,148.45993446373956,30,70.99116635322571,30,4.948664482124652
3960,337,65,19,4,19.4164878389476,148.45993446373956,30,70.99116635322571,30,4.948664482124652
3961,356,76,19,11,21.95449840010015,148.45993446373956,30,70.99116635322571,30,4.948664482124652
3962,314,83,-42,7,42.579337712087536,148.45993446373956,30,70.99116635322571,30,4.948664482124652
3963,352,71,38,-12,39.84971769034255,148.45993446373956,30,70.99116635322571,30,4.948664482124652
3964,347,61,-5,-10,11.180339887498949,148.45993446373956,30,70.99116635322571,30,4.948664482124652
3965,314,65,-33,4,33.24154027718932,148.45993446373956,30,70.99116635322571,30,4.948664482124652
3966,360,74,46,9,46.87216658103186,148.45993446373956,30,70.99116635322571,30,4.948664482124652
3967,332,84,-28,10,29.732137494637012,148.45993446373956,30,70.99116635322571,30,4.948664482124652
3968,322,72,-10,-12,15.620499351813308,148.45993446373956,30,70.99116635322571,30,4.948664482124652
3969,363,61,41,-11,42.44997055358225,148.45993446373956,30,70.99116635322571,30,4.948664482124652
3970,324,65,-39,4,39.20459156782532,148.45993446373956,30,70.99116635322571,30,4.948664482124652
3971,331,73,7,8,10.63014581273465,148.45993446373956,30,70.99116635322571,30,4.948664482124652
3972,361,83,30,10,31.622776601683793,148.45993446373956,30,70.99116635322571,30,4.948664482124652
3973,316,76,-45,-7,45.5411901469428,148.45993446373956,30,70.99116635322571,30,4.948664482124652
3974,340,61,24,-15,28.30194339616981,148.45993446373956,30,70.99116635322571,30,4.948664482124652
3975,355,64,15,3,15.297058540778355,148.45993446373956,30,70.99116635322571,30,4.948664482124652
3976,313,71,-42,7,42.579337712087536,148.45993446373956,30,70.99116635322571,30,4.948664482124652
3977,355,81,42,10,43.174066289845804,148.45993446373956,30,70.99116635322571,30,4.948664482124652
3978,343,78,-12,-3,12.36931687685298,148.45993446373956,30,70.99116635322571,30,4.948664482124652
3979,313,62,-30,-16,34.0,148.45993446373956,30,70.99116635322571,30,4.948664482124652
3980,361,62,48,0,48.0,148.45993446373956,30,70.99116635322571,30,4.948664482124652
3981,334,71,-27,9,28.460498941515414,148.45993446373956,30,70.99116635322571,30,4.948664482124652
3982,314,81,-20,10,22.360679774997898,148.45993446373956,30,70.99116635322571,30,4.948664482124652
3983,352,80,38,-1,38.01315561749642,148.45993446373956,30,70.99116635322571,30,4.948664482124652
3984,356,64,4,-16,16.492422502470642,148.45993446373956,30,70.99116635322571,30,4.948664482124652
3985,321,63,-35,-1,35.014282800023196,148.45993446373956,30,70.99116635322571,30,4.948664482124652
3986,329,69,8,6,10.0,148.45993446373956,30,70.99116635322571,30,4.948664482124652
3987,355,79,26,10,27.85677655436824,148.45993446373956,30,70.99116635322571,30,4.948664482124652
3988,338,81,-17,2,17.11724276862369,148.45993446373956,30,70.99116635322571,30,4.948664482124652
3989,325,66,-13,-15,19.849433241279208,148.45993446373956,30,70.99116635322571,30,4.948664482124652
3990,341,62,16,-4,16.492422502470642,148.45993446373956,30,70.99116635322571,30,4.948664482124652
3991,346,68,5,6,7.810249675906654,148.45993446373956,30,70.99116635322571,30,4.948664482124652
3992,331,78,-15,10,18.027756377319946,148.45993446373956,30,70.99116635322571,30,4.948664482124652
3993,337,82,6,4,7.211102550927978,148.45993446373956,30,70.99116635322571,30,4.948664482124652
3994,345,67,8,-15,17.0,148.45993446373956,30,70.99116635322571,30,4.948664482124652
3995,336,61,-9,-6,10.816653826391969,148.45993446373956,30,70.99116635322571,30,4.948664482124652
3996,333,67,-3,6,6.708203932499369,148.45993446373956,30,70.99116635322571,30,4.948664482124652
3997,343,77,10,10,14.142135623730951,148.45993446373956,30,70.99116635322571,30,4.948664482124652
3998,340,83,-3,6,6.708203932499369,148.45993446373956,30,70.99116635322571,30,4.948664482124652
3999,334,70,-6,-13,14.317821063276353,148.45993446373956,30,70.99116635322571,30,4.948664482124652
4000,338,61,4,-9,9.848857801796104,148.45993446373956,30,70.99116635322571,30,4.948664482124652
4001,341,66,3,5,5.830951894845301,148.45993446373956,30,70.99116635322571,30,4.948664482124652
4002,335,75,-6,9,10.816653826391969,148.45993446373956,30,70.99116635322571,30,4.948664482124652
4003,337,83,2,8,8.246211251235321,148.45993446373956,30,70.99116635322571,30,4.948664482124652
4004,341,72,4,-11,11.704699910719626,148.45993446373956,30,70.99116635322571,30,4.948664482124652
4005,339,61,-2,-11,11.180339887498949,148.45993446373956,30,70.99116635322571,30,4.948664482124652
4006,335,65,-4,4,5.656854249492381,148.45993446373956,30,70.99116635322571,30,4.948664482124652
4007,338,74,3,9,9.486832980505138,148.45993446373956,30,70.99116635322571,30,4.948664482124652
4008,342,83,4,9,9.848857801796104,148.45993446373956,30,70.99116635322571,30,4.948664482124652
4009,338,74,-4,-9,9.848857801796104,148.45993446373956,30,70.99116635322571,30,4.948664482124652
4010,335,62,-3,-12,12.36931687685298,148.45993446373956,30,70.99116635322571,30,4.948664482124652
4011,338,64,3,2,3.605551275463989,148.45993446373956,30,70.99116635322571,30,4.948664482124652
4012,340,73,2,9,9.219544457292887,148.45993446373956,30,70.99116635322571,30,4.948664482124652
4013,338,82,-2,9,9.219544457292887,148.45993446373956,30,70.99116635322571,30,4.948664482124652
4014,336,76,-2,-6,6.324555320336759,148.45993446373956,30,70.99116635322571,30,4.948664482124652
4015,339,62,3,-14,14.317821063276353,148.45993446373956,30,70.99116635322571,30,4.948664482124652
4016,340,64,1,2,2.23606797749979,148.45993446373956,30,70.99116635322571,30,4.948664482124652
4017,335,72,-5,8,9.433981132056603,148.45993446373956,30,70.99116635322571,30,4.948664482124652
4018,337,81,2,9,9.219544457292887,148.45993446373956,30,70.99116635322571,30,4.948664482124652
4019,341,78,4,-3,5.0,148.45993446373956,30,70.99116635322571,30,4.948664482124652
4020,338,63,-3,-15,15.297058540778355,148.45993446373956,30,70.99116635322571,30,4.948664482124652
4021,335,63,-3,0,3.0,148.45993446373956,30,70.99116635322571,30,4.948664482124652
4022,338,70,3,7,7.615773105863909,148.45993446373956,30,70.99116635322571,30,4.948664482124652
4023,341,80,3,10,10.44030650891055,148.45993446373956,30,70.99116635322571,30,4.948664482124652
4024,338,80,-3,0,3.0,148.45993446373956,30,70.99116635322571,30,4.948664482124652
4025,336,65,-2,-15,15.132745950421556,148.45993446373956,30,70.99116635322571,30,4.948664482124652
4026,339,62,3,-3,4.242640687119285,148.45993446373956,30,70.99116635322571,30,4.948664482124652
4027,338,69,-1,7,7.0710678118654755,148.45993446373956,30,70.99116635322571,30,4.948664482124652
4028,337,79,-1,10,10.04987562112089,148.45993446373956,30,70.99116635322571,30,4.948664482124652
4029,340,81,3,2,3.605551275463989,148.45993446373956,30,70.99116635322571,30,4.948664482124652
4030,339,66,-1,-15,15.033296378372908,148.45993446373956,30,70.99116635322571,30,4.948664482124652
4031,336,61,-3,-5,5.830951894845301,148.45993446373956,30,70.99116635322571,30,4.948664482124652
4032,338,68,2,7,7.280109889280518,148.45993446373956,30,70.99116635322571,30,4.948664482124652
4033,340,78,2,10,10.198039027185569,148.45993446373956,30,70.99116635322571,30,4.948664482124652
4034,338,82,-2,4,4.47213595499958,148.45993446373956,30,70.99116635322571,30,4.948664482124652
4035,337,68,-1,-14,14.035668847618199,148.45993446373956,30,70.99116635322571,30,4.948664482124652
4036,339,61,2,-7,7.280109889280518,148.45993446373956,30,70.99116635322571,30,4.948664482124652
4037,338,67,-1,6,6.082762530298219,148.45993446373956,30,70.99116635322571,30,4.948664482124652
4038,337,77,-1,10,10.04987562112089,148.45993446373956,30,70.99116635322571,30,4.948664482124652
4039,340,83,3,6,6.708203932499369,148.45993446373956,30,70.99116635322571,30,4.948664482124652
4040,339,70,-1,-13,13.038404810405298,148.45993446373956,30,70.99116635322571,30,4.948664482124652
4041,337,61,-2,-9,9.219544457292887,148.45993446373956,30,70.99116635322571,30,4.948664482124652
4042,337,66,0,5,5.0,148.45993446373956,30,70.99116635322571,30,4.948664482124652
4043,339,75,2,9,9.219544457292887,148.45993446373956,30,70.99116635322571,30,4.948664482124652
4044,339,84,0,9,9.0,148.45993446373956,30,70.99116635322571,30,4.948664482124652
4045,337,72,-2,-12,12.165525060596439,148.45993446373956,30,70.99116635322571,30,4.948664482124652
4046,338,61,1,-11,11.045361017187261,148.45993446373956,30,70.99116635322571,30,4.948664482124652
4047,338,65,0,4,4.0,148.45993446373956,30,70.99116635322571,30,4.948664482124652
4048,337,74,-1,9,9.055385138137417,148.45993446373956,30,70.99116635322571,30,4.948664482124652
4049,339,83,2,9,9.219544457292887,148.45993446373956,30,70.99116635322571,30,4.948664482124652
4050,339,75,0,-8,8.0,148.45993446373956,30,70.99116635322571,30,4.948664482124652
4051,338,62,-1,-13,13.038404810405298,148.45993446373956,30,70.99116635322571,30,4.948664482124652
4052,337,64,-1,2,2.23606797749979,148.45993446373956,30,70.99116635322571,30,4.948664482124652
4053,338,72,1,8,8.06225774829855,148.45993446373956,30,70.99116635322571,30,4.948664482124652
4054,339,82,1,10,10.04987562112089,148.45993446373956,30,70.99116635322571,30,4.948664482124652
4055,339,77,0,-5,5.0,148.45993446373956,30,70.99116635322571,30,4.948664482124652
4056,337,62,-2,-15,15.132745950421556,148.45993446373956,30,70.99116635322571,30,4.948664482124652
4057,338,63,1,1,1.4142135623730951,148.45993446373956,30,70.99116635322571,30,4.948664482124652
4058,338,71,0,8,8.0,148.45993446373956,30,70.99116635322571,30,4.948664482124652
4059,339,82,1,11,11.045361017187261,148.45993446373956,30,70.99116635322571,30,4.948664482124652
4060,339,79,0,-3,3.0,148.45993446373956,30,70.99116635322571,30,4.948664482124652
4061,338,63,-1,-16,16.0312195418814,148.45993446373956,30,70.99116635322571,30,4.948664482124652
4062,338,63,0,0,0.0,148.45993446373956,30,70.99116635322571,30,4.948664482124652
4063,337,70,-1,7,7.0710678118654755,148.45993446373956,30,70.99116635322571,30,4.948664482124652
4064,339,80,2,10,10.198039027185569,148.45993446373956,30,70.99116635322571,30,4.948664482124652
4065,339,81,0,1,1.0,148.45993446373956,30,70.99116635322571,30,4.948664482124652
4066,337,65,-2,-16,16.1245154965971,148.45993446373956,30,70.99116635322571,30,4.948664482124652
4067,337,62,0,-3,3.0,148.45993446373956,30,70.99116635322571,30,4.948664482124652
4068,338,69,1,7,7.0710678118654755,148.45993446373956,30,70.99116635322571,30,4.948664482124652
4069,338,79,0,10,10.0,148.45993446373956,30,70.99116635322571,30,4.948664482124652
4070,339,81,1,2,2.23606797749979,148.45993446373956,30,70.99116635322571,30,4.948664482124652
4071,338,67,-1,-14,14.035668847618199,148.45993446373956,30,70.99116635322571,30,4.948664482124652
4072,338,61,0,-6,6.0,148.45993446373956,30,70.99116635322571,30,4.948664482124652
4073,337,68,-1,7,7.0710678118654755,148.45993446373956,30,70.99116635322571,30,4.948664482124652
4074,338,78,1,10,10.04987562112089,148.45993446373956,30,70.99116635322571,30,4.948664482124652
4075,340,83,2,5,5.385164807134504,148.45993446373956,30,70.99116635322571,30,4.948664482124652
4076,338,68,-2,-15,15.132745950421556,148.45993446373956,30,70.99116635322571,30,4.948664482124652
4077,337,61,-1,-7,7.0710678118654755,148.45993446373956,30,70.99116635322571,30,4.948664482124652
4078,338,67,1,6,6.082762530298219,148.45993446373956,30,70.99116635322571,30,4.948664482124652
4079,338,76,0,9,9.0,148.45993446373956,30,70.99116635322571,30,4.948664482124652
4080,339,83,1,7,7.0710678118654755,148.45993446373956,30,70.99116635322571,30,4.948664482124652
4081,338,71,-1,-12,12.041594578792296,148.45993446373956,30,70.99116635322571,30,4.948664482124652
4082,338,61,0,-10,10.0,148.45993446373956,30,70.99116635322571,30,4.948664482124652
4083,337,66,-1,5,5.0990195135927845,148.45993446373956,30,70.99116635322571,30,4.948664482124652
4084,338,75,1,9,9.055385138137417,148.45993446373956,30,70.99116635322571,30,4.948664482124652
4085,339,83,1,8,8.06225774829855,148.45993446373956,30,70.99116635322571,30,4.948664482124652
4086,338,73,-1,-10,10.04987562112089,148.45993446373956,30,70.99116635322571,30,4.948664482124652
4087,337,61,-1,-12,12.041594578792296,148.45993446373956,30,70.99116635322571,30,4.948664482124652
4088,338,65,1,4,4.123105625617661,148.45993446373956,30,70.99116635322571,30,4.948664482124652
4089,338,73,0,8,8.0,148.45993446373956,30,70.99116635322571,30,4.948664482124652
4090,339,82,1,9,9.055385138137417,148.45993446373956,30,70.99116635322571,30,4.948664482124652
4091,339,75,0,-7,7.0,148.45993446373956,30,70.99116635322571,30,4.948664482124652
4092,338,62,-1,-13,13.038404810405298,148.45993446373956,30,70.99116635322571,30,4.948664482124652
4093,338,64,0,2,2.0,148.45993446373956,30,70.99116635322571,30,4.948664482124652
4094,338,72,0,8,8.0,148.45993446373956,30,70.99116635322571,30,4.948664482124652
4095,339,82,1,10,10.04987562112089,148.45993446373956,30,70.99116635322571,30,4.948664482124652
4096,338,77,-1,-5,5.0990195135927845,148.45993446373956,30,70.99116635322571,30,4.948664482124652
4097,338,63,0,-14,14.0,148.45993446373956,30,70.99116635322571,30,4.948664482124652
4098,338,63,0,0,0.0,148.45993446373956,30,70.99116635322571,30,4.948664482124652
4099,338,71,0,8,8.0,148.45993446373956,30,70.99116635322571,30,4.948664482124652
4100,339,80,1,9,9.055385138137417,148.45993446373956,30,70.99116635322571,30,4.948664482124652
4101,339,80,0,0,0.0,148.45993446373956,30,70.99116635322571,30,4.948664482124652
4102,338,64,-1,-16,16.0312195418814,148.45993446373956,30,70.99116635322571,30,4.948664482124652
4103,338,63,0,-1,1.0,148.45993446373956,30,70.99116635322571,30,4.948664482124652
4104,338,70,0,7,7.0,148.45993446373956,30,70.99116635322571,30,4.948664482124652
4105,339,79,1,9,9.055385138137417,148.45993446373956,30,70.99116635322571,30,4.948664482124652
4106,339,81,0,2,2.0,148.45993446373956,30,70.99116635322571,30,4.948664482124652
4107,338,65,-1,-16,16.0312195418814,148.45993446373956,30,70.99116635322571,30,4.948664482124652
4108,338,62,0,-3,3.0,148.45993446373956,30,70.99116635322571,30,4.948664482124652
4109,338,69,0,7,7.0,148.45993446373956,30,70.99116635322571,30,4.948664482124652
4110,339,78,1,9,9.055385138137417,148.45993446373956,30,70.99116635322571,30,4.948664482124652
4111,339,82,0,4,4.0,148.45993446373956,30,70.99116635322571,30,4.948664482124652
4112,338,67,-1,-15,15.033296378372908,148.45993446373956,30,70.99116635322571,30,4.948664482124652
4113,338,62,0,-5,5.0,148.45993446373956,30,70.99116635322571,30,4.948664482124652
4114,338,68,0,6,6.0,148.45993446373956,30,70.99116635322571,30,4.948664482124652
4115,338,77,0,9,9.0,148.45993446373956,30,70.99116635322571,30,4.948664482124652
4116,339,82,1,5,5.0990195135927845,148.45993446373956,30,70.99116635322571,30,4.948664482124652
4117,338,69,-1,-13,13.038404810405298,148.45993446373956,30,70.99116635322571,30,4.948664482124652
4118,337,61,-1,-8,8.06225774829855,148.45993446373956,30,70.99116635322571,30,4.948664482124652
4119,338,66,1,5,5.0990195135927845,148.45993446373956,30,70.99116635322571,30,4.948664482124652
4120,338,76,0,10,10.0,148.45993446373956,30,70.99116635322571,30,4.948664482124652
4121,339,83,1,7,7.0710678118654755,148.45993446373956,30,70.99116635322571,30,4.948664482124652
4122,338,71,-1,-12,12.041594578792296,148.45993446373956,30,70.99116635322571,30,4.948664482124652
4123,337,62,-1,-9,9.055385138137417,148.45993446373956,30,70.99116635322571,30,4.948664482124652
4124,338,66,1,4,4.123105625617661,148.45993446373956,30,70.99116635322571,30,4.948664482124652
4125,338,75,0,9,9.0,148.45993446373956,30,70.99116635322571,30,4.948664482124652
4126,339,83,1,8,8.06225774829855,148.45993446373956,30,70.99116635322571,30,4.948664482124652
4127,339,73,0,-10,10.0,148.45993446373956,30,70.99116635322571,30,4.948664482124652
4128,338,62,-1,-11,11.045361017187261,148.45993446373956,30,70.99116635322571,30,4.948664482124652
4129,338,64,0,2,2.0,148.45993446373956,30,70.99116635322571,30,4.948664482124652
4130,338,73,0,9,9.0,148.45993446373956,30,70.99116635322571,30,4.948664482124652
4131,339,82,1,9,9.055385138137417,148.45993446373956,30,70.99116635322571,30,4.948664482124652
4132,338,76,-1,-6,6.082762530298219,148.45993446373956,30,70.99116635322571,30,4.948664482124652
4133,337,62,-1,-14,14.035668847618199,148.45993446373956,30,70.99116635322571,30,4.948664482124652
4134,338,64,1,2,2.23606797749979,148.45993446373956,30,70.99116635322571,30,4.948664482124652
4135,338,72,0,8,8.0,148.45993446373956,30,70.99116635322571,30,4.948664482124652
4136,338,81,0,9,9.0,148.45993446373956,30,70.99116635322571,30,4.948664482124652
4137,339,78,1,-3,3.1622776601683795,148.45993446373956,30,70.99116635322571,30,4.948664482124652
4138,337,63,-2,-15,15.132745950421556,148.45993446373956,30,70.99116635322571,30,4.948664482124652
4139,338,63,1,0,1.0,148.45993446373956,30,70.99116635322571,30,4.948664482124652
4140,338,71,0,8,8.0,148.45993446373956,30,70.99116635322571,30,4.948664482124652
4141,338,81,0,10,10.0,148.45993446373956,30,70.99116635322571,30,4.948664482124652
4142,339,80,1,-1,1.4142135623730951,148.45993446373956,30,70.99116635322571,30,4.948664482124652
4143,338,64,-1,-16,16.0312195418814,148.45993446373956,30,70.99116635322571,30,4.948664482124652
4144,338,63,0,-1,1.0,148.45993446373956,30,70.99116635322571,30,4.948664482124652
4145,338,70,0,7,7.0,148.45993446373956,30,70.99116635322571,30,4.948664482124652
4146,339,79,1,9,9.055385138137417,148.45993446373956,30,70.99116635322571,30,4.948664482124652
4147,339,81,0,2,2.0,148.45993446373956,30,70.99116635322571,30,4.948664482124652
4148,338,66,-1,-15,15.033296378372908,148.45993446373956,30,70.99116635322571,30,4.948664482124652
4149,338,62,0,-4,4.0,148.45993446373956,30,70.99116635322571,30,4.948664482124652
4150,338,68,0,6,6.0,148.45993446373956,30,70.99116635322571,30,4.948664482124652
4151,339,78,1,10,10.04987562112089,148.45993446373956,30,70.99116635322571,30,4.948664482124652
4152,339,82,0,4,4.0,148.45993446373956,30,70.99116635322571,30,4.948664482124652
4153,338,67,-1,-15,15.033296378372908,148.45993446373956,30,70.99116635322571,30,4.948664482124652
4154,337,61,-1,-6,6.082762530298219,148.45993446373956,30,70.99116635322571,30,4.948664482124652
4155,338,67,1,6,6.082762530298219,148.45993446373956,30,70.99116635322571,30,4.948664482124652
4156,338,77,0,10,10.0,148.45993446373956,30,70.99116635322571,30,4.948664482124652
4157,339,83,1,6,6.082762530298219,148.45993446373956,30,70.99116635322571,30,4.948664482124652
4158,338,70,-1,-13,13.038404810405298,148.45993446373956,30,70.99116635322571,30,4.948664482124652
4159,337,61,-1,-9,9.055385138137417,148.45993446373956,30,70.99116635322571,30,4.948664482124652
4160,338,66,1,5,5.0990195135927845,148.45993446373956,30,70.99116635322571,30,4.948664482124652
4161,338,75,0,9,9.0,148.45993446373956,30,70.99116635322571,30,4.948664482124652
4162,339,83,1,8,8.06225774829855,148.45993446373956,30,70.99116635322571,30,4.948664482124652
4163,338,72,-1,-11,11.045361017187261,148.45993446373956,30,70.99116635322571,30,4.948664482124652
4164,337,62,-1,-10,10.04987562112089,148.45993446373956,30,70.99116635322571,30,4.948664482124652
4165,337,65,0,3,3.0,148.45993446373956,30,70.99116635322571,30,4.948664482124652
4166,338,74,1,9,9.055385138137417,148.45993446373956,30,70.99116635322571,30,4.948664482124652
4167,339,83,1,9,9.055385138137417,148.45993446373956,30,70.99116635322571,30,4.948664482124652
4168,339,74,0,-9,9.0,148.45993446373956,30,70.99116635322571,30,4.948664482124652
4169,337,62,-2,-12,12.165525060596439,148.45993446373956,30,70.99116635322571,30,4.948664482124652
4170,338,64,1,2,2.23606797749979,148.45993446373956,30,70.99116635322571,30,4.948664482124652
4171,338,73,0,9,9.0,148.45993446373956,30,70.99116635322571,30,4.948664482124652
4172,328,83,-10,10,14.142135623730951,148.45993446373956,30,70.99116635322571,30,4.948664482124652
4173,324,76,-4,-7,8.06225774829855,148.45993446373956,30,70.99116635322571,30,4.948664482124652
4174,371,62,47,-14,49.040799340956916,148.45993446373956,30,70.99116635322571,30,4.948664482124652
4175,335,64,-36,2,36.05551275463989,148.45993446373956,30,70.99116635322571,30,4.948664482124652
4176,299,71,-36,7,36.6742416417845,148.45993446373956,30,70.99116635322571,30,4.948664482124652
4177,379,81,80,10,80.62257748298549,148.45993446373956,30,70.99116635322571,30,4.948664482124652
4178,342,80,-37,-1,37.013511046643494,148.45993446373956,30,70.99116635322571,30,4.948664482124652
4179,293,63,-49,-17,51.86520991955976,148.45993446373956,30,70.99116635322571,30,4.948664482124652
4180,366,61,73,-2,73.02739212103907,148.45993446373956,30,70.99116635322571,30,4.948664482124652
4181,344,71,-22,10,24.166091947189145,148.45993446373956,30,70.99116635322571,30,4.948664482124652
4182,311,79,-33,8,33.95585369269929,148.45993446373956,30,70.99116635322571,30,4.948664482124652
4183,364,80,53,1,53.009433122794285,148.45993446373956,30,70.99116635322571,30,4.948664482124652
4184,336,65,-28,-15,31.76476034853718,148.45993446373956,30,70.99116635322571,30,4.948664482124652
4185,319,61,-17,-4,17.46424919657298,148.45993446373956,30,70.99116635322571,30,4.948664482124652
4186,360,69,41,8,41.773197148410844,148.45993446373956,30,70.99116635322571,30,4.948664482124652
4187,324,79,-36,10,37.36308338453881,148.45993446373956,30,70.99116635322571,30,4.948664482124652
4188,335,81,11,2,11.180339887498949,148.45993446373956,30,70.99116635322571,30,4.948664482124652
4189,362,66,27,-15,30.886890422961002,148.45993446373956,30,70.99116635322571,30,4.948664482124652
4190,313,63,-49,-3,49.09175083453431,148.45993446373956,30,70.99116635322571,30,4.948664482124652
4191,340,67,27,4,27.294688127912362,148.45993446373956,30,70.99116635322571,30,4.948664482124652
4192,362,77,22,10,24.166091947189145,148.45993446373956,30,70.99116635322571,30,4.948664482124652
4193,305,82,-57,5,57.21887800367987,148.45993446373956,30,70.99116635322571,30,4.948664482124652
4194,344,67,39,-15,41.78516483155236,148.45993446373956,30,70.99116635322571,30,4.948664482124652
4195,367,61,23,-6,23.769728648009426,148.45993446373956,30,70.99116635322571,30,4.948664482124652
4196,302,67,-65,6,65.27633568147036,148.45993446373956,30,70.99116635322571,30,4.948664482124652
4197,348,75,46,8,46.69047011971501,148.45993446373956,30,70.99116635322571,30,4.948664482124652
4198,359,83,11,8,13.601470508735444,148.45993446373956,30,70.99116635322571,30,4.948664482124652
4199,305,70,-54,-13,55.54277630799526,148.45993446373956,30,70.99116635322571,30,4.948664482124652
4200,349,60,44,-10,45.12205669071391,148.45993446373956,30,70.99116635322571,30,4.948664482124652
4201,353,66,4,6,7.211102550927978,148.45993446373956,30,70.99116635322571,30,4.948664482124652
4202,310,75,-43,9,43.93176527297759,148.45993446373956,30,70.99116635322571,30,4.948664482124652
4203,361,83,51,8,51.62363799656123,148.45993446373956,30,70.99116635322571,30,4.948664482124652
4204,344,73,-17,-10,19.72308292331602,148.45993446373956,30,70.99116635322571,30,4.948664482124652
4205,308,61,-36,-12,37.94733192202055,148.45993446373956,30,70.99116635322571,30,4.948664482124652
4206,363,64,55,3,55.08175741568164,148.45993446373956,30,70.99116635322571,30,4.948664482124652
4207,335,74,-28,10,29.732137494637012,148.45993446373956,30,70.99116635322571,30,4.948664482124652
4208,317,82,-18,8,19.697715603592208,148.45993446373956,30,70.99116635322571,30,4.948664482124652
4209,368,74,51,-8,51.62363799656123,148.45993446373956,30,70.99116635322571,30,4.948664482124652
4210,330,62,-38,-12,39.84971769034255,148.45993446373956,30,70.99116635322571,30,4.948664482124652
4211,316,63,-14,1,14.035668847618199,148.45993446373956,30,70.99116635322571,30,4.948664482124652
4212,369,72,53,9,53.75872022286245,148.45993446373956,30,70.99116635322571,30,4.948664482124652
4213,321,82,-48,10,49.03060268852505,148.45993446373956,30,70.99116635322571,30,4.948664482124652
4214,325,76,4,-6,7.211102550927978,148.45993446373956,30,70.99116635322571,30,4.948664482124652
4215,372,63,47,-13,48.76474136094644,148.45993446373956,30,70.99116635322571,30,4.948664482124652
4216,317,64,-55,1,55.00909015790027,148.45993446373956,30,70.99116635322571,30,4.948664482124652
4217,329,71,12,7,13.892443989449804,148.45993446373956,30,70.99116635322571,30,4.948664482124652
4218,368,81,39,10,40.26164427839479,148.45993446373956,30,70.99116635322571,30,4.948664482124652
4219,313,79,-55,-2,55.036351623268054,148.45993446373956,30,70.99116635322571,30,4.948664482124652
4220,333,63,20,-16,25.612496949731394,148.45993446373956,30,70.99116635322571,30,4.948664482124652
4221,366,63,33,0,33.0,148.45993446373956,30,70.99116635322571,30,4.948664482124652
4222,310,70,-56,7,56.43580423808985,148.45993446373956,30,70.99116635322571,30,4.948664482124652
4223,345,79,35,9,36.138621999185304,148.45993446373956,30,70.99116635322571,30,4.948664482124652
4224,358,80,13,1,13.038404810405298,148.45993446373956,30,70.99116635322571,30,4.948664482124652
4225,306,65,-52,-15,54.120236510939236,148.45993446373956,30,70.99116635322571,30,4.948664482124652
4226,349,61,43,-4,43.18564576337837,148.45993446373956,30,70.99116635322571,30,4.948664482124652
4227,354,69,5,8,9.433981132056603,148.45993446373956,30,70.99116635322571,30,4.948664482124652
4228,308,78,-46,9,46.87216658103186,148.45993446373956,30,70.99116635322571,30,4.948664482124652
4229,359,81,51,3,51.088159097779204,148.45993446373956,30,70.99116635322571,30,4.948664482124652
4230,349,67,-10,-14,17.204650534085253,148.45993446373956,30,70.99116635322571,30,4.948664482124652
4231,306,61,-43,-6,43.41658669218482,148.45993446373956,30,70.99116635322571,30,4.948664482124652
4232,362,67,56,6,56.32051136131489,148.45993446373956,30,70.99116635322571,30,4.948664482124652
4233,339,77,-23,10,25.079872407968907,148.45993446373956,30,70.99116635322571,30,4.948664482124652
4234,313,81,-26,4,26.30589287593181,148.45993446373956,30,70.99116635322571,30,4.948664482124652
4235,366,68,53,-13,54.57105459856901,148.45993446373956,30,70.99116635322571,30,4.948664482124652
4236,336,62,-30,-6,30.59411708155671,148.45993446373956,30,70.99116635322571,30,4.948664482124652
4237,311,66,-25,4,25.317977802344327,148.45993446373956,30,70.99116635322571,30,4.948664482124652
4238,370,75,59,9,59.682493245507096,148.45993446373956,30,70.99116635322571,30,4.948664482124652
4239,328,83,-42,8,42.7551166528639,148.45993446373956,30,70.99116635322571,30,4.948664482124652
4240,312,69,-16,-14,21.2602916254693,148.45993446373956,30,70.99116635322571,30,4.948664482124652
4241,372,61,60,-8,60.530983801686226,148.45993446373956,30,70.99116635322571,30,4.948664482124652
4242,326,66,-46,5,46.2709412050371,148.45993446373956,30,70.99116635322571,30,4.948664482124652
4243,318,74,-8,8,11.313708498984761,148.45993446373956,30,70.99116635322571,30,4.948664482124652
4244,373,82,55,8,55.57877292636101,148.45993446373956,30,70.99116635322571,30,4.948664482124652
4245,322,74,-51,-8,51.62363799656123,148.45993446373956,30,70.99116635322571,30,4.948664482124652
4246,316,60,-6,-14,15.231546211727817,148.45993446373956,30,70.99116635322571,30,4.948664482124652
4247,372,64,56,4,56.142675390472796,148.45993446373956,30,70.99116635322571,30,4.948664482124652
4248,318,73,-54,9,54.74486277268398,148.45993446373956,30,70.99116635322571,30,4.948664482124652
4249,329,82,11,9,14.212670403551895,148.45993446373956,30,70.99116635322571,30,4.948664482124652
4250,371,75,42,-7,42.579337712087536,148.45993446373956,30,70.99116635322571,30,4.948664482124652
4251,315,63,-56,-12,57.271284253105414,148.45993446373956,30,70.99116635322571,30,4.948664482124652
4252,328,63,13,0,13.0,148.45993446373956,30,70.99116635322571,30,4.948664482124652
4253,368,72,40,9,41.0,148.45993446373956,30,70.99116635322571,30,4.948664482124652
4254,311,82,-57,10,57.87054518492115,148.45993446373956,30,70.99116635322571,30,4.948664482124652
4255,337,77,26,-5,26.476404589747453,148.45993446373956,30,70.99116635322571,30,4.948664482124652
4256,369,63,32,-14,34.92849839314596,148.45993446373956,30,70.99116635322571,30,4.948664482124652
4257,307,64,-62,1,62.00806399170998,148.45993446373956,30,70.99116635322571,30,4.948664482124652
4258,341,70,34,6,34.52535300326414,148.45993446373956,30,70.99116635322571,30,4.948664482124652
4259,364,80,23,10,25.079872407968907,148.45993446373956,30,70.99116635322571,30,4.948664482124652
4260,306,80,-58,0,58.0,148.45993446373956,30,70.99116635322571,30,4.948664482124652
4261,341,63,35,-17,38.91015291668744,148.45993446373956,30,70.99116635322571,30,4.948664482124652
4262,365,62,24,-1,24.020824298928627,148.45993446373956,30,70.99116635322571,30,4.948664482124652
4263,304,70,-61,8,61.5223536610881,148.45993446373956,30,70.99116635322571,30,4.948664482124652
4264,351,79,47,9,47.853944456021594,148.45993446373956,30,70.99116635322571,30,4.948664482124652
4265,357,81,6,2,6.324555320336759,148.45993446373956,30,70.99116635322571,30,4.948664482124652
4266,303,66,-54,-15,56.04462507680822,148.45993446373956,30,70.99116635322571,30,4.948664482124652
4267,351,61,48,-5,48.25971404805462,148.45993446373956,30,70.99116635322571,30,4.948664482124652
4268,355,68,4,7,8.06225774829855,148.45993446373956,30,70.99116635322571,30,4.948664482124652
4269,306,78,-49,10,50.00999900019995,148.45993446373956,30,70.99116635322571,30,4.948664482124652
4270,360,82,54,4,54.147945482723536,148.45993446373956,30,70.99116635322571,30,4.948664482124652
4271,352,68,-8,-14,16.1245154965971,148.45993446373956,30,70.99116635322571,30,4.948664482124652
4272,302,61,-50,-7,50.48762224545735,148.45993446373956,30,70.99116635322571,30,4.948664482124652
4273,361,67,59,6,59.30430001273095,148.45993446373956,30,70.99116635322571,30,4.948664482124652
4274,343,76,-18,9,20.12461179749811,148.45993446373956,30,70.99116635322571,30,4.948664482124652
4275,309,82,-34,6,34.52535300326414,148.45993446373956,30,70.99116635322571,30,4.948664482124652
4276,364,69,55,-13,56.515484603779164,148.45993446373956,30,70.99116635322571,30,4.948664482124652
4277,344,61,-20,-8,21.540659228538015,148.45993446373956,30,70.99116635322571,30,4.948664482124652
4278,306,65,-38,4,38.2099463490856,148.45993446373956,30,70.99116635322571,30,4.948664482124652
4279,368,75,62,10,62.80127387243033,148.45993446373956,30,70.99116635322571,30,4.948664482124652
4280,334,83,-34,8,34.92849839314596,148.45993446373956,30,70.99116635322571,30,4.948664482124652
4281,309,71,-25,-12,27.730849247724095,148.45993446373956,30,70.99116635322571,30,4.948664482124652
4282,369,60,60,-11,61.0,148.45993446373956,30,70.99116635322571,30,4.948664482124652
4283,332,65,-37,5,37.33630940518894,148.45993446373956,30,70.99116635322571,30,4.948664482124652
4284,314,73,-18,8,19.697715603592208,148.45993446373956,30,70.99116635322571,30,4.948664482124652
4285,371,82,57,9,57.706152185014034,148.45993446373956,30,70.99116635322571,30,4.948664482124652
4286,327,75,-44,-7,44.553338819890925,148.45993446373956,30,70.99116635322571,30,4.948664482124652
4287,310,60,-17,-15,22.67156809750927,148.45993446373956,30,70.99116635322571,30,4.948664482124652
4288,374,64,64,4,64.1248781675256,148.45993446373956,30,70.99116635322571,30,4.948664482124652
4289,322,73,-52,9,52.773099207835045,148.45993446373956,30,70.99116635322571,30,4.948664482124652
4290,320,81,-2,8,8.246211251235321,148.45993446373956,30,70.99116635322571,30,4.948664482124652
4291,375,76,55,-5,55.226805085936306,148.45993446373956,30,70.99116635322571,30,4.948664482124652
4292,324,63,-51,-13,52.630789467763066,148.45993446373956,30,70.99116635322571,30,4.948664482124652
4293,312,62,-12,-1,12.041594578792296,148.45993446373956,30,70.99116635322571,30,4.948664482124652
4294,375,71,63,9,63.63961030678928,148.45993446373956,30,70.99116635322571,30,4.948664482124652
4295,319,81,-56,10,56.88585061331157,148.45993446373956,30,70.99116635322571,30,4.948664482124652
4296,319,78,0,-3,3.0,148.45993446373956,30,70.99116635322571,30,4.948664482124652
4297,375,63,56,-15,57.97413216254298,148.45993446373956,30,70.99116635322571,30,4.948664482124652
4298,321,64,-54,1,54.00925846556311,148.45993446373956,30,70.99116635322571,30,4.948664482124652
4299,318,69,-3,5,5.830951894845301,148.45993446373956,30,70.99116635322571,30,4.948664482124652
4300,374,79,56,10,56.88585061331157,148.45993446373956,30,70.99116635322571,30,4.948664482124652
4301,318,81,-56,2,56.0357029044876,148.45993446373956,30,70.99116635322571,30,4.948664482124652
4302,317,64,-1,-17,17.029386365926403,148.45993446373956,30,70.99116635322571,30,4.948664482124652
4303,375,62,58,-2,58.034472514187634,148.45993446373956,30,70.99116635322571,30,4.948664482124652
4304,315,70,-60,8,60.530983801686226,148.45993446373956,30,70.99116635322571,30,4.948664482124652
4305,328,78,13,8,15.264337522473747,148.45993446373956,30,70.99116635322571,30,4.948664482124652
4306,372,81,44,3,44.10215414239989,148.45993446373956,30,70.99116635322571,30,4.948664482124652
4307,316,67,-56,-14,57.723478758647246,148.45993446373956,30,70.99116635322571,30,4.948664482124652
4308,321,60,5,-7,8.602325267042627,148.45993446373956,30,70.99116635322571,30,4.948664482124652
4309,374,68,53,8,53.600373133029585,148.45993446373956,30,70.99116635322571,30,4.948664482124652
4310,311,78,-63,10,63.788713735268246,148.45993446373956,30,70.99116635322571,30,4.948664482124652
4311,334,82,23,4,23.345235059857504,148.45993446373956,30,70.99116635322571,30,4.948664482124652
4312,373,67,39,-15,41.78516483155236,148.45993446373956,30,70.99116635322571,30,4.948664482124652
4313,312,61,-61,-6,61.29437168288782,148.45993446373956,30,70.99116635322571,30,4.948664482124652
4314,328,66,16,5,16.76305461424021,148.45993446373956,30,70.99116635322571,30,4.948664482124652
4315,372,76,44,10,45.12205669071391,148.45993446373956,30,70.99116635322571,30,4.948664482124652
4316,309,83,-63,7,63.387695966961914,148.45993446373956,30,70.99116635322571,30,4.948664482124652
4317,330,70,21,-13,24.698178070456937,148.45993446373956,30,70.99116635322571,30,4.948664482124652
4318,374,61,44,-9,44.91102314577124,148.45993446373956,30,70.99116635322571,30,4.948664482124652
4319,308,66,-66,5,66.18912297349165,148.45993446373956,30,70.99116635322571,30,4.948664482124652
4320,335,74,27,8,28.160255680657446,148.45993446373956,30,70.99116635322571,30,4.948664482124652
4321,369,83,34,9,35.17101079013795,148.45993446373956,30,70.99116635322571,30,4.948664482124652
4322,308,73,-61,-10,61.814237842102365,148.45993446373956,30,70.99116635322571,30,4.948664482124652
4323,330,60,22,-13,25.553864678361276,148.45993446373956,30,70.99116635322571,30,4.948664482124652
4324,372,65,42,5,42.2965719651132,148.45993446373956,30,70.99116635322571,30,4.948664482124652
4325,305,74,-67,9,67.60177512462228,148.45993446373956,30,70.99116635322571,30,4.948664482124652
4326,344,83,39,9,40.024992192379,148.45993446373956,30,70.99116635322571,30,4.948664482124652
4327,368,75,24,-8,25.298221281347036,148.45993446373956,30,70.99116635322571,30,4.948664482124652
4328,306,62,-62,-13,63.34824385884742,148.45993446373956,30,70.99116635322571,30,4.948664482124652
4329,337,63,31,1,31.016124838541646,148.45993446373956,30,70.99116635322571,30,4.948664482124652
4330,368,72,31,9,32.28002478313795,148.45993446373956,30,70.99116635322571,30,4.948664482124652
4331,304,82,-64,10,64.77653896280658,148.45993446373956,30,70.99116635322571,30,4.948664482124652
4332,345,77,41,-5,41.30375285612676,148.45993446373956,30,70.99116635322571,30,4.948664482124652
4333,368,63,23,-14,26.92582403567252,148.45993446373956,30,70.99116635322571,30,4.948664482124652
4334,303,63,-65,0,65.0,148.45993446373956,30,70.99116635322571,30,4.948664482124652
4335,344,70,41,7,41.593268686170845,148.45993446373956,30,70.99116635322571,30,4.948664482124652
4336,363,81,19,11,21.95449840010015,148.45993446373956,30,70.99116635322571,30,4.948664482124652
4337,304,80,-59,-1,59.00847396772772,148.45993446373956,30,70.99116635322571,30,4.948664482124652
4338,342,63,38,-17,41.6293165929973,148.45993446373956,30,70.99116635322571,30,4.948664482124652
4339,367,62,25,-1,25.019992006393608,148.45993446373956,30,70.99116635322571,30,4.948664482124652
4340,301,70,-66,8,66.48308055437865,148.45993446373956,30,70.99116635322571,30,4.948664482124652
4341,353,79,52,9,52.773099207835045,148.45993446373956,30,70.99116635322571,30,4.948664482124652
4342,360,81,7,2,7.280109889280518,148.45993446373956,30,70.99116635322571,30,4.948664482124652
4343,302,65,-58,-16,60.166435825965294,148.45993446373956,30,70.99116635322571,30,4.948664482124652
4344,346,61,44,-4,44.181444068749045,148.45993446373956,30,70.99116635322571,30,4.948664482124652
4345,362,69,16,8,17.88854381999832,148.45993446373956,30,70.99116635322571,30,4.948664482124652
4346,301,78,-61,9,61.66036003787198,148.45993446373956,30,70.99116635322571,30,4.948664482124652
4347,357,82,56,4,56.142675390472796,148.45993446373956,30,70.99116635322571,30,4.948664482124652
4348,360,67,3,-15,15.297058540778355,148.45993446373956,30,70.99116635322571,30,4.948664482124652
4349,300,61,-60,-6,60.29925372672534,148.45993446373956,30,70.99116635322571,30,4.948664482124652
4350,352,66,52,5,52.23983154643591,148.45993446373956,30,70.99116635322571,30,4.948664482124652
4351,356,77,4,11,11.704699910719626,148.45993446373956,30,70.99116635322571,30,4.948664482124652
4352,303,82,-53,5,53.23532661682466,148.45993446373956,30,70.99116635322571,30,4.948664482124652
4353,355,68,52,-14,53.85164807134504,148.45993446373956,30,70.99116635322571,30,4.948664482124652
4354,359,61,4,-7,8.06225774829855,148.45993446373956,30,70.99116635322571,30,4.948664482124652
4355,299,66,-60,5,60.207972893961475,148.45993446373956,30,70.99116635322571,30,4.948664482124652
4356,360,75,61,9,61.66036003787198,148.45993446373956,30,70.99116635322571,30,4.948664482124652
4357,350,83,-10,8,12.806248474865697,148.45993446373956,30,70.99116635322571,30,4.948664482124652
4358,302,71,-48,-12,49.47726750741192,148.45993446373956,30,70.99116635322571,30,4.948664482124652
4359,355,60,53,-11,54.12947441089743,148.45993446373956,30,70.99116635322571,30,4.948664482124652
4360,355,65,0,5,5.0,148.45993446373956,30,70.99116635322571,30,4.948664482124652
4361,300,73,-55,8,55.57877292636101,148.45993446373956,30,70.99116635322571,30,4.948664482124652
4362,366,82,66,9,66.61080993352356,148.45993446373956,30,70.99116635322571,30,4.948664482124652
4363,348,74,-18,-8,19.697715603592208,148.45993446373956,30,70.99116635322571,30,4.948664482124652
4364,301,61,-47,-13,48.76474136094644,148.45993446373956,30,70.99116635322571,30,4.948664482124652
4365,360,64,59,3,59.07622195096772,148.45993446373956,30,70.99116635322571,30,4.948664482124652
4366,347,73,-13,9,15.811388300841896,148.45993446373956,30,70.99116635322571,30,4.948664482124652
4367,305,82,-42,9,42.95346318982906,148.45993446373956,30,70.99116635322571,30,4.948664482124652
4368,366,75,61,-7,61.40032573203501,148.45993446373956,30,70.99116635322571,30,4.948664482124652
4369,348,61,-18,-14,22.80350850198276,148.45993446373956,30,70.99116635322571,30,4.948664482124652
4370,301,63,-47,2,47.042533945356304,148.45993446373956,30,70.99116635322571,30,4.948664482124652
4371,366,71,65,8,65.49045732013177,148.45993446373956,30,70.99116635322571,30,4.948664482124652
4372,339,82,-27,11,29.154759474226502,148.45993446373956,30,70.99116635322571,30,4.948664482124652
4373,306,77,-33,-5,33.37663853655727,148.45993446373956,30,70.99116635322571,30,4.948664482124652
4374,364,61,58,-16,60.166435825965294,148.45993446373956,30,70.99116635322571,30,4.948664482124652
4375,345,63,-19,2,19.1049731745428,148.45993446373956,30,70.99116635322571,30,4.948664482124652
4376,303,70,-42,7,42.579337712087536,148.45993446373956,30,70.99116635322571,30,4.948664482124652
4377,372,80,69,10,69.72087205421343,148.45993446373956,30,70.99116635322571,30,4.948664482124652
4378,336,81,-36,1,36.013886210738214,148.45993446373956,30,70.99116635322571,30,4.948664482124652
4379,304,63,-32,-18,36.71511950137164,148.45993446373956,30,70.99116635322571,30,4.948664482124652
4380,367,61,63,-2,63.0317380372777,148.45993446373956,30,70.99116635322571,30,4.948664482124652
4381,339,69,-28,8,29.120439557122072,148.45993446373956,30,70.99116635322571,30,4.948664482124652
4382,308,78,-31,9,32.28002478313795,148.45993446373956,30,70.99116635322571,30,4.948664482124652
4383,373,81,65,3,65.06919393998976,148.45993446373956,30,70.99116635322571,30,4.948664482124652
4384,336,66,-37,-15,39.92492955535426,148.45993446373956,30,70.99116635322571,30,4.948664482124652
4385,305,61,-31,-5,31.400636936215164,148.45993446373956,30,70.99116635322571,30,4.948664482124652
4386,370,67,65,6,65.27633568147036,148.45993446373956,30,70.99116635322571,30,4.948664482124652
4387,331,78,-39,11,40.52159917870962,148.45993446373956,30,70.99116635322571,30,4.948664482124652
4388,313,82,-18,4,18.439088914585774,148.45993446373956,30,70.99116635322571,30,4.948664482124652
4389,372,67,59,-15,60.876925020897694,148.45993446373956,30,70.99116635322571,30,4.948664482124652
4390,334,60,-38,-7,38.63935817272331,148.45993446373956,30,70.99116635322571,30,4.948664482124652
4391,308,66,-26,6,26.68332812825267,148.45993446373956,30,70.99116635322571,30,4.948664482124652
4392,374,76,66,10,66.75327707311455,148.45993446373956,30,70.99116635322571,30,4.948664482124652
4393,324,84,-50,8,50.635955604688654,148.45993446373956,30,70.99116635322571,30,4.948664482124652
4394,311,69,-13,-15,19.849433241279208,148.45993446373956,30,70.99116635322571,30,4.948664482124652
4395,372,60,61,-9,61.66036003787198,148.45993446373956,30,70.99116635322571,30,4.948664482124652
4396,329,66,-43,6,43.41658669218482,148.45993446373956,30,70.99116635322571,30,4.948664482124652
4397,313,74,-16,8,17.88854381999832,148.45993446373956,30,70.99116635322571,30,4.948664482124652
4398,376,84,63,10,63.788713735268246,148.45993446373956,30,70.99116635322571,30,4.948664482124652
4399,323,73,-53,-11,54.12947441089743,148.45993446373956,30,70.99116635322571,30,4.948664482124652
4400,311,60,-12,-13,17.69180601295413,148.45993446373956,30,70.99116635322571,30,4.948664482124652
4401,373,65,62,5,62.20128616033595,148.45993446373956,30,70.99116635322571,30,4.948664482124652
4402,323,74,-50,9,50.80354318352215,148.45993446373956,30,70.99116635322571,30,4.948664482124652
4403,320,82,-3,8,8.54400374531753,148.45993446373956,30,70.99116635322571,30,4.948664482124652
4404,375,74,55,-8,55.57877292636101,148.45993446373956,30,70.99116635322571,30,4.948664482124652
4405,323,62,-52,-12,53.36665625650534,148.45993446373956,30,70.99116635322571,30,4.948664482124652
4406,316,64,-7,2,7.280109889280518,148.45993446373956,30,70.99116635322571,30,4.948664482124652
4407,374,72,58,8,58.54912467321779,148.45993446373956,30,70.99116635322571,30,4.948664482124652
4408,317,83,-57,11,58.05170109479997,148.45993446373956,30,70.99116635322571,30,4.948664482124652
4409,323,76,6,-7,9.219544457292887,148.45993446373956,30,70.99116635322571,30,4.948664482124652
4410,374,61,51,-15,53.16013544000805,148.45993446373956,30,70.99116635322571,30,4.948664482124652
4411,319,63,-55,2,55.036351623268054,148.45993446373956,30,70.99116635322571,30,4.948664482124652
4412,321,70,2,7,7.280109889280518,148.45993446373956,30,70.99116635322571,30,4.948664482124652
4413,375,81,54,11,55.10898293381942,148.45993446373956,30,70.99116635322571,30,4.948664482124652
4414,313,80,-62,-1,62.00806399170998,148.45993446373956,30,70.99116635322571,30,4.948664482124652
4415,321,62,8,-18,19.697715603592208,148.45993446373956,30,70.99116635322571,30,4.948664482124652
4416,374,62,53,0,53.0,148.45993446373956,30,70.99116635322571,30,4.948664482124652
4417,315,70,-59,8,59.53990258641679,148.45993446373956,30,70.99116635322571,30,4.948664482124652
4418,329,80,14,10,17.204650534085253,148.45993446373956,30,70.99116635322571,30,4.948664482124652
4419,374,81,45,1,45.0111097397076,148.45993446373956,30,70.99116635322571,30,4.948664482124652
4420,312,65,-62,-16,64.03124237432849,148.45993446373956,30,70.99116635322571,30,4.948664482124652
4421,325,61,13,-4,13.601470508735444,148.45993446373956,30,70.99116635322571,30,4.948664482124652
4422,373,68,48,7,48.507731342539614,148.45993446373956,30,70.99116635322571,30,4.948664482124652
4423,310,79,-63,11,63.953107821277925,148.45993446373956,30,70.99116635322571,30,4.948664482124652
4424,334,81,24,2,24.08318915758459,148.45993446373956,30,70.99116635322571,30,4.948664482124652
4425,373,67,39,-14,41.43669871020132,148.45993446373956,30,70.99116635322571,30,4.948664482124652
4426,310,62,-63,-5,63.198101237299845,148.45993446373956,30,70.99116635322571,30,4.948664482124652
4427,330,67,20,5,20.615528128088304,148.45993446373956,30,70.99116635322571,30,4.948664482124652
4428,371,78,41,11,42.44997055358225,148.45993446373956,30,70.99116635322571,30,4.948664482124652
4429,307,83,-64,5,64.19501538281614,148.45993446373956,30,70.99116635322571,30,4.948664482124652
4430,333,67,26,-16,30.528675044947494,148.45993446373956,30,70.99116635322571,30,4.948664482124652
4431,372,60,39,-7,39.6232255123179,148.45993446373956,30,70.99116635322571,30,4.948664482124652
4432,307,67,-65,7,65.37583651472461,148.45993446373956,30,70.99116635322571,30,4.948664482124652
4433,337,76,30,9,31.32091952673165,148.45993446373956,30,70.99116635322571,30,4.948664482124652
4434,369,84,32,8,32.984845004941285,148.45993446373956,30,70.99116635322571,30,4.948664482124652
4435,305,71,-64,-13,65.30696746902278,148.45993446373956,30,70.99116635322571,30,4.948664482124652
4436,335,59,30,-12,32.31098884280702,148.45993446373956,30,70.99116635322571,30,4.948664482124652
4437,369,65,34,6,34.52535300326414,148.45993446373956,30,70.99116635322571,30,4.948664482124652
4438,305,75,-64,10,64.77653896280658,148.45993446373956,30,70.99116635322571,30,4.948664482124652
4439,345,83,40,8,40.792156108742276,148.45993446373956,30,70.99116635322571,30,4.948664482124652
4440,368,73,23,-10,25.079872407968907,148.45993446373956,30,70.99116635322571,30,4.948664482124652
4441,303,62,-65,-11,65.92419889539804,148.45993446373956,30,70.99116635322571,30,4.948664482124652
4442,341,64,38,2,38.05259518088089,148.45993446373956,30,70.99116635322571,30,4.948664482124652
4443,365,73,24,9,25.632011235952593,148.45993446373956,30,70.99116635322571,30,4.948664482124652
4444,303,82,-62,9,62.64982043070834,148.45993446373956,30,70.99116635322571,30,4.948664482124652
4445,346,74,43,-8,43.73785545725808,148.45993446373956,30,70.99116635322571,30,4.948664482124652
4446,367,61,21,-13,24.698178070456937,148.45993446373956,30,70.99116635322571,30,4.948664482124652
4447,302,64,-65,3,65.06919393998976,148.45993446373956,30,70.99116635322571,30,4.948664482124652
4448,347,72,45,8,45.70557952810576,148.45993446373956,30,70.99116635322571,30,4.948664482124652
4449,362,82,15,10,18.027756377319946,148.45993446373956,30,70.99116635322571,30,4.948664482124652
4450,302,77,-60,-5,60.207972893961475,148.45993446373956,30,70.99116635322571,30,4.948664482124652
4451,346,61,44,-16,46.8187996428785,148.45993446373956,30,70.99116635322571,30,4.948664482124652
4452,364,63,18,2,18.110770276274835,148.45993446373956,30,70.99116635322571,30,4.948664482124652
4453,302,71,-62,8,62.51399843235114,148.45993446373956,30,70.99116635322571,30,4.948664482124652
4454,354,81,52,10,52.952809179494906,148.45993446373956,30,70.99116635322571,30,4.948664482124652
4455,359,80,5,-1,5.0990195135927845,148.45993446373956,30,70.99116635322571,30,4.948664482124652
4456,300,64,-59,-16,61.1310068623117,148.45993446373956,30,70.99116635322571,30,4.948664482124652
4457,350,61,50,-3,50.08991914547278,148.45993446373956,30,70.99116635322571,30,4.948664482124652
4458,358,70,8,9,12.041594578792296,148.45993446373956,30,70.99116635322571,30,4.948664482124652
4459,302,79,-56,9,56.71860364994893,148.45993446373956,30,70.99116635322571,30,4.948664482124652
4460,358,80,56,1,56.00892785976178,148.45993446373956,30,70.99116635322571,30,4.948664482124652
4461,359,65,1,-15,15.033296378372908,148.45993446373956,30,70.99116635322571,30,4.948664482124652
4462,299,61,-60,-4,60.13318551349163,148.45993446373956,30,70.99116635322571,30,4.948664482124652
4463,356,68,57,7,57.42821606144492,148.45993446373956,30,70.99116635322571,30,4.948664482124652
4464,353,79,-3,11,11.40175425099138,148.45993446373956,30,70.99116635322571,30,4.948664482124652
4465,303,82,-50,3,50.08991914547278,148.45993446373956,30,70.99116635322571,30,4.948664482124652
4466,356,65,53,-17,55.65968020030299,148.45993446373956,30,70.99116635322571,30,4.948664482124652
4467,356,61,0,-4,4.0,148.45993446373956,30,70.99116635322571,30,4.948664482124652
4468,300,67,-56,6,56.32051136131489,148.45993446373956,30,70.99116635322571,30,4.948664482124652
4469,361,76,61,9,61.66036003787198,148.45993446373956,30,70.99116635322571,30,4.948664482124652
4470,349,83,-12,7,13.892443989449804,148.45993446373956,30,70.99116635322571,30,4.948664482124652
4471,300,68,-49,-15,51.24451190127583,148.45993446373956,30,70.99116635322571,30,4.948664482124652
4472,359,59,59,-9,59.682493245507096,148.45993446373956,30,70.99116635322571,30,4.948664482124652
4473,350,66,-9,7,11.40175425099138,148.45993446373956,30,70.99116635322571,30,4.948664482124652
4474,303,75,-47,9,47.853944456021594,148.45993446373956,30,70.99116635322571,30,4.948664482124652
4475,366,83,63,8,63.50590523722971,148.45993446373956,30,70.99116635322571,30,4.948664482124652
4476,348,72,-18,-11,21.095023109728988,148.45993446373956,30,70.99116635322571,30,4.948664482124652
4477,299,60,-49,-12,50.44799302251776,148.45993446373956,30,70.99116635322571,30,4.948664482124652
4478,364,64,65,4,65.12296062065974,148.45993446373956,30,70.99116635322571,30,4.948664482124652
4479,343,74,-21,10,23.259406699226016,148.45993446373956,30,70.99116635322571,30,4.948664482124652
4480,306,82,-37,8,37.8549864614954,148.45993446373956,30,70.99116635322571,30,4.948664482124652
4481,366,73,60,-9,60.67124524847005,148.45993446373956,30,70.99116635322571,30,4.948664482124652
4482,346,61,-20,-12,23.323807579381203,148.45993446373956,30,70.99116635322571,30,4.948664482124652
4483,301,64,-45,3,45.09988913511872,148.45993446373956,30,70.99116635322571,30,4.948664482124652
4484,368,72,67,8,67.47592163134935,148.45993446373956,30,70.99116635322571,30,4.948664482124652
4485,337,83,-31,11,32.89376840679705,148.45993446373956,30,70.99116635322571,30,4.948664482124652
4486,306,75,-31,-8,32.01562118716424,148.45993446373956,30,70.99116635322571,30,4.948664482124652
4487,367,61,61,-14,62.5859409132754,148.45993446373956,30,70.99116635322571,30,4.948664482124652
4488,341,64,-26,3,26.1725046566048,148.45993446373956,30,70.99116635322571,30,4.948664482124652
4489,306,71,-35,7,35.6931365951495,148.45993446373956,30,70.99116635322571,30,4.948664482124652
4490,371,81,65,10,65.76473218982953,148.45993446373956,30,70.99116635322571,30,4.948664482124652
4491,336,78,-35,-3,35.12833614050059,148.45993446373956,30,70.99116635322571,30,4.948664482124652
4492,303,62,-33,-16,36.6742416417845,148.45993446373956,30,70.99116635322571,30,4.948664482124652
4493,371,62,68,0,68.0,148.45993446373956,30,70.99116635322571,30,4.948664482124652
4494,334,71,-37,9,38.07886552931954,148.45993446373956,30,70.99116635322571,30,4.948664482124652
4495,311,80,-23,9,24.698178070456937,148.45993446373956,30,70.99116635322571,30,4.948664482124652
4496,372,80,61,0,61.0,148.45993446373956,30,70.99116635322571,30,4.948664482124652
