Frame,Centroid_X,Centroid_Y,Movement_X (dX),Movement_Y (dY),Movement (pixels),Original_FPS,Playback_FPS,Actual_Playback_Time_s,Actual_FPS,Actual_Slowdown_Factor
0,1211,540,0,0,0,19.26751535658322,30,44.021294355392456,30,0.6422505118861074
1,1208,540,-3,0,3.0,19.26751535658322,30,44.021294355392456,30,0.6422505118861074
2,1204,541,-4,1,4.123105625617661,19.26751535658322,30,44.021294355392456,30,0.6422505118861074
3,1199,541,-5,0,5.0,19.26751535658322,30,44.021294355392456,30,0.6422505118861074
4,1194,541,-5,0,5.0,19.26751535658322,30,44.021294355392456,30,0.6422505118861074
5,1188,541,-6,0,6.0,19.26751535658322,30,44.021294355392456,30,0.6422505118861074
6,1182,542,-6,1,6.082762530298219,19.26751535658322,30,44.021294355392456,30,0.6422505118861074
7,1175,542,-7,0,7.0,19.26751535658322,30,44.021294355392456,30,0.6422505118861074
8,1169,542,-6,0,6.0,19.26751535658322,30,44.021294355392456,30,0.6422505118861074
9,1163,542,-6,0,6.0,19.26751535658322,30,44.021294355392456,30,0.6422505118861074
10,1159,542,-4,0,4.0,19.26751535658322,30,44.021294355392456,30,0.6422505118861074
11,1157,542,-2,0,2.0,19.26751535658322,30,44.021294355392456,30,0.6422505118861074
12,1155,542,-2,0,2.0,19.26751535658322,30,44.021294355392456,30,0.6422505118861074
13,1155,542,0,0,0.0,19.26751535658322,30,44.021294355392456,30,0.6422505118861074
14,1156,542,1,0,1.0,19.26751535658322,30,44.021294355392456,30,0.6422505118861074
15,1158,542,2,0,2.0,19.26751535658322,30,44.021294355392456,30,0.6422505118861074
16,1161,542,3,0,3.0,19.26751535658322,30,44.021294355392456,30,0.6422505118861074
17,1164,542,3,0,3.0,19.26751535658322,30,44.021294355392456,30,0.6422505118861074
18,1169,541,5,-1,5.0990195135927845,19.26751535658322,30,44.021294355392456,30,0.6422505118861074
19,1174,541,5,0,5.0,19.26751535658322,30,44.021294355392456,30,0.6422505118861074
20,1180,541,6,0,6.0,19.26751535658322,30,44.021294355392456,30,0.6422505118861074
21,1186,540,6,-1,6.082762530298219,19.26751535658322,30,44.021294355392456,30,0.6422505118861074
22,1192,540,6,0,6.0,19.26751535658322,30,44.021294355392456,30,0.6422505118861074
23,1199,540,7,0,7.0,19.26751535658322,30,44.021294355392456,30,0.6422505118861074
24,1205,540,6,0,6.0,19.26751535658322,30,44.021294355392456,30,0.6422505118861074
25,1209,540,4,0,4.0,19.26751535658322,30,44.021294355392456,30,0.6422505118861074
26,1212,540,3,0,3.0,19.26751535658322,30,44.021294355392456,30,0.6422505118861074
27,1214,540,2,0,2.0,19.26751535658322,30,44.021294355392456,30,0.6422505118861074
28,1215,540,1,0,1.0,19.26751535658322,30,44.021294355392456,30,0.6422505118861074
29,1214,540,-1,0,1.0,19.26751535658322,30,44.021294355392456,30,0.6422505118861074
30,1213,540,-1,0,1.0,19.26751535658322,30,44.021294355392456,30,0.6422505118861074
31,1212,540,-1,0,1.0,19.26751535658322,30,44.021294355392456,30,0.6422505118861074
32,1209,540,-3,0,3.0,19.26751535658322,30,44.021294355392456,30,0.6422505118861074
33,1205,540,-4,0,4.0,19.26751535658322,30,44.021294355392456,30,0.6422505118861074
34,1201,541,-4,1,4.123105625617661,19.26751535658322,30,44.021294355392456,30,0.6422505118861074
35,1195,541,-6,0,6.0,19.26751535658322,30,44.021294355392456,30,0.6422505118861074
36,1189,541,-6,0,6.0,19.26751535658322,30,44.021294355392456,30,0.6422505118861074
37,1183,542,-6,1,6.082762530298219,19.26751535658322,30,44.021294355392456,30,0.6422505118861074
38,1176,542,-7,0,7.0,19.26751535658322,30,44.021294355392456,30,0.6422505118861074
39,1170,542,-6,0,6.0,19.26751535658322,30,44.021294355392456,30,0.6422505118861074
40,1164,542,-6,0,6.0,19.26751535658322,30,44.021294355392456,30,0.6422505118861074
41,1160,542,-4,0,4.0,19.26751535658322,30,44.021294355392456,30,0.6422505118861074
42,1157,542,-3,0,3.0,19.26751535658322,30,44.021294355392456,30,0.6422505118861074
43,1155,542,-2,0,2.0,19.26751535658322,30,44.021294355392456,30,0.6422505118861074
44,1155,542,0,0,0.0,19.26751535658322,30,44.021294355392456,30,0.6422505118861074
45,1156,542,1,0,1.0,19.26751535658322,30,44.021294355392456,30,0.6422505118861074
46,1157,542,1,0,1.0,19.26751535658322,30,44.021294355392456,30,0.6422505118861074
47,1160,542,3,0,3.0,19.26751535658322,30,44.021294355392456,30,0.6422505118861074
48,1164,541,4,-1,4.123105625617661,19.26751535658322,30,44.021294355392456,30,0.6422505118861074
49,1168,541,4,0,4.0,19.26751535658322,30,44.021294355392456,30,0.6422505118861074
50,1173,541,5,0,5.0,19.26751535658322,30,44.021294355392456,30,0.6422505118861074
51,1179,541,6,0,6.0,19.26751535658322,30,44.021294355392456,30,0.6422505118861074
52,1185,541,6,0,6.0,19.26751535658322,30,44.021294355392456,30,0.6422505118861074
53,1191,540,6,-1,6.082762530298219,19.26751535658322,30,44.021294355392456,30,0.6422505118861074
54,1198,540,7,0,7.0,19.26751535658322,30,44.021294355392456,30,0.6422505118861074
55,1204,540,6,0,6.0,19.26751535658322,30,44.021294355392456,30,0.6422505118861074
56,1209,540,5,0,5.0,19.26751535658322,30,44.021294355392456,30,0.6422505118861074
57,1212,540,3,0,3.0,19.26751535658322,30,44.021294355392456,30,0.6422505118861074
58,1214,540,2,0,2.0,19.26751535658322,30,44.021294355392456,30,0.6422505118861074
59,1214,540,0,0,0.0,19.26751535658322,30,44.021294355392456,30,0.6422505118861074
60,1215,540,1,0,1.0,19.26751535658322,30,44.021294355392456,30,0.6422505118861074
61,1213,540,-2,0,2.0,19.26751535658322,30,44.021294355392456,30,0.6422505118861074
62,1212,540,-1,0,1.0,19.26751535658322,30,44.021294355392456,30,0.6422505118861074
63,1209,540,-3,0,3.0,19.26751535658322,30,44.021294355392456,30,0.6422505118861074
64,1206,540,-3,0,3.0,19.26751535658322,30,44.021294355392456,30,0.6422505118861074
65,1201,541,-5,1,5.0990195135927845,19.26751535658322,30,44.021294355392456,30,0.6422505118861074
66,1195,541,-6,0,6.0,19.26751535658322,30,44.021294355392456,30,0.6422505118861074
67,1190,541,-5,0,5.0,19.26751535658322,30,44.021294355392456,30,0.6422505118861074
68,1184,541,-6,0,6.0,19.26751535658322,30,44.021294355392456,30,0.6422505118861074
69,1177,542,-7,1,7.0710678118654755,19.26751535658322,30,44.021294355392456,30,0.6422505118861074
70,1170,542,-7,0,7.0,19.26751535658322,30,44.021294355392456,30,0.6422505118861074
71,1164,542,-6,0,6.0,19.26751535658322,30,44.021294355392456,30,0.6422505118861074
72,1160,542,-4,0,4.0,19.26751535658322,30,44.021294355392456,30,0.6422505118861074
73,1157,542,-3,0,3.0,19.26751535658322,30,44.021294355392456,30,0.6422505118861074
74,1155,542,-2,0,2.0,19.26751535658322,30,44.021294355392456,30,0.6422505118861074
75,1155,542,0,0,0.0,19.26751535658322,30,44.021294355392456,30,0.6422505118861074
76,1155,543,0,1,1.0,19.26751535658322,30,44.021294355392456,30,0.6422505118861074
77,1157,542,2,-1,2.23606797749979,19.26751535658322,30,44.021294355392456,30,0.6422505118861074
78,1159,542,2,0,2.0,19.26751535658322,30,44.021294355392456,30,0.6422505118861074
79,1163,542,4,0,4.0,19.26751535658322,30,44.021294355392456,30,0.6422505118861074
80,1167,541,4,-1,4.123105625617661,19.26751535658322,30,44.021294355392456,30,0.6422505118861074
81,1172,541,5,0,5.0,19.26751535658322,30,44.021294355392456,30,0.6422505118861074
82,1178,541,6,0,6.0,19.26751535658322,30,44.021294355392456,30,0.6422505118861074
83,1184,540,6,-1,6.082762530298219,19.26751535658322,30,44.021294355392456,30,0.6422505118861074
84,1190,540,6,0,6.0,19.26751535658322,30,44.021294355392456,30,0.6422505118861074
85,1197,540,7,0,7.0,19.26751535658322,30,44.021294355392456,30,0.6422505118861074
86,1203,540,6,0,6.0,19.26751535658322,30,44.021294355392456,30,0.6422505118861074
87,1208,540,5,0,5.0,19.26751535658322,30,44.021294355392456,30,0.6422505118861074
88,1211,540,3,0,3.0,19.26751535658322,30,44.021294355392456,30,0.6422505118861074
89,1213,540,2,0,2.0,19.26751535658322,30,44.021294355392456,30,0.6422505118861074
90,1214,540,1,0,1.0,19.26751535658322,30,44.021294355392456,30,0.6422505118861074
91,1215,540,1,0,1.0,19.26751535658322,30,44.021294355392456,30,0.6422505118861074
92,1214,540,-1,0,1.0,19.26751535658322,30,44.021294355392456,30,0.6422505118861074
93,1212,540,-2,0,2.0,19.26751535658322,30,44.021294355392456,30,0.6422505118861074
94,1209,540,-3,0,3.0,19.26751535658322,30,44.021294355392456,30,0.6422505118861074
95,1206,540,-3,0,3.0,19.26751535658322,30,44.021294355392456,30,0.6422505118861074
96,1202,541,-4,1,4.123105625617661,19.26751535658322,30,44.021294355392456,30,0.6422505118861074
97,1196,541,-6,0,6.0,19.26751535658322,30,44.021294355392456,30,0.6422505118861074
98,1191,541,-5,0,5.0,19.26751535658322,30,44.021294355392456,30,0.6422505118861074
99,1185,541,-6,0,6.0,19.26751535658322,30,44.021294355392456,30,0.6422505118861074
100,1178,542,-7,1,7.0710678118654755,19.26751535658322,30,44.021294355392456,30,0.6422505118861074
101,1171,542,-7,0,7.0,19.26751535658322,30,44.021294355392456,30,0.6422505118861074
102,1165,542,-6,0,6.0,19.26751535658322,30,44.021294355392456,30,0.6422505118861074
103,1161,542,-4,0,4.0,19.26751535658322,30,44.021294355392456,30,0.6422505118861074
104,1157,542,-4,0,4.0,19.26751535658322,30,44.021294355392456,30,0.6422505118861074
105,1155,543,-2,1,2.23606797749979,19.26751535658322,30,44.021294355392456,30,0.6422505118861074
106,1155,542,0,-1,1.0,19.26751535658322,30,44.021294355392456,30,0.6422505118861074
107,1155,543,0,1,1.0,19.26751535658322,30,44.021294355392456,30,0.6422505118861074
108,1157,543,2,0,2.0,19.26751535658322,30,44.021294355392456,30,0.6422505118861074
109,1159,542,2,-1,2.23606797749979,19.26751535658322,30,44.021294355392456,30,0.6422505118861074
110,1162,542,3,0,3.0,19.26751535658322,30,44.021294355392456,30,0.6422505118861074
111,1166,542,4,0,4.0,19.26751535658322,30,44.021294355392456,30,0.6422505118861074
112,1171,541,5,-1,5.0990195135927845,19.26751535658322,30,44.021294355392456,30,0.6422505118861074
113,1177,541,6,0,6.0,19.26751535658322,30,44.021294355392456,30,0.6422505118861074
114,1183,541,6,0,6.0,19.26751535658322,30,44.021294355392456,30,0.6422505118861074
115,1189,540,6,-1,6.082762530298219,19.26751535658322,30,44.021294355392456,30,0.6422505118861074
116,1196,540,7,0,7.0,19.26751535658322,30,44.021294355392456,30,0.6422505118861074
117,1202,540,6,0,6.0,19.26751535658322,30,44.021294355392456,30,0.6422505118861074
118,1207,540,5,0,5.0,19.26751535658322,30,44.021294355392456,30,0.6422505118861074
119,1211,540,4,0,4.0,19.26751535658322,30,44.021294355392456,30,0.6422505118861074
120,1213,540,2,0,2.0,19.26751535658322,30,44.021294355392456,30,0.6422505118861074
121,1215,540,2,0,2.0,19.26751535658322,30,44.021294355392456,30,0.6422505118861074
122,1215,540,0,0,0.0,19.26751535658322,30,44.021294355392456,30,0.6422505118861074
123,1214,540,-1,0,1.0,19.26751535658322,30,44.021294355392456,30,0.6422505118861074
124,1212,540,-2,0,2.0,19.26751535658322,30,44.021294355392456,30,0.6422505118861074
125,,,,,,19.26751535658322,30,44.021294355392456,30,0.6422505118861074
126,1144,433,-68,-107,126.77933585565118,19.26751535658322,30,44.021294355392456,30,0.6422505118861074
127,1150,424,6,-9,10.816653826391969,19.26751535658322,30,44.021294355392456,30,0.6422505118861074
128,1153,395,3,-29,29.154759474226502,19.26751535658322,30,44.021294355392456,30,0.6422505118861074
129,1157,382,4,-13,13.601470508735444,19.26751535658322,30,44.021294355392456,30,0.6422505118861074
130,1158,379,1,-3,3.1622776601683795,19.26751535658322,30,44.021294355392456,30,0.6422505118861074
131,1158,381,0,2,2.0,19.26751535658322,30,44.021294355392456,30,0.6422505118861074
132,1158,383,0,2,2.0,19.26751535658322,30,44.021294355392456,30,0.6422505118861074
133,1157,383,-1,0,1.0,19.26751535658322,30,44.021294355392456,30,0.6422505118861074
134,1158,383,1,0,1.0,19.26751535658322,30,44.021294355392456,30,0.6422505118861074
135,1157,382,-1,-1,1.4142135623730951,19.26751535658322,30,44.021294355392456,30,0.6422505118861074
136,1157,381,0,-1,1.0,19.26751535658322,30,44.021294355392456,30,0.6422505118861074
137,1157,381,0,0,0.0,19.26751535658322,30,44.021294355392456,30,0.6422505118861074
138,1157,381,0,0,0.0,19.26751535658322,30,44.021294355392456,30,0.6422505118861074
139,1157,381,0,0,0.0,19.26751535658322,30,44.021294355392456,30,0.6422505118861074
140,1157,381,0,0,0.0,19.26751535658322,30,44.021294355392456,30,0.6422505118861074
141,1157,381,0,0,0.0,19.26751535658322,30,44.021294355392456,30,0.6422505118861074
142,1157,380,0,-1,1.0,19.26751535658322,30,44.021294355392456,30,0.6422505118861074
143,1157,380,0,0,0.0,19.26751535658322,30,44.021294355392456,30,0.6422505118861074
144,1157,380,0,0,0.0,19.26751535658322,30,44.021294355392456,30,0.6422505118861074
145,1157,380,0,0,0.0,19.26751535658322,30,44.021294355392456,30,0.6422505118861074
146,1156,380,-1,0,1.0,19.26751535658322,30,44.021294355392456,30,0.6422505118861074
147,1156,379,0,-1,1.0,19.26751535658322,30,44.021294355392456,30,0.6422505118861074
148,1156,379,0,0,0.0,19.26751535658322,30,44.021294355392456,30,0.6422505118861074
149,1156,379,0,0,0.0,19.26751535658322,30,44.021294355392456,30,0.6422505118861074
150,1156,379,0,0,0.0,19.26751535658322,30,44.021294355392456,30,0.6422505118861074
151,1156,379,0,0,0.0,19.26751535658322,30,44.021294355392456,30,0.6422505118861074
152,1156,379,0,0,0.0,19.26751535658322,30,44.021294355392456,30,0.6422505118861074
153,1156,378,0,-1,1.0,19.26751535658322,30,44.021294355392456,30,0.6422505118861074
154,1156,378,0,0,0.0,19.26751535658322,30,44.021294355392456,30,0.6422505118861074
155,1156,378,0,0,0.0,19.26751535658322,30,44.021294355392456,30,0.6422505118861074
156,1156,378,0,0,0.0,19.26751535658322,30,44.021294355392456,30,0.6422505118861074
157,1156,378,0,0,0.0,19.26751535658322,30,44.021294355392456,30,0.6422505118861074
158,1156,378,0,0,0.0,19.26751535658322,30,44.021294355392456,30,0.6422505118861074
159,1155,378,-1,0,1.0,19.26751535658322,30,44.021294355392456,30,0.6422505118861074
160,1155,378,0,0,0.0,19.26751535658322,30,44.021294355392456,30,0.6422505118861074
161,1155,377,0,-1,1.0,19.26751535658322,30,44.021294355392456,30,0.6422505118861074
162,1155,377,0,0,0.0,19.26751535658322,30,44.021294355392456,30,0.6422505118861074
163,1155,377,0,0,0.0,19.26751535658322,30,44.021294355392456,30,0.6422505118861074
164,1155,377,0,0,0.0,19.26751535658322,30,44.021294355392456,30,0.6422505118861074
165,1155,377,0,0,0.0,19.26751535658322,30,44.021294355392456,30,0.6422505118861074
166,1155,377,0,0,0.0,19.26751535658322,30,44.021294355392456,30,0.6422505118861074
167,1155,377,0,0,0.0,19.26751535658322,30,44.021294355392456,30,0.6422505118861074
168,1155,377,0,0,0.0,19.26751535658322,30,44.021294355392456,30,0.6422505118861074
169,1155,377,0,0,0.0,19.26751535658322,30,44.021294355392456,30,0.6422505118861074
170,1155,377,0,0,0.0,19.26751535658322,30,44.021294355392456,30,0.6422505118861074
171,1155,377,0,0,0.0,19.26751535658322,30,44.021294355392456,30,0.6422505118861074
172,1155,377,0,0,0.0,19.26751535658322,30,44.021294355392456,30,0.6422505118861074
173,1155,376,0,-1,1.0,19.26751535658322,30,44.021294355392456,30,0.6422505118861074
174,1154,376,-1,0,1.0,19.26751535658322,30,44.021294355392456,30,0.6422505118861074
175,1155,376,1,0,1.0,19.26751535658322,30,44.021294355392456,30,0.6422505118861074
176,1155,376,0,0,0.0,19.26751535658322,30,44.021294355392456,30,0.6422505118861074
177,1155,376,0,0,0.0,19.26751535658322,30,44.021294355392456,30,0.6422505118861074
178,1154,376,-1,0,1.0,19.26751535658322,30,44.021294355392456,30,0.6422505118861074
179,1154,376,0,0,0.0,19.26751535658322,30,44.021294355392456,30,0.6422505118861074
180,1154,376,0,0,0.0,19.26751535658322,30,44.021294355392456,30,0.6422505118861074
181,1155,376,1,0,1.0,19.26751535658322,30,44.021294355392456,30,0.6422505118861074
182,1154,376,-1,0,1.0,19.26751535658322,30,44.021294355392456,30,0.6422505118861074
183,1154,376,0,0,0.0,19.26751535658322,30,44.021294355392456,30,0.6422505118861074
184,1154,376,0,0,0.0,19.26751535658322,30,44.021294355392456,30,0.6422505118861074
185,1154,376,0,0,0.0,19.26751535658322,30,44.021294355392456,30,0.6422505118861074
186,1154,376,0,0,0.0,19.26751535658322,30,44.021294355392456,30,0.6422505118861074
187,1154,376,0,0,0.0,19.26751535658322,30,44.021294355392456,30,0.6422505118861074
188,1154,375,0,-1,1.0,19.26751535658322,30,44.021294355392456,30,0.6422505118861074
189,1154,375,0,0,0.0,19.26751535658322,30,44.021294355392456,30,0.6422505118861074
190,1154,375,0,0,0.0,19.26751535658322,30,44.021294355392456,30,0.6422505118861074
191,1154,375,0,0,0.0,19.26751535658322,30,44.021294355392456,30,0.6422505118861074
192,1154,375,0,0,0.0,19.26751535658322,30,44.021294355392456,30,0.6422505118861074
193,1154,375,0,0,0.0,19.26751535658322,30,44.021294355392456,30,0.6422505118861074
194,1154,375,0,0,0.0,19.26751535658322,30,44.021294355392456,30,0.6422505118861074
195,1154,375,0,0,0.0,19.26751535658322,30,44.021294355392456,30,0.6422505118861074
196,1154,375,0,0,0.0,19.26751535658322,30,44.021294355392456,30,0.6422505118861074
197,1154,375,0,0,0.0,19.26751535658322,30,44.021294355392456,30,0.6422505118861074
198,1154,375,0,0,0.0,19.26751535658322,30,44.021294355392456,30,0.6422505118861074
199,1154,375,0,0,0.0,19.26751535658322,30,44.021294355392456,30,0.6422505118861074
200,1154,375,0,0,0.0,19.26751535658322,30,44.021294355392456,30,0.6422505118861074
201,1154,375,0,0,0.0,19.26751535658322,30,44.021294355392456,30,0.6422505118861074
202,1154,375,0,0,0.0,19.26751535658322,30,44.021294355392456,30,0.6422505118861074
203,1153,375,-1,0,1.0,19.26751535658322,30,44.021294355392456,30,0.6422505118861074
204,1154,375,1,0,1.0,19.26751535658322,30,44.021294355392456,30,0.6422505118861074
205,1154,375,0,0,0.0,19.26751535658322,30,44.021294355392456,30,0.6422505118861074
206,1153,374,-1,-1,1.4142135623730951,19.26751535658322,30,44.021294355392456,30,0.6422505118861074
207,1153,374,0,0,0.0,19.26751535658322,30,44.021294355392456,30,0.6422505118861074
208,1154,374,1,0,1.0,19.26751535658322,30,44.021294355392456,30,0.6422505118861074
209,1154,374,0,0,0.0,19.26751535658322,30,44.021294355392456,30,0.6422505118861074
210,1154,374,0,0,0.0,19.26751535658322,30,44.021294355392456,30,0.6422505118861074
211,1153,374,-1,0,1.0,19.26751535658322,30,44.021294355392456,30,0.6422505118861074
212,1153,374,0,0,0.0,19.26751535658322,30,44.021294355392456,30,0.6422505118861074
213,1154,374,1,0,1.0,19.26751535658322,30,44.021294355392456,30,0.6422505118861074
214,1153,374,-1,0,1.0,19.26751535658322,30,44.021294355392456,30,0.6422505118861074
215,1153,374,0,0,0.0,19.26751535658322,30,44.021294355392456,30,0.6422505118861074
216,,,,,,19.26751535658322,30,44.021294355392456,30,0.6422505118861074
217,,,,,,19.26751535658322,30,44.021294355392456,30,0.6422505118861074
218,1145,497,-8,123,123.25988804148737,19.26751535658322,30,44.021294355392456,30,0.6422505118861074
219,1142,494,-3,-3,4.242640687119285,19.26751535658322,30,44.021294355392456,30,0.6422505118861074
220,1150,511,8,17,18.788294228055936,19.26751535658322,30,44.021294355392456,30,0.6422505118861074
221,1155,521,5,10,11.180339887498949,19.26751535658322,30,44.021294355392456,30,0.6422505118861074
222,1165,527,10,6,11.661903789690601,19.26751535658322,30,44.021294355392456,30,0.6422505118861074
223,1177,530,12,3,12.36931687685298,19.26751535658322,30,44.021294355392456,30,0.6422505118861074
224,1191,531,14,1,14.035668847618199,19.26751535658322,30,44.021294355392456,30,0.6422505118861074
225,1203,532,12,1,12.041594578792296,19.26751535658322,30,44.021294355392456,30,0.6422505118861074
226,1210,531,7,-1,7.0710678118654755,19.26751535658322,30,44.021294355392456,30,0.6422505118861074
227,1212,531,2,0,2.0,19.26751535658322,30,44.021294355392456,30,0.6422505118861074
228,1209,531,-3,0,3.0,19.26751535658322,30,44.021294355392456,30,0.6422505118861074
229,1202,531,-7,0,7.0,19.26751535658322,30,44.021294355392456,30,0.6422505118861074
230,1192,531,-10,0,10.0,19.26751535658322,30,44.021294355392456,30,0.6422505118861074
231,1179,532,-13,1,13.038404810405298,19.26751535658322,30,44.021294355392456,30,0.6422505118861074
232,1166,532,-13,0,13.0,19.26751535658322,30,44.021294355392456,30,0.6422505118861074
233,1157,532,-9,0,9.0,19.26751535658322,30,44.021294355392456,30,0.6422505118861074
234,1153,533,-4,1,4.123105625617661,19.26751535658322,30,44.021294355392456,30,0.6422505118861074
235,1154,533,1,0,1.0,19.26751535658322,30,44.021294355392456,30,0.6422505118861074
236,1159,533,5,0,5.0,19.26751535658322,30,44.021294355392456,30,0.6422505118861074
237,1168,533,9,0,9.0,19.26751535658322,30,44.021294355392456,30,0.6422505118861074
238,1180,533,12,0,12.0,19.26751535658322,30,44.021294355392456,30,0.6422505118861074
239,1194,532,14,-1,14.035668847618199,19.26751535658322,30,44.021294355392456,30,0.6422505118861074
240,1205,532,11,0,11.0,19.26751535658322,30,44.021294355392456,30,0.6422505118861074
241,1211,532,6,0,6.0,19.26751535658322,30,44.021294355392456,30,0.6422505118861074
242,1212,532,1,0,1.0,19.26751535658322,30,44.021294355392456,30,0.6422505118861074
243,1210,533,-2,1,2.23606797749979,19.26751535658322,30,44.021294355392456,30,0.6422505118861074
244,1203,533,-7,0,7.0,19.26751535658322,30,44.021294355392456,30,0.6422505118861074
245,1193,534,-10,1,10.04987562112089,19.26751535658322,30,44.021294355392456,30,0.6422505118861074
246,1180,534,-13,0,13.0,19.26751535658322,30,44.021294355392456,30,0.6422505118861074
247,1167,534,-13,0,13.0,19.26751535658322,30,44.021294355392456,30,0.6422505118861074
248,1158,535,-9,1,9.055385138137417,19.26751535658322,30,44.021294355392456,30,0.6422505118861074
249,1154,535,-4,0,4.0,19.26751535658322,30,44.021294355392456,30,0.6422505118861074
250,1155,535,1,0,1.0,19.26751535658322,30,44.021294355392456,30,0.6422505118861074
251,1161,535,6,0,6.0,19.26751535658322,30,44.021294355392456,30,0.6422505118861074
252,1170,534,9,-1,9.055385138137417,19.26751535658322,30,44.021294355392456,30,0.6422505118861074
253,1181,534,11,0,11.0,19.26751535658322,30,44.021294355392456,30,0.6422505118861074
254,1194,534,13,0,13.0,19.26751535658322,30,44.021294355392456,30,0.6422505118861074
255,1205,534,11,0,11.0,19.26751535658322,30,44.021294355392456,30,0.6422505118861074
256,1212,534,7,0,7.0,19.26751535658322,30,44.021294355392456,30,0.6422505118861074
257,1213,534,1,0,1.0,19.26751535658322,30,44.021294355392456,30,0.6422505118861074
258,1210,534,-3,0,3.0,19.26751535658322,30,44.021294355392456,30,0.6422505118861074
259,1203,535,-7,1,7.0710678118654755,19.26751535658322,30,44.021294355392456,30,0.6422505118861074
260,1193,535,-10,0,10.0,19.26751535658322,30,44.021294355392456,30,0.6422505118861074
261,1181,535,-12,0,12.0,19.26751535658322,30,44.021294355392456,30,0.6422505118861074
262,1168,536,-13,1,13.038404810405298,19.26751535658322,30,44.021294355392456,30,0.6422505118861074
263,1159,536,-9,0,9.0,19.26751535658322,30,44.021294355392456,30,0.6422505118861074
264,1155,536,-4,0,4.0,19.26751535658322,30,44.021294355392456,30,0.6422505118861074
265,1156,536,1,0,1.0,19.26751535658322,30,44.021294355392456,30,0.6422505118861074
266,1161,536,5,0,5.0,19.26751535658322,30,44.021294355392456,30,0.6422505118861074
267,1170,536,9,0,9.0,19.26751535658322,30,44.021294355392456,30,0.6422505118861074
268,1181,535,11,-1,11.045361017187261,19.26751535658322,30,44.021294355392456,30,0.6422505118861074
269,1194,535,13,0,13.0,19.26751535658322,30,44.021294355392456,30,0.6422505118861074
270,1206,535,12,0,12.0,19.26751535658322,30,44.021294355392456,30,0.6422505118861074
271,1212,535,6,0,6.0,19.26751535658322,30,44.021294355392456,30,0.6422505118861074
272,1213,535,1,0,1.0,19.26751535658322,30,44.021294355392456,30,0.6422505118861074
273,1210,535,-3,0,3.0,19.26751535658322,30,44.021294355392456,30,0.6422505118861074
274,1204,536,-6,1,6.082762530298219,19.26751535658322,30,44.021294355392456,30,0.6422505118861074
275,1194,536,-10,0,10.0,19.26751535658322,30,44.021294355392456,30,0.6422505118861074
276,1181,536,-13,0,13.0,19.26751535658322,30,44.021294355392456,30,0.6422505118861074
277,1168,537,-13,1,13.038404810405298,19.26751535658322,30,44.021294355392456,30,0.6422505118861074
278,1159,537,-9,0,9.0,19.26751535658322,30,44.021294355392456,30,0.6422505118861074
279,1155,537,-4,0,4.0,19.26751535658322,30,44.021294355392456,30,0.6422505118861074
280,1156,537,1,0,1.0,19.26751535658322,30,44.021294355392456,30,0.6422505118861074
281,1161,537,5,0,5.0,19.26751535658322,30,44.021294355392456,30,0.6422505118861074
282,1170,536,9,-1,9.055385138137417,19.26751535658322,30,44.021294355392456,30,0.6422505118861074
283,1182,536,12,0,12.0,19.26751535658322,30,44.021294355392456,30,0.6422505118861074
284,1195,536,13,0,13.0,19.26751535658322,30,44.021294355392456,30,0.6422505118861074
285,1206,536,11,0,11.0,19.26751535658322,30,44.021294355392456,30,0.6422505118861074
286,1212,536,6,0,6.0,19.26751535658322,30,44.021294355392456,30,0.6422505118861074
287,1213,535,1,-1,1.4142135623730951,19.26751535658322,30,44.021294355392456,30,0.6422505118861074
288,1210,536,-3,1,3.1622776601683795,19.26751535658322,30,44.021294355392456,30,0.6422505118861074
289,1203,536,-7,0,7.0,19.26751535658322,30,44.021294355392456,30,0.6422505118861074
290,1194,537,-9,1,9.055385138137417,19.26751535658322,30,44.021294355392456,30,0.6422505118861074
291,1181,537,-13,0,13.0,19.26751535658322,30,44.021294355392456,30,0.6422505118861074
292,1168,537,-13,0,13.0,19.26751535658322,30,44.021294355392456,30,0.6422505118861074
293,1159,538,-9,1,9.055385138137417,19.26751535658322,30,44.021294355392456,30,0.6422505118861074
294,1155,538,-4,0,4.0,19.26751535658322,30,44.021294355392456,30,0.6422505118861074
295,1156,537,1,-1,1.4142135623730951,19.26751535658322,30,44.021294355392456,30,0.6422505118861074
296,1162,537,6,0,6.0,19.26751535658322,30,44.021294355392456,30,0.6422505118861074
297,1171,537,9,0,9.0,19.26751535658322,30,44.021294355392456,30,0.6422505118861074
298,1182,537,11,0,11.0,19.26751535658322,30,44.021294355392456,30,0.6422505118861074
299,1195,536,13,-1,13.038404810405298,19.26751535658322,30,44.021294355392456,30,0.6422505118861074
300,1206,536,11,0,11.0,19.26751535658322,30,44.021294355392456,30,0.6422505118861074
301,1212,536,6,0,6.0,19.26751535658322,30,44.021294355392456,30,0.6422505118861074
302,1213,536,1,0,1.0,19.26751535658322,30,44.021294355392456,30,0.6422505118861074
303,1210,536,-3,0,3.0,19.26751535658322,30,44.021294355392456,30,0.6422505118861074
304,1203,537,-7,1,7.0710678118654755,19.26751535658322,30,44.021294355392456,30,0.6422505118861074
305,1193,537,-10,0,10.0,19.26751535658322,30,44.021294355392456,30,0.6422505118861074
306,1181,538,-12,1,12.041594578792296,19.26751535658322,30,44.021294355392456,30,0.6422505118861074
307,1167,538,-14,0,14.0,19.26751535658322,30,44.021294355392456,30,0.6422505118861074
308,1159,538,-8,0,8.0,19.26751535658322,30,44.021294355392456,30,0.6422505118861074
309,1155,538,-4,0,4.0,19.26751535658322,30,44.021294355392456,30,0.6422505118861074
310,1157,538,2,0,2.0,19.26751535658322,30,44.021294355392456,30,0.6422505118861074
311,1162,538,5,0,5.0,19.26751535658322,30,44.021294355392456,30,0.6422505118861074
312,1171,538,9,0,9.0,19.26751535658322,30,44.021294355392456,30,0.6422505118861074
313,1182,537,11,-1,11.045361017187261,19.26751535658322,30,44.021294355392456,30,0.6422505118861074
314,1195,537,13,0,13.0,19.26751535658322,30,44.021294355392456,30,0.6422505118861074
315,1206,537,11,0,11.0,19.26751535658322,30,44.021294355392456,30,0.6422505118861074
316,1212,536,6,-1,6.082762530298219,19.26751535658322,30,44.021294355392456,30,0.6422505118861074
317,1213,536,1,0,1.0,19.26751535658322,30,44.021294355392456,30,0.6422505118861074
318,1210,537,-3,1,3.1622776601683795,19.26751535658322,30,44.021294355392456,30,0.6422505118861074
319,1204,537,-6,0,6.0,19.26751535658322,30,44.021294355392456,30,0.6422505118861074
320,1194,538,-10,1,10.04987562112089,19.26751535658322,30,44.021294355392456,30,0.6422505118861074
321,1181,538,-13,0,13.0,19.26751535658322,30,44.021294355392456,30,0.6422505118861074
322,1168,538,-13,0,13.0,19.26751535658322,30,44.021294355392456,30,0.6422505118861074
323,1159,538,-9,0,9.0,19.26751535658322,30,44.021294355392456,30,0.6422505118861074
324,1156,539,-3,1,3.1622776601683795,19.26751535658322,30,44.021294355392456,30,0.6422505118861074
325,1157,538,1,-1,1.4142135623730951,19.26751535658322,30,44.021294355392456,30,0.6422505118861074
326,1162,538,5,0,5.0,19.26751535658322,30,44.021294355392456,30,0.6422505118861074
327,1171,538,9,0,9.0,19.26751535658322,30,44.021294355392456,30,0.6422505118861074
328,1182,538,11,0,11.0,19.26751535658322,30,44.021294355392456,30,0.6422505118861074
329,1195,537,13,-1,13.038404810405298,19.26751535658322,30,44.021294355392456,30,0.6422505118861074
330,1206,537,11,0,11.0,19.26751535658322,30,44.021294355392456,30,0.6422505118861074
331,1212,537,6,0,6.0,19.26751535658322,30,44.021294355392456,30,0.6422505118861074
332,1213,537,1,0,1.0,19.26751535658322,30,44.021294355392456,30,0.6422505118861074
333,1210,537,-3,0,3.0,19.26751535658322,30,44.021294355392456,30,0.6422505118861074
334,1204,538,-6,1,6.082762530298219,19.26751535658322,30,44.021294355392456,30,0.6422505118861074
335,1194,538,-10,0,10.0,19.26751535658322,30,44.021294355392456,30,0.6422505118861074
336,1182,538,-12,0,12.0,19.26751535658322,30,44.021294355392456,30,0.6422505118861074
337,1168,539,-14,1,14.035668847618199,19.26751535658322,30,44.021294355392456,30,0.6422505118861074
338,1159,539,-9,0,9.0,19.26751535658322,30,44.021294355392456,30,0.6422505118861074
339,1156,539,-3,0,3.0,19.26751535658322,30,44.021294355392456,30,0.6422505118861074
340,1157,539,1,0,1.0,19.26751535658322,30,44.021294355392456,30,0.6422505118861074
341,1162,539,5,0,5.0,19.26751535658322,30,44.021294355392456,30,0.6422505118861074
342,1171,538,9,-1,9.055385138137417,19.26751535658322,30,44.021294355392456,30,0.6422505118861074
343,1182,538,11,0,11.0,19.26751535658322,30,44.021294355392456,30,0.6422505118861074
344,1195,537,13,-1,13.038404810405298,19.26751535658322,30,44.021294355392456,30,0.6422505118861074
345,1206,537,11,0,11.0,19.26751535658322,30,44.021294355392456,30,0.6422505118861074
346,1212,537,6,0,6.0,19.26751535658322,30,44.021294355392456,30,0.6422505118861074
347,1213,537,1,0,1.0,19.26751535658322,30,44.021294355392456,30,0.6422505118861074
348,1210,537,-3,0,3.0,19.26751535658322,30,44.021294355392456,30,0.6422505118861074
349,1204,538,-6,1,6.082762530298219,19.26751535658322,30,44.021294355392456,30,0.6422505118861074
350,1194,538,-10,0,10.0,19.26751535658322,30,44.021294355392456,30,0.6422505118861074
351,1182,539,-12,1,12.041594578792296,19.26751535658322,30,44.021294355392456,30,0.6422505118861074
352,1168,539,-14,0,14.0,19.26751535658322,30,44.021294355392456,30,0.6422505118861074
353,1160,539,-8,0,8.0,19.26751535658322,30,44.021294355392456,30,0.6422505118861074
354,1156,539,-4,0,4.0,19.26751535658322,30,44.021294355392456,30,0.6422505118861074
355,1157,539,1,0,1.0,19.26751535658322,30,44.021294355392456,30,0.6422505118861074
356,1162,539,5,0,5.0,19.26751535658322,30,44.021294355392456,30,0.6422505118861074
357,1171,538,9,-1,9.055385138137417,19.26751535658322,30,44.021294355392456,30,0.6422505118861074
358,1182,538,11,0,11.0,19.26751535658322,30,44.021294355392456,30,0.6422505118861074
359,1195,538,13,0,13.0,19.26751535658322,30,44.021294355392456,30,0.6422505118861074
360,1206,538,11,0,11.0,19.26751535658322,30,44.021294355392456,30,0.6422505118861074
361,1212,537,6,-1,6.082762530298219,19.26751535658322,30,44.021294355392456,30,0.6422505118861074
362,1213,537,1,0,1.0,19.26751535658322,30,44.021294355392456,30,0.6422505118861074
363,1210,538,-3,1,3.1622776601683795,19.26751535658322,30,44.021294355392456,30,0.6422505118861074
364,1114,492,-96,-46,106.45186705737011,19.26751535658322,30,44.021294355392456,30,0.6422505118861074
365,1151,450,37,-42,55.97320787662612,19.26751535658322,30,44.021294355392456,30,0.6422505118861074
366,1153,364,2,-86,86.02325267042627,19.26751535658322,30,44.021294355392456,30,0.6422505118861074
367,1156,357,3,-7,7.615773105863909,19.26751535658322,30,44.021294355392456,30,0.6422505118861074
368,1155,368,-1,11,11.045361017187261,19.26751535658322,30,44.021294355392456,30,0.6422505118861074
369,1156,378,1,10,10.04987562112089,19.26751535658322,30,44.021294355392456,30,0.6422505118861074
370,1156,382,0,4,4.0,19.26751535658322,30,44.021294355392456,30,0.6422505118861074
371,1157,384,1,2,2.23606797749979,19.26751535658322,30,44.021294355392456,30,0.6422505118861074
372,1157,383,0,-1,1.0,19.26751535658322,30,44.021294355392456,30,0.6422505118861074
373,1157,382,0,-1,1.0,19.26751535658322,30,44.021294355392456,30,0.6422505118861074
374,1157,381,0,-1,1.0,19.26751535658322,30,44.021294355392456,30,0.6422505118861074
375,1157,380,0,-1,1.0,19.26751535658322,30,44.021294355392456,30,0.6422505118861074
376,1156,380,-1,0,1.0,19.26751535658322,30,44.021294355392456,30,0.6422505118861074
377,1156,379,0,-1,1.0,19.26751535658322,30,44.021294355392456,30,0.6422505118861074
378,1156,379,0,0,0.0,19.26751535658322,30,44.021294355392456,30,0.6422505118861074
379,1156,378,0,-1,1.0,19.26751535658322,30,44.021294355392456,30,0.6422505118861074
380,1156,378,0,0,0.0,19.26751535658322,30,44.021294355392456,30,0.6422505118861074
381,1156,378,0,0,0.0,19.26751535658322,30,44.021294355392456,30,0.6422505118861074
382,1156,378,0,0,0.0,19.26751535658322,30,44.021294355392456,30,0.6422505118861074
383,1156,378,0,0,0.0,19.26751535658322,30,44.021294355392456,30,0.6422505118861074
384,1156,378,0,0,0.0,19.26751535658322,30,44.021294355392456,30,0.6422505118861074
385,1156,378,0,0,0.0,19.26751535658322,30,44.021294355392456,30,0.6422505118861074
386,1156,377,0,-1,1.0,19.26751535658322,30,44.021294355392456,30,0.6422505118861074
387,1156,377,0,0,0.0,19.26751535658322,30,44.021294355392456,30,0.6422505118861074
388,1155,377,-1,0,1.0,19.26751535658322,30,44.021294355392456,30,0.6422505118861074
389,1156,377,1,0,1.0,19.26751535658322,30,44.021294355392456,30,0.6422505118861074
390,1156,377,0,0,0.0,19.26751535658322,30,44.021294355392456,30,0.6422505118861074
391,1156,377,0,0,0.0,19.26751535658322,30,44.021294355392456,30,0.6422505118861074
392,1155,377,-1,0,1.0,19.26751535658322,30,44.021294355392456,30,0.6422505118861074
393,1155,376,0,-1,1.0,19.26751535658322,30,44.021294355392456,30,0.6422505118861074
394,1155,376,0,0,0.0,19.26751535658322,30,44.021294355392456,30,0.6422505118861074
395,1155,376,0,0,0.0,19.26751535658322,30,44.021294355392456,30,0.6422505118861074
396,1155,376,0,0,0.0,19.26751535658322,30,44.021294355392456,30,0.6422505118861074
397,1155,376,0,0,0.0,19.26751535658322,30,44.021294355392456,30,0.6422505118861074
398,1155,376,0,0,0.0,19.26751535658322,30,44.021294355392456,30,0.6422505118861074
399,1155,376,0,0,0.0,19.26751535658322,30,44.021294355392456,30,0.6422505118861074
400,1155,376,0,0,0.0,19.26751535658322,30,44.021294355392456,30,0.6422505118861074
401,1155,376,0,0,0.0,19.26751535658322,30,44.021294355392456,30,0.6422505118861074
402,1155,376,0,0,0.0,19.26751535658322,30,44.021294355392456,30,0.6422505118861074
403,1155,375,0,-1,1.0,19.26751535658322,30,44.021294355392456,30,0.6422505118861074
404,1155,375,0,0,0.0,19.26751535658322,30,44.021294355392456,30,0.6422505118861074
405,1155,375,0,0,0.0,19.26751535658322,30,44.021294355392456,30,0.6422505118861074
406,1155,375,0,0,0.0,19.26751535658322,30,44.021294355392456,30,0.6422505118861074
407,1155,375,0,0,0.0,19.26751535658322,30,44.021294355392456,30,0.6422505118861074
408,1155,375,0,0,0.0,19.26751535658322,30,44.021294355392456,30,0.6422505118861074
409,1155,375,0,0,0.0,19.26751535658322,30,44.021294355392456,30,0.6422505118861074
410,1155,375,0,0,0.0,19.26751535658322,30,44.021294355392456,30,0.6422505118861074
411,1155,375,0,0,0.0,19.26751535658322,30,44.021294355392456,30,0.6422505118861074
412,1155,375,0,0,0.0,19.26751535658322,30,44.021294355392456,30,0.6422505118861074
413,1155,375,0,0,0.0,19.26751535658322,30,44.021294355392456,30,0.6422505118861074
414,1155,375,0,0,0.0,19.26751535658322,30,44.021294355392456,30,0.6422505118861074
415,1155,375,0,0,0.0,19.26751535658322,30,44.021294355392456,30,0.6422505118861074
416,1155,374,0,-1,1.0,19.26751535658322,30,44.021294355392456,30,0.6422505118861074
417,1155,374,0,0,0.0,19.26751535658322,30,44.021294355392456,30,0.6422505118861074
418,1155,374,0,0,0.0,19.26751535658322,30,44.021294355392456,30,0.6422505118861074
419,1154,374,-1,0,1.0,19.26751535658322,30,44.021294355392456,30,0.6422505118861074
420,1155,374,1,0,1.0,19.26751535658322,30,44.021294355392456,30,0.6422505118861074
421,1155,374,0,0,0.0,19.26751535658322,30,44.021294355392456,30,0.6422505118861074
422,1155,374,0,0,0.0,19.26751535658322,30,44.021294355392456,30,0.6422505118861074
423,1155,374,0,0,0.0,19.26751535658322,30,44.021294355392456,30,0.6422505118861074
424,1155,374,0,0,0.0,19.26751535658322,30,44.021294355392456,30,0.6422505118861074
425,1154,374,-1,0,1.0,19.26751535658322,30,44.021294355392456,30,0.6422505118861074
426,1155,374,1,0,1.0,19.26751535658322,30,44.021294355392456,30,0.6422505118861074
427,1154,374,-1,0,1.0,19.26751535658322,30,44.021294355392456,30,0.6422505118861074
428,1154,374,0,0,0.0,19.26751535658322,30,44.021294355392456,30,0.6422505118861074
429,1160,454,6,80,80.22468448052632,19.26751535658322,30,44.021294355392456,30,0.6422505118861074
430,1151,468,-9,14,16.64331697709324,19.26751535658322,30,44.021294355392456,30,0.6422505118861074
431,1139,479,-12,11,16.278820596099706,19.26751535658322,30,44.021294355392456,30,0.6422505118861074
432,1152,498,13,19,23.021728866442675,19.26751535658322,30,44.021294355392456,30,0.6422505118861074
433,1176,515,24,17,29.410882339705484,19.26751535658322,30,44.021294355392456,30,0.6422505118861074
434,1199,524,23,9,24.698178070456937,19.26751535658322,30,44.021294355392456,30,0.6422505118861074
435,1211,527,12,3,12.36931687685298,19.26751535658322,30,44.021294355392456,30,0.6422505118861074
436,1211,530,0,3,3.0,19.26751535658322,30,44.021294355392456,30,0.6422505118861074
437,1202,532,-9,2,9.219544457292887,19.26751535658322,30,44.021294355392456,30,0.6422505118861074
438,1186,533,-16,1,16.0312195418814,19.26751535658322,30,44.021294355392456,30,0.6422505118861074
439,1166,533,-20,0,20.0,19.26751535658322,30,44.021294355392456,30,0.6422505118861074
440,1154,533,-12,0,12.0,19.26751535658322,30,44.021294355392456,30,0.6422505118861074
441,1154,532,0,-1,1.0,19.26751535658322,30,44.021294355392456,30,0.6422505118861074
442,1164,532,10,0,10.0,19.26751535658322,30,44.021294355392456,30,0.6422505118861074
443,1181,531,17,-1,17.029386365926403,19.26751535658322,30,44.021294355392456,30,0.6422505118861074
444,1201,530,20,-1,20.024984394500787,19.26751535658322,30,44.021294355392456,30,0.6422505118861074
445,1211,530,10,0,10.0,19.26751535658322,30,44.021294355392456,30,0.6422505118861074
446,1211,531,0,1,1.0,19.26751535658322,30,44.021294355392456,30,0.6422505118861074
447,1202,532,-9,1,9.055385138137417,19.26751535658322,30,44.021294355392456,30,0.6422505118861074
448,1186,532,-16,0,16.0,19.26751535658322,30,44.021294355392456,30,0.6422505118861074
449,1166,533,-20,1,20.024984394500787,19.26751535658322,30,44.021294355392456,30,0.6422505118861074
450,1155,533,-11,0,11.0,19.26751535658322,30,44.021294355392456,30,0.6422505118861074
451,1155,533,0,0,0.0,19.26751535658322,30,44.021294355392456,30,0.6422505118861074
452,1165,533,10,0,10.0,19.26751535658322,30,44.021294355392456,30,0.6422505118861074
453,1182,533,17,0,17.0,19.26751535658322,30,44.021294355392456,30,0.6422505118861074
454,1201,532,19,-1,19.026297590440446,19.26751535658322,30,44.021294355392456,30,0.6422505118861074
455,1212,532,11,0,11.0,19.26751535658322,30,44.021294355392456,30,0.6422505118861074
456,1211,532,-1,0,1.0,19.26751535658322,30,44.021294355392456,30,0.6422505118861074
457,1202,533,-9,1,9.055385138137417,19.26751535658322,30,44.021294355392456,30,0.6422505118861074
458,1186,534,-16,1,16.0312195418814,19.26751535658322,30,44.021294355392456,30,0.6422505118861074
459,1166,534,-20,0,20.0,19.26751535658322,30,44.021294355392456,30,0.6422505118861074
460,1155,534,-11,0,11.0,19.26751535658322,30,44.021294355392456,30,0.6422505118861074
461,1156,534,1,0,1.0,19.26751535658322,30,44.021294355392456,30,0.6422505118861074
462,1166,534,10,0,10.0,19.26751535658322,30,44.021294355392456,30,0.6422505118861074
463,1182,534,16,0,16.0,19.26751535658322,30,44.021294355392456,30,0.6422505118861074
464,1201,533,19,-1,19.026297590440446,19.26751535658322,30,44.021294355392456,30,0.6422505118861074
465,1212,533,11,0,11.0,19.26751535658322,30,44.021294355392456,30,0.6422505118861074
466,1211,533,-1,0,1.0,19.26751535658322,30,44.021294355392456,30,0.6422505118861074
467,1202,534,-9,1,9.055385138137417,19.26751535658322,30,44.021294355392456,30,0.6422505118861074
468,1187,535,-15,1,15.033296378372908,19.26751535658322,30,44.021294355392456,30,0.6422505118861074
469,1167,535,-20,0,20.0,19.26751535658322,30,44.021294355392456,30,0.6422505118861074
470,1156,535,-11,0,11.0,19.26751535658322,30,44.021294355392456,30,0.6422505118861074
471,1156,535,0,0,0.0,19.26751535658322,30,44.021294355392456,30,0.6422505118861074
472,1166,535,10,0,10.0,19.26751535658322,30,44.021294355392456,30,0.6422505118861074
473,1182,534,16,-1,16.0312195418814,19.26751535658322,30,44.021294355392456,30,0.6422505118861074
474,1201,534,19,0,19.0,19.26751535658322,30,44.021294355392456,30,0.6422505118861074
475,1212,534,11,0,11.0,19.26751535658322,30,44.021294355392456,30,0.6422505118861074
476,1211,534,-1,0,1.0,19.26751535658322,30,44.021294355392456,30,0.6422505118861074
477,1203,535,-8,1,8.06225774829855,19.26751535658322,30,44.021294355392456,30,0.6422505118861074
478,1187,535,-16,0,16.0,19.26751535658322,30,44.021294355392456,30,0.6422505118861074
479,1167,536,-20,1,20.024984394500787,19.26751535658322,30,44.021294355392456,30,0.6422505118861074
480,1157,536,-10,0,10.0,19.26751535658322,30,44.021294355392456,30,0.6422505118861074
481,1157,536,0,0,0.0,19.26751535658322,30,44.021294355392456,30,0.6422505118861074
482,1167,535,10,-1,10.04987562112089,19.26751535658322,30,44.021294355392456,30,0.6422505118861074
483,1183,535,16,0,16.0,19.26751535658322,30,44.021294355392456,30,0.6422505118861074
484,1201,535,18,0,18.0,19.26751535658322,30,44.021294355392456,30,0.6422505118861074
485,1212,534,11,-1,11.045361017187261,19.26751535658322,30,44.021294355392456,30,0.6422505118861074
486,1211,535,-1,1,1.4142135623730951,19.26751535658322,30,44.021294355392456,30,0.6422505118861074
487,1203,535,-8,0,8.0,19.26751535658322,30,44.021294355392456,30,0.6422505118861074
488,1187,536,-16,1,16.0312195418814,19.26751535658322,30,44.021294355392456,30,0.6422505118861074
489,1167,536,-20,0,20.0,19.26751535658322,30,44.021294355392456,30,0.6422505118861074
490,1157,536,-10,0,10.0,19.26751535658322,30,44.021294355392456,30,0.6422505118861074
491,1157,536,0,0,0.0,19.26751535658322,30,44.021294355392456,30,0.6422505118861074
492,1167,536,10,0,10.0,19.26751535658322,30,44.021294355392456,30,0.6422505118861074
493,1183,535,16,-1,16.0312195418814,19.26751535658322,30,44.021294355392456,30,0.6422505118861074
494,1202,535,19,0,19.0,19.26751535658322,30,44.021294355392456,30,0.6422505118861074
495,1212,535,10,0,10.0,19.26751535658322,30,44.021294355392456,30,0.6422505118861074
496,1211,535,-1,0,1.0,19.26751535658322,30,44.021294355392456,30,0.6422505118861074
497,1202,536,-9,1,9.055385138137417,19.26751535658322,30,44.021294355392456,30,0.6422505118861074
498,1187,536,-15,0,15.0,19.26751535658322,30,44.021294355392456,30,0.6422505118861074
499,1167,536,-20,0,20.0,19.26751535658322,30,44.021294355392456,30,0.6422505118861074
500,1156,537,-11,1,11.045361017187261,19.26751535658322,30,44.021294355392456,30,0.6422505118861074
501,1157,537,1,0,1.0,19.26751535658322,30,44.021294355392456,30,0.6422505118861074
502,1167,536,10,-1,10.04987562112089,19.26751535658322,30,44.021294355392456,30,0.6422505118861074
503,1183,536,16,0,16.0,19.26751535658322,30,44.021294355392456,30,0.6422505118861074
504,1202,536,19,0,19.0,19.26751535658322,30,44.021294355392456,30,0.6422505118861074
505,1212,535,10,-1,10.04987562112089,19.26751535658322,30,44.021294355392456,30,0.6422505118861074
506,1211,536,-1,1,1.4142135623730951,19.26751535658322,30,44.021294355392456,30,0.6422505118861074
507,1203,536,-8,0,8.0,19.26751535658322,30,44.021294355392456,30,0.6422505118861074
508,1187,537,-16,1,16.0312195418814,19.26751535658322,30,44.021294355392456,30,0.6422505118861074
509,1167,537,-20,0,20.0,19.26751535658322,30,44.021294355392456,30,0.6422505118861074
510,1157,537,-10,0,10.0,19.26751535658322,30,44.021294355392456,30,0.6422505118861074
511,1157,537,0,0,0.0,19.26751535658322,30,44.021294355392456,30,0.6422505118861074
512,1167,537,10,0,10.0,19.26751535658322,30,44.021294355392456,30,0.6422505118861074
513,1184,536,17,-1,17.029386365926403,19.26751535658322,30,44.021294355392456,30,0.6422505118861074
514,1202,536,18,0,18.0,19.26751535658322,30,44.021294355392456,30,0.6422505118861074
515,1212,536,10,0,10.0,19.26751535658322,30,44.021294355392456,30,0.6422505118861074
516,1211,536,-1,0,1.0,19.26751535658322,30,44.021294355392456,30,0.6422505118861074
517,1203,536,-8,0,8.0,19.26751535658322,30,44.021294355392456,30,0.6422505118861074
518,1187,537,-16,1,16.0312195418814,19.26751535658322,30,44.021294355392456,30,0.6422505118861074
519,1167,537,-20,0,20.0,19.26751535658322,30,44.021294355392456,30,0.6422505118861074
520,1157,538,-10,1,10.04987562112089,19.26751535658322,30,44.021294355392456,30,0.6422505118861074
521,1157,538,0,0,0.0,19.26751535658322,30,44.021294355392456,30,0.6422505118861074
522,1168,537,11,-1,11.045361017187261,19.26751535658322,30,44.021294355392456,30,0.6422505118861074
523,1184,537,16,0,16.0,19.26751535658322,30,44.021294355392456,30,0.6422505118861074
524,1202,536,18,-1,18.027756377319946,19.26751535658322,30,44.021294355392456,30,0.6422505118861074
525,1212,536,10,0,10.0,19.26751535658322,30,44.021294355392456,30,0.6422505118861074
526,1211,536,-1,0,1.0,19.26751535658322,30,44.021294355392456,30,0.6422505118861074
527,1202,537,-9,1,9.055385138137417,19.26751535658322,30,44.021294355392456,30,0.6422505118861074
528,1186,537,-16,0,16.0,19.26751535658322,30,44.021294355392456,30,0.6422505118861074
529,1167,538,-19,1,19.026297590440446,19.26751535658322,30,44.021294355392456,30,0.6422505118861074
530,1156,538,-11,0,11.0,19.26751535658322,30,44.021294355392456,30,0.6422505118861074
531,1157,538,1,0,1.0,19.26751535658322,30,44.021294355392456,30,0.6422505118861074
532,1168,537,11,-1,11.045361017187261,19.26751535658322,30,44.021294355392456,30,0.6422505118861074
533,1184,537,16,0,16.0,19.26751535658322,30,44.021294355392456,30,0.6422505118861074
534,1203,536,19,-1,19.026297590440446,19.26751535658322,30,44.021294355392456,30,0.6422505118861074
535,1212,536,9,0,9.0,19.26751535658322,30,44.021294355392456,30,0.6422505118861074
536,1212,536,0,0,0.0,19.26751535658322,30,44.021294355392456,30,0.6422505118861074
537,1203,537,-9,1,9.055385138137417,19.26751535658322,30,44.021294355392456,30,0.6422505118861074
538,1186,538,-17,1,17.029386365926403,19.26751535658322,30,44.021294355392456,30,0.6422505118861074
539,1167,538,-19,0,19.0,19.26751535658322,30,44.021294355392456,30,0.6422505118861074
540,1157,538,-10,0,10.0,19.26751535658322,30,44.021294355392456,30,0.6422505118861074
541,1158,538,1,0,1.0,19.26751535658322,30,44.021294355392456,30,0.6422505118861074
542,1168,538,10,0,10.0,19.26751535658322,30,44.021294355392456,30,0.6422505118861074
543,,,,,,19.26751535658322,30,44.021294355392456,30,0.6422505118861074
544,,,,,,19.26751535658322,30,44.021294355392456,30,0.6422505118861074
545,1141,428,-27,-110,113.26517558367179,19.26751535658322,30,44.021294355392456,30,0.6422505118861074
546,1144,421,3,-7,7.615773105863909,19.26751535658322,30,44.021294355392456,30,0.6422505118861074
547,1149,399,5,-22,22.561028345356956,19.26751535658322,30,44.021294355392456,30,0.6422505118861074
548,1156,381,7,-18,19.313207915827967,19.26751535658322,30,44.021294355392456,30,0.6422505118861074
549,1156,374,0,-7,7.0,19.26751535658322,30,44.021294355392456,30,0.6422505118861074
550,1155,373,-1,-1,1.4142135623730951,19.26751535658322,30,44.021294355392456,30,0.6422505118861074
551,1156,375,1,2,2.23606797749979,19.26751535658322,30,44.021294355392456,30,0.6422505118861074
552,1156,377,0,2,2.0,19.26751535658322,30,44.021294355392456,30,0.6422505118861074
553,1156,379,0,2,2.0,19.26751535658322,30,44.021294355392456,30,0.6422505118861074
554,1156,380,0,1,1.0,19.26751535658322,30,44.021294355392456,30,0.6422505118861074
555,1156,380,0,0,0.0,19.26751535658322,30,44.021294355392456,30,0.6422505118861074
556,1156,380,0,0,0.0,19.26751535658322,30,44.021294355392456,30,0.6422505118861074
557,1156,379,0,-1,1.0,19.26751535658322,30,44.021294355392456,30,0.6422505118861074
558,1155,378,-1,-1,1.4142135623730951,19.26751535658322,30,44.021294355392456,30,0.6422505118861074
559,1155,378,0,0,0.0,19.26751535658322,30,44.021294355392456,30,0.6422505118861074
560,1155,378,0,0,0.0,19.26751535658322,30,44.021294355392456,30,0.6422505118861074
561,1155,377,0,-1,1.0,19.26751535658322,30,44.021294355392456,30,0.6422505118861074
562,1155,377,0,0,0.0,19.26751535658322,30,44.021294355392456,30,0.6422505118861074
563,1155,377,0,0,0.0,19.26751535658322,30,44.021294355392456,30,0.6422505118861074
564,1155,377,0,0,0.0,19.26751535658322,30,44.021294355392456,30,0.6422505118861074
565,1155,377,0,0,0.0,19.26751535658322,30,44.021294355392456,30,0.6422505118861074
566,1155,377,0,0,0.0,19.26751535658322,30,44.021294355392456,30,0.6422505118861074
567,1155,376,0,-1,1.0,19.26751535658322,30,44.021294355392456,30,0.6422505118861074
568,1155,376,0,0,0.0,19.26751535658322,30,44.021294355392456,30,0.6422505118861074
569,1155,376,0,0,0.0,19.26751535658322,30,44.021294355392456,30,0.6422505118861074
570,1155,376,0,0,0.0,19.26751535658322,30,44.021294355392456,30,0.6422505118861074
571,1155,376,0,0,0.0,19.26751535658322,30,44.021294355392456,30,0.6422505118861074
572,1155,376,0,0,0.0,19.26751535658322,30,44.021294355392456,30,0.6422505118861074
573,1155,376,0,0,0.0,19.26751535658322,30,44.021294355392456,30,0.6422505118861074
574,1155,375,0,-1,1.0,19.26751535658322,30,44.021294355392456,30,0.6422505118861074
575,1155,375,0,0,0.0,19.26751535658322,30,44.021294355392456,30,0.6422505118861074
576,1155,375,0,0,0.0,19.26751535658322,30,44.021294355392456,30,0.6422505118861074
577,1155,375,0,0,0.0,19.26751535658322,30,44.021294355392456,30,0.6422505118861074
578,1155,375,0,0,0.0,19.26751535658322,30,44.021294355392456,30,0.6422505118861074
579,1155,375,0,0,0.0,19.26751535658322,30,44.021294355392456,30,0.6422505118861074
580,1155,375,0,0,0.0,19.26751535658322,30,44.021294355392456,30,0.6422505118861074
581,1155,375,0,0,0.0,19.26751535658322,30,44.021294355392456,30,0.6422505118861074
582,1155,375,0,0,0.0,19.26751535658322,30,44.021294355392456,30,0.6422505118861074
583,1155,375,0,0,0.0,19.26751535658322,30,44.021294355392456,30,0.6422505118861074
584,1154,374,-1,-1,1.4142135623730951,19.26751535658322,30,44.021294355392456,30,0.6422505118861074
585,1154,374,0,0,0.0,19.26751535658322,30,44.021294355392456,30,0.6422505118861074
586,1155,374,1,0,1.0,19.26751535658322,30,44.021294355392456,30,0.6422505118861074
587,1155,374,0,0,0.0,19.26751535658322,30,44.021294355392456,30,0.6422505118861074
588,1155,374,0,0,0.0,19.26751535658322,30,44.021294355392456,30,0.6422505118861074
589,1155,374,0,0,0.0,19.26751535658322,30,44.021294355392456,30,0.6422505118861074
590,1154,374,-1,0,1.0,19.26751535658322,30,44.021294355392456,30,0.6422505118861074
591,1155,374,1,0,1.0,19.26751535658322,30,44.021294355392456,30,0.6422505118861074
592,1154,374,-1,0,1.0,19.26751535658322,30,44.021294355392456,30,0.6422505118861074
593,1154,374,0,0,0.0,19.26751535658322,30,44.021294355392456,30,0.6422505118861074
594,1154,374,0,0,0.0,19.26751535658322,30,44.021294355392456,30,0.6422505118861074
595,1154,374,0,0,0.0,19.26751535658322,30,44.021294355392456,30,0.6422505118861074
596,1154,374,0,0,0.0,19.26751535658322,30,44.021294355392456,30,0.6422505118861074
597,1154,374,0,0,0.0,19.26751535658322,30,44.021294355392456,30,0.6422505118861074
598,1154,373,0,-1,1.0,19.26751535658322,30,44.021294355392456,30,0.6422505118861074
599,1154,373,0,0,0.0,19.26751535658322,30,44.021294355392456,30,0.6422505118861074
600,1154,373,0,0,0.0,19.26751535658322,30,44.021294355392456,30,0.6422505118861074
601,1154,373,0,0,0.0,19.26751535658322,30,44.021294355392456,30,0.6422505118861074
602,1154,373,0,0,0.0,19.26751535658322,30,44.021294355392456,30,0.6422505118861074
603,1154,373,0,0,0.0,19.26751535658322,30,44.021294355392456,30,0.6422505118861074
604,1154,373,0,0,0.0,19.26751535658322,30,44.021294355392456,30,0.6422505118861074
605,1154,373,0,0,0.0,19.26751535658322,30,44.021294355392456,30,0.6422505118861074
606,1154,373,0,0,0.0,19.26751535658322,30,44.021294355392456,30,0.6422505118861074
607,1154,373,0,0,0.0,19.26751535658322,30,44.021294355392456,30,0.6422505118861074
608,1154,373,0,0,0.0,19.26751535658322,30,44.021294355392456,30,0.6422505118861074
609,1154,373,0,0,0.0,19.26751535658322,30,44.021294355392456,30,0.6422505118861074
610,1154,373,0,0,0.0,19.26751535658322,30,44.021294355392456,30,0.6422505118861074
611,1154,373,0,0,0.0,19.26751535658322,30,44.021294355392456,30,0.6422505118861074
612,1154,373,0,0,0.0,19.26751535658322,30,44.021294355392456,30,0.6422505118861074
613,1154,373,0,0,0.0,19.26751535658322,30,44.021294355392456,30,0.6422505118861074
614,1154,373,0,0,0.0,19.26751535658322,30,44.021294355392456,30,0.6422505118861074
615,,,,,,19.26751535658322,30,44.021294355392456,30,0.6422505118861074
616,1155,449,1,76,76.00657866263946,19.26751535658322,30,44.021294355392456,30,0.6422505118861074
617,1150,468,-5,19,19.6468827043885,19.26751535658322,30,44.021294355392456,30,0.6422505118861074
618,1162,501,12,33,35.11409973215888,19.26751535658322,30,44.021294355392456,30,0.6422505118861074
619,1199,519,37,18,41.14608122288197,19.26751535658322,30,44.021294355392456,30,0.6422505118861074
620,1211,526,12,7,13.892443989449804,19.26751535658322,30,44.021294355392456,30,0.6422505118861074
621,1204,532,-7,6,9.219544457292887,19.26751535658322,30,44.021294355392456,30,0.6422505118861074
622,1184,533,-20,1,20.024984394500787,19.26751535658322,30,44.021294355392456,30,0.6422505118861074
623,1160,533,-24,0,24.0,19.26751535658322,30,44.021294355392456,30,0.6422505118861074
624,1154,533,-6,0,6.0,19.26751535658322,30,44.021294355392456,30,0.6422505118861074
625,1166,532,12,-1,12.041594578792296,19.26751535658322,30,44.021294355392456,30,0.6422505118861074
626,1189,530,23,-2,23.08679276123039,19.26751535658322,30,44.021294355392456,30,0.6422505118861074
627,1209,529,20,-1,20.024984394500787,19.26751535658322,30,44.021294355392456,30,0.6422505118861074
628,1209,529,0,0,0.0,19.26751535658322,30,44.021294355392456,30,0.6422505118861074
629,1193,530,-16,1,16.0312195418814,19.26751535658322,30,44.021294355392456,30,0.6422505118861074
630,1168,530,-25,0,25.0,19.26751535658322,30,44.021294355392456,30,0.6422505118861074
631,1154,530,-14,0,14.0,19.26751535658322,30,44.021294355392456,30,0.6422505118861074
632,1159,530,5,0,5.0,19.26751535658322,30,44.021294355392456,30,0.6422505118861074
633,1178,530,19,0,19.0,19.26751535658322,30,44.021294355392456,30,0.6422505118861074
634,1203,530,25,0,25.0,19.26751535658322,30,44.021294355392456,30,0.6422505118861074
635,1212,530,9,0,9.0,19.26751535658322,30,44.021294355392456,30,0.6422505118861074
636,1204,531,-8,1,8.06225774829855,19.26751535658322,30,44.021294355392456,30,0.6422505118861074
637,1182,532,-22,1,22.02271554554524,19.26751535658322,30,44.021294355392456,30,0.6422505118861074
638,1160,532,-22,0,22.0,19.26751535658322,30,44.021294355392456,30,0.6422505118861074
639,1155,532,-5,0,5.0,19.26751535658322,30,44.021294355392456,30,0.6422505118861074
640,1168,532,13,0,13.0,19.26751535658322,30,44.021294355392456,30,0.6422505118861074
641,1191,531,23,-1,23.021728866442675,19.26751535658322,30,44.021294355392456,30,0.6422505118861074
642,1210,531,19,0,19.0,19.26751535658322,30,44.021294355392456,30,0.6422505118861074
643,1210,531,0,0,0.0,19.26751535658322,30,44.021294355392456,30,0.6422505118861074
644,1194,532,-16,1,16.0312195418814,19.26751535658322,30,44.021294355392456,30,0.6422505118861074
645,1169,533,-25,1,25.019992006393608,19.26751535658322,30,44.021294355392456,30,0.6422505118861074
646,1155,533,-14,0,14.0,19.26751535658322,30,44.021294355392456,30,0.6422505118861074
647,1160,533,5,0,5.0,19.26751535658322,30,44.021294355392456,30,0.6422505118861074
648,1179,532,19,-1,19.026297590440446,19.26751535658322,30,44.021294355392456,30,0.6422505118861074
649,1203,532,24,0,24.0,19.26751535658322,30,44.021294355392456,30,0.6422505118861074
650,1212,532,9,0,9.0,19.26751535658322,30,44.021294355392456,30,0.6422505118861074
651,1204,533,-8,1,8.06225774829855,19.26751535658322,30,44.021294355392456,30,0.6422505118861074
652,1183,533,-21,0,21.0,19.26751535658322,30,44.021294355392456,30,0.6422505118861074
653,1160,534,-23,1,23.021728866442675,19.26751535658322,30,44.021294355392456,30,0.6422505118861074
654,1156,534,-4,0,4.0,19.26751535658322,30,44.021294355392456,30,0.6422505118861074
655,1168,533,12,-1,12.041594578792296,19.26751535658322,30,44.021294355392456,30,0.6422505118861074
656,1191,533,23,0,23.0,19.26751535658322,30,44.021294355392456,30,0.6422505118861074
657,1211,533,20,0,20.0,19.26751535658322,30,44.021294355392456,30,0.6422505118861074
658,1210,533,-1,0,1.0,19.26751535658322,30,44.021294355392456,30,0.6422505118861074
659,1195,534,-15,1,15.033296378372908,19.26751535658322,30,44.021294355392456,30,0.6422505118861074
660,1170,534,-25,0,25.0,19.26751535658322,30,44.021294355392456,30,0.6422505118861074
661,1156,534,-14,0,14.0,19.26751535658322,30,44.021294355392456,30,0.6422505118861074
662,1160,534,4,0,4.0,19.26751535658322,30,44.021294355392456,30,0.6422505118861074
663,1179,534,19,0,19.0,19.26751535658322,30,44.021294355392456,30,0.6422505118861074
664,1203,533,24,-1,24.020824298928627,19.26751535658322,30,44.021294355392456,30,0.6422505118861074
665,1212,533,9,0,9.0,19.26751535658322,30,44.021294355392456,30,0.6422505118861074
666,1204,534,-8,1,8.06225774829855,19.26751535658322,30,44.021294355392456,30,0.6422505118861074
667,1184,535,-20,1,20.024984394500787,19.26751535658322,30,44.021294355392456,30,0.6422505118861074
668,1161,535,-23,0,23.0,19.26751535658322,30,44.021294355392456,30,0.6422505118861074
669,1156,535,-5,0,5.0,19.26751535658322,30,44.021294355392456,30,0.6422505118861074
670,1168,534,12,-1,12.041594578792296,19.26751535658322,30,44.021294355392456,30,0.6422505118861074
671,1192,534,24,0,24.0,19.26751535658322,30,44.021294355392456,30,0.6422505118861074
672,1211,533,19,-1,19.026297590440446,19.26751535658322,30,44.021294355392456,30,0.6422505118861074
673,1211,534,0,1,1.0,19.26751535658322,30,44.021294355392456,30,0.6422505118861074
674,1196,535,-15,1,15.033296378372908,19.26751535658322,30,44.021294355392456,30,0.6422505118861074
675,1170,535,-26,0,26.0,19.26751535658322,30,44.021294355392456,30,0.6422505118861074
676,1156,535,-14,0,14.0,19.26751535658322,30,44.021294355392456,30,0.6422505118861074
677,1161,535,5,0,5.0,19.26751535658322,30,44.021294355392456,30,0.6422505118861074
678,1180,534,19,-1,19.026297590440446,19.26751535658322,30,44.021294355392456,30,0.6422505118861074
679,1204,534,24,0,24.0,19.26751535658322,30,44.021294355392456,30,0.6422505118861074
680,1213,534,9,0,9.0,19.26751535658322,30,44.021294355392456,30,0.6422505118861074
681,1204,534,-9,0,9.0,19.26751535658322,30,44.021294355392456,30,0.6422505118861074
682,1183,535,-21,1,21.02379604162864,19.26751535658322,30,44.021294355392456,30,0.6422505118861074
683,1161,535,-22,0,22.0,19.26751535658322,30,44.021294355392456,30,0.6422505118861074
684,1157,535,-4,0,4.0,19.26751535658322,30,44.021294355392456,30,0.6422505118861074
685,1170,535,13,0,13.0,19.26751535658322,30,44.021294355392456,30,0.6422505118861074
686,1192,534,22,-1,22.02271554554524,19.26751535658322,30,44.021294355392456,30,0.6422505118861074
687,1211,534,19,0,19.0,19.26751535658322,30,44.021294355392456,30,0.6422505118861074
688,1210,534,-1,0,1.0,19.26751535658322,30,44.021294355392456,30,0.6422505118861074
689,1195,535,-15,1,15.033296378372908,19.26751535658322,30,44.021294355392456,30,0.6422505118861074
690,1170,536,-25,1,25.019992006393608,19.26751535658322,30,44.021294355392456,30,0.6422505118861074
691,1156,535,-14,-1,14.035668847618199,19.26751535658322,30,44.021294355392456,30,0.6422505118861074
692,1161,535,5,0,5.0,19.26751535658322,30,44.021294355392456,30,0.6422505118861074
693,1180,535,19,0,19.0,19.26751535658322,30,44.021294355392456,30,0.6422505118861074
694,1205,535,25,0,25.0,19.26751535658322,30,44.021294355392456,30,0.6422505118861074
695,1213,534,8,-1,8.06225774829855,19.26751535658322,30,44.021294355392456,30,0.6422505118861074
696,1204,535,-9,1,9.055385138137417,19.26751535658322,30,44.021294355392456,30,0.6422505118861074
697,1183,536,-21,1,21.02379604162864,19.26751535658322,30,44.021294355392456,30,0.6422505118861074
698,1161,536,-22,0,22.0,19.26751535658322,30,44.021294355392456,30,0.6422505118861074
699,1157,536,-4,0,4.0,19.26751535658322,30,44.021294355392456,30,0.6422505118861074
700,1169,536,12,0,12.0,19.26751535658322,30,44.021294355392456,30,0.6422505118861074
701,1192,535,23,-1,23.021728866442675,19.26751535658322,30,44.021294355392456,30,0.6422505118861074
702,1211,535,19,0,19.0,19.26751535658322,30,44.021294355392456,30,0.6422505118861074
703,1211,535,0,0,0.0,19.26751535658322,30,44.021294355392456,30,0.6422505118861074
704,1195,536,-16,1,16.0312195418814,19.26751535658322,30,44.021294355392456,30,0.6422505118861074
705,1170,536,-25,0,25.0,19.26751535658322,30,44.021294355392456,30,0.6422505118861074
706,1156,536,-14,0,14.0,19.26751535658322,30,44.021294355392456,30,0.6422505118861074
707,1161,536,5,0,5.0,19.26751535658322,30,44.021294355392456,30,0.6422505118861074
708,1181,536,20,0,20.0,19.26751535658322,30,44.021294355392456,30,0.6422505118861074
709,1204,535,23,-1,23.021728866442675,19.26751535658322,30,44.021294355392456,30,0.6422505118861074
710,1213,535,9,0,9.0,19.26751535658322,30,44.021294355392456,30,0.6422505118861074
711,1205,536,-8,1,8.06225774829855,19.26751535658322,30,44.021294355392456,30,0.6422505118861074
712,1183,536,-22,0,22.0,19.26751535658322,30,44.021294355392456,30,0.6422505118861074
713,1161,536,-22,0,22.0,19.26751535658322,30,44.021294355392456,30,0.6422505118861074
714,1157,536,-4,0,4.0,19.26751535658322,30,44.021294355392456,30,0.6422505118861074
715,1170,536,13,0,13.0,19.26751535658322,30,44.021294355392456,30,0.6422505118861074
716,1193,536,23,0,23.0,19.26751535658322,30,44.021294355392456,30,0.6422505118861074
717,1211,535,18,-1,18.027756377319946,19.26751535658322,30,44.021294355392456,30,0.6422505118861074
718,1210,535,-1,0,1.0,19.26751535658322,30,44.021294355392456,30,0.6422505118861074
719,1195,536,-15,1,15.033296378372908,19.26751535658322,30,44.021294355392456,30,0.6422505118861074
720,1170,536,-25,0,25.0,19.26751535658322,30,44.021294355392456,30,0.6422505118861074
721,1157,536,-13,0,13.0,19.26751535658322,30,44.021294355392456,30,0.6422505118861074
722,1162,536,5,0,5.0,19.26751535658322,30,44.021294355392456,30,0.6422505118861074
723,1181,536,19,0,19.0,19.26751535658322,30,44.021294355392456,30,0.6422505118861074
724,1205,536,24,0,24.0,19.26751535658322,30,44.021294355392456,30,0.6422505118861074
725,1213,535,8,-1,8.06225774829855,19.26751535658322,30,44.021294355392456,30,0.6422505118861074
726,1204,536,-9,1,9.055385138137417,19.26751535658322,30,44.021294355392456,30,0.6422505118861074
727,1183,537,-21,1,21.02379604162864,19.26751535658322,30,44.021294355392456,30,0.6422505118861074
728,1161,537,-22,0,22.0,19.26751535658322,30,44.021294355392456,30,0.6422505118861074
729,1157,537,-4,0,4.0,19.26751535658322,30,44.021294355392456,30,0.6422505118861074
730,1170,536,13,-1,13.038404810405298,19.26751535658322,30,44.021294355392456,30,0.6422505118861074
731,1193,536,23,0,23.0,19.26751535658322,30,44.021294355392456,30,0.6422505118861074
732,1212,536,19,0,19.0,19.26751535658322,30,44.021294355392456,30,0.6422505118861074
733,1211,536,-1,0,1.0,19.26751535658322,30,44.021294355392456,30,0.6422505118861074
734,1195,537,-16,1,16.0312195418814,19.26751535658322,30,44.021294355392456,30,0.6422505118861074
735,1170,537,-25,0,25.0,19.26751535658322,30,44.021294355392456,30,0.6422505118861074
736,1156,537,-14,0,14.0,19.26751535658322,30,44.021294355392456,30,0.6422505118861074
737,1162,537,6,0,6.0,19.26751535658322,30,44.021294355392456,30,0.6422505118861074
738,1181,536,19,-1,19.026297590440446,19.26751535658322,30,44.021294355392456,30,0.6422505118861074
739,1205,536,24,0,24.0,19.26751535658322,30,44.021294355392456,30,0.6422505118861074
740,1213,536,8,0,8.0,19.26751535658322,30,44.021294355392456,30,0.6422505118861074
741,1204,536,-9,0,9.0,19.26751535658322,30,44.021294355392456,30,0.6422505118861074
742,1183,537,-21,1,21.02379604162864,19.26751535658322,30,44.021294355392456,30,0.6422505118861074
743,1161,537,-22,0,22.0,19.26751535658322,30,44.021294355392456,30,0.6422505118861074
744,1157,537,-4,0,4.0,19.26751535658322,30,44.021294355392456,30,0.6422505118861074
745,1170,537,13,0,13.0,19.26751535658322,30,44.021294355392456,30,0.6422505118861074
746,,,,,,19.26751535658322,30,44.021294355392456,30,0.6422505118861074
747,1149,458,-21,-79,81.74350127074322,19.26751535658322,30,44.021294355392456,30,0.6422505118861074
748,1155,374,6,-84,84.2140130857092,19.26751535658322,30,44.021294355392456,30,0.6422505118861074
749,1150,347,-5,-27,27.459060435491963,19.26751535658322,30,44.021294355392456,30,0.6422505118861074
750,1155,358,5,11,12.083045973594572,19.26751535658322,30,44.021294355392456,30,0.6422505118861074
751,1155,371,0,13,13.0,19.26751535658322,30,44.021294355392456,30,0.6422505118861074
752,1155,380,0,9,9.0,19.26751535658322,30,44.021294355392456,30,0.6422505118861074
753,1155,384,0,4,4.0,19.26751535658322,30,44.021294355392456,30,0.6422505118861074
754,1155,385,0,1,1.0,19.26751535658322,30,44.021294355392456,30,0.6422505118861074
755,1155,384,0,-1,1.0,19.26751535658322,30,44.021294355392456,30,0.6422505118861074
756,1155,381,0,-3,3.0,19.26751535658322,30,44.021294355392456,30,0.6422505118861074
757,1155,379,0,-2,2.0,19.26751535658322,30,44.021294355392456,30,0.6422505118861074
758,1155,377,0,-2,2.0,19.26751535658322,30,44.021294355392456,30,0.6422505118861074
759,1155,377,0,0,0.0,19.26751535658322,30,44.021294355392456,30,0.6422505118861074
760,1155,376,0,-1,1.0,19.26751535658322,30,44.021294355392456,30,0.6422505118861074
761,1155,377,0,1,1.0,19.26751535658322,30,44.021294355392456,30,0.6422505118861074
762,1155,377,0,0,0.0,19.26751535658322,30,44.021294355392456,30,0.6422505118861074
763,1155,377,0,0,0.0,19.26751535658322,30,44.021294355392456,30,0.6422505118861074
764,1155,377,0,0,0.0,19.26751535658322,30,44.021294355392456,30,0.6422505118861074
765,1155,377,0,0,0.0,19.26751535658322,30,44.021294355392456,30,0.6422505118861074
766,1155,376,0,-1,1.0,19.26751535658322,30,44.021294355392456,30,0.6422505118861074
767,1155,376,0,0,0.0,19.26751535658322,30,44.021294355392456,30,0.6422505118861074
768,1155,376,0,0,0.0,19.26751535658322,30,44.021294355392456,30,0.6422505118861074
769,1155,376,0,0,0.0,19.26751535658322,30,44.021294355392456,30,0.6422505118861074
770,1154,376,-1,0,1.0,19.26751535658322,30,44.021294355392456,30,0.6422505118861074
771,1154,375,0,-1,1.0,19.26751535658322,30,44.021294355392456,30,0.6422505118861074
772,1155,375,1,0,1.0,19.26751535658322,30,44.021294355392456,30,0.6422505118861074
773,1155,375,0,0,0.0,19.26751535658322,30,44.021294355392456,30,0.6422505118861074
774,1155,375,0,0,0.0,19.26751535658322,30,44.021294355392456,30,0.6422505118861074
775,1155,375,0,0,0.0,19.26751535658322,30,44.021294355392456,30,0.6422505118861074
776,1155,375,0,0,0.0,19.26751535658322,30,44.021294355392456,30,0.6422505118861074
777,1155,375,0,0,0.0,19.26751535658322,30,44.021294355392456,30,0.6422505118861074
778,1154,375,-1,0,1.0,19.26751535658322,30,44.021294355392456,30,0.6422505118861074
779,1154,375,0,0,0.0,19.26751535658322,30,44.021294355392456,30,0.6422505118861074
780,1154,374,0,-1,1.0,19.26751535658322,30,44.021294355392456,30,0.6422505118861074
781,1154,374,0,0,0.0,19.26751535658322,30,44.021294355392456,30,0.6422505118861074
782,1154,374,0,0,0.0,19.26751535658322,30,44.021294355392456,30,0.6422505118861074
783,1154,374,0,0,0.0,19.26751535658322,30,44.021294355392456,30,0.6422505118861074
784,1154,374,0,0,0.0,19.26751535658322,30,44.021294355392456,30,0.6422505118861074
785,1154,374,0,0,0.0,19.26751535658322,30,44.021294355392456,30,0.6422505118861074
786,1154,374,0,0,0.0,19.26751535658322,30,44.021294355392456,30,0.6422505118861074
787,1154,374,0,0,0.0,19.26751535658322,30,44.021294355392456,30,0.6422505118861074
788,1154,374,0,0,0.0,19.26751535658322,30,44.021294355392456,30,0.6422505118861074
789,1154,373,0,-1,1.0,19.26751535658322,30,44.021294355392456,30,0.6422505118861074
790,1154,373,0,0,0.0,19.26751535658322,30,44.021294355392456,30,0.6422505118861074
791,1154,373,0,0,0.0,19.26751535658322,30,44.021294355392456,30,0.6422505118861074
792,1154,373,0,0,0.0,19.26751535658322,30,44.021294355392456,30,0.6422505118861074
793,1154,373,0,0,0.0,19.26751535658322,30,44.021294355392456,30,0.6422505118861074
794,1154,373,0,0,0.0,19.26751535658322,30,44.021294355392456,30,0.6422505118861074
795,1154,373,0,0,0.0,19.26751535658322,30,44.021294355392456,30,0.6422505118861074
796,1154,373,0,0,0.0,19.26751535658322,30,44.021294355392456,30,0.6422505118861074
797,1154,373,0,0,0.0,19.26751535658322,30,44.021294355392456,30,0.6422505118861074
798,1154,373,0,0,0.0,19.26751535658322,30,44.021294355392456,30,0.6422505118861074
799,1154,373,0,0,0.0,19.26751535658322,30,44.021294355392456,30,0.6422505118861074
800,1154,373,0,0,0.0,19.26751535658322,30,44.021294355392456,30,0.6422505118861074
801,1154,373,0,0,0.0,19.26751535658322,30,44.021294355392456,30,0.6422505118861074
802,1154,373,0,0,0.0,19.26751535658322,30,44.021294355392456,30,0.6422505118861074
803,1154,373,0,0,0.0,19.26751535658322,30,44.021294355392456,30,0.6422505118861074
804,1154,373,0,0,0.0,19.26751535658322,30,44.021294355392456,30,0.6422505118861074
805,1154,373,0,0,0.0,19.26751535658322,30,44.021294355392456,30,0.6422505118861074
806,1154,373,0,0,0.0,19.26751535658322,30,44.021294355392456,30,0.6422505118861074
807,1154,372,0,-1,1.0,19.26751535658322,30,44.021294355392456,30,0.6422505118861074
808,1154,372,0,0,0.0,19.26751535658322,30,44.021294355392456,30,0.6422505118861074
809,1154,372,0,0,0.0,19.26751535658322,30,44.021294355392456,30,0.6422505118861074
810,1154,372,0,0,0.0,19.26751535658322,30,44.021294355392456,30,0.6422505118861074
811,1154,372,0,0,0.0,19.26751535658322,30,44.021294355392456,30,0.6422505118861074
812,1145,612,-9,240,240.16869071550522,19.26751535658322,30,44.021294355392456,30,0.6422505118861074
813,1142,591,-3,-21,21.213203435596427,19.26751535658322,30,44.021294355392456,30,0.6422505118861074
814,1152,570,10,-21,23.259406699226016,19.26751535658322,30,44.021294355392456,30,0.6422505118861074
815,1194,553,42,-17,45.31004303683677,19.26751535658322,30,44.021294355392456,30,0.6422505118861074
816,1207,546,13,-7,14.7648230602334,19.26751535658322,30,44.021294355392456,30,0.6422505118861074
817,1193,542,-14,-4,14.560219778561036,19.26751535658322,30,44.021294355392456,30,0.6422505118861074
818,1163,538,-30,-4,30.265491900843113,19.26751535658322,30,44.021294355392456,30,0.6422505118861074
819,1153,535,-10,-3,10.44030650891055,19.26751535658322,30,44.021294355392456,30,0.6422505118861074
820,1171,532,18,-3,18.24828759089466,19.26751535658322,30,44.021294355392456,30,0.6422505118861074
821,1201,530,30,-2,30.066592756745816,19.26751535658322,30,44.021294355392456,30,0.6422505118861074
822,1210,528,9,-2,9.219544457292887,19.26751535658322,30,44.021294355392456,30,0.6422505118861074
823,1193,529,-17,1,17.029386365926403,19.26751535658322,30,44.021294355392456,30,0.6422505118861074
824,1162,529,-31,0,31.0,19.26751535658322,30,44.021294355392456,30,0.6422505118861074
825,1155,529,-7,0,7.0,19.26751535658322,30,44.021294355392456,30,0.6422505118861074
826,1174,529,19,0,19.0,19.26751535658322,30,44.021294355392456,30,0.6422505118861074
827,1204,528,30,-1,30.01666203960727,19.26751535658322,30,44.021294355392456,30,0.6422505118861074
828,1210,529,6,1,6.082762530298219,19.26751535658322,30,44.021294355392456,30,0.6422505118861074
829,1192,530,-18,1,18.027756377319946,19.26751535658322,30,44.021294355392456,30,0.6422505118861074
830,1162,531,-30,1,30.01666203960727,19.26751535658322,30,44.021294355392456,30,0.6422505118861074
831,1156,531,-6,0,6.0,19.26751535658322,30,44.021294355392456,30,0.6422505118861074
832,1175,531,19,0,19.0,19.26751535658322,30,44.021294355392456,30,0.6422505118861074
833,1204,530,29,-1,29.017236257093817,19.26751535658322,30,44.021294355392456,30,0.6422505118861074
834,1210,530,6,0,6.0,19.26751535658322,30,44.021294355392456,30,0.6422505118861074
835,1192,532,-18,2,18.110770276274835,19.26751535658322,30,44.021294355392456,30,0.6422505118861074
836,1162,532,-30,0,30.0,19.26751535658322,30,44.021294355392456,30,0.6422505118861074
837,1156,532,-6,0,6.0,19.26751535658322,30,44.021294355392456,30,0.6422505118861074
838,1174,532,18,0,18.0,19.26751535658322,30,44.021294355392456,30,0.6422505118861074
839,1204,531,30,-1,30.01666203960727,19.26751535658322,30,44.021294355392456,30,0.6422505118861074
840,1210,531,6,0,6.0,19.26751535658322,30,44.021294355392456,30,0.6422505118861074
841,1192,532,-18,1,18.027756377319946,19.26751535658322,30,44.021294355392456,30,0.6422505118861074
842,1162,532,-30,0,30.0,19.26751535658322,30,44.021294355392456,30,0.6422505118861074
843,1156,533,-6,1,6.082762530298219,19.26751535658322,30,44.021294355392456,30,0.6422505118861074
844,1175,532,19,-1,19.026297590440446,19.26751535658322,30,44.021294355392456,30,0.6422505118861074
845,1204,532,29,0,29.0,19.26751535658322,30,44.021294355392456,30,0.6422505118861074
846,1211,532,7,0,7.0,19.26751535658322,30,44.021294355392456,30,0.6422505118861074
847,1193,533,-18,1,18.027756377319946,19.26751535658322,30,44.021294355392456,30,0.6422505118861074
848,1163,533,-30,0,30.0,19.26751535658322,30,44.021294355392456,30,0.6422505118861074
849,1156,533,-7,0,7.0,19.26751535658322,30,44.021294355392456,30,0.6422505118861074
850,1175,533,19,0,19.0,19.26751535658322,30,44.021294355392456,30,0.6422505118861074
851,1204,532,29,-1,29.017236257093817,19.26751535658322,30,44.021294355392456,30,0.6422505118861074
852,1210,532,6,0,6.0,19.26751535658322,30,44.021294355392456,30,0.6422505118861074
853,1192,534,-18,2,18.110770276274835,19.26751535658322,30,44.021294355392456,30,0.6422505118861074
854,1163,534,-29,0,29.0,19.26751535658322,30,44.021294355392456,30,0.6422505118861074
855,1157,534,-6,0,6.0,19.26751535658322,30,44.021294355392456,30,0.6422505118861074
856,1175,533,18,-1,18.027756377319946,19.26751535658322,30,44.021294355392456,30,0.6422505118861074
857,1204,533,29,0,29.0,19.26751535658322,30,44.021294355392456,30,0.6422505118861074
858,1211,533,7,0,7.0,19.26751535658322,30,44.021294355392456,30,0.6422505118861074
859,1193,534,-18,1,18.027756377319946,19.26751535658322,30,44.021294355392456,30,0.6422505118861074
860,1163,534,-30,0,30.0,19.26751535658322,30,44.021294355392456,30,0.6422505118861074
861,1157,534,-6,0,6.0,19.26751535658322,30,44.021294355392456,30,0.6422505118861074
862,1175,534,18,0,18.0,19.26751535658322,30,44.021294355392456,30,0.6422505118861074
863,1205,533,30,-1,30.01666203960727,19.26751535658322,30,44.021294355392456,30,0.6422505118861074
864,1211,533,6,0,6.0,19.26751535658322,30,44.021294355392456,30,0.6422505118861074
865,1192,534,-19,1,19.026297590440446,19.26751535658322,30,44.021294355392456,30,0.6422505118861074
866,1163,534,-29,0,29.0,19.26751535658322,30,44.021294355392456,30,0.6422505118861074
867,1157,534,-6,0,6.0,19.26751535658322,30,44.021294355392456,30,0.6422505118861074
868,1176,534,19,0,19.0,19.26751535658322,30,44.021294355392456,30,0.6422505118861074
869,1205,534,29,0,29.0,19.26751535658322,30,44.021294355392456,30,0.6422505118861074
870,1210,533,5,-1,5.0990195135927845,19.26751535658322,30,44.021294355392456,30,0.6422505118861074
871,1193,535,-17,2,17.11724276862369,19.26751535658322,30,44.021294355392456,30,0.6422505118861074
872,1163,535,-30,0,30.0,19.26751535658322,30,44.021294355392456,30,0.6422505118861074
873,1157,535,-6,0,6.0,19.26751535658322,30,44.021294355392456,30,0.6422505118861074
874,1176,534,19,-1,19.026297590440446,19.26751535658322,30,44.021294355392456,30,0.6422505118861074
875,1204,534,28,0,28.0,19.26751535658322,30,44.021294355392456,30,0.6422505118861074
876,1210,534,6,0,6.0,19.26751535658322,30,44.021294355392456,30,0.6422505118861074
877,1192,535,-18,1,18.027756377319946,19.26751535658322,30,44.021294355392456,30,0.6422505118861074
878,1163,535,-29,0,29.0,19.26751535658322,30,44.021294355392456,30,0.6422505118861074
879,1157,535,-6,0,6.0,19.26751535658322,30,44.021294355392456,30,0.6422505118861074
880,1177,535,20,0,20.0,19.26751535658322,30,44.021294355392456,30,0.6422505118861074
881,1206,534,29,-1,29.017236257093817,19.26751535658322,30,44.021294355392456,30,0.6422505118861074
882,1210,534,4,0,4.0,19.26751535658322,30,44.021294355392456,30,0.6422505118861074
883,1192,535,-18,1,18.027756377319946,19.26751535658322,30,44.021294355392456,30,0.6422505118861074
884,1163,535,-29,0,29.0,19.26751535658322,30,44.021294355392456,30,0.6422505118861074
885,1158,535,-5,0,5.0,19.26751535658322,30,44.021294355392456,30,0.6422505118861074
886,1177,535,19,0,19.0,19.26751535658322,30,44.021294355392456,30,0.6422505118861074
887,1206,534,29,-1,29.017236257093817,19.26751535658322,30,44.021294355392456,30,0.6422505118861074
888,1210,534,4,0,4.0,19.26751535658322,30,44.021294355392456,30,0.6422505118861074
889,1192,535,-18,1,18.027756377319946,19.26751535658322,30,44.021294355392456,30,0.6422505118861074
890,1162,535,-30,0,30.0,19.26751535658322,30,44.021294355392456,30,0.6422505118861074
891,1158,535,-4,0,4.0,19.26751535658322,30,44.021294355392456,30,0.6422505118861074
892,1177,535,19,0,19.0,19.26751535658322,30,44.021294355392456,30,0.6422505118861074
893,1206,534,29,-1,29.017236257093817,19.26751535658322,30,44.021294355392456,30,0.6422505118861074
894,1210,535,4,1,4.123105625617661,19.26751535658322,30,44.021294355392456,30,0.6422505118861074
895,1191,536,-19,1,19.026297590440446,19.26751535658322,30,44.021294355392456,30,0.6422505118861074
896,1163,536,-28,0,28.0,19.26751535658322,30,44.021294355392456,30,0.6422505118861074
897,1158,535,-5,-1,5.0990195135927845,19.26751535658322,30,44.021294355392456,30,0.6422505118861074
898,1177,535,19,0,19.0,19.26751535658322,30,44.021294355392456,30,0.6422505118861074
899,1206,535,29,0,29.0,19.26751535658322,30,44.021294355392456,30,0.6422505118861074
900,1210,535,4,0,4.0,19.26751535658322,30,44.021294355392456,30,0.6422505118861074
901,1191,536,-19,1,19.026297590440446,19.26751535658322,30,44.021294355392456,30,0.6422505118861074
902,1163,536,-28,0,28.0,19.26751535658322,30,44.021294355392456,30,0.6422505118861074
903,1158,536,-5,0,5.0,19.26751535658322,30,44.021294355392456,30,0.6422505118861074
904,1178,535,20,-1,20.024984394500787,19.26751535658322,30,44.021294355392456,30,0.6422505118861074
905,1124,496,-54,-39,66.61080993352356,19.26751535658322,30,44.021294355392456,30,0.6422505118861074
906,1165,303,41,-193,197.3068675946177,19.26751535658322,30,44.021294355392456,30,0.6422505118861074
907,1145,322,-20,19,27.586228448267445,19.26751535658322,30,44.021294355392456,30,0.6422505118861074
908,1146,350,1,28,28.0178514522438,19.26751535658322,30,44.021294355392456,30,0.6422505118861074
909,1154,371,8,21,22.47220505424423,19.26751535658322,30,44.021294355392456,30,0.6422505118861074
910,1154,384,0,13,13.0,19.26751535658322,30,44.021294355392456,30,0.6422505118861074
911,1152,389,-2,5,5.385164807134504,19.26751535658322,30,44.021294355392456,30,0.6422505118861074
912,1153,388,1,-1,1.4142135623730951,19.26751535658322,30,44.021294355392456,30,0.6422505118861074
913,1153,384,0,-4,4.0,19.26751535658322,30,44.021294355392456,30,0.6422505118861074
914,1154,380,1,-4,4.123105625617661,19.26751535658322,30,44.021294355392456,30,0.6422505118861074
915,1154,377,0,-3,3.0,19.26751535658322,30,44.021294355392456,30,0.6422505118861074
916,1154,375,0,-2,2.0,19.26751535658322,30,44.021294355392456,30,0.6422505118861074
917,1154,375,0,0,0.0,19.26751535658322,30,44.021294355392456,30,0.6422505118861074
918,1153,376,-1,1,1.4142135623730951,19.26751535658322,30,44.021294355392456,30,0.6422505118861074
919,1153,376,0,0,0.0,19.26751535658322,30,44.021294355392456,30,0.6422505118861074
920,1153,377,0,1,1.0,19.26751535658322,30,44.021294355392456,30,0.6422505118861074
921,1153,377,0,0,0.0,19.26751535658322,30,44.021294355392456,30,0.6422505118861074
922,1153,377,0,0,0.0,19.26751535658322,30,44.021294355392456,30,0.6422505118861074
923,1153,376,0,-1,1.0,19.26751535658322,30,44.021294355392456,30,0.6422505118861074
924,1153,376,0,0,0.0,19.26751535658322,30,44.021294355392456,30,0.6422505118861074
925,1153,376,0,0,0.0,19.26751535658322,30,44.021294355392456,30,0.6422505118861074
926,1153,375,0,-1,1.0,19.26751535658322,30,44.021294355392456,30,0.6422505118861074
927,1153,375,0,0,0.0,19.26751535658322,30,44.021294355392456,30,0.6422505118861074
928,1153,375,0,0,0.0,19.26751535658322,30,44.021294355392456,30,0.6422505118861074
929,1153,375,0,0,0.0,19.26751535658322,30,44.021294355392456,30,0.6422505118861074
930,1153,375,0,0,0.0,19.26751535658322,30,44.021294355392456,30,0.6422505118861074
931,1153,374,0,-1,1.0,19.26751535658322,30,44.021294355392456,30,0.6422505118861074
932,1153,374,0,0,0.0,19.26751535658322,30,44.021294355392456,30,0.6422505118861074
933,1153,374,0,0,0.0,19.26751535658322,30,44.021294355392456,30,0.6422505118861074
934,1153,374,0,0,0.0,19.26751535658322,30,44.021294355392456,30,0.6422505118861074
935,1153,374,0,0,0.0,19.26751535658322,30,44.021294355392456,30,0.6422505118861074
936,1153,374,0,0,0.0,19.26751535658322,30,44.021294355392456,30,0.6422505118861074
937,1153,374,0,0,0.0,19.26751535658322,30,44.021294355392456,30,0.6422505118861074
938,1153,374,0,0,0.0,19.26751535658322,30,44.021294355392456,30,0.6422505118861074
939,1153,374,0,0,0.0,19.26751535658322,30,44.021294355392456,30,0.6422505118861074
940,1153,374,0,0,0.0,19.26751535658322,30,44.021294355392456,30,0.6422505118861074
941,1153,373,0,-1,1.0,19.26751535658322,30,44.021294355392456,30,0.6422505118861074
942,1153,373,0,0,0.0,19.26751535658322,30,44.021294355392456,30,0.6422505118861074
943,1153,373,0,0,0.0,19.26751535658322,30,44.021294355392456,30,0.6422505118861074
944,1153,373,0,0,0.0,19.26751535658322,30,44.021294355392456,30,0.6422505118861074
945,1153,373,0,0,0.0,19.26751535658322,30,44.021294355392456,30,0.6422505118861074
946,1153,373,0,0,0.0,19.26751535658322,30,44.021294355392456,30,0.6422505118861074
947,1153,373,0,0,0.0,19.26751535658322,30,44.021294355392456,30,0.6422505118861074
948,1153,373,0,0,0.0,19.26751535658322,30,44.021294355392456,30,0.6422505118861074
949,1153,373,0,0,0.0,19.26751535658322,30,44.021294355392456,30,0.6422505118861074
950,1153,373,0,0,0.0,19.26751535658322,30,44.021294355392456,30,0.6422505118861074
951,1153,373,0,0,0.0,19.26751535658322,30,44.021294355392456,30,0.6422505118861074
952,1153,372,0,-1,1.0,19.26751535658322,30,44.021294355392456,30,0.6422505118861074
953,1153,373,0,1,1.0,19.26751535658322,30,44.021294355392456,30,0.6422505118861074
954,1153,372,0,-1,1.0,19.26751535658322,30,44.021294355392456,30,0.6422505118861074
955,1153,372,0,0,0.0,19.26751535658322,30,44.021294355392456,30,0.6422505118861074
956,1153,372,0,0,0.0,19.26751535658322,30,44.021294355392456,30,0.6422505118861074
957,1153,372,0,0,0.0,19.26751535658322,30,44.021294355392456,30,0.6422505118861074
958,1153,372,0,0,0.0,19.26751535658322,30,44.021294355392456,30,0.6422505118861074
959,1153,372,0,0,0.0,19.26751535658322,30,44.021294355392456,30,0.6422505118861074
960,1153,372,0,0,0.0,19.26751535658322,30,44.021294355392456,30,0.6422505118861074
961,1153,372,0,0,0.0,19.26751535658322,30,44.021294355392456,30,0.6422505118861074
962,1153,372,0,0,0.0,19.26751535658322,30,44.021294355392456,30,0.6422505118861074
963,1153,372,0,0,0.0,19.26751535658322,30,44.021294355392456,30,0.6422505118861074
964,1153,372,0,0,0.0,19.26751535658322,30,44.021294355392456,30,0.6422505118861074
965,1153,372,0,0,0.0,19.26751535658322,30,44.021294355392456,30,0.6422505118861074
966,1153,372,0,0,0.0,19.26751535658322,30,44.021294355392456,30,0.6422505118861074
967,1153,372,0,0,0.0,19.26751535658322,30,44.021294355392456,30,0.6422505118861074
968,,,,,,19.26751535658322,30,44.021294355392456,30,0.6422505118861074
969,,,,,,19.26751535658322,30,44.021294355392456,30,0.6422505118861074
970,1177,473,24,101,103.81233067415451,19.26751535658322,30,44.021294355392456,30,0.6422505118861074
971,1200,483,23,10,25.079872407968907,19.26751535658322,30,44.021294355392456,30,0.6422505118861074
972,1198,496,-2,13,13.152946437965905,19.26751535658322,30,44.021294355392456,30,0.6422505118861074
973,1165,509,-33,13,35.4682957019364,19.26751535658322,30,44.021294355392456,30,0.6422505118861074
974,1153,518,-12,9,15.0,19.26751535658322,30,44.021294355392456,30,0.6422505118861074
975,1178,523,25,5,25.495097567963924,19.26751535658322,30,44.021294355392456,30,0.6422505118861074
976,1209,525,31,2,31.064449134018133,19.26751535658322,30,44.021294355392456,30,0.6422505118861074
977,1199,528,-10,3,10.44030650891055,19.26751535658322,30,44.021294355392456,30,0.6422505118861074
978,1164,530,-35,2,35.05709628591621,19.26751535658322,30,44.021294355392456,30,0.6422505118861074
979,1155,530,-9,0,9.0,19.26751535658322,30,44.021294355392456,30,0.6422505118861074
980,1182,530,27,0,27.0,19.26751535658322,30,44.021294355392456,30,0.6422505118861074
981,1210,529,28,-1,28.0178514522438,19.26751535658322,30,44.021294355392456,30,0.6422505118861074
982,1198,530,-12,1,12.041594578792296,19.26751535658322,30,44.021294355392456,30,0.6422505118861074
983,1163,530,-35,0,35.0,19.26751535658322,30,44.021294355392456,30,0.6422505118861074
984,1157,530,-6,0,6.0,19.26751535658322,30,44.021294355392456,30,0.6422505118861074
985,1184,529,27,-1,27.018512172212592,19.26751535658322,30,44.021294355392456,30,0.6422505118861074
986,1210,529,26,0,26.0,19.26751535658322,30,44.021294355392456,30,0.6422505118861074
987,1198,530,-12,1,12.041594578792296,19.26751535658322,30,44.021294355392456,30,0.6422505118861074
988,1163,530,-35,0,35.0,19.26751535658322,30,44.021294355392456,30,0.6422505118861074
989,1157,530,-6,0,6.0,19.26751535658322,30,44.021294355392456,30,0.6422505118861074
990,1184,530,27,0,27.0,19.26751535658322,30,44.021294355392456,30,0.6422505118861074
991,1210,529,26,-1,26.019223662515376,19.26751535658322,30,44.021294355392456,30,0.6422505118861074
992,1198,531,-12,2,12.165525060596439,19.26751535658322,30,44.021294355392456,30,0.6422505118861074
993,1163,531,-35,0,35.0,19.26751535658322,30,44.021294355392456,30,0.6422505118861074
994,1157,531,-6,0,6.0,19.26751535658322,30,44.021294355392456,30,0.6422505118861074
995,1184,531,27,0,27.0,19.26751535658322,30,44.021294355392456,30,0.6422505118861074
996,1211,530,27,-1,27.018512172212592,19.26751535658322,30,44.021294355392456,30,0.6422505118861074
997,1198,531,-13,1,13.038404810405298,19.26751535658322,30,44.021294355392456,30,0.6422505118861074
998,1164,532,-34,1,34.0147027033899,19.26751535658322,30,44.021294355392456,30,0.6422505118861074
999,1157,532,-7,0,7.0,19.26751535658322,30,44.021294355392456,30,0.6422505118861074
1000,1184,531,27,-1,27.018512172212592,19.26751535658322,30,44.021294355392456,30,0.6422505118861074
1001,1211,531,27,0,27.0,19.26751535658322,30,44.021294355392456,30,0.6422505118861074
1002,1199,532,-12,1,12.041594578792296,19.26751535658322,30,44.021294355392456,30,0.6422505118861074
1003,1164,532,-35,0,35.0,19.26751535658322,30,44.021294355392456,30,0.6422505118861074
1004,1158,532,-6,0,6.0,19.26751535658322,30,44.021294355392456,30,0.6422505118861074
1005,1184,532,26,0,26.0,19.26751535658322,30,44.021294355392456,30,0.6422505118861074
1006,1211,531,27,-1,27.018512172212592,19.26751535658322,30,44.021294355392456,30,0.6422505118861074
1007,1199,532,-12,1,12.041594578792296,19.26751535658322,30,44.021294355392456,30,0.6422505118861074
1008,1164,533,-35,1,35.014282800023196,19.26751535658322,30,44.021294355392456,30,0.6422505118861074
1009,1158,533,-6,0,6.0,19.26751535658322,30,44.021294355392456,30,0.6422505118861074
1010,1184,532,26,-1,26.019223662515376,19.26751535658322,30,44.021294355392456,30,0.6422505118861074
1011,1211,532,27,0,27.0,19.26751535658322,30,44.021294355392456,30,0.6422505118861074
1012,1199,533,-12,1,12.041594578792296,19.26751535658322,30,44.021294355392456,30,0.6422505118861074
1013,1165,533,-34,0,34.0,19.26751535658322,30,44.021294355392456,30,0.6422505118861074
1014,1158,533,-7,0,7.0,19.26751535658322,30,44.021294355392456,30,0.6422505118861074
1015,1185,532,27,-1,27.018512172212592,19.26751535658322,30,44.021294355392456,30,0.6422505118861074
1016,1211,532,26,0,26.0,19.26751535658322,30,44.021294355392456,30,0.6422505118861074
1017,1199,533,-12,1,12.041594578792296,19.26751535658322,30,44.021294355392456,30,0.6422505118861074
1018,1164,533,-35,0,35.0,19.26751535658322,30,44.021294355392456,30,0.6422505118861074
1019,1158,533,-6,0,6.0,19.26751535658322,30,44.021294355392456,30,0.6422505118861074
1020,1185,533,27,0,27.0,19.26751535658322,30,44.021294355392456,30,0.6422505118861074
1021,1211,532,26,-1,26.019223662515376,19.26751535658322,30,44.021294355392456,30,0.6422505118861074
1022,1199,533,-12,1,12.041594578792296,19.26751535658322,30,44.021294355392456,30,0.6422505118861074
1023,1164,534,-35,1,35.014282800023196,19.26751535658322,30,44.021294355392456,30,0.6422505118861074
1024,1158,534,-6,0,6.0,19.26751535658322,30,44.021294355392456,30,0.6422505118861074
1025,1185,533,27,-1,27.018512172212592,19.26751535658322,30,44.021294355392456,30,0.6422505118861074
1026,1211,533,26,0,26.0,19.26751535658322,30,44.021294355392456,30,0.6422505118861074
1027,1199,534,-12,1,12.041594578792296,19.26751535658322,30,44.021294355392456,30,0.6422505118861074
1028,1164,534,-35,0,35.0,19.26751535658322,30,44.021294355392456,30,0.6422505118861074
1029,1158,534,-6,0,6.0,19.26751535658322,30,44.021294355392456,30,0.6422505118861074
1030,1185,533,27,-1,27.018512172212592,19.26751535658322,30,44.021294355392456,30,0.6422505118861074
1031,1211,533,26,0,26.0,19.26751535658322,30,44.021294355392456,30,0.6422505118861074
1032,1199,534,-12,1,12.041594578792296,19.26751535658322,30,44.021294355392456,30,0.6422505118861074
1033,1164,534,-35,0,35.0,19.26751535658322,30,44.021294355392456,30,0.6422505118861074
1034,1159,534,-5,0,5.0,19.26751535658322,30,44.021294355392456,30,0.6422505118861074
1035,1185,534,26,0,26.0,19.26751535658322,30,44.021294355392456,30,0.6422505118861074
1036,1211,533,26,-1,26.019223662515376,19.26751535658322,30,44.021294355392456,30,0.6422505118861074
1037,1199,534,-12,1,12.041594578792296,19.26751535658322,30,44.021294355392456,30,0.6422505118861074
1038,1164,534,-35,0,35.0,19.26751535658322,30,44.021294355392456,30,0.6422505118861074
1039,1159,534,-5,0,5.0,19.26751535658322,30,44.021294355392456,30,0.6422505118861074
1040,1185,534,26,0,26.0,19.26751535658322,30,44.021294355392456,30,0.6422505118861074
1041,1211,533,26,-1,26.019223662515376,19.26751535658322,30,44.021294355392456,30,0.6422505118861074
1042,1199,534,-12,1,12.041594578792296,19.26751535658322,30,44.021294355392456,30,0.6422505118861074
1043,1165,535,-34,1,34.0147027033899,19.26751535658322,30,44.021294355392456,30,0.6422505118861074
1044,1159,534,-6,-1,6.082762530298219,19.26751535658322,30,44.021294355392456,30,0.6422505118861074
1045,1185,534,26,0,26.0,19.26751535658322,30,44.021294355392456,30,0.6422505118861074
1046,1211,533,26,-1,26.019223662515376,19.26751535658322,30,44.021294355392456,30,0.6422505118861074
1047,1199,534,-12,1,12.041594578792296,19.26751535658322,30,44.021294355392456,30,0.6422505118861074
1048,1165,535,-34,1,34.0147027033899,19.26751535658322,30,44.021294355392456,30,0.6422505118861074
1049,1159,535,-6,0,6.0,19.26751535658322,30,44.021294355392456,30,0.6422505118861074
1050,1185,534,26,-1,26.019223662515376,19.26751535658322,30,44.021294355392456,30,0.6422505118861074
1051,1211,534,26,0,26.0,19.26751535658322,30,44.021294355392456,30,0.6422505118861074
1052,1199,535,-12,1,12.041594578792296,19.26751535658322,30,44.021294355392456,30,0.6422505118861074
1053,1165,535,-34,0,34.0,19.26751535658322,30,44.021294355392456,30,0.6422505118861074
1054,1159,535,-6,0,6.0,19.26751535658322,30,44.021294355392456,30,0.6422505118861074
1055,1185,534,26,-1,26.019223662515376,19.26751535658322,30,44.021294355392456,30,0.6422505118861074
1056,1212,534,27,0,27.0,19.26751535658322,30,44.021294355392456,30,0.6422505118861074
1057,1200,535,-12,1,12.041594578792296,19.26751535658322,30,44.021294355392456,30,0.6422505118861074
1058,1165,535,-35,0,35.0,19.26751535658322,30,44.021294355392456,30,0.6422505118861074
1059,1159,535,-6,0,6.0,19.26751535658322,30,44.021294355392456,30,0.6422505118861074
1060,1185,534,26,-1,26.019223662515376,19.26751535658322,30,44.021294355392456,30,0.6422505118861074
1061,1212,534,27,0,27.0,19.26751535658322,30,44.021294355392456,30,0.6422505118861074
1062,1200,535,-12,1,12.041594578792296,19.26751535658322,30,44.021294355392456,30,0.6422505118861074
1063,1166,535,-34,0,34.0,19.26751535658322,30,44.021294355392456,30,0.6422505118861074
1064,1159,535,-7,0,7.0,19.26751535658322,30,44.021294355392456,30,0.6422505118861074
1065,1185,535,26,0,26.0,19.26751535658322,30,44.021294355392456,30,0.6422505118861074
1066,1212,534,27,-1,27.018512172212592,19.26751535658322,30,44.021294355392456,30,0.6422505118861074
1067,1200,535,-12,1,12.041594578792296,19.26751535658322,30,44.021294355392456,30,0.6422505118861074
1068,1165,536,-35,1,35.014282800023196,19.26751535658322,30,44.021294355392456,30,0.6422505118861074
1069,1159,535,-6,-1,6.082762530298219,19.26751535658322,30,44.021294355392456,30,0.6422505118861074
1070,1185,535,26,0,26.0,19.26751535658322,30,44.021294355392456,30,0.6422505118861074
1071,1212,534,27,-1,27.018512172212592,19.26751535658322,30,44.021294355392456,30,0.6422505118861074
1072,1200,535,-12,1,12.041594578792296,19.26751535658322,30,44.021294355392456,30,0.6422505118861074
1073,1166,536,-34,1,34.0147027033899,19.26751535658322,30,44.021294355392456,30,0.6422505118861074
1074,1159,535,-7,-1,7.0710678118654755,19.26751535658322,30,44.021294355392456,30,0.6422505118861074
1075,1185,535,26,0,26.0,19.26751535658322,30,44.021294355392456,30,0.6422505118861074
1076,1212,534,27,-1,27.018512172212592,19.26751535658322,30,44.021294355392456,30,0.6422505118861074
1077,1200,535,-12,1,12.041594578792296,19.26751535658322,30,44.021294355392456,30,0.6422505118861074
1078,1166,536,-34,1,34.0147027033899,19.26751535658322,30,44.021294355392456,30,0.6422505118861074
1079,1159,536,-7,0,7.0,19.26751535658322,30,44.021294355392456,30,0.6422505118861074
1080,1185,535,26,-1,26.019223662515376,19.26751535658322,30,44.021294355392456,30,0.6422505118861074
1081,1212,535,27,0,27.0,19.26751535658322,30,44.021294355392456,30,0.6422505118861074
1082,1200,536,-12,1,12.041594578792296,19.26751535658322,30,44.021294355392456,30,0.6422505118861074
1083,1166,536,-34,0,34.0,19.26751535658322,30,44.021294355392456,30,0.6422505118861074
1084,,,,,,19.26751535658322,30,44.021294355392456,30,0.6422505118861074
1085,,,,,,19.26751535658322,30,44.021294355392456,30,0.6422505118861074
1086,1143,428,-23,-108,110.42191811411355,19.26751535658322,30,44.021294355392456,30,0.6422505118861074
1087,1149,419,6,-9,10.816653826391969,19.26751535658322,30,44.021294355392456,30,0.6422505118861074
1088,1156,388,7,-31,31.78049716414141,19.26751535658322,30,44.021294355392456,30,0.6422505118861074
1089,1159,374,3,-14,14.317821063276353,19.26751535658322,30,44.021294355392456,30,0.6422505118861074
1090,1159,368,0,-6,6.0,19.26751535658322,30,44.021294355392456,30,0.6422505118861074
1091,1159,370,0,2,2.0,19.26751535658322,30,44.021294355392456,30,0.6422505118861074
1092,1159,374,0,4,4.0,19.26751535658322,30,44.021294355392456,30,0.6422505118861074
1093,1158,378,-1,4,4.123105625617661,19.26751535658322,30,44.021294355392456,30,0.6422505118861074
1094,1158,380,0,2,2.0,19.26751535658322,30,44.021294355392456,30,0.6422505118861074
1095,1158,380,0,0,0.0,19.26751535658322,30,44.021294355392456,30,0.6422505118861074
1096,1158,379,0,-1,1.0,19.26751535658322,30,44.021294355392456,30,0.6422505118861074
1097,1157,378,-1,-1,1.4142135623730951,19.26751535658322,30,44.021294355392456,30,0.6422505118861074
1098,1158,377,1,-1,1.4142135623730951,19.26751535658322,30,44.021294355392456,30,0.6422505118861074
1099,1157,376,-1,-1,1.4142135623730951,19.26751535658322,30,44.021294355392456,30,0.6422505118861074
1100,1158,376,1,0,1.0,19.26751535658322,30,44.021294355392456,30,0.6422505118861074
1101,1157,375,-1,-1,1.4142135623730951,19.26751535658322,30,44.021294355392456,30,0.6422505118861074
1102,1157,375,0,0,0.0,19.26751535658322,30,44.021294355392456,30,0.6422505118861074
1103,1157,375,0,0,0.0,19.26751535658322,30,44.021294355392456,30,0.6422505118861074
1104,1157,375,0,0,0.0,19.26751535658322,30,44.021294355392456,30,0.6422505118861074
1105,1158,375,1,0,1.0,19.26751535658322,30,44.021294355392456,30,0.6422505118861074
1106,1157,375,-1,0,1.0,19.26751535658322,30,44.021294355392456,30,0.6422505118861074
1107,1157,375,0,0,0.0,19.26751535658322,30,44.021294355392456,30,0.6422505118861074
1108,1157,375,0,0,0.0,19.26751535658322,30,44.021294355392456,30,0.6422505118861074
1109,1157,375,0,0,0.0,19.26751535658322,30,44.021294355392456,30,0.6422505118861074
1110,1157,375,0,0,0.0,19.26751535658322,30,44.021294355392456,30,0.6422505118861074
1111,1157,374,0,-1,1.0,19.26751535658322,30,44.021294355392456,30,0.6422505118861074
1112,1157,374,0,0,0.0,19.26751535658322,30,44.021294355392456,30,0.6422505118861074
1113,1157,374,0,0,0.0,19.26751535658322,30,44.021294355392456,30,0.6422505118861074
1114,1157,374,0,0,0.0,19.26751535658322,30,44.021294355392456,30,0.6422505118861074
1115,1157,374,0,0,0.0,19.26751535658322,30,44.021294355392456,30,0.6422505118861074
1116,1157,374,0,0,0.0,19.26751535658322,30,44.021294355392456,30,0.6422505118861074
1117,1157,374,0,0,0.0,19.26751535658322,30,44.021294355392456,30,0.6422505118861074
1118,1157,374,0,0,0.0,19.26751535658322,30,44.021294355392456,30,0.6422505118861074
1119,1157,373,0,-1,1.0,19.26751535658322,30,44.021294355392456,30,0.6422505118861074
1120,1157,373,0,0,0.0,19.26751535658322,30,44.021294355392456,30,0.6422505118861074
1121,1157,373,0,0,0.0,19.26751535658322,30,44.021294355392456,30,0.6422505118861074
1122,1157,373,0,0,0.0,19.26751535658322,30,44.021294355392456,30,0.6422505118861074
1123,1157,373,0,0,0.0,19.26751535658322,30,44.021294355392456,30,0.6422505118861074
1124,1157,373,0,0,0.0,19.26751535658322,30,44.021294355392456,30,0.6422505118861074
1125,1157,373,0,0,0.0,19.26751535658322,30,44.021294355392456,30,0.6422505118861074
1126,1157,373,0,0,0.0,19.26751535658322,30,44.021294355392456,30,0.6422505118861074
1127,1157,373,0,0,0.0,19.26751535658322,30,44.021294355392456,30,0.6422505118861074
1128,1157,373,0,0,0.0,19.26751535658322,30,44.021294355392456,30,0.6422505118861074
1129,1157,373,0,0,0.0,19.26751535658322,30,44.021294355392456,30,0.6422505118861074
1130,1157,372,0,-1,1.0,19.26751535658322,30,44.021294355392456,30,0.6422505118861074
1131,1157,372,0,0,0.0,19.26751535658322,30,44.021294355392456,30,0.6422505118861074
1132,1157,372,0,0,0.0,19.26751535658322,30,44.021294355392456,30,0.6422505118861074
1133,1157,372,0,0,0.0,19.26751535658322,30,44.021294355392456,30,0.6422505118861074
1134,1157,372,0,0,0.0,19.26751535658322,30,44.021294355392456,30,0.6422505118861074
1135,1157,372,0,0,0.0,19.26751535658322,30,44.021294355392456,30,0.6422505118861074
1136,1157,372,0,0,0.0,19.26751535658322,30,44.021294355392456,30,0.6422505118861074
1137,1157,372,0,0,0.0,19.26751535658322,30,44.021294355392456,30,0.6422505118861074
1138,1157,372,0,0,0.0,19.26751535658322,30,44.021294355392456,30,0.6422505118861074
1139,1157,372,0,0,0.0,19.26751535658322,30,44.021294355392456,30,0.6422505118861074
1140,1157,372,0,0,0.0,19.26751535658322,30,44.021294355392456,30,0.6422505118861074
1141,1157,372,0,0,0.0,19.26751535658322,30,44.021294355392456,30,0.6422505118861074
1142,1157,372,0,0,0.0,19.26751535658322,30,44.021294355392456,30,0.6422505118861074
1143,1157,372,0,0,0.0,19.26751535658322,30,44.021294355392456,30,0.6422505118861074
1144,1157,372,0,0,0.0,19.26751535658322,30,44.021294355392456,30,0.6422505118861074
1145,1157,372,0,0,0.0,19.26751535658322,30,44.021294355392456,30,0.6422505118861074
1146,1157,372,0,0,0.0,19.26751535658322,30,44.021294355392456,30,0.6422505118861074
1147,1143,594,-14,222,222.44100341438852,19.26751535658322,30,44.021294355392456,30,0.6422505118861074
1148,1158,447,15,-147,147.763324272297,19.26751535658322,30,44.021294355392456,30,0.6422505118861074
1149,1200,530,42,83,93.02150289046077,19.26751535658322,30,44.021294355392456,30,0.6422505118861074
1150,1205,532,5,2,5.385164807134504,19.26751535658322,30,44.021294355392456,30,0.6422505118861074
1151,1170,539,-35,7,35.6931365951495,19.26751535658322,30,44.021294355392456,30,0.6422505118861074
1152,1154,539,-16,0,16.0,19.26751535658322,30,44.021294355392456,30,0.6422505118861074
1153,1184,536,30,-3,30.14962686336267,19.26751535658322,30,44.021294355392456,30,0.6422505118861074
1154,1209,533,25,-3,25.179356624028344,19.26751535658322,30,44.021294355392456,30,0.6422505118861074
1155,1184,533,-25,0,25.0,19.26751535658322,30,44.021294355392456,30,0.6422505118861074
1156,1153,532,-31,-1,31.016124838541646,19.26751535658322,30,44.021294355392456,30,0.6422505118861074
1157,1173,530,20,-2,20.09975124224178,19.26751535658322,30,44.021294355392456,30,0.6422505118861074
1158,1209,529,36,-1,36.013886210738214,19.26751535658322,30,44.021294355392456,30,0.6422505118861074
1159,1195,529,-14,0,14.0,19.26751535658322,30,44.021294355392456,30,0.6422505118861074
1160,1157,529,-38,0,38.0,19.26751535658322,30,44.021294355392456,30,0.6422505118861074
1161,1164,528,7,-1,7.0710678118654755,19.26751535658322,30,44.021294355392456,30,0.6422505118861074
1162,1203,528,39,0,39.0,19.26751535658322,30,44.021294355392456,30,0.6422505118861074
1163,1205,528,2,0,2.0,19.26751535658322,30,44.021294355392456,30,0.6422505118861074
1164,1166,529,-39,1,39.01281840626232,19.26751535658322,30,44.021294355392456,30,0.6422505118861074
1165,1157,529,-9,0,9.0,19.26751535658322,30,44.021294355392456,30,0.6422505118861074
1166,1189,529,32,0,32.0,19.26751535658322,30,44.021294355392456,30,0.6422505118861074
1167,1210,529,21,0,21.0,19.26751535658322,30,44.021294355392456,30,0.6422505118861074
1168,1183,531,-27,2,27.073972741361768,19.26751535658322,30,44.021294355392456,30,0.6422505118861074
1169,1154,531,-29,0,29.0,19.26751535658322,30,44.021294355392456,30,0.6422505118861074
1170,1176,530,22,-1,22.02271554554524,19.26751535658322,30,44.021294355392456,30,0.6422505118861074
1171,1210,530,34,0,34.0,19.26751535658322,30,44.021294355392456,30,0.6422505118861074
1172,1196,531,-14,1,14.035668847618199,19.26751535658322,30,44.021294355392456,30,0.6422505118861074
1173,1158,531,-38,0,38.0,19.26751535658322,30,44.021294355392456,30,0.6422505118861074
1174,1164,531,6,0,6.0,19.26751535658322,30,44.021294355392456,30,0.6422505118861074
1175,1203,530,39,-1,39.01281840626232,19.26751535658322,30,44.021294355392456,30,0.6422505118861074
1176,1205,531,2,1,2.23606797749979,19.26751535658322,30,44.021294355392456,30,0.6422505118861074
1177,1168,532,-37,1,37.013511046643494,19.26751535658322,30,44.021294355392456,30,0.6422505118861074
1178,1157,531,-11,-1,11.045361017187261,19.26751535658322,30,44.021294355392456,30,0.6422505118861074
1179,1189,531,32,0,32.0,19.26751535658322,30,44.021294355392456,30,0.6422505118861074
1180,1210,531,21,0,21.0,19.26751535658322,30,44.021294355392456,30,0.6422505118861074
1181,1184,532,-26,1,26.019223662515376,19.26751535658322,30,44.021294355392456,30,0.6422505118861074
1182,1155,532,-29,0,29.0,19.26751535658322,30,44.021294355392456,30,0.6422505118861074
1183,1176,532,21,0,21.0,19.26751535658322,30,44.021294355392456,30,0.6422505118861074
1184,1210,531,34,-1,34.0147027033899,19.26751535658322,30,44.021294355392456,30,0.6422505118861074
1185,1196,532,-14,1,14.035668847618199,19.26751535658322,30,44.021294355392456,30,0.6422505118861074
1186,1159,532,-37,0,37.0,19.26751535658322,30,44.021294355392456,30,0.6422505118861074
1187,1164,532,5,0,5.0,19.26751535658322,30,44.021294355392456,30,0.6422505118861074
1188,1204,532,40,0,40.0,19.26751535658322,30,44.021294355392456,30,0.6422505118861074
1189,1205,532,1,0,1.0,19.26751535658322,30,44.021294355392456,30,0.6422505118861074
1190,1168,533,-37,1,37.013511046643494,19.26751535658322,30,44.021294355392456,30,0.6422505118861074
1191,1158,533,-10,0,10.0,19.26751535658322,30,44.021294355392456,30,0.6422505118861074
1192,1190,532,32,-1,32.01562118716424,19.26751535658322,30,44.021294355392456,30,0.6422505118861074
1193,1210,532,20,0,20.0,19.26751535658322,30,44.021294355392456,30,0.6422505118861074
1194,1183,533,-27,1,27.018512172212592,19.26751535658322,30,44.021294355392456,30,0.6422505118861074
1195,1156,533,-27,0,27.0,19.26751535658322,30,44.021294355392456,30,0.6422505118861074
1196,1176,533,20,0,20.0,19.26751535658322,30,44.021294355392456,30,0.6422505118861074
1197,1211,532,35,-1,35.014282800023196,19.26751535658322,30,44.021294355392456,30,0.6422505118861074
1198,1197,533,-14,1,14.035668847618199,19.26751535658322,30,44.021294355392456,30,0.6422505118861074
1199,1159,533,-38,0,38.0,19.26751535658322,30,44.021294355392456,30,0.6422505118861074
1200,1165,533,6,0,6.0,19.26751535658322,30,44.021294355392456,30,0.6422505118861074
1201,1204,532,39,-1,39.01281840626232,19.26751535658322,30,44.021294355392456,30,0.6422505118861074
1202,1206,533,2,1,2.23606797749979,19.26751535658322,30,44.021294355392456,30,0.6422505118861074
1203,1169,534,-37,1,37.013511046643494,19.26751535658322,30,44.021294355392456,30,0.6422505118861074
1204,1158,533,-11,-1,11.045361017187261,19.26751535658322,30,44.021294355392456,30,0.6422505118861074
1205,1189,533,31,0,31.0,19.26751535658322,30,44.021294355392456,30,0.6422505118861074
1206,1211,533,22,0,22.0,19.26751535658322,30,44.021294355392456,30,0.6422505118861074
1207,1185,534,-26,1,26.019223662515376,19.26751535658322,30,44.021294355392456,30,0.6422505118861074
1208,1156,534,-29,0,29.0,19.26751535658322,30,44.021294355392456,30,0.6422505118861074
1209,1177,533,21,-1,21.02379604162864,19.26751535658322,30,44.021294355392456,30,0.6422505118861074
1210,1211,533,34,0,34.0,19.26751535658322,30,44.021294355392456,30,0.6422505118861074
1211,1197,534,-14,1,14.035668847618199,19.26751535658322,30,44.021294355392456,30,0.6422505118861074
1212,1160,534,-37,0,37.0,19.26751535658322,30,44.021294355392456,30,0.6422505118861074
1213,1165,534,5,0,5.0,19.26751535658322,30,44.021294355392456,30,0.6422505118861074
1214,1204,533,39,-1,39.01281840626232,19.26751535658322,30,44.021294355392456,30,0.6422505118861074
1215,1206,533,2,0,2.0,19.26751535658322,30,44.021294355392456,30,0.6422505118861074
1216,1170,534,-36,1,36.013886210738214,19.26751535658322,30,44.021294355392456,30,0.6422505118861074
1217,1158,534,-12,0,12.0,19.26751535658322,30,44.021294355392456,30,0.6422505118861074
1218,1189,533,31,-1,31.016124838541646,19.26751535658322,30,44.021294355392456,30,0.6422505118861074
1219,1211,533,22,0,22.0,19.26751535658322,30,44.021294355392456,30,0.6422505118861074
1220,1186,535,-25,2,25.079872407968907,19.26751535658322,30,44.021294355392456,30,0.6422505118861074
1221,1157,534,-29,-1,29.017236257093817,19.26751535658322,30,44.021294355392456,30,0.6422505118861074
1222,1175,534,18,0,18.0,19.26751535658322,30,44.021294355392456,30,0.6422505118861074
1223,1211,533,36,-1,36.013886210738214,19.26751535658322,30,44.021294355392456,30,0.6422505118861074
1224,1198,534,-13,1,13.038404810405298,19.26751535658322,30,44.021294355392456,30,0.6422505118861074
1225,1161,534,-37,0,37.0,19.26751535658322,30,44.021294355392456,30,0.6422505118861074
1226,1165,534,4,0,4.0,19.26751535658322,30,44.021294355392456,30,0.6422505118861074
1227,1203,534,38,0,38.0,19.26751535658322,30,44.021294355392456,30,0.6422505118861074
1228,1207,534,4,0,4.0,19.26751535658322,30,44.021294355392456,30,0.6422505118861074
1229,1172,535,-35,1,35.014282800023196,19.26751535658322,30,44.021294355392456,30,0.6422505118861074
1230,1159,534,-13,-1,13.038404810405298,19.26751535658322,30,44.021294355392456,30,0.6422505118861074
1231,1188,534,29,0,29.0,19.26751535658322,30,44.021294355392456,30,0.6422505118861074
1232,1211,534,23,0,23.0,19.26751535658322,30,44.021294355392456,30,0.6422505118861074
1233,1186,535,-25,1,25.019992006393608,19.26751535658322,30,44.021294355392456,30,0.6422505118861074
1234,1157,535,-29,0,29.0,19.26751535658322,30,44.021294355392456,30,0.6422505118861074
1235,1176,535,19,0,19.0,19.26751535658322,30,44.021294355392456,30,0.6422505118861074
1236,1211,534,35,-1,35.014282800023196,19.26751535658322,30,44.021294355392456,30,0.6422505118861074
1237,1199,535,-12,1,12.041594578792296,19.26751535658322,30,44.021294355392456,30,0.6422505118861074
1238,1161,535,-38,0,38.0,19.26751535658322,30,44.021294355392456,30,0.6422505118861074
1239,1164,535,3,0,3.0,19.26751535658322,30,44.021294355392456,30,0.6422505118861074
1240,1204,534,40,-1,40.01249804748511,19.26751535658322,30,44.021294355392456,30,0.6422505118861074
1241,1208,534,4,0,4.0,19.26751535658322,30,44.021294355392456,30,0.6422505118861074
1242,1172,535,-36,1,36.013886210738214,19.26751535658322,30,44.021294355392456,30,0.6422505118861074
1243,1158,535,-14,0,14.0,19.26751535658322,30,44.021294355392456,30,0.6422505118861074
1244,1189,534,31,-1,31.016124838541646,19.26751535658322,30,44.021294355392456,30,0.6422505118861074
1245,1212,534,23,0,23.0,19.26751535658322,30,44.021294355392456,30,0.6422505118861074
1246,1187,535,-25,1,25.019992006393608,19.26751535658322,30,44.021294355392456,30,0.6422505118861074
1247,1157,535,-30,0,30.0,19.26751535658322,30,44.021294355392456,30,0.6422505118861074
1248,1175,535,18,0,18.0,19.26751535658322,30,44.021294355392456,30,0.6422505118861074
1249,1211,534,36,-1,36.013886210738214,19.26751535658322,30,44.021294355392456,30,0.6422505118861074
1250,1199,535,-12,1,12.041594578792296,19.26751535658322,30,44.021294355392456,30,0.6422505118861074
1251,1161,535,-38,0,38.0,19.26751535658322,30,44.021294355392456,30,0.6422505118861074
1252,1165,535,4,0,4.0,19.26751535658322,30,44.021294355392456,30,0.6422505118861074
1253,1203,534,38,-1,38.01315561749642,19.26751535658322,30,44.021294355392456,30,0.6422505118861074
1254,1208,535,5,1,5.0990195135927845,19.26751535658322,30,44.021294355392456,30,0.6422505118861074
1255,1172,535,-36,0,36.0,19.26751535658322,30,44.021294355392456,30,0.6422505118861074
1256,1159,535,-13,0,13.0,19.26751535658322,30,44.021294355392456,30,0.6422505118861074
1257,1188,535,29,0,29.0,19.26751535658322,30,44.021294355392456,30,0.6422505118861074
1258,1212,534,24,-1,24.020824298928627,19.26751535658322,30,44.021294355392456,30,0.6422505118861074
1259,1187,536,-25,2,25.079872407968907,19.26751535658322,30,44.021294355392456,30,0.6422505118861074
1260,1157,535,-30,-1,30.01666203960727,19.26751535658322,30,44.021294355392456,30,0.6422505118861074
1261,1175,535,18,0,18.0,19.26751535658322,30,44.021294355392456,30,0.6422505118861074
1262,1211,535,36,0,36.0,19.26751535658322,30,44.021294355392456,30,0.6422505118861074
1263,1200,535,-11,0,11.0,19.26751535658322,30,44.021294355392456,30,0.6422505118861074
1264,1161,536,-39,1,39.01281840626232,19.26751535658322,30,44.021294355392456,30,0.6422505118861074
1265,1165,535,4,-1,4.123105625617661,19.26751535658322,30,44.021294355392456,30,0.6422505118861074
1266,1204,535,39,0,39.0,19.26751535658322,30,44.021294355392456,30,0.6422505118861074
1267,,,,,,19.26751535658322,30,44.021294355392456,30,0.6422505118861074
1268,,,,,,19.26751535658322,30,44.021294355392456,30,0.6422505118861074
1269,1141,431,-63,-104,121.59358535712317,19.26751535658322,30,44.021294355392456,30,0.6422505118861074
1270,1147,426,6,-5,7.810249675906654,19.26751535658322,30,44.021294355392456,30,0.6422505118861074
1271,1151,393,4,-33,33.24154027718932,19.26751535658322,30,44.021294355392456,30,0.6422505118861074
1272,1156,373,5,-20,20.615528128088304,19.26751535658322,30,44.021294355392456,30,0.6422505118861074
1273,1156,366,0,-7,7.0,19.26751535658322,30,44.021294355392456,30,0.6422505118861074
1274,1156,368,0,2,2.0,19.26751535658322,30,44.021294355392456,30,0.6422505118861074
1275,1155,373,-1,5,5.0990195135927845,19.26751535658322,30,44.021294355392456,30,0.6422505118861074
1276,1155,377,0,4,4.0,19.26751535658322,30,44.021294355392456,30,0.6422505118861074
1277,1154,380,-1,3,3.1622776601683795,19.26751535658322,30,44.021294355392456,30,0.6422505118861074
1278,1154,381,0,1,1.0,19.26751535658322,30,44.021294355392456,30,0.6422505118861074
1279,1154,380,0,-1,1.0,19.26751535658322,30,44.021294355392456,30,0.6422505118861074
1280,1154,378,0,-2,2.0,19.26751535658322,30,44.021294355392456,30,0.6422505118861074
1281,1154,377,0,-1,1.0,19.26751535658322,30,44.021294355392456,30,0.6422505118861074
1282,1154,376,0,-1,1.0,19.26751535658322,30,44.021294355392456,30,0.6422505118861074
1283,1154,375,0,-1,1.0,19.26751535658322,30,44.021294355392456,30,0.6422505118861074
1284,1154,375,0,0,0.0,19.26751535658322,30,44.021294355392456,30,0.6422505118861074
1285,1154,375,0,0,0.0,19.26751535658322,30,44.021294355392456,30,0.6422505118861074
1286,1154,375,0,0,0.0,19.26751535658322,30,44.021294355392456,30,0.6422505118861074
1287,1154,375,0,0,0.0,19.26751535658322,30,44.021294355392456,30,0.6422505118861074
1288,1154,375,0,0,0.0,19.26751535658322,30,44.021294355392456,30,0.6422505118861074
1289,1154,375,0,0,0.0,19.26751535658322,30,44.021294355392456,30,0.6422505118861074
1290,1154,375,0,0,0.0,19.26751535658322,30,44.021294355392456,30,0.6422505118861074
1291,1154,375,0,0,0.0,19.26751535658322,30,44.021294355392456,30,0.6422505118861074
1292,1153,374,-1,-1,1.4142135623730951,19.26751535658322,30,44.021294355392456,30,0.6422505118861074
1293,1154,374,1,0,1.0,19.26751535658322,30,44.021294355392456,30,0.6422505118861074
1294,1154,374,0,0,0.0,19.26751535658322,30,44.021294355392456,30,0.6422505118861074
1295,1154,374,0,0,0.0,19.26751535658322,30,44.021294355392456,30,0.6422505118861074
1296,1153,374,-1,0,1.0,19.26751535658322,30,44.021294355392456,30,0.6422505118861074
1297,1154,374,1,0,1.0,19.26751535658322,30,44.021294355392456,30,0.6422505118861074
1298,1154,373,0,-1,1.0,19.26751535658322,30,44.021294355392456,30,0.6422505118861074
1299,1154,373,0,0,0.0,19.26751535658322,30,44.021294355392456,30,0.6422505118861074
1300,1154,373,0,0,0.0,19.26751535658322,30,44.021294355392456,30,0.6422505118861074
1301,1154,373,0,0,0.0,19.26751535658322,30,44.021294355392456,30,0.6422505118861074
1302,1154,373,0,0,0.0,19.26751535658322,30,44.021294355392456,30,0.6422505118861074
1303,1154,373,0,0,0.0,19.26751535658322,30,44.021294355392456,30,0.6422505118861074
1304,1154,373,0,0,0.0,19.26751535658322,30,44.021294355392456,30,0.6422505118861074
1305,1154,373,0,0,0.0,19.26751535658322,30,44.021294355392456,30,0.6422505118861074
1306,1154,373,0,0,0.0,19.26751535658322,30,44.021294355392456,30,0.6422505118861074
1307,1154,373,0,0,0.0,19.26751535658322,30,44.021294355392456,30,0.6422505118861074
1308,1154,373,0,0,0.0,19.26751535658322,30,44.021294355392456,30,0.6422505118861074
1309,1154,372,0,-1,1.0,19.26751535658322,30,44.021294355392456,30,0.6422505118861074
1310,1154,372,0,0,0.0,19.26751535658322,30,44.021294355392456,30,0.6422505118861074
1311,1154,372,0,0,0.0,19.26751535658322,30,44.021294355392456,30,0.6422505118861074
1312,1154,372,0,0,0.0,19.26751535658322,30,44.021294355392456,30,0.6422505118861074
1313,1154,372,0,0,0.0,19.26751535658322,30,44.021294355392456,30,0.6422505118861074
1314,1153,372,-1,0,1.0,19.26751535658322,30,44.021294355392456,30,0.6422505118861074
1315,1153,372,0,0,0.0,19.26751535658322,30,44.021294355392456,30,0.6422505118861074
1316,1154,372,1,0,1.0,19.26751535658322,30,44.021294355392456,30,0.6422505118861074
1317,1153,372,-1,0,1.0,19.26751535658322,30,44.021294355392456,30,0.6422505118861074
1318,1154,372,1,0,1.0,19.26751535658322,30,44.021294355392456,30,0.6422505118861074
1319,1154,372,0,0,0.0,19.26751535658322,30,44.021294355392456,30,0.6422505118861074
1320,1154,372,0,0,0.0,19.26751535658322,30,44.021294355392456,30,0.6422505118861074
1321,1154,371,0,-1,1.0,19.26751535658322,30,44.021294355392456,30,0.6422505118861074
1322,1154,371,0,0,0.0,19.26751535658322,30,44.021294355392456,30,0.6422505118861074
1323,1154,371,0,0,0.0,19.26751535658322,30,44.021294355392456,30,0.6422505118861074
1324,1154,371,0,0,0.0,19.26751535658322,30,44.021294355392456,30,0.6422505118861074
1325,1154,371,0,0,0.0,19.26751535658322,30,44.021294355392456,30,0.6422505118861074
1326,1154,371,0,0,0.0,19.26751535658322,30,44.021294355392456,30,0.6422505118861074
1327,1154,371,0,0,0.0,19.26751535658322,30,44.021294355392456,30,0.6422505118861074
1328,1153,371,-1,0,1.0,19.26751535658322,30,44.021294355392456,30,0.6422505118861074
1329,1153,371,0,0,0.0,19.26751535658322,30,44.021294355392456,30,0.6422505118861074
1330,1154,371,1,0,1.0,19.26751535658322,30,44.021294355392456,30,0.6422505118861074
1331,1153,371,-1,0,1.0,19.26751535658322,30,44.021294355392456,30,0.6422505118861074
1332,1153,371,0,0,0.0,19.26751535658322,30,44.021294355392456,30,0.6422505118861074
1333,,,,,,19.26751535658322,30,44.021294355392456,30,0.6422505118861074
1334,,,,,,19.26751535658322,30,44.021294355392456,30,0.6422505118861074
1335,,,,,,19.26751535658322,30,44.021294355392456,30,0.6422505118861074
1336,1201,542,48,171,177.6091213873882,19.26751535658322,30,44.021294355392456,30,0.6422505118861074
1337,1159,533,-42,-9,42.95346318982906,19.26751535658322,30,44.021294355392456,30,0.6422505118861074
1338,1161,528,2,-5,5.385164807134504,19.26751535658322,30,44.021294355392456,30,0.6422505118861074
1339,1205,524,44,-4,44.181444068749045,19.26751535658322,30,44.021294355392456,30,0.6422505118861074
1340,1195,524,-10,0,10.0,19.26751535658322,30,44.021294355392456,30,0.6422505118861074
1341,1154,524,-41,0,41.0,19.26751535658322,30,44.021294355392456,30,0.6422505118861074
1342,1174,523,20,-1,20.024984394500787,19.26751535658322,30,44.021294355392456,30,0.6422505118861074
1343,1211,523,37,0,37.0,19.26751535658322,30,44.021294355392456,30,0.6422505118861074
1344,1184,526,-27,3,27.16615541441225,19.26751535658322,30,44.021294355392456,30,0.6422505118861074
1345,1154,526,-30,0,30.0,19.26751535658322,30,44.021294355392456,30,0.6422505118861074
1346,1186,527,32,1,32.01562118716424,19.26751535658322,30,44.021294355392456,30,0.6422505118861074
1347,1209,527,23,0,23.0,19.26751535658322,30,44.021294355392456,30,0.6422505118861074
1348,1170,529,-39,2,39.05124837953327,19.26751535658322,30,44.021294355392456,30,0.6422505118861074
1349,1158,529,-12,0,12.0,19.26751535658322,30,44.021294355392456,30,0.6422505118861074
1350,1198,529,40,0,40.0,19.26751535658322,30,44.021294355392456,30,0.6422505118861074
1351,1205,529,7,0,7.0,19.26751535658322,30,44.021294355392456,30,0.6422505118861074
1352,1162,530,-43,1,43.01162633521314,19.26751535658322,30,44.021294355392456,30,0.6422505118861074
1353,1163,530,1,0,1.0,19.26751535658322,30,44.021294355392456,30,0.6422505118861074
1354,1205,529,42,-1,42.01190307520001,19.26751535658322,30,44.021294355392456,30,0.6422505118861074
1355,1199,530,-6,1,6.082762530298219,19.26751535658322,30,44.021294355392456,30,0.6422505118861074
1356,1157,530,-42,0,42.0,19.26751535658322,30,44.021294355392456,30,0.6422505118861074
1357,1170,530,13,0,13.0,19.26751535658322,30,44.021294355392456,30,0.6422505118861074
1358,1211,529,41,-1,41.012193308819754,19.26751535658322,30,44.021294355392456,30,0.6422505118861074
1359,1190,531,-21,2,21.095023109728988,19.26751535658322,30,44.021294355392456,30,0.6422505118861074
1360,1155,531,-35,0,35.0,19.26751535658322,30,44.021294355392456,30,0.6422505118861074
1361,1180,530,25,-1,25.019992006393608,19.26751535658322,30,44.021294355392456,30,0.6422505118861074
1362,1211,530,31,0,31.0,19.26751535658322,30,44.021294355392456,30,0.6422505118861074
1363,1181,531,-30,1,30.01666203960727,19.26751535658322,30,44.021294355392456,30,0.6422505118861074
1364,1155,531,-26,0,26.0,19.26751535658322,30,44.021294355392456,30,0.6422505118861074
1365,1189,531,34,0,34.0,19.26751535658322,30,44.021294355392456,30,0.6422505118861074
1366,1209,531,20,0,20.0,19.26751535658322,30,44.021294355392456,30,0.6422505118861074
1367,1171,532,-38,1,38.01315561749642,19.26751535658322,30,44.021294355392456,30,0.6422505118861074
1368,1159,531,-12,-1,12.041594578792296,19.26751535658322,30,44.021294355392456,30,0.6422505118861074
1369,1200,531,41,0,41.0,19.26751535658322,30,44.021294355392456,30,0.6422505118861074
1370,1205,531,5,0,5.0,19.26751535658322,30,44.021294355392456,30,0.6422505118861074
1371,1163,532,-42,1,42.01190307520001,19.26751535658322,30,44.021294355392456,30,0.6422505118861074
1372,1164,532,1,0,1.0,19.26751535658322,30,44.021294355392456,30,0.6422505118861074
1373,1207,531,43,-1,43.01162633521314,19.26751535658322,30,44.021294355392456,30,0.6422505118861074
1374,1199,532,-8,1,8.06225774829855,19.26751535658322,30,44.021294355392456,30,0.6422505118861074
1375,1158,532,-41,0,41.0,19.26751535658322,30,44.021294355392456,30,0.6422505118861074
1376,1172,532,14,0,14.0,19.26751535658322,30,44.021294355392456,30,0.6422505118861074
1377,1211,531,39,-1,39.01281840626232,19.26751535658322,30,44.021294355392456,30,0.6422505118861074
1378,1190,533,-21,2,21.095023109728988,19.26751535658322,30,44.021294355392456,30,0.6422505118861074
1379,1155,532,-35,-1,35.014282800023196,19.26751535658322,30,44.021294355392456,30,0.6422505118861074
1380,1181,532,26,0,26.0,19.26751535658322,30,44.021294355392456,30,0.6422505118861074
1381,1211,532,30,0,30.0,19.26751535658322,30,44.021294355392456,30,0.6422505118861074
1382,1181,533,-30,1,30.01666203960727,19.26751535658322,30,44.021294355392456,30,0.6422505118861074
1383,1156,533,-25,0,25.0,19.26751535658322,30,44.021294355392456,30,0.6422505118861074
1384,1191,532,35,-1,35.014282800023196,19.26751535658322,30,44.021294355392456,30,0.6422505118861074
1385,1209,532,18,0,18.0,19.26751535658322,30,44.021294355392456,30,0.6422505118861074
1386,1170,533,-39,1,39.01281840626232,19.26751535658322,30,44.021294355392456,30,0.6422505118861074
1387,1160,533,-10,0,10.0,19.26751535658322,30,44.021294355392456,30,0.6422505118861074
1388,1201,532,41,-1,41.012193308819754,19.26751535658322,30,44.021294355392456,30,0.6422505118861074
1389,1205,533,4,1,4.123105625617661,19.26751535658322,30,44.021294355392456,30,0.6422505118861074
1390,1162,533,-43,0,43.0,19.26751535658322,30,44.021294355392456,30,0.6422505118861074
1391,1165,533,3,0,3.0,19.26751535658322,30,44.021294355392456,30,0.6422505118861074
1392,1207,532,42,-1,42.01190307520001,19.26751535658322,30,44.021294355392456,30,0.6422505118861074
1393,1199,533,-8,1,8.06225774829855,19.26751535658322,30,44.021294355392456,30,0.6422505118861074
1394,1158,533,-41,0,41.0,19.26751535658322,30,44.021294355392456,30,0.6422505118861074
1395,1172,533,14,0,14.0,19.26751535658322,30,44.021294355392456,30,0.6422505118861074
1396,1211,532,39,-1,39.01281840626232,19.26751535658322,30,44.021294355392456,30,0.6422505118861074
1397,1190,534,-21,2,21.095023109728988,19.26751535658322,30,44.021294355392456,30,0.6422505118861074
1398,1156,534,-34,0,34.0,19.26751535658322,30,44.021294355392456,30,0.6422505118861074
1399,1182,533,26,-1,26.019223662515376,19.26751535658322,30,44.021294355392456,30,0.6422505118861074
1400,1212,533,30,0,30.0,19.26751535658322,30,44.021294355392456,30,0.6422505118861074
1401,1180,534,-32,1,32.01562118716424,19.26751535658322,30,44.021294355392456,30,0.6422505118861074
1402,1157,534,-23,0,23.0,19.26751535658322,30,44.021294355392456,30,0.6422505118861074
1403,1192,533,35,-1,35.014282800023196,19.26751535658322,30,44.021294355392456,30,0.6422505118861074
1404,1209,533,17,0,17.0,19.26751535658322,30,44.021294355392456,30,0.6422505118861074
1405,1169,534,-40,1,40.01249804748511,19.26751535658322,30,44.021294355392456,30,0.6422505118861074
1406,1161,534,-8,0,8.0,19.26751535658322,30,44.021294355392456,30,0.6422505118861074
1407,1202,533,41,-1,41.012193308819754,19.26751535658322,30,44.021294355392456,30,0.6422505118861074
1408,1204,534,2,1,2.23606797749979,19.26751535658322,30,44.021294355392456,30,0.6422505118861074
1409,1162,534,-42,0,42.0,19.26751535658322,30,44.021294355392456,30,0.6422505118861074
1410,1166,534,4,0,4.0,19.26751535658322,30,44.021294355392456,30,0.6422505118861074
1411,1208,533,42,-1,42.01190307520001,19.26751535658322,30,44.021294355392456,30,0.6422505118861074
1412,1198,534,-10,1,10.04987562112089,19.26751535658322,30,44.021294355392456,30,0.6422505118861074
1413,1157,534,-41,0,41.0,19.26751535658322,30,44.021294355392456,30,0.6422505118861074
1414,1174,534,17,0,17.0,19.26751535658322,30,44.021294355392456,30,0.6422505118861074
1415,1212,533,38,-1,38.01315561749642,19.26751535658322,30,44.021294355392456,30,0.6422505118861074
1416,1189,535,-23,2,23.08679276123039,19.26751535658322,30,44.021294355392456,30,0.6422505118861074
1417,1156,534,-33,-1,33.015148038438355,19.26751535658322,30,44.021294355392456,30,0.6422505118861074
1418,1183,534,27,0,27.0,19.26751535658322,30,44.021294355392456,30,0.6422505118861074
1419,1212,533,29,-1,29.017236257093817,19.26751535658322,30,44.021294355392456,30,0.6422505118861074
1420,1180,535,-32,2,32.0624390837628,19.26751535658322,30,44.021294355392456,30,0.6422505118861074
1421,1157,534,-23,-1,23.021728866442675,19.26751535658322,30,44.021294355392456,30,0.6422505118861074
1422,1192,534,35,0,35.0,19.26751535658322,30,44.021294355392456,30,0.6422505118861074
1423,1210,534,18,0,18.0,19.26751535658322,30,44.021294355392456,30,0.6422505118861074
1424,1170,534,-40,0,40.0,19.26751535658322,30,44.021294355392456,30,0.6422505118861074
1425,1160,534,-10,0,10.0,19.26751535658322,30,44.021294355392456,30,0.6422505118861074
1426,1202,534,42,0,42.0,19.26751535658322,30,44.021294355392456,30,0.6422505118861074
1427,1205,534,3,0,3.0,19.26751535658322,30,44.021294355392456,30,0.6422505118861074
1428,1162,535,-43,1,43.01162633521314,19.26751535658322,30,44.021294355392456,30,0.6422505118861074
1429,,,,,,19.26751535658322,30,44.021294355392456,30,0.6422505118861074
1430,,,,,,19.26751535658322,30,44.021294355392456,30,0.6422505118861074
1431,,,,,,19.26751535658322,30,44.021294355392456,30,0.6422505118861074
1432,1142,422,-20,-113,114.75626344561765,19.26751535658322,30,44.021294355392456,30,0.6422505118861074
1433,1142,411,0,-11,11.0,19.26751535658322,30,44.021294355392456,30,0.6422505118861074
1434,1157,385,15,-26,30.01666203960727,19.26751535658322,30,44.021294355392456,30,0.6422505118861074
1435,1158,371,1,-14,14.035668847618199,19.26751535658322,30,44.021294355392456,30,0.6422505118861074
1436,1158,366,0,-5,5.0,19.26751535658322,30,44.021294355392456,30,0.6422505118861074
1437,1158,369,0,3,3.0,19.26751535658322,30,44.021294355392456,30,0.6422505118861074
1438,1158,373,0,4,4.0,19.26751535658322,30,44.021294355392456,30,0.6422505118861074
1439,1158,377,0,4,4.0,19.26751535658322,30,44.021294355392456,30,0.6422505118861074
1440,1157,379,-1,2,2.23606797749979,19.26751535658322,30,44.021294355392456,30,0.6422505118861074
1441,1157,379,0,0,0.0,19.26751535658322,30,44.021294355392456,30,0.6422505118861074
1442,1157,378,0,-1,1.0,19.26751535658322,30,44.021294355392456,30,0.6422505118861074
1443,1157,377,0,-1,1.0,19.26751535658322,30,44.021294355392456,30,0.6422505118861074
1444,1157,376,0,-1,1.0,19.26751535658322,30,44.021294355392456,30,0.6422505118861074
1445,1157,375,0,-1,1.0,19.26751535658322,30,44.021294355392456,30,0.6422505118861074
1446,1157,374,0,-1,1.0,19.26751535658322,30,44.021294355392456,30,0.6422505118861074
1447,1158,374,1,0,1.0,19.26751535658322,30,44.021294355392456,30,0.6422505118861074
1448,1157,374,-1,0,1.0,19.26751535658322,30,44.021294355392456,30,0.6422505118861074
1449,1157,374,0,0,0.0,19.26751535658322,30,44.021294355392456,30,0.6422505118861074
1450,1157,374,0,0,0.0,19.26751535658322,30,44.021294355392456,30,0.6422505118861074
1451,1157,374,0,0,0.0,19.26751535658322,30,44.021294355392456,30,0.6422505118861074
1452,1157,374,0,0,0.0,19.26751535658322,30,44.021294355392456,30,0.6422505118861074
1453,1157,374,0,0,0.0,19.26751535658322,30,44.021294355392456,30,0.6422505118861074
1454,1157,374,0,0,0.0,19.26751535658322,30,44.021294355392456,30,0.6422505118861074
1455,1157,374,0,0,0.0,19.26751535658322,30,44.021294355392456,30,0.6422505118861074
1456,1157,373,0,-1,1.0,19.26751535658322,30,44.021294355392456,30,0.6422505118861074
1457,1157,373,0,0,0.0,19.26751535658322,30,44.021294355392456,30,0.6422505118861074
1458,1157,373,0,0,0.0,19.26751535658322,30,44.021294355392456,30,0.6422505118861074
1459,1157,373,0,0,0.0,19.26751535658322,30,44.021294355392456,30,0.6422505118861074
1460,1157,373,0,0,0.0,19.26751535658322,30,44.021294355392456,30,0.6422505118861074
1461,1157,373,0,0,0.0,19.26751535658322,30,44.021294355392456,30,0.6422505118861074
1462,1157,373,0,0,0.0,19.26751535658322,30,44.021294355392456,30,0.6422505118861074
1463,1157,372,0,-1,1.0,19.26751535658322,30,44.021294355392456,30,0.6422505118861074
1464,1157,372,0,0,0.0,19.26751535658322,30,44.021294355392456,30,0.6422505118861074
1465,1157,372,0,0,0.0,19.26751535658322,30,44.021294355392456,30,0.6422505118861074
1466,1157,372,0,0,0.0,19.26751535658322,30,44.021294355392456,30,0.6422505118861074
1467,1157,372,0,0,0.0,19.26751535658322,30,44.021294355392456,30,0.6422505118861074
1468,1157,372,0,0,0.0,19.26751535658322,30,44.021294355392456,30,0.6422505118861074
1469,1157,372,0,0,0.0,19.26751535658322,30,44.021294355392456,30,0.6422505118861074
1470,1157,372,0,0,0.0,19.26751535658322,30,44.021294355392456,30,0.6422505118861074
1471,1157,372,0,0,0.0,19.26751535658322,30,44.021294355392456,30,0.6422505118861074
1472,1157,372,0,0,0.0,19.26751535658322,30,44.021294355392456,30,0.6422505118861074
1473,1157,372,0,0,0.0,19.26751535658322,30,44.021294355392456,30,0.6422505118861074
1474,1157,372,0,0,0.0,19.26751535658322,30,44.021294355392456,30,0.6422505118861074
1475,1157,371,0,-1,1.0,19.26751535658322,30,44.021294355392456,30,0.6422505118861074
1476,1157,371,0,0,0.0,19.26751535658322,30,44.021294355392456,30,0.6422505118861074
1477,1157,371,0,0,0.0,19.26751535658322,30,44.021294355392456,30,0.6422505118861074
1478,1157,371,0,0,0.0,19.26751535658322,30,44.021294355392456,30,0.6422505118861074
1479,1157,371,0,0,0.0,19.26751535658322,30,44.021294355392456,30,0.6422505118861074
1480,1157,371,0,0,0.0,19.26751535658322,30,44.021294355392456,30,0.6422505118861074
1481,1157,371,0,0,0.0,19.26751535658322,30,44.021294355392456,30,0.6422505118861074
1482,1157,371,0,0,0.0,19.26751535658322,30,44.021294355392456,30,0.6422505118861074
1483,1157,371,0,0,0.0,19.26751535658322,30,44.021294355392456,30,0.6422505118861074
1484,1157,371,0,0,0.0,19.26751535658322,30,44.021294355392456,30,0.6422505118861074
1485,1157,371,0,0,0.0,19.26751535658322,30,44.021294355392456,30,0.6422505118861074
1486,1157,371,0,0,0.0,19.26751535658322,30,44.021294355392456,30,0.6422505118861074
1487,1157,371,0,0,0.0,19.26751535658322,30,44.021294355392456,30,0.6422505118861074
1488,1157,371,0,0,0.0,19.26751535658322,30,44.021294355392456,30,0.6422505118861074
1489,1157,371,0,0,0.0,19.26751535658322,30,44.021294355392456,30,0.6422505118861074
1490,1157,371,0,0,0.0,19.26751535658322,30,44.021294355392456,30,0.6422505118861074
1491,1157,371,0,0,0.0,19.26751535658322,30,44.021294355392456,30,0.6422505118861074
1492,1173,404,16,33,36.6742416417845,19.26751535658322,30,44.021294355392456,30,0.6422505118861074
1493,1171,444,-2,40,40.049968789001575,19.26751535658322,30,44.021294355392456,30,0.6422505118861074
1494,1213,471,42,27,49.92995093127971,19.26751535658322,30,44.021294355392456,30,0.6422505118861074
1495,1169,524,-44,53,68.8839603971781,19.26751535658322,30,44.021294355392456,30,0.6422505118861074
1496,1159,527,-10,3,10.44030650891055,19.26751535658322,30,44.021294355392456,30,0.6422505118861074
1497,1207,531,48,4,48.16637831516918,19.26751535658322,30,44.021294355392456,30,0.6422505118861074
1498,1189,533,-18,2,18.110770276274835,19.26751535658322,30,44.021294355392456,30,0.6422505118861074
1499,1154,532,-35,-1,35.014282800023196,19.26751535658322,30,44.021294355392456,30,0.6422505118861074
1500,1193,531,39,-1,39.01281840626232,19.26751535658322,30,44.021294355392456,30,0.6422505118861074
1501,1204,530,11,-1,11.045361017187261,19.26751535658322,30,44.021294355392456,30,0.6422505118861074
1502,1158,530,-46,0,46.0,19.26751535658322,30,44.021294355392456,30,0.6422505118861074
1503,1174,529,16,-1,16.0312195418814,19.26751535658322,30,44.021294355392456,30,0.6422505118861074
1504,1211,528,37,-1,37.013511046643494,19.26751535658322,30,44.021294355392456,30,0.6422505118861074
1505,1172,529,-39,1,39.01281840626232,19.26751535658322,30,44.021294355392456,30,0.6422505118861074
1506,1161,528,-11,-1,11.045361017187261,19.26751535658322,30,44.021294355392456,30,0.6422505118861074
1507,1208,527,47,-1,47.01063709417264,19.26751535658322,30,44.021294355392456,30,0.6422505118861074
1508,1192,528,-16,1,16.0312195418814,19.26751535658322,30,44.021294355392456,30,0.6422505118861074
1509,1155,528,-37,0,37.0,19.26751535658322,30,44.021294355392456,30,0.6422505118861074
1510,1190,528,35,0,35.0,19.26751535658322,30,44.021294355392456,30,0.6422505118861074
1511,1207,528,17,0,17.0,19.26751535658322,30,44.021294355392456,30,0.6422505118861074
1512,1160,529,-47,1,47.01063709417264,19.26751535658322,30,44.021294355392456,30,0.6422505118861074
1513,1171,529,11,0,11.0,19.26751535658322,30,44.021294355392456,30,0.6422505118861074
1514,1212,529,41,0,41.0,19.26751535658322,30,44.021294355392456,30,0.6422505118861074
1515,1179,530,-33,1,33.015148038438355,19.26751535658322,30,44.021294355392456,30,0.6422505118861074
1516,1158,530,-21,0,21.0,19.26751535658322,30,44.021294355392456,30,0.6422505118861074
1517,1204,529,46,-1,46.010868281309364,19.26751535658322,30,44.021294355392456,30,0.6422505118861074
1518,1198,530,-6,1,6.082762530298219,19.26751535658322,30,44.021294355392456,30,0.6422505118861074
1519,1155,530,-43,0,43.0,19.26751535658322,30,44.021294355392456,30,0.6422505118861074
1520,1183,530,28,0,28.0,19.26751535658322,30,44.021294355392456,30,0.6422505118861074
1521,1210,530,27,0,27.0,19.26751535658322,30,44.021294355392456,30,0.6422505118861074
1522,1165,530,-45,0,45.0,19.26751535658322,30,44.021294355392456,30,0.6422505118861074
1523,1165,530,0,0,0.0,19.26751535658322,30,44.021294355392456,30,0.6422505118861074
1524,1211,530,46,0,46.0,19.26751535658322,30,44.021294355392456,30,0.6422505118861074
1525,1187,531,-24,1,24.020824298928627,19.26751535658322,30,44.021294355392456,30,0.6422505118861074
1526,1156,531,-31,0,31.0,19.26751535658322,30,44.021294355392456,30,0.6422505118861074
1527,1198,530,42,-1,42.01190307520001,19.26751535658322,30,44.021294355392456,30,0.6422505118861074
1528,1203,531,5,1,5.0990195135927845,19.26751535658322,30,44.021294355392456,30,0.6422505118861074
1529,1158,531,-45,0,45.0,19.26751535658322,30,44.021294355392456,30,0.6422505118861074
1530,1178,531,20,0,20.0,19.26751535658322,30,44.021294355392456,30,0.6422505118861074
1531,1212,531,34,0,34.0,19.26751535658322,30,44.021294355392456,30,0.6422505118861074
1532,1172,531,-40,0,40.0,19.26751535658322,30,44.021294355392456,30,0.6422505118861074
1533,1162,531,-10,0,10.0,19.26751535658322,30,44.021294355392456,30,0.6422505118861074
1534,1209,531,47,0,47.0,19.26751535658322,30,44.021294355392456,30,0.6422505118861074
1535,1192,532,-17,1,17.029386365926403,19.26751535658322,30,44.021294355392456,30,0.6422505118861074
1536,1155,532,-37,0,37.0,19.26751535658322,30,44.021294355392456,30,0.6422505118861074
1537,1192,531,37,-1,37.013511046643494,19.26751535658322,30,44.021294355392456,30,0.6422505118861074
1538,1207,532,15,1,15.033296378372908,19.26751535658322,30,44.021294355392456,30,0.6422505118861074
1539,1160,532,-47,0,47.0,19.26751535658322,30,44.021294355392456,30,0.6422505118861074
1540,1172,532,12,0,12.0,19.26751535658322,30,44.021294355392456,30,0.6422505118861074
1541,1212,531,40,-1,40.01249804748511,19.26751535658322,30,44.021294355392456,30,0.6422505118861074
1542,1179,532,-33,1,33.015148038438355,19.26751535658322,30,44.021294355392456,30,0.6422505118861074
1543,1159,532,-20,0,20.0,19.26751535658322,30,44.021294355392456,30,0.6422505118861074
1544,1205,532,46,0,46.0,19.26751535658322,30,44.021294355392456,30,0.6422505118861074
1545,1198,532,-7,0,7.0,19.26751535658322,30,44.021294355392456,30,0.6422505118861074
1546,1156,532,-42,0,42.0,19.26751535658322,30,44.021294355392456,30,0.6422505118861074
1547,1185,532,29,0,29.0,19.26751535658322,30,44.021294355392456,30,0.6422505118861074
1548,1210,532,25,0,25.0,19.26751535658322,30,44.021294355392456,30,0.6422505118861074
1549,1164,532,-46,0,46.0,19.26751535658322,30,44.021294355392456,30,0.6422505118861074
1550,1167,532,3,0,3.0,19.26751535658322,30,44.021294355392456,30,0.6422505118861074
1551,1212,532,45,0,45.0,19.26751535658322,30,44.021294355392456,30,0.6422505118861074
1552,1186,533,-26,1,26.019223662515376,19.26751535658322,30,44.021294355392456,30,0.6422505118861074
1553,1157,533,-29,0,29.0,19.26751535658322,30,44.021294355392456,30,0.6422505118861074
1554,1199,532,42,-1,42.01190307520001,19.26751535658322,30,44.021294355392456,30,0.6422505118861074
1555,1203,533,4,1,4.123105625617661,19.26751535658322,30,44.021294355392456,30,0.6422505118861074
1556,1158,533,-45,0,45.0,19.26751535658322,30,44.021294355392456,30,0.6422505118861074
1557,1178,533,20,0,20.0,19.26751535658322,30,44.021294355392456,30,0.6422505118861074
1558,1212,532,34,-1,34.0147027033899,19.26751535658322,30,44.021294355392456,30,0.6422505118861074
1559,1172,533,-40,1,40.01249804748511,19.26751535658322,30,44.021294355392456,30,0.6422505118861074
1560,1162,533,-10,0,10.0,19.26751535658322,30,44.021294355392456,30,0.6422505118861074
1561,1208,532,46,-1,46.010868281309364,19.26751535658322,30,44.021294355392456,30,0.6422505118861074
1562,1193,533,-15,1,15.033296378372908,19.26751535658322,30,44.021294355392456,30,0.6422505118861074
1563,1156,533,-37,0,37.0,19.26751535658322,30,44.021294355392456,30,0.6422505118861074
1564,1191,532,35,-1,35.014282800023196,19.26751535658322,30,44.021294355392456,30,0.6422505118861074
1565,1208,533,17,1,17.029386365926403,19.26751535658322,30,44.021294355392456,30,0.6422505118861074
1566,1161,533,-47,0,47.0,19.26751535658322,30,44.021294355392456,30,0.6422505118861074
1567,1173,533,12,0,12.0,19.26751535658322,30,44.021294355392456,30,0.6422505118861074
1568,1213,533,40,0,40.0,19.26751535658322,30,44.021294355392456,30,0.6422505118861074
1569,1178,534,-35,1,35.014282800023196,19.26751535658322,30,44.021294355392456,30,0.6422505118861074
1570,1160,533,-18,-1,18.027756377319946,19.26751535658322,30,44.021294355392456,30,0.6422505118861074
1571,1206,533,46,0,46.0,19.26751535658322,30,44.021294355392456,30,0.6422505118861074
1572,1197,534,-9,1,9.055385138137417,19.26751535658322,30,44.021294355392456,30,0.6422505118861074
1573,1156,534,-41,0,41.0,19.26751535658322,30,44.021294355392456,30,0.6422505118861074
1574,1186,533,30,-1,30.01666203960727,19.26751535658322,30,44.021294355392456,30,0.6422505118861074
1575,1210,533,24,0,24.0,19.26751535658322,30,44.021294355392456,30,0.6422505118861074
1576,1164,533,-46,0,46.0,19.26751535658322,30,44.021294355392456,30,0.6422505118861074
1577,1168,533,4,0,4.0,19.26751535658322,30,44.021294355392456,30,0.6422505118861074
1578,1212,533,44,0,44.0,19.26751535658322,30,44.021294355392456,30,0.6422505118861074
1579,1185,534,-27,1,27.018512172212592,19.26751535658322,30,44.021294355392456,30,0.6422505118861074
1580,1157,534,-28,0,28.0,19.26751535658322,30,44.021294355392456,30,0.6422505118861074
1581,1200,533,43,-1,43.01162633521314,19.26751535658322,30,44.021294355392456,30,0.6422505118861074
1582,1203,534,3,1,3.1622776601683795,19.26751535658322,30,44.021294355392456,30,0.6422505118861074
1583,1158,534,-45,0,45.0,19.26751535658322,30,44.021294355392456,30,0.6422505118861074
1584,1179,534,21,0,21.0,19.26751535658322,30,44.021294355392456,30,0.6422505118861074
1585,1212,533,33,-1,33.015148038438355,19.26751535658322,30,44.021294355392456,30,0.6422505118861074
1586,1171,534,-41,1,41.012193308819754,19.26751535658322,30,44.021294355392456,30,0.6422505118861074
1587,1163,534,-8,0,8.0,19.26751535658322,30,44.021294355392456,30,0.6422505118861074
1588,1209,533,46,-1,46.010868281309364,19.26751535658322,30,44.021294355392456,30,0.6422505118861074
1589,1191,534,-18,1,18.027756377319946,19.26751535658322,30,44.021294355392456,30,0.6422505118861074
1590,1156,534,-35,0,35.0,19.26751535658322,30,44.021294355392456,30,0.6422505118861074
1591,1193,533,37,-1,37.013511046643494,19.26751535658322,30,44.021294355392456,30,0.6422505118861074
1592,1207,534,14,1,14.035668847618199,19.26751535658322,30,44.021294355392456,30,0.6422505118861074
1593,1161,534,-46,0,46.0,19.26751535658322,30,44.021294355392456,30,0.6422505118861074
1594,1173,534,12,0,12.0,19.26751535658322,30,44.021294355392456,30,0.6422505118861074
1595,1212,534,39,0,39.0,19.26751535658322,30,44.021294355392456,30,0.6422505118861074
1596,1179,535,-33,1,33.015148038438355,19.26751535658322,30,44.021294355392456,30,0.6422505118861074
1597,1160,534,-19,-1,19.026297590440446,19.26751535658322,30,44.021294355392456,30,0.6422505118861074
1598,1206,534,46,0,46.0,19.26751535658322,30,44.021294355392456,30,0.6422505118861074
1599,1198,534,-8,0,8.0,19.26751535658322,30,44.021294355392456,30,0.6422505118861074
1600,1156,534,-42,0,42.0,19.26751535658322,30,44.021294355392456,30,0.6422505118861074
1601,1186,534,30,0,30.0,19.26751535658322,30,44.021294355392456,30,0.6422505118861074
1602,1210,534,24,0,24.0,19.26751535658322,30,44.021294355392456,30,0.6422505118861074
1603,1164,534,-46,0,46.0,19.26751535658322,30,44.021294355392456,30,0.6422505118861074
1604,1168,534,4,0,4.0,19.26751535658322,30,44.021294355392456,30,0.6422505118861074
1605,1212,534,44,0,44.0,19.26751535658322,30,44.021294355392456,30,0.6422505118861074
1606,1185,535,-27,1,27.018512172212592,19.26751535658322,30,44.021294355392456,30,0.6422505118861074
1607,1158,535,-27,0,27.0,19.26751535658322,30,44.021294355392456,30,0.6422505118861074
1608,1202,534,44,-1,44.01136216933077,19.26751535658322,30,44.021294355392456,30,0.6422505118861074
1609,1202,535,0,1,1.0,19.26751535658322,30,44.021294355392456,30,0.6422505118861074
1610,1157,535,-45,0,45.0,19.26751535658322,30,44.021294355392456,30,0.6422505118861074
1611,1181,534,24,-1,24.020824298928627,19.26751535658322,30,44.021294355392456,30,0.6422505118861074
1612,,,,,,19.26751535658322,30,44.021294355392456,30,0.6422505118861074
1613,1137,473,-44,-61,75.21303078589507,19.26751535658322,30,44.021294355392456,30,0.6422505118861074
1614,1149,440,12,-33,35.11409973215888,19.26751535658322,30,44.021294355392456,30,0.6422505118861074
1615,1152,361,3,-79,79.05694150420949,19.26751535658322,30,44.021294355392456,30,0.6422505118861074
1616,1153,347,1,-14,14.035668847618199,19.26751535658322,30,44.021294355392456,30,0.6422505118861074
1617,1154,361,1,14,14.035668847618199,19.26751535658322,30,44.021294355392456,30,0.6422505118861074
1618,1154,374,0,13,13.0,19.26751535658322,30,44.021294355392456,30,0.6422505118861074
1619,1153,382,-1,8,8.06225774829855,19.26751535658322,30,44.021294355392456,30,0.6422505118861074
1620,1153,385,0,3,3.0,19.26751535658322,30,44.021294355392456,30,0.6422505118861074
1621,1153,384,0,-1,1.0,19.26751535658322,30,44.021294355392456,30,0.6422505118861074
1622,1154,381,1,-3,3.1622776601683795,19.26751535658322,30,44.021294355392456,30,0.6422505118861074
1623,1154,377,0,-4,4.0,19.26751535658322,30,44.021294355392456,30,0.6422505118861074
1624,1154,375,0,-2,2.0,19.26751535658322,30,44.021294355392456,30,0.6422505118861074
1625,1154,374,0,-1,1.0,19.26751535658322,30,44.021294355392456,30,0.6422505118861074
1626,1154,373,0,-1,1.0,19.26751535658322,30,44.021294355392456,30,0.6422505118861074
1627,1154,374,0,1,1.0,19.26751535658322,30,44.021294355392456,30,0.6422505118861074
1628,1154,375,0,1,1.0,19.26751535658322,30,44.021294355392456,30,0.6422505118861074
1629,1154,375,0,0,0.0,19.26751535658322,30,44.021294355392456,30,0.6422505118861074
1630,1154,375,0,0,0.0,19.26751535658322,30,44.021294355392456,30,0.6422505118861074
1631,1154,375,0,0,0.0,19.26751535658322,30,44.021294355392456,30,0.6422505118861074
1632,1154,375,0,0,0.0,19.26751535658322,30,44.021294355392456,30,0.6422505118861074
1633,1154,374,0,-1,1.0,19.26751535658322,30,44.021294355392456,30,0.6422505118861074
1634,1154,374,0,0,0.0,19.26751535658322,30,44.021294355392456,30,0.6422505118861074
1635,1154,374,0,0,0.0,19.26751535658322,30,44.021294355392456,30,0.6422505118861074
1636,1154,374,0,0,0.0,19.26751535658322,30,44.021294355392456,30,0.6422505118861074
1637,1154,373,0,-1,1.0,19.26751535658322,30,44.021294355392456,30,0.6422505118861074
1638,1154,373,0,0,0.0,19.26751535658322,30,44.021294355392456,30,0.6422505118861074
1639,1154,373,0,0,0.0,19.26751535658322,30,44.021294355392456,30,0.6422505118861074
1640,1154,373,0,0,0.0,19.26751535658322,30,44.021294355392456,30,0.6422505118861074
1641,1154,373,0,0,0.0,19.26751535658322,30,44.021294355392456,30,0.6422505118861074
1642,1154,373,0,0,0.0,19.26751535658322,30,44.021294355392456,30,0.6422505118861074
1643,1154,373,0,0,0.0,19.26751535658322,30,44.021294355392456,30,0.6422505118861074
1644,1154,373,0,0,0.0,19.26751535658322,30,44.021294355392456,30,0.6422505118861074
1645,1154,372,0,-1,1.0,19.26751535658322,30,44.021294355392456,30,0.6422505118861074
1646,1154,372,0,0,0.0,19.26751535658322,30,44.021294355392456,30,0.6422505118861074
1647,1154,372,0,0,0.0,19.26751535658322,30,44.021294355392456,30,0.6422505118861074
1648,1154,372,0,0,0.0,19.26751535658322,30,44.021294355392456,30,0.6422505118861074
1649,1154,372,0,0,0.0,19.26751535658322,30,44.021294355392456,30,0.6422505118861074
1650,1154,372,0,0,0.0,19.26751535658322,30,44.021294355392456,30,0.6422505118861074
1651,1153,372,-1,0,1.0,19.26751535658322,30,44.021294355392456,30,0.6422505118861074
1652,1153,372,0,0,0.0,19.26751535658322,30,44.021294355392456,30,0.6422505118861074
1653,1154,372,1,0,1.0,19.26751535658322,30,44.021294355392456,30,0.6422505118861074
1654,1153,372,-1,0,1.0,19.26751535658322,30,44.021294355392456,30,0.6422505118861074
1655,1153,372,0,0,0.0,19.26751535658322,30,44.021294355392456,30,0.6422505118861074
1656,1154,371,1,-1,1.4142135623730951,19.26751535658322,30,44.021294355392456,30,0.6422505118861074
1657,1154,371,0,0,0.0,19.26751535658322,30,44.021294355392456,30,0.6422505118861074
1658,1154,371,0,0,0.0,19.26751535658322,30,44.021294355392456,30,0.6422505118861074
1659,1154,371,0,0,0.0,19.26751535658322,30,44.021294355392456,30,0.6422505118861074
1660,1154,371,0,0,0.0,19.26751535658322,30,44.021294355392456,30,0.6422505118861074
1661,1154,371,0,0,0.0,19.26751535658322,30,44.021294355392456,30,0.6422505118861074
1662,1154,371,0,0,0.0,19.26751535658322,30,44.021294355392456,30,0.6422505118861074
1663,1154,371,0,0,0.0,19.26751535658322,30,44.021294355392456,30,0.6422505118861074
1664,1154,371,0,0,0.0,19.26751535658322,30,44.021294355392456,30,0.6422505118861074
1665,1153,371,-1,0,1.0,19.26751535658322,30,44.021294355392456,30,0.6422505118861074
1666,1154,371,1,0,1.0,19.26751535658322,30,44.021294355392456,30,0.6422505118861074
1667,1154,371,0,0,0.0,19.26751535658322,30,44.021294355392456,30,0.6422505118861074
1668,1153,371,-1,0,1.0,19.26751535658322,30,44.021294355392456,30,0.6422505118861074
1669,1153,371,0,0,0.0,19.26751535658322,30,44.021294355392456,30,0.6422505118861074
1670,1154,370,1,-1,1.4142135623730951,19.26751535658322,30,44.021294355392456,30,0.6422505118861074
1671,1154,371,0,1,1.0,19.26751535658322,30,44.021294355392456,30,0.6422505118861074
1672,1153,370,-1,-1,1.4142135623730951,19.26751535658322,30,44.021294355392456,30,0.6422505118861074
1673,1153,370,0,0,0.0,19.26751535658322,30,44.021294355392456,30,0.6422505118861074
1674,1153,370,0,0,0.0,19.26751535658322,30,44.021294355392456,30,0.6422505118861074
1675,1153,370,0,0,0.0,19.26751535658322,30,44.021294355392456,30,0.6422505118861074
1676,1153,370,0,0,0.0,19.26751535658322,30,44.021294355392456,30,0.6422505118861074
1677,1154,370,1,0,1.0,19.26751535658322,30,44.021294355392456,30,0.6422505118861074
1678,1153,370,-1,0,1.0,19.26751535658322,30,44.021294355392456,30,0.6422505118861074
1679,1154,370,1,0,1.0,19.26751535658322,30,44.021294355392456,30,0.6422505118861074
1680,1153,370,-1,0,1.0,19.26751535658322,30,44.021294355392456,30,0.6422505118861074
1681,1154,370,1,0,1.0,19.26751535658322,30,44.021294355392456,30,0.6422505118861074
1682,1154,370,0,0,0.0,19.26751535658322,30,44.021294355392456,30,0.6422505118861074
1683,1154,370,0,0,0.0,19.26751535658322,30,44.021294355392456,30,0.6422505118861074
1684,1153,370,-1,0,1.0,19.26751535658322,30,44.021294355392456,30,0.6422505118861074
1685,1153,370,0,0,0.0,19.26751535658322,30,44.021294355392456,30,0.6422505118861074
1686,1154,370,1,0,1.0,19.26751535658322,30,44.021294355392456,30,0.6422505118861074
1687,1153,370,-1,0,1.0,19.26751535658322,30,44.021294355392456,30,0.6422505118861074
1688,1154,370,1,0,1.0,19.26751535658322,30,44.021294355392456,30,0.6422505118861074
1689,1153,369,-1,-1,1.4142135623730951,19.26751535658322,30,44.021294355392456,30,0.6422505118861074
1690,1153,369,0,0,0.0,19.26751535658322,30,44.021294355392456,30,0.6422505118861074
1691,1153,370,0,1,1.0,19.26751535658322,30,44.021294355392456,30,0.6422505118861074
1692,1153,369,0,-1,1.0,19.26751535658322,30,44.021294355392456,30,0.6422505118861074
1693,1153,369,0,0,0.0,19.26751535658322,30,44.021294355392456,30,0.6422505118861074
1694,1153,369,0,0,0.0,19.26751535658322,30,44.021294355392456,30,0.6422505118861074
1695,1152,425,-1,56,56.00892785976178,19.26751535658322,30,44.021294355392456,30,0.6422505118861074
1696,1214,457,62,32,69.77105417004964,19.26751535658322,30,44.021294355392456,30,0.6422505118861074
1697,1175,523,-39,66,76.66159403508382,19.26751535658322,30,44.021294355392456,30,0.6422505118861074
1698,1155,522,-20,-1,20.024984394500787,19.26751535658322,30,44.021294355392456,30,0.6422505118861074
1699,1207,527,52,5,52.23983154643591,19.26751535658322,30,44.021294355392456,30,0.6422505118861074
1700,1179,531,-28,4,28.284271247461902,19.26751535658322,30,44.021294355392456,30,0.6422505118861074
1701,1157,531,-22,0,22.0,19.26751535658322,30,44.021294355392456,30,0.6422505118861074
1702,1208,529,51,-2,51.03920062069938,19.26751535658322,30,44.021294355392456,30,0.6422505118861074
1703,1180,530,-28,1,28.0178514522438,19.26751535658322,30,44.021294355392456,30,0.6422505118861074
1704,1159,529,-21,-1,21.02379604162864,19.26751535658322,30,44.021294355392456,30,0.6422505118861074
1705,1208,528,49,-1,49.01020301937138,19.26751535658322,30,44.021294355392456,30,0.6422505118861074
1706,1178,528,-30,0,30.0,19.26751535658322,30,44.021294355392456,30,0.6422505118861074
1707,1159,527,-19,-1,19.026297590440446,19.26751535658322,30,44.021294355392456,30,0.6422505118861074
1708,1209,526,50,-1,50.00999900019995,19.26751535658322,30,44.021294355392456,30,0.6422505118861074
1709,1179,527,-30,1,30.01666203960727,19.26751535658322,30,44.021294355392456,30,0.6422505118861074
1710,1159,527,-20,0,20.0,19.26751535658322,30,44.021294355392456,30,0.6422505118861074
1711,1209,526,50,-1,50.00999900019995,19.26751535658322,30,44.021294355392456,30,0.6422505118861074
1712,1181,528,-28,2,28.071337695236398,19.26751535658322,30,44.021294355392456,30,0.6422505118861074
1713,1158,527,-23,-1,23.021728866442675,19.26751535658322,30,44.021294355392456,30,0.6422505118861074
1714,1208,527,50,0,50.0,19.26751535658322,30,44.021294355392456,30,0.6422505118861074
1715,1183,528,-25,1,25.019992006393608,19.26751535658322,30,44.021294355392456,30,0.6422505118861074
1716,1157,528,-26,0,26.0,19.26751535658322,30,44.021294355392456,30,0.6422505118861074
1717,1207,528,50,0,50.0,19.26751535658322,30,44.021294355392456,30,0.6422505118861074
1718,1185,529,-22,1,22.02271554554524,19.26751535658322,30,44.021294355392456,30,0.6422505118861074
1719,1156,529,-29,0,29.0,19.26751535658322,30,44.021294355392456,30,0.6422505118861074
1720,1206,528,50,-1,50.00999900019995,19.26751535658322,30,44.021294355392456,30,0.6422505118861074
1721,1187,529,-19,1,19.026297590440446,19.26751535658322,30,44.021294355392456,30,0.6422505118861074
1722,1156,529,-31,0,31.0,19.26751535658322,30,44.021294355392456,30,0.6422505118861074
1723,1204,529,48,0,48.0,19.26751535658322,30,44.021294355392456,30,0.6422505118861074
1724,1190,530,-14,1,14.035668847618199,19.26751535658322,30,44.021294355392456,30,0.6422505118861074
1725,1156,530,-34,0,34.0,19.26751535658322,30,44.021294355392456,30,0.6422505118861074
1726,1203,529,47,-1,47.01063709417264,19.26751535658322,30,44.021294355392456,30,0.6422505118861074
1727,1192,530,-11,1,11.045361017187261,19.26751535658322,30,44.021294355392456,30,0.6422505118861074
1728,1155,530,-37,0,37.0,19.26751535658322,30,44.021294355392456,30,0.6422505118861074
1729,1202,529,47,-1,47.01063709417264,19.26751535658322,30,44.021294355392456,30,0.6422505118861074
1730,1194,530,-8,1,8.06225774829855,19.26751535658322,30,44.021294355392456,30,0.6422505118861074
1731,1155,530,-39,0,39.0,19.26751535658322,30,44.021294355392456,30,0.6422505118861074
1732,1200,530,45,0,45.0,19.26751535658322,30,44.021294355392456,30,0.6422505118861074
1733,1196,530,-4,0,4.0,19.26751535658322,30,44.021294355392456,30,0.6422505118861074
1734,1155,530,-41,0,41.0,19.26751535658322,30,44.021294355392456,30,0.6422505118861074
1735,1197,530,42,0,42.0,19.26751535658322,30,44.021294355392456,30,0.6422505118861074
1736,1199,531,2,1,2.23606797749979,19.26751535658322,30,44.021294355392456,30,0.6422505118861074
1737,1155,531,-44,0,44.0,19.26751535658322,30,44.021294355392456,30,0.6422505118861074
1738,1196,530,41,-1,41.012193308819754,19.26751535658322,30,44.021294355392456,30,0.6422505118861074
1739,1200,531,4,1,4.123105625617661,19.26751535658322,30,44.021294355392456,30,0.6422505118861074
1740,1155,531,-45,0,45.0,19.26751535658322,30,44.021294355392456,30,0.6422505118861074
1741,1194,530,39,-1,39.01281840626232,19.26751535658322,30,44.021294355392456,30,0.6422505118861074
1742,1201,531,7,1,7.0710678118654755,19.26751535658322,30,44.021294355392456,30,0.6422505118861074
1743,1155,531,-46,0,46.0,19.26751535658322,30,44.021294355392456,30,0.6422505118861074
1744,1191,530,36,-1,36.013886210738214,19.26751535658322,30,44.021294355392456,30,0.6422505118861074
1745,1202,531,11,1,11.045361017187261,19.26751535658322,30,44.021294355392456,30,0.6422505118861074
1746,1156,531,-46,0,46.0,19.26751535658322,30,44.021294355392456,30,0.6422505118861074
1747,1188,531,32,0,32.0,19.26751535658322,30,44.021294355392456,30,0.6422505118861074
1748,1205,531,17,0,17.0,19.26751535658322,30,44.021294355392456,30,0.6422505118861074
1749,1156,532,-49,1,49.01020301937138,19.26751535658322,30,44.021294355392456,30,0.6422505118861074
1750,1186,531,30,-1,30.01666203960727,19.26751535658322,30,44.021294355392456,30,0.6422505118861074
1751,1206,531,20,0,20.0,19.26751535658322,30,44.021294355392456,30,0.6422505118861074
1752,1157,532,-49,1,49.01020301937138,19.26751535658322,30,44.021294355392456,30,0.6422505118861074
1753,1184,531,27,-1,27.018512172212592,19.26751535658322,30,44.021294355392456,30,0.6422505118861074
1754,1207,531,23,0,23.0,19.26751535658322,30,44.021294355392456,30,0.6422505118861074
1755,1158,532,-49,1,49.01020301937138,19.26751535658322,30,44.021294355392456,30,0.6422505118861074
1756,1181,532,23,0,23.0,19.26751535658322,30,44.021294355392456,30,0.6422505118861074
1757,1208,531,27,-1,27.018512172212592,19.26751535658322,30,44.021294355392456,30,0.6422505118861074
1758,1159,532,-49,1,49.01020301937138,19.26751535658322,30,44.021294355392456,30,0.6422505118861074
1759,1180,532,21,0,21.0,19.26751535658322,30,44.021294355392456,30,0.6422505118861074
1760,1209,532,29,0,29.0,19.26751535658322,30,44.021294355392456,30,0.6422505118861074
1761,1160,532,-49,0,49.0,19.26751535658322,30,44.021294355392456,30,0.6422505118861074
1762,1178,532,18,0,18.0,19.26751535658322,30,44.021294355392456,30,0.6422505118861074
1763,1210,532,32,0,32.0,19.26751535658322,30,44.021294355392456,30,0.6422505118861074
1764,1160,533,-50,1,50.00999900019995,19.26751535658322,30,44.021294355392456,30,0.6422505118861074
1765,1181,532,21,-1,21.02379604162864,19.26751535658322,30,44.021294355392456,30,0.6422505118861074
1766,1208,532,27,0,27.0,19.26751535658322,30,44.021294355392456,30,0.6422505118861074
1767,1158,533,-50,1,50.00999900019995,19.26751535658322,30,44.021294355392456,30,0.6422505118861074
1768,1185,532,27,-1,27.018512172212592,19.26751535658322,30,44.021294355392456,30,0.6422505118861074
1769,1205,532,20,0,20.0,19.26751535658322,30,44.021294355392456,30,0.6422505118861074
1770,1157,533,-48,1,48.010415536631214,19.26751535658322,30,44.021294355392456,30,0.6422505118861074
1771,1190,532,33,-1,33.015148038438355,19.26751535658322,30,44.021294355392456,30,0.6422505118861074
1772,1202,533,12,1,12.041594578792296,19.26751535658322,30,44.021294355392456,30,0.6422505118861074
1773,1156,533,-46,0,46.0,19.26751535658322,30,44.021294355392456,30,0.6422505118861074
1774,1195,532,39,-1,39.01281840626232,19.26751535658322,30,44.021294355392456,30,0.6422505118861074
1775,1199,533,4,1,4.123105625617661,19.26751535658322,30,44.021294355392456,30,0.6422505118861074
1776,1156,533,-43,0,43.0,19.26751535658322,30,44.021294355392456,30,0.6422505118861074
1777,1201,532,45,-1,45.0111097397076,19.26751535658322,30,44.021294355392456,30,0.6422505118861074
1778,1195,533,-6,1,6.082762530298219,19.26751535658322,30,44.021294355392456,30,0.6422505118861074
1779,1157,533,-38,0,38.0,19.26751535658322,30,44.021294355392456,30,0.6422505118861074
1780,1205,532,48,-1,48.010415536631214,19.26751535658322,30,44.021294355392456,30,0.6422505118861074
1781,1191,533,-14,1,14.035668847618199,19.26751535658322,30,44.021294355392456,30,0.6422505118861074
1782,1158,533,-33,0,33.0,19.26751535658322,30,44.021294355392456,30,0.6422505118861074
1783,1208,532,50,-1,50.00999900019995,19.26751535658322,30,44.021294355392456,30,0.6422505118861074
1784,1187,534,-21,2,21.095023109728988,19.26751535658322,30,44.021294355392456,30,0.6422505118861074
1785,1159,533,-28,-1,28.0178514522438,19.26751535658322,30,44.021294355392456,30,0.6422505118861074
1786,1209,533,50,0,50.0,19.26751535658322,30,44.021294355392456,30,0.6422505118861074
1787,1185,534,-24,1,24.020824298928627,19.26751535658322,30,44.021294355392456,30,0.6422505118861074
1788,1160,533,-25,-1,25.019992006393608,19.26751535658322,30,44.021294355392456,30,0.6422505118861074
1789,1210,533,50,0,50.0,19.26751535658322,30,44.021294355392456,30,0.6422505118861074
1790,1182,534,-28,1,28.0178514522438,19.26751535658322,30,44.021294355392456,30,0.6422505118861074
1791,1161,533,-21,-1,21.02379604162864,19.26751535658322,30,44.021294355392456,30,0.6422505118861074
1792,1211,533,50,0,50.0,19.26751535658322,30,44.021294355392456,30,0.6422505118861074
1793,1180,534,-31,1,31.016124838541646,19.26751535658322,30,44.021294355392456,30,0.6422505118861074
1794,1163,533,-17,-1,17.029386365926403,19.26751535658322,30,44.021294355392456,30,0.6422505118861074
1795,1211,533,48,0,48.0,19.26751535658322,30,44.021294355392456,30,0.6422505118861074
1796,1178,534,-33,1,33.015148038438355,19.26751535658322,30,44.021294355392456,30,0.6422505118861074
1797,1164,533,-14,-1,14.035668847618199,19.26751535658322,30,44.021294355392456,30,0.6422505118861074
1798,1212,533,48,0,48.0,19.26751535658322,30,44.021294355392456,30,0.6422505118861074
1799,1176,534,-36,1,36.013886210738214,19.26751535658322,30,44.021294355392456,30,0.6422505118861074
1800,1165,533,-11,-1,11.045361017187261,19.26751535658322,30,44.021294355392456,30,0.6422505118861074
1801,1212,533,47,0,47.0,19.26751535658322,30,44.021294355392456,30,0.6422505118861074
1802,1173,534,-39,1,39.01281840626232,19.26751535658322,30,44.021294355392456,30,0.6422505118861074
1803,1167,533,-6,-1,6.082762530298219,19.26751535658322,30,44.021294355392456,30,0.6422505118861074
1804,1212,533,45,0,45.0,19.26751535658322,30,44.021294355392456,30,0.6422505118861074
1805,1170,534,-42,1,42.01190307520001,19.26751535658322,30,44.021294355392456,30,0.6422505118861074
1806,1168,533,-2,-1,2.23606797749979,19.26751535658322,30,44.021294355392456,30,0.6422505118861074
1807,1212,533,44,0,44.0,19.26751535658322,30,44.021294355392456,30,0.6422505118861074
1808,1168,534,-44,1,44.01136216933077,19.26751535658322,30,44.021294355392456,30,0.6422505118861074
1809,1170,534,2,0,2.0,19.26751535658322,30,44.021294355392456,30,0.6422505118861074
1810,1212,533,42,-1,42.01190307520001,19.26751535658322,30,44.021294355392456,30,0.6422505118861074
1811,1165,534,-47,1,47.01063709417264,19.26751535658322,30,44.021294355392456,30,0.6422505118861074
1812,1173,534,8,0,8.0,19.26751535658322,30,44.021294355392456,30,0.6422505118861074
1813,1212,533,39,-1,39.01281840626232,19.26751535658322,30,44.021294355392456,30,0.6422505118861074
1814,1164,534,-48,1,48.010415536631214,19.26751535658322,30,44.021294355392456,30,0.6422505118861074
1815,1175,534,11,0,11.0,19.26751535658322,30,44.021294355392456,30,0.6422505118861074
1816,1211,533,36,-1,36.013886210738214,19.26751535658322,30,44.021294355392456,30,0.6422505118861074
1817,1162,534,-49,1,49.01020301937138,19.26751535658322,30,44.021294355392456,30,0.6422505118861074
1818,1177,534,15,0,15.0,19.26751535658322,30,44.021294355392456,30,0.6422505118861074
1819,1210,534,33,0,33.0,19.26751535658322,30,44.021294355392456,30,0.6422505118861074
1820,1161,534,-49,0,49.0,19.26751535658322,30,44.021294355392456,30,0.6422505118861074
1821,1179,534,18,0,18.0,19.26751535658322,30,44.021294355392456,30,0.6422505118861074
1822,1210,534,31,0,31.0,19.26751535658322,30,44.021294355392456,30,0.6422505118861074
1823,1160,535,-50,1,50.00999900019995,19.26751535658322,30,44.021294355392456,30,0.6422505118861074
1824,1181,534,21,-1,21.02379604162864,19.26751535658322,30,44.021294355392456,30,0.6422505118861074
1825,1209,534,28,0,28.0,19.26751535658322,30,44.021294355392456,30,0.6422505118861074
1826,1159,535,-50,1,50.00999900019995,19.26751535658322,30,44.021294355392456,30,0.6422505118861074
1827,1184,534,25,-1,25.019992006393608,19.26751535658322,30,44.021294355392456,30,0.6422505118861074
1828,1208,534,24,0,24.0,19.26751535658322,30,44.021294355392456,30,0.6422505118861074
1829,1159,535,-49,1,49.01020301937138,19.26751535658322,30,44.021294355392456,30,0.6422505118861074
1830,1185,534,26,-1,26.019223662515376,19.26751535658322,30,44.021294355392456,30,0.6422505118861074
1831,1207,534,22,0,22.0,19.26751535658322,30,44.021294355392456,30,0.6422505118861074
1832,,,,,,19.26751535658322,30,44.021294355392456,30,0.6422505118861074
1833,,,,,,19.26751535658322,30,44.021294355392456,30,0.6422505118861074
1834,1151,445,-56,-89,105.152270541344,19.26751535658322,30,44.021294355392456,30,0.6422505118861074
1835,1150,428,-1,-17,17.029386365926403,19.26751535658322,30,44.021294355392456,30,0.6422505118861074
1836,1158,370,8,-58,58.54912467321779,19.26751535658322,30,44.021294355392456,30,0.6422505118861074
1837,1157,357,-1,-13,13.038404810405298,19.26751535658322,30,44.021294355392456,30,0.6422505118861074
1838,1158,362,1,5,5.0990195135927845,19.26751535658322,30,44.021294355392456,30,0.6422505118861074
1839,1158,371,0,9,9.0,19.26751535658322,30,44.021294355392456,30,0.6422505118861074
1840,1157,377,-1,6,6.082762530298219,19.26751535658322,30,44.021294355392456,30,0.6422505118861074
1841,1157,381,0,4,4.0,19.26751535658322,30,44.021294355392456,30,0.6422505118861074
1842,1157,382,0,1,1.0,19.26751535658322,30,44.021294355392456,30,0.6422505118861074
1843,1157,381,0,-1,1.0,19.26751535658322,30,44.021294355392456,30,0.6422505118861074
1844,1157,378,0,-3,3.0,19.26751535658322,30,44.021294355392456,30,0.6422505118861074
1845,1157,376,0,-2,2.0,19.26751535658322,30,44.021294355392456,30,0.6422505118861074
1846,1157,374,0,-2,2.0,19.26751535658322,30,44.021294355392456,30,0.6422505118861074
1847,1157,373,0,-1,1.0,19.26751535658322,30,44.021294355392456,30,0.6422505118861074
1848,1157,374,0,1,1.0,19.26751535658322,30,44.021294355392456,30,0.6422505118861074
1849,1157,374,0,0,0.0,19.26751535658322,30,44.021294355392456,30,0.6422505118861074
1850,1157,374,0,0,0.0,19.26751535658322,30,44.021294355392456,30,0.6422505118861074
1851,1157,374,0,0,0.0,19.26751535658322,30,44.021294355392456,30,0.6422505118861074
1852,1157,374,0,0,0.0,19.26751535658322,30,44.021294355392456,30,0.6422505118861074
1853,1157,374,0,0,0.0,19.26751535658322,30,44.021294355392456,30,0.6422505118861074
1854,1157,374,0,0,0.0,19.26751535658322,30,44.021294355392456,30,0.6422505118861074
1855,1157,374,0,0,0.0,19.26751535658322,30,44.021294355392456,30,0.6422505118861074
1856,1157,374,0,0,0.0,19.26751535658322,30,44.021294355392456,30,0.6422505118861074
1857,1157,373,0,-1,1.0,19.26751535658322,30,44.021294355392456,30,0.6422505118861074
1858,1157,373,0,0,0.0,19.26751535658322,30,44.021294355392456,30,0.6422505118861074
1859,1157,373,0,0,0.0,19.26751535658322,30,44.021294355392456,30,0.6422505118861074
1860,1157,373,0,0,0.0,19.26751535658322,30,44.021294355392456,30,0.6422505118861074
1861,1157,373,0,0,0.0,19.26751535658322,30,44.021294355392456,30,0.6422505118861074
1862,1157,372,0,-1,1.0,19.26751535658322,30,44.021294355392456,30,0.6422505118861074
1863,1157,372,0,0,0.0,19.26751535658322,30,44.021294355392456,30,0.6422505118861074
1864,1157,372,0,0,0.0,19.26751535658322,30,44.021294355392456,30,0.6422505118861074
1865,1157,372,0,0,0.0,19.26751535658322,30,44.021294355392456,30,0.6422505118861074
1866,1157,372,0,0,0.0,19.26751535658322,30,44.021294355392456,30,0.6422505118861074
1867,1157,372,0,0,0.0,19.26751535658322,30,44.021294355392456,30,0.6422505118861074
1868,1157,372,0,0,0.0,19.26751535658322,30,44.021294355392456,30,0.6422505118861074
1869,1157,372,0,0,0.0,19.26751535658322,30,44.021294355392456,30,0.6422505118861074
1870,1157,372,0,0,0.0,19.26751535658322,30,44.021294355392456,30,0.6422505118861074
1871,1156,372,-1,0,1.0,19.26751535658322,30,44.021294355392456,30,0.6422505118861074
1872,1156,372,0,0,0.0,19.26751535658322,30,44.021294355392456,30,0.6422505118861074
1873,1156,371,0,-1,1.0,19.26751535658322,30,44.021294355392456,30,0.6422505118861074
1874,1156,371,0,0,0.0,19.26751535658322,30,44.021294355392456,30,0.6422505118861074
1875,1156,371,0,0,0.0,19.26751535658322,30,44.021294355392456,30,0.6422505118861074
1876,1156,371,0,0,0.0,19.26751535658322,30,44.021294355392456,30,0.6422505118861074
1877,1156,371,0,0,0.0,19.26751535658322,30,44.021294355392456,30,0.6422505118861074
1878,1156,371,0,0,0.0,19.26751535658322,30,44.021294355392456,30,0.6422505118861074
1879,1156,371,0,0,0.0,19.26751535658322,30,44.021294355392456,30,0.6422505118861074
1880,1156,371,0,0,0.0,19.26751535658322,30,44.021294355392456,30,0.6422505118861074
1881,1156,371,0,0,0.0,19.26751535658322,30,44.021294355392456,30,0.6422505118861074
1882,1156,371,0,0,0.0,19.26751535658322,30,44.021294355392456,30,0.6422505118861074
1883,1156,371,0,0,0.0,19.26751535658322,30,44.021294355392456,30,0.6422505118861074
1884,1156,371,0,0,0.0,19.26751535658322,30,44.021294355392456,30,0.6422505118861074
1885,1156,371,0,0,0.0,19.26751535658322,30,44.021294355392456,30,0.6422505118861074
1886,1156,370,0,-1,1.0,19.26751535658322,30,44.021294355392456,30,0.6422505118861074
1887,1156,370,0,0,0.0,19.26751535658322,30,44.021294355392456,30,0.6422505118861074
1888,1156,370,0,0,0.0,19.26751535658322,30,44.021294355392456,30,0.6422505118861074
1889,1156,370,0,0,0.0,19.26751535658322,30,44.021294355392456,30,0.6422505118861074
1890,1156,370,0,0,0.0,19.26751535658322,30,44.021294355392456,30,0.6422505118861074
1891,1156,370,0,0,0.0,19.26751535658322,30,44.021294355392456,30,0.6422505118861074
1892,1156,370,0,0,0.0,19.26751535658322,30,44.021294355392456,30,0.6422505118861074
1893,1156,370,0,0,0.0,19.26751535658322,30,44.021294355392456,30,0.6422505118861074
1894,1156,370,0,0,0.0,19.26751535658322,30,44.021294355392456,30,0.6422505118861074
1895,1156,370,0,0,0.0,19.26751535658322,30,44.021294355392456,30,0.6422505118861074
1896,1156,370,0,0,0.0,19.26751535658322,30,44.021294355392456,30,0.6422505118861074
1897,1156,370,0,0,0.0,19.26751535658322,30,44.021294355392456,30,0.6422505118861074
1898,1156,370,0,0,0.0,19.26751535658322,30,44.021294355392456,30,0.6422505118861074
1899,1156,370,0,0,0.0,19.26751535658322,30,44.021294355392456,30,0.6422505118861074
1900,1156,370,0,0,0.0,19.26751535658322,30,44.021294355392456,30,0.6422505118861074
1901,1156,370,0,0,0.0,19.26751535658322,30,44.021294355392456,30,0.6422505118861074
1902,1156,370,0,0,0.0,19.26751535658322,30,44.021294355392456,30,0.6422505118861074
1903,1156,370,0,0,0.0,19.26751535658322,30,44.021294355392456,30,0.6422505118861074
1904,1156,369,0,-1,1.0,19.26751535658322,30,44.021294355392456,30,0.6422505118861074
1905,1156,369,0,0,0.0,19.26751535658322,30,44.021294355392456,30,0.6422505118861074
1906,1156,369,0,0,0.0,19.26751535658322,30,44.021294355392456,30,0.6422505118861074
1907,1202,438,46,69,82.92767933567175,19.26751535658322,30,44.021294355392456,30,0.6422505118861074
1908,1163,455,-39,17,42.5440947723653,19.26751535658322,30,44.021294355392456,30,0.6422505118861074
1909,1178,472,15,17,22.67156809750927,19.26751535658322,30,44.021294355392456,30,0.6422505118861074
1910,1202,490,24,18,30.0,19.26751535658322,30,44.021294355392456,30,0.6422505118861074
1911,1166,512,-36,22,42.190046219457976,19.26751535658322,30,44.021294355392456,30,0.6422505118861074
1912,1160,519,-6,7,9.219544457292887,19.26751535658322,30,44.021294355392456,30,0.6422505118861074
1913,1209,522,49,3,49.09175083453431,19.26751535658322,30,44.021294355392456,30,0.6422505118861074
1914,1180,527,-29,5,29.427877939124322,19.26751535658322,30,44.021294355392456,30,0.6422505118861074
1915,1154,528,-26,1,26.019223662515376,19.26751535658322,30,44.021294355392456,30,0.6422505118861074
1916,1206,528,52,0,52.0,19.26751535658322,30,44.021294355392456,30,0.6422505118861074
1917,1190,530,-16,2,16.1245154965971,19.26751535658322,30,44.021294355392456,30,0.6422505118861074
1918,1152,529,-38,-1,38.01315561749642,19.26751535658322,30,44.021294355392456,30,0.6422505118861074
1919,1199,528,47,-1,47.01063709417264,19.26751535658322,30,44.021294355392456,30,0.6422505118861074
1920,1200,529,1,1,1.4142135623730951,19.26751535658322,30,44.021294355392456,30,0.6422505118861074
1921,1155,529,-45,0,45.0,19.26751535658322,30,44.021294355392456,30,0.6422505118861074
1922,1191,527,36,-2,36.05551275463989,19.26751535658322,30,44.021294355392456,30,0.6422505118861074
1923,1205,528,14,1,14.035668847618199,19.26751535658322,30,44.021294355392456,30,0.6422505118861074
1924,1157,529,-48,1,48.010415536631214,19.26751535658322,30,44.021294355392456,30,0.6422505118861074
1925,1185,527,28,-2,28.071337695236398,19.26751535658322,30,44.021294355392456,30,0.6422505118861074
1926,1210,527,25,0,25.0,19.26751535658322,30,44.021294355392456,30,0.6422505118861074
1927,1159,529,-51,2,51.03920062069938,19.26751535658322,30,44.021294355392456,30,0.6422505118861074
1928,1178,528,19,-1,19.026297590440446,19.26751535658322,30,44.021294355392456,30,0.6422505118861074
1929,1212,527,34,-1,34.0147027033899,19.26751535658322,30,44.021294355392456,30,0.6422505118861074
1930,1163,530,-49,3,49.09175083453431,19.26751535658322,30,44.021294355392456,30,0.6422505118861074
1931,1173,528,10,-2,10.198039027185569,19.26751535658322,30,44.021294355392456,30,0.6422505118861074
1932,1213,527,40,-1,40.01249804748511,19.26751535658322,30,44.021294355392456,30,0.6422505118861074
1933,1166,530,-47,3,47.095647357266465,19.26751535658322,30,44.021294355392456,30,0.6422505118861074
1934,1169,529,3,-1,3.1622776601683795,19.26751535658322,30,44.021294355392456,30,0.6422505118861074
1935,1213,527,44,-2,44.04543109109048,19.26751535658322,30,44.021294355392456,30,0.6422505118861074
1936,1172,531,-41,4,41.19465984809196,19.26751535658322,30,44.021294355392456,30,0.6422505118861074
1937,1161,530,-11,-1,11.045361017187261,19.26751535658322,30,44.021294355392456,30,0.6422505118861074
1938,1212,528,51,-2,51.03920062069938,19.26751535658322,30,44.021294355392456,30,0.6422505118861074
1939,1177,531,-35,3,35.12833614050059,19.26751535658322,30,44.021294355392456,30,0.6422505118861074
1940,1158,530,-19,-1,19.026297590440446,19.26751535658322,30,44.021294355392456,30,0.6422505118861074
1941,1211,529,53,-1,53.009433122794285,19.26751535658322,30,44.021294355392456,30,0.6422505118861074
1942,1182,532,-29,3,29.154759474226502,19.26751535658322,30,44.021294355392456,30,0.6422505118861074
1943,1155,531,-27,-1,27.018512172212592,19.26751535658322,30,44.021294355392456,30,0.6422505118861074
1944,1210,529,55,-2,55.036351623268054,19.26751535658322,30,44.021294355392456,30,0.6422505118861074
1945,1186,531,-24,2,24.08318915758459,19.26751535658322,30,44.021294355392456,30,0.6422505118861074
1946,1153,531,-33,0,33.0,19.26751535658322,30,44.021294355392456,30,0.6422505118861074
1947,1205,530,52,-1,52.009614495783374,19.26751535658322,30,44.021294355392456,30,0.6422505118861074
1948,1193,531,-12,1,12.041594578792296,19.26751535658322,30,44.021294355392456,30,0.6422505118861074
1949,1154,532,-39,1,39.01281840626232,19.26751535658322,30,44.021294355392456,30,0.6422505118861074
1950,1202,530,48,-2,48.041648597857254,19.26751535658322,30,44.021294355392456,30,0.6422505118861074
1951,1197,531,-5,1,5.0990195135927845,19.26751535658322,30,44.021294355392456,30,0.6422505118861074
1952,1155,532,-42,1,42.01190307520001,19.26751535658322,30,44.021294355392456,30,0.6422505118861074
1953,1199,530,44,-2,44.04543109109048,19.26751535658322,30,44.021294355392456,30,0.6422505118861074
1954,1204,531,5,1,5.0990195135927845,19.26751535658322,30,44.021294355392456,30,0.6422505118861074
1955,1158,532,-46,1,46.010868281309364,19.26751535658322,30,44.021294355392456,30,0.6422505118861074
1956,1190,530,32,-2,32.0624390837628,19.26751535658322,30,44.021294355392456,30,0.6422505118861074
1957,1207,531,17,1,17.029386365926403,19.26751535658322,30,44.021294355392456,30,0.6422505118861074
1958,1158,532,-49,1,49.01020301937138,19.26751535658322,30,44.021294355392456,30,0.6422505118861074
1959,1190,530,32,-2,32.0624390837628,19.26751535658322,30,44.021294355392456,30,0.6422505118861074
1960,1207,531,17,1,17.029386365926403,19.26751535658322,30,44.021294355392456,30,0.6422505118861074
1961,1159,533,-48,2,48.041648597857254,19.26751535658322,30,44.021294355392456,30,0.6422505118861074
1962,1191,530,32,-3,32.14031735997639,19.26751535658322,30,44.021294355392456,30,0.6422505118861074
1963,1207,531,16,1,16.0312195418814,19.26751535658322,30,44.021294355392456,30,0.6422505118861074
1964,1159,533,-48,2,48.041648597857254,19.26751535658322,30,44.021294355392456,30,0.6422505118861074
1965,1191,530,32,-3,32.14031735997639,19.26751535658322,30,44.021294355392456,30,0.6422505118861074
1966,1207,531,16,1,16.0312195418814,19.26751535658322,30,44.021294355392456,30,0.6422505118861074
1967,1158,533,-49,2,49.040799340956916,19.26751535658322,30,44.021294355392456,30,0.6422505118861074
1968,1192,531,34,-2,34.058772731852805,19.26751535658322,30,44.021294355392456,30,0.6422505118861074
1969,1207,531,15,0,15.0,19.26751535658322,30,44.021294355392456,30,0.6422505118861074
1970,1158,533,-49,2,49.040799340956916,19.26751535658322,30,44.021294355392456,30,0.6422505118861074
1971,1191,531,33,-2,33.06055050963308,19.26751535658322,30,44.021294355392456,30,0.6422505118861074
1972,1207,531,16,0,16.0,19.26751535658322,30,44.021294355392456,30,0.6422505118861074
1973,1159,533,-48,2,48.041648597857254,19.26751535658322,30,44.021294355392456,30,0.6422505118861074
1974,1190,531,31,-2,31.064449134018133,19.26751535658322,30,44.021294355392456,30,0.6422505118861074
1975,1208,531,18,0,18.0,19.26751535658322,30,44.021294355392456,30,0.6422505118861074
1976,1159,533,-49,2,49.040799340956916,19.26751535658322,30,44.021294355392456,30,0.6422505118861074
1977,1190,531,31,-2,31.064449134018133,19.26751535658322,30,44.021294355392456,30,0.6422505118861074
1978,1208,531,18,0,18.0,19.26751535658322,30,44.021294355392456,30,0.6422505118861074
1979,1158,534,-50,3,50.08991914547278,19.26751535658322,30,44.021294355392456,30,0.6422505118861074
1980,1191,532,33,-2,33.06055050963308,19.26751535658322,30,44.021294355392456,30,0.6422505118861074
1981,1208,532,17,0,17.0,19.26751535658322,30,44.021294355392456,30,0.6422505118861074
1982,1159,534,-49,2,49.040799340956916,19.26751535658322,30,44.021294355392456,30,0.6422505118861074
1983,1190,532,31,-2,31.064449134018133,19.26751535658322,30,44.021294355392456,30,0.6422505118861074
1984,1209,532,19,0,19.0,19.26751535658322,30,44.021294355392456,30,0.6422505118861074
1985,1159,534,-50,2,50.039984012787215,19.26751535658322,30,44.021294355392456,30,0.6422505118861074
1986,1189,532,30,-2,30.066592756745816,19.26751535658322,30,44.021294355392456,30,0.6422505118861074
1987,1209,532,20,0,20.0,19.26751535658322,30,44.021294355392456,30,0.6422505118861074
1988,1159,534,-50,2,50.039984012787215,19.26751535658322,30,44.021294355392456,30,0.6422505118861074
1989,1190,532,31,-2,31.064449134018133,19.26751535658322,30,44.021294355392456,30,0.6422505118861074
1990,1209,532,19,0,19.0,19.26751535658322,30,44.021294355392456,30,0.6422505118861074
1991,1159,534,-50,2,50.039984012787215,19.26751535658322,30,44.021294355392456,30,0.6422505118861074
1992,1188,532,29,-2,29.068883707497267,19.26751535658322,30,44.021294355392456,30,0.6422505118861074
1993,1210,532,22,0,22.0,19.26751535658322,30,44.021294355392456,30,0.6422505118861074
1994,1160,535,-50,3,50.08991914547278,19.26751535658322,30,44.021294355392456,30,0.6422505118861074
1995,1189,532,29,-3,29.154759474226502,19.26751535658322,30,44.021294355392456,30,0.6422505118861074
1996,1210,532,21,0,21.0,19.26751535658322,30,44.021294355392456,30,0.6422505118861074
1997,1159,535,-51,3,51.088159097779204,19.26751535658322,30,44.021294355392456,30,0.6422505118861074
1998,1189,532,30,-3,30.14962686336267,19.26751535658322,30,44.021294355392456,30,0.6422505118861074
1999,1210,532,21,0,21.0,19.26751535658322,30,44.021294355392456,30,0.6422505118861074
2000,1160,535,-50,3,50.08991914547278,19.26751535658322,30,44.021294355392456,30,0.6422505118861074
2001,1188,532,28,-3,28.160255680657446,19.26751535658322,30,44.021294355392456,30,0.6422505118861074
2002,1211,532,23,0,23.0,19.26751535658322,30,44.021294355392456,30,0.6422505118861074
2003,1160,535,-51,3,51.088159097779204,19.26751535658322,30,44.021294355392456,30,0.6422505118861074
2004,1187,533,27,-2,27.073972741361768,19.26751535658322,30,44.021294355392456,30,0.6422505118861074
2005,1211,532,24,-1,24.020824298928627,19.26751535658322,30,44.021294355392456,30,0.6422505118861074
2006,1160,535,-51,3,51.088159097779204,19.26751535658322,30,44.021294355392456,30,0.6422505118861074
2007,1187,533,27,-2,27.073972741361768,19.26751535658322,30,44.021294355392456,30,0.6422505118861074
2008,1212,532,25,-1,25.019992006393608,19.26751535658322,30,44.021294355392456,30,0.6422505118861074
2009,1160,535,-52,3,52.08646657242167,19.26751535658322,30,44.021294355392456,30,0.6422505118861074
2010,1186,533,26,-2,26.076809620810597,19.26751535658322,30,44.021294355392456,30,0.6422505118861074
2011,1212,532,26,-1,26.019223662515376,19.26751535658322,30,44.021294355392456,30,0.6422505118861074
2012,1160,536,-52,4,52.15361924162119,19.26751535658322,30,44.021294355392456,30,0.6422505118861074
2013,1185,533,25,-3,25.179356624028344,19.26751535658322,30,44.021294355392456,30,0.6422505118861074
2014,1213,532,28,-1,28.0178514522438,19.26751535658322,30,44.021294355392456,30,0.6422505118861074
2015,1161,535,-52,3,52.08646657242167,19.26751535658322,30,44.021294355392456,30,0.6422505118861074
2016,1185,533,24,-2,24.08318915758459,19.26751535658322,30,44.021294355392456,30,0.6422505118861074
2017,1212,532,27,-1,27.018512172212592,19.26751535658322,30,44.021294355392456,30,0.6422505118861074
2018,1160,535,-52,3,52.08646657242167,19.26751535658322,30,44.021294355392456,30,0.6422505118861074
2019,1186,533,26,-2,26.076809620810597,19.26751535658322,30,44.021294355392456,30,0.6422505118861074
2020,1212,532,26,-1,26.019223662515376,19.26751535658322,30,44.021294355392456,30,0.6422505118861074
2021,1160,535,-52,3,52.08646657242167,19.26751535658322,30,44.021294355392456,30,0.6422505118861074
2022,1185,533,25,-2,25.079872407968907,19.26751535658322,30,44.021294355392456,30,0.6422505118861074
2023,1212,532,27,-1,27.018512172212592,19.26751535658322,30,44.021294355392456,30,0.6422505118861074
2024,1161,536,-51,4,51.15662224971465,19.26751535658322,30,44.021294355392456,30,0.6422505118861074
2025,1186,533,25,-3,25.179356624028344,19.26751535658322,30,44.021294355392456,30,0.6422505118861074
2026,1212,533,26,0,26.0,19.26751535658322,30,44.021294355392456,30,0.6422505118861074
2027,1160,536,-52,3,52.08646657242167,19.26751535658322,30,44.021294355392456,30,0.6422505118861074
2028,1187,533,27,-3,27.16615541441225,19.26751535658322,30,44.021294355392456,30,0.6422505118861074
2029,1212,533,25,0,25.0,19.26751535658322,30,44.021294355392456,30,0.6422505118861074
2030,1160,536,-52,3,52.08646657242167,19.26751535658322,30,44.021294355392456,30,0.6422505118861074
2031,,,,,,19.26751535658322,30,44.021294355392456,30,0.6422505118861074
2032,,,,,,19.26751535658322,30,44.021294355392456,30,0.6422505118861074
2033,1150,364,-10,-172,172.29045243425418,19.26751535658322,30,44.021294355392456,30,0.6422505118861074
2034,1152,383,2,19,19.1049731745428,19.26751535658322,30,44.021294355392456,30,0.6422505118861074
2035,1152,398,0,15,15.0,19.26751535658322,30,44.021294355392456,30,0.6422505118861074
2036,1148,398,-4,0,4.0,19.26751535658322,30,44.021294355392456,30,0.6422505118861074
2037,1153,386,5,-12,13.0,19.26751535658322,30,44.021294355392456,30,0.6422505118861074
2038,1155,376,2,-10,10.198039027185569,19.26751535658322,30,44.021294355392456,30,0.6422505118861074
2039,1156,371,1,-5,5.0990195135927845,19.26751535658322,30,44.021294355392456,30,0.6422505118861074
2040,1155,370,-1,-1,1.4142135623730951,19.26751535658322,30,44.021294355392456,30,0.6422505118861074
2041,1155,372,0,2,2.0,19.26751535658322,30,44.021294355392456,30,0.6422505118861074
2042,1155,375,0,3,3.0,19.26751535658322,30,44.021294355392456,30,0.6422505118861074
2043,1154,377,-1,2,2.23606797749979,19.26751535658322,30,44.021294355392456,30,0.6422505118861074
2044,1154,377,0,0,0.0,19.26751535658322,30,44.021294355392456,30,0.6422505118861074
2045,1154,377,0,0,0.0,19.26751535658322,30,44.021294355392456,30,0.6422505118861074
2046,1154,376,0,-1,1.0,19.26751535658322,30,44.021294355392456,30,0.6422505118861074
2047,1154,375,0,-1,1.0,19.26751535658322,30,44.021294355392456,30,0.6422505118861074
2048,1154,374,0,-1,1.0,19.26751535658322,30,44.021294355392456,30,0.6422505118861074
2049,1154,374,0,0,0.0,19.26751535658322,30,44.021294355392456,30,0.6422505118861074
2050,1155,374,1,0,1.0,19.26751535658322,30,44.021294355392456,30,0.6422505118861074
2051,1155,374,0,0,0.0,19.26751535658322,30,44.021294355392456,30,0.6422505118861074
2052,1154,373,-1,-1,1.4142135623730951,19.26751535658322,30,44.021294355392456,30,0.6422505118861074
2053,1155,373,1,0,1.0,19.26751535658322,30,44.021294355392456,30,0.6422505118861074
2054,1155,373,0,0,0.0,19.26751535658322,30,44.021294355392456,30,0.6422505118861074
2055,1154,373,-1,0,1.0,19.26751535658322,30,44.021294355392456,30,0.6422505118861074
2056,1154,373,0,0,0.0,19.26751535658322,30,44.021294355392456,30,0.6422505118861074
2057,1154,373,0,0,0.0,19.26751535658322,30,44.021294355392456,30,0.6422505118861074
2058,1154,373,0,0,0.0,19.26751535658322,30,44.021294355392456,30,0.6422505118861074
2059,1155,373,1,0,1.0,19.26751535658322,30,44.021294355392456,30,0.6422505118861074
2060,1154,373,-1,0,1.0,19.26751535658322,30,44.021294355392456,30,0.6422505118861074
2061,1155,373,1,0,1.0,19.26751535658322,30,44.021294355392456,30,0.6422505118861074
2062,1155,372,0,-1,1.0,19.26751535658322,30,44.021294355392456,30,0.6422505118861074
2063,1155,372,0,0,0.0,19.26751535658322,30,44.021294355392456,30,0.6422505118861074
2064,1154,372,-1,0,1.0,19.26751535658322,30,44.021294355392456,30,0.6422505118861074
2065,1155,372,1,0,1.0,19.26751535658322,30,44.021294355392456,30,0.6422505118861074
2066,1155,372,0,0,0.0,19.26751535658322,30,44.021294355392456,30,0.6422505118861074
2067,1155,372,0,0,0.0,19.26751535658322,30,44.021294355392456,30,0.6422505118861074
2068,1154,372,-1,0,1.0,19.26751535658322,30,44.021294355392456,30,0.6422505118861074
2069,1155,372,1,0,1.0,19.26751535658322,30,44.021294355392456,30,0.6422505118861074
2070,1155,372,0,0,0.0,19.26751535658322,30,44.021294355392456,30,0.6422505118861074
2071,1155,372,0,0,0.0,19.26751535658322,30,44.021294355392456,30,0.6422505118861074
2072,1154,372,-1,0,1.0,19.26751535658322,30,44.021294355392456,30,0.6422505118861074
2073,1155,372,1,0,1.0,19.26751535658322,30,44.021294355392456,30,0.6422505118861074
2074,1154,371,-1,-1,1.4142135623730951,19.26751535658322,30,44.021294355392456,30,0.6422505118861074
2075,1154,371,0,0,0.0,19.26751535658322,30,44.021294355392456,30,0.6422505118861074
2076,1154,371,0,0,0.0,19.26751535658322,30,44.021294355392456,30,0.6422505118861074
2077,1154,371,0,0,0.0,19.26751535658322,30,44.021294355392456,30,0.6422505118861074
2078,1154,371,0,0,0.0,19.26751535658322,30,44.021294355392456,30,0.6422505118861074
2079,1154,371,0,0,0.0,19.26751535658322,30,44.021294355392456,30,0.6422505118861074
2080,1154,371,0,0,0.0,19.26751535658322,30,44.021294355392456,30,0.6422505118861074
2081,1154,371,0,0,0.0,19.26751535658322,30,44.021294355392456,30,0.6422505118861074
2082,1154,371,0,0,0.0,19.26751535658322,30,44.021294355392456,30,0.6422505118861074
2083,1154,371,0,0,0.0,19.26751535658322,30,44.021294355392456,30,0.6422505118861074
2084,1154,371,0,0,0.0,19.26751535658322,30,44.021294355392456,30,0.6422505118861074
2085,1154,371,0,0,0.0,19.26751535658322,30,44.021294355392456,30,0.6422505118861074
2086,1154,371,0,0,0.0,19.26751535658322,30,44.021294355392456,30,0.6422505118861074
2087,1154,371,0,0,0.0,19.26751535658322,30,44.021294355392456,30,0.6422505118861074
2088,1154,370,0,-1,1.0,19.26751535658322,30,44.021294355392456,30,0.6422505118861074
2089,1154,370,0,0,0.0,19.26751535658322,30,44.021294355392456,30,0.6422505118861074
2090,1154,370,0,0,0.0,19.26751535658322,30,44.021294355392456,30,0.6422505118861074
2091,1154,370,0,0,0.0,19.26751535658322,30,44.021294355392456,30,0.6422505118861074
2092,1154,370,0,0,0.0,19.26751535658322,30,44.021294355392456,30,0.6422505118861074
2093,,,,,,19.26751535658322,30,44.021294355392456,30,0.6422505118861074
2094,,,,,,19.26751535658322,30,44.021294355392456,30,0.6422505118861074
2095,1156,534,2,164,164.01219466856725,19.26751535658322,30,44.021294355392456,30,0.6422505118861074
2096,1160,532,4,-2,4.47213595499958,19.26751535658322,30,44.021294355392456,30,0.6422505118861074
2097,1161,527,1,-5,5.0990195135927845,19.26751535658322,30,44.021294355392456,30,0.6422505118861074
2098,1164,522,3,-5,5.830951894845301,19.26751535658322,30,44.021294355392456,30,0.6422505118861074
2099,1166,520,2,-2,2.8284271247461903,19.26751535658322,30,44.021294355392456,30,0.6422505118861074
2100,1168,520,2,0,2.0,19.26751535658322,30,44.021294355392456,30,0.6422505118861074
2101,1170,521,2,1,2.23606797749979,19.26751535658322,30,44.021294355392456,30,0.6422505118861074
2102,1172,522,2,1,2.23606797749979,19.26751535658322,30,44.021294355392456,30,0.6422505118861074
2103,1173,523,1,1,1.4142135623730951,19.26751535658322,30,44.021294355392456,30,0.6422505118861074
2104,1175,524,2,1,2.23606797749979,19.26751535658322,30,44.021294355392456,30,0.6422505118861074
2105,1178,526,3,2,3.605551275463989,19.26751535658322,30,44.021294355392456,30,0.6422505118861074
2106,1180,527,2,1,2.23606797749979,19.26751535658322,30,44.021294355392456,30,0.6422505118861074
2107,1182,528,2,1,2.23606797749979,19.26751535658322,30,44.021294355392456,30,0.6422505118861074
2108,1183,528,1,0,1.0,19.26751535658322,30,44.021294355392456,30,0.6422505118861074
2109,1183,529,0,1,1.0,19.26751535658322,30,44.021294355392456,30,0.6422505118861074
2110,1183,529,0,0,0.0,19.26751535658322,30,44.021294355392456,30,0.6422505118861074
2111,1183,530,0,1,1.0,19.26751535658322,30,44.021294355392456,30,0.6422505118861074
2112,1184,530,1,0,1.0,19.26751535658322,30,44.021294355392456,30,0.6422505118861074
2113,1184,530,0,0,0.0,19.26751535658322,30,44.021294355392456,30,0.6422505118861074
2114,1183,530,-1,0,1.0,19.26751535658322,30,44.021294355392456,30,0.6422505118861074
2115,1183,530,0,0,0.0,19.26751535658322,30,44.021294355392456,30,0.6422505118861074
2116,1183,531,0,1,1.0,19.26751535658322,30,44.021294355392456,30,0.6422505118861074
2117,1182,530,-1,-1,1.4142135623730951,19.26751535658322,30,44.021294355392456,30,0.6422505118861074
2118,1183,531,1,1,1.4142135623730951,19.26751535658322,30,44.021294355392456,30,0.6422505118861074
2119,1182,531,-1,0,1.0,19.26751535658322,30,44.021294355392456,30,0.6422505118861074
2120,1181,531,-1,0,1.0,19.26751535658322,30,44.021294355392456,30,0.6422505118861074
2121,1182,531,1,0,1.0,19.26751535658322,30,44.021294355392456,30,0.6422505118861074
2122,1181,531,-1,0,1.0,19.26751535658322,30,44.021294355392456,30,0.6422505118861074
2123,1181,531,0,0,0.0,19.26751535658322,30,44.021294355392456,30,0.6422505118861074
2124,1182,531,1,0,1.0,19.26751535658322,30,44.021294355392456,30,0.6422505118861074
2125,1182,531,0,0,0.0,19.26751535658322,30,44.021294355392456,30,0.6422505118861074
2126,1182,531,0,0,0.0,19.26751535658322,30,44.021294355392456,30,0.6422505118861074
2127,1184,532,2,1,2.23606797749979,19.26751535658322,30,44.021294355392456,30,0.6422505118861074
2128,1183,532,-1,0,1.0,19.26751535658322,30,44.021294355392456,30,0.6422505118861074
2129,1182,532,-1,0,1.0,19.26751535658322,30,44.021294355392456,30,0.6422505118861074
2130,1183,532,1,0,1.0,19.26751535658322,30,44.021294355392456,30,0.6422505118861074
2131,1182,532,-1,0,1.0,19.26751535658322,30,44.021294355392456,30,0.6422505118861074
2132,1183,532,1,0,1.0,19.26751535658322,30,44.021294355392456,30,0.6422505118861074
2133,1184,532,1,0,1.0,19.26751535658322,30,44.021294355392456,30,0.6422505118861074
2134,1183,532,-1,0,1.0,19.26751535658322,30,44.021294355392456,30,0.6422505118861074
2135,1183,532,0,0,0.0,19.26751535658322,30,44.021294355392456,30,0.6422505118861074
2136,1184,532,1,0,1.0,19.26751535658322,30,44.021294355392456,30,0.6422505118861074
2137,1184,533,0,1,1.0,19.26751535658322,30,44.021294355392456,30,0.6422505118861074
2138,1183,532,-1,-1,1.4142135623730951,19.26751535658322,30,44.021294355392456,30,0.6422505118861074
2139,1184,533,1,1,1.4142135623730951,19.26751535658322,30,44.021294355392456,30,0.6422505118861074
2140,1184,533,0,0,0.0,19.26751535658322,30,44.021294355392456,30,0.6422505118861074
2141,1182,533,-2,0,2.0,19.26751535658322,30,44.021294355392456,30,0.6422505118861074
2142,1183,533,1,0,1.0,19.26751535658322,30,44.021294355392456,30,0.6422505118861074
2143,1185,533,2,0,2.0,19.26751535658322,30,44.021294355392456,30,0.6422505118861074
2144,1185,533,0,0,0.0,19.26751535658322,30,44.021294355392456,30,0.6422505118861074
2145,1186,533,1,0,1.0,19.26751535658322,30,44.021294355392456,30,0.6422505118861074
2146,1186,533,0,0,0.0,19.26751535658322,30,44.021294355392456,30,0.6422505118861074
2147,1187,533,1,0,1.0,19.26751535658322,30,44.021294355392456,30,0.6422505118861074
2148,1188,533,1,0,1.0,19.26751535658322,30,44.021294355392456,30,0.6422505118861074
2149,1190,533,2,0,2.0,19.26751535658322,30,44.021294355392456,30,0.6422505118861074
2150,1189,533,-1,0,1.0,19.26751535658322,30,44.021294355392456,30,0.6422505118861074
2151,1189,533,0,0,0.0,19.26751535658322,30,44.021294355392456,30,0.6422505118861074
2152,1190,533,1,0,1.0,19.26751535658322,30,44.021294355392456,30,0.6422505118861074
2153,1188,533,-2,0,2.0,19.26751535658322,30,44.021294355392456,30,0.6422505118861074
2154,1190,534,2,1,2.23606797749979,19.26751535658322,30,44.021294355392456,30,0.6422505118861074
2155,1191,534,1,0,1.0,19.26751535658322,30,44.021294355392456,30,0.6422505118861074
2156,1189,534,-2,0,2.0,19.26751535658322,30,44.021294355392456,30,0.6422505118861074
2157,1189,534,0,0,0.0,19.26751535658322,30,44.021294355392456,30,0.6422505118861074
2158,1190,534,1,0,1.0,19.26751535658322,30,44.021294355392456,30,0.6422505118861074
2159,1189,534,-1,0,1.0,19.26751535658322,30,44.021294355392456,30,0.6422505118861074
2160,1190,534,1,0,1.0,19.26751535658322,30,44.021294355392456,30,0.6422505118861074
2161,1191,534,1,0,1.0,19.26751535658322,30,44.021294355392456,30,0.6422505118861074
2162,1190,534,-1,0,1.0,19.26751535658322,30,44.021294355392456,30,0.6422505118861074
2163,1189,534,-1,0,1.0,19.26751535658322,30,44.021294355392456,30,0.6422505118861074
2164,1190,534,1,0,1.0,19.26751535658322,30,44.021294355392456,30,0.6422505118861074
2165,1191,534,1,0,1.0,19.26751535658322,30,44.021294355392456,30,0.6422505118861074
2166,1191,534,0,0,0.0,19.26751535658322,30,44.021294355392456,30,0.6422505118861074
2167,1191,534,0,0,0.0,19.26751535658322,30,44.021294355392456,30,0.6422505118861074
2168,1190,534,-1,0,1.0,19.26751535658322,30,44.021294355392456,30,0.6422505118861074
2169,1189,534,-1,0,1.0,19.26751535658322,30,44.021294355392456,30,0.6422505118861074
2170,1190,534,1,0,1.0,19.26751535658322,30,44.021294355392456,30,0.6422505118861074
2171,1188,534,-2,0,2.0,19.26751535658322,30,44.021294355392456,30,0.6422505118861074
2172,1189,534,1,0,1.0,19.26751535658322,30,44.021294355392456,30,0.6422505118861074
2173,1189,534,0,0,0.0,19.26751535658322,30,44.021294355392456,30,0.6422505118861074
2174,1188,534,-1,0,1.0,19.26751535658322,30,44.021294355392456,30,0.6422505118861074
2175,1188,535,0,1,1.0,19.26751535658322,30,44.021294355392456,30,0.6422505118861074
2176,1190,535,2,0,2.0,19.26751535658322,30,44.021294355392456,30,0.6422505118861074
2177,1189,535,-1,0,1.0,19.26751535658322,30,44.021294355392456,30,0.6422505118861074
2178,1189,535,0,0,0.0,19.26751535658322,30,44.021294355392456,30,0.6422505118861074
2179,1189,535,0,0,0.0,19.26751535658322,30,44.021294355392456,30,0.6422505118861074
2180,1188,535,-1,0,1.0,19.26751535658322,30,44.021294355392456,30,0.6422505118861074
2181,1188,535,0,0,0.0,19.26751535658322,30,44.021294355392456,30,0.6422505118861074
2182,1188,535,0,0,0.0,19.26751535658322,30,44.021294355392456,30,0.6422505118861074
2183,1187,535,-1,0,1.0,19.26751535658322,30,44.021294355392456,30,0.6422505118861074
2184,1187,535,0,0,0.0,19.26751535658322,30,44.021294355392456,30,0.6422505118861074
2185,1191,535,4,0,4.0,19.26751535658322,30,44.021294355392456,30,0.6422505118861074
2186,1190,535,-1,0,1.0,19.26751535658322,30,44.021294355392456,30,0.6422505118861074
2187,1190,535,0,0,0.0,19.26751535658322,30,44.021294355392456,30,0.6422505118861074
2188,1191,535,1,0,1.0,19.26751535658322,30,44.021294355392456,30,0.6422505118861074
2189,1189,535,-2,0,2.0,19.26751535658322,30,44.021294355392456,30,0.6422505118861074
2190,1189,535,0,0,0.0,19.26751535658322,30,44.021294355392456,30,0.6422505118861074
2191,1190,535,1,0,1.0,19.26751535658322,30,44.021294355392456,30,0.6422505118861074
2192,1188,535,-2,0,2.0,19.26751535658322,30,44.021294355392456,30,0.6422505118861074
2193,1188,535,0,0,0.0,19.26751535658322,30,44.021294355392456,30,0.6422505118861074
2194,1188,535,0,0,0.0,19.26751535658322,30,44.021294355392456,30,0.6422505118861074
2195,1187,535,-1,0,1.0,19.26751535658322,30,44.021294355392456,30,0.6422505118861074
2196,1188,535,1,0,1.0,19.26751535658322,30,44.021294355392456,30,0.6422505118861074
2197,1187,535,-1,0,1.0,19.26751535658322,30,44.021294355392456,30,0.6422505118861074
2198,1186,535,-1,0,1.0,19.26751535658322,30,44.021294355392456,30,0.6422505118861074
2199,1187,535,1,0,1.0,19.26751535658322,30,44.021294355392456,30,0.6422505118861074
2200,1186,535,-1,0,1.0,19.26751535658322,30,44.021294355392456,30,0.6422505118861074
2201,1187,535,1,0,1.0,19.26751535658322,30,44.021294355392456,30,0.6422505118861074
2202,1187,535,0,0,0.0,19.26751535658322,30,44.021294355392456,30,0.6422505118861074
2203,1187,535,0,0,0.0,19.26751535658322,30,44.021294355392456,30,0.6422505118861074
2204,1186,535,-1,0,1.0,19.26751535658322,30,44.021294355392456,30,0.6422505118861074
2205,1186,536,0,1,1.0,19.26751535658322,30,44.021294355392456,30,0.6422505118861074
2206,1187,535,1,-1,1.4142135623730951,19.26751535658322,30,44.021294355392456,30,0.6422505118861074
2207,1189,535,2,0,2.0,19.26751535658322,30,44.021294355392456,30,0.6422505118861074
2208,1189,536,0,1,1.0,19.26751535658322,30,44.021294355392456,30,0.6422505118861074
2209,1189,536,0,0,0.0,19.26751535658322,30,44.021294355392456,30,0.6422505118861074
2210,1188,535,-1,-1,1.4142135623730951,19.26751535658322,30,44.021294355392456,30,0.6422505118861074
2211,1188,536,0,1,1.0,19.26751535658322,30,44.021294355392456,30,0.6422505118861074
2212,1189,536,1,0,1.0,19.26751535658322,30,44.021294355392456,30,0.6422505118861074
2213,1189,535,0,-1,1.0,19.26751535658322,30,44.021294355392456,30,0.6422505118861074
2214,1190,536,1,1,1.4142135623730951,19.26751535658322,30,44.021294355392456,30,0.6422505118861074
2215,1191,536,1,0,1.0,19.26751535658322,30,44.021294355392456,30,0.6422505118861074
2216,1190,535,-1,-1,1.4142135623730951,19.26751535658322,30,44.021294355392456,30,0.6422505118861074
2217,1190,536,0,1,1.0,19.26751535658322,30,44.021294355392456,30,0.6422505118861074
2218,1192,536,2,0,2.0,19.26751535658322,30,44.021294355392456,30,0.6422505118861074
2219,1191,536,-1,0,1.0,19.26751535658322,30,44.021294355392456,30,0.6422505118861074
2220,1193,536,2,0,2.0,19.26751535658322,30,44.021294355392456,30,0.6422505118861074
2221,1193,536,0,0,0.0,19.26751535658322,30,44.021294355392456,30,0.6422505118861074
2222,1192,536,-1,0,1.0,19.26751535658322,30,44.021294355392456,30,0.6422505118861074
2223,1192,536,0,0,0.0,19.26751535658322,30,44.021294355392456,30,0.6422505118861074
2224,1197,536,5,0,5.0,19.26751535658322,30,44.021294355392456,30,0.6422505118861074
2225,1204,535,7,-1,7.0710678118654755,19.26751535658322,30,44.021294355392456,30,0.6422505118861074
2226,1204,535,0,0,0.0,19.26751535658322,30,44.021294355392456,30,0.6422505118861074
2227,1204,535,0,0,0.0,19.26751535658322,30,44.021294355392456,30,0.6422505118861074
2228,1205,536,1,1,1.4142135623730951,19.26751535658322,30,44.021294355392456,30,0.6422505118861074
2229,1205,535,0,-1,1.0,19.26751535658322,30,44.021294355392456,30,0.6422505118861074
2230,1205,535,0,0,0.0,19.26751535658322,30,44.021294355392456,30,0.6422505118861074
2231,1209,535,4,0,4.0,19.26751535658322,30,44.021294355392456,30,0.6422505118861074
2232,1209,535,0,0,0.0,19.26751535658322,30,44.021294355392456,30,0.6422505118861074
2233,1208,535,-1,0,1.0,19.26751535658322,30,44.021294355392456,30,0.6422505118861074
2234,1208,535,0,0,0.0,19.26751535658322,30,44.021294355392456,30,0.6422505118861074
2235,1208,535,0,0,0.0,19.26751535658322,30,44.021294355392456,30,0.6422505118861074
2236,1208,535,0,0,0.0,19.26751535658322,30,44.021294355392456,30,0.6422505118861074
2237,1209,535,1,0,1.0,19.26751535658322,30,44.021294355392456,30,0.6422505118861074
2238,1209,535,0,0,0.0,19.26751535658322,30,44.021294355392456,30,0.6422505118861074
2239,1209,536,0,1,1.0,19.26751535658322,30,44.021294355392456,30,0.6422505118861074
2240,1210,535,1,-1,1.4142135623730951,19.26751535658322,30,44.021294355392456,30,0.6422505118861074
2241,1210,535,0,0,0.0,19.26751535658322,30,44.021294355392456,30,0.6422505118861074
2242,1209,535,-1,0,1.0,19.26751535658322,30,44.021294355392456,30,0.6422505118861074
2243,1208,536,-1,1,1.4142135623730951,19.26751535658322,30,44.021294355392456,30,0.6422505118861074
2244,1206,535,-2,-1,2.23606797749979,19.26751535658322,30,44.021294355392456,30,0.6422505118861074
2245,1203,535,-3,0,3.0,19.26751535658322,30,44.021294355392456,30,0.6422505118861074
2246,1200,535,-3,0,3.0,19.26751535658322,30,44.021294355392456,30,0.6422505118861074
2247,1195,536,-5,1,5.0990195135927845,19.26751535658322,30,44.021294355392456,30,0.6422505118861074
2248,1192,536,-3,0,3.0,19.26751535658322,30,44.021294355392456,30,0.6422505118861074
2249,1188,536,-4,0,4.0,19.26751535658322,30,44.021294355392456,30,0.6422505118861074
2250,1185,536,-3,0,3.0,19.26751535658322,30,44.021294355392456,30,0.6422505118861074
2251,1184,536,-1,0,1.0,19.26751535658322,30,44.021294355392456,30,0.6422505118861074
2252,1181,536,-3,0,3.0,19.26751535658322,30,44.021294355392456,30,0.6422505118861074
2253,1179,536,-2,0,2.0,19.26751535658322,30,44.021294355392456,30,0.6422505118861074
2254,1175,536,-4,0,4.0,19.26751535658322,30,44.021294355392456,30,0.6422505118861074
2255,1175,536,0,0,0.0,19.26751535658322,30,44.021294355392456,30,0.6422505118861074
2256,1172,536,-3,0,3.0,19.26751535658322,30,44.021294355392456,30,0.6422505118861074
2257,1172,536,0,0,0.0,19.26751535658322,30,44.021294355392456,30,0.6422505118861074
2258,1173,536,1,0,1.0,19.26751535658322,30,44.021294355392456,30,0.6422505118861074
2259,1170,536,-3,0,3.0,19.26751535658322,30,44.021294355392456,30,0.6422505118861074
2260,1170,536,0,0,0.0,19.26751535658322,30,44.021294355392456,30,0.6422505118861074
2261,1168,536,-2,0,2.0,19.26751535658322,30,44.021294355392456,30,0.6422505118861074
2262,1167,536,-1,0,1.0,19.26751535658322,30,44.021294355392456,30,0.6422505118861074
2263,1167,536,0,0,0.0,19.26751535658322,30,44.021294355392456,30,0.6422505118861074
2264,1164,536,-3,0,3.0,19.26751535658322,30,44.021294355392456,30,0.6422505118861074
2265,1164,535,0,-1,1.0,19.26751535658322,30,44.021294355392456,30,0.6422505118861074
2266,1166,271,2,-264,264.0075756488817,19.26751535658322,30,44.021294355392456,30,0.6422505118861074
2267,1166,304,0,33,33.0,19.26751535658322,30,44.021294355392456,30,0.6422505118861074
2268,,,,,,19.26751535658322,30,44.021294355392456,30,0.6422505118861074
2269,1152,369,-14,65,66.49060083951716,19.26751535658322,30,44.021294355392456,30,0.6422505118861074
2270,1153,387,1,18,18.027756377319946,19.26751535658322,30,44.021294355392456,30,0.6422505118861074
2271,1149,396,-4,9,9.848857801796104,19.26751535658322,30,44.021294355392456,30,0.6422505118861074
2272,1152,393,3,-3,4.242640687119285,19.26751535658322,30,44.021294355392456,30,0.6422505118861074
2273,1154,385,2,-8,8.246211251235321,19.26751535658322,30,44.021294355392456,30,0.6422505118861074
2274,1155,377,1,-8,8.06225774829855,19.26751535658322,30,44.021294355392456,30,0.6422505118861074
2275,1156,372,1,-5,5.0990195135927845,19.26751535658322,30,44.021294355392456,30,0.6422505118861074
2276,1156,372,0,0,0.0,19.26751535658322,30,44.021294355392456,30,0.6422505118861074
2277,1155,373,-1,1,1.4142135623730951,19.26751535658322,30,44.021294355392456,30,0.6422505118861074
2278,1155,374,0,1,1.0,19.26751535658322,30,44.021294355392456,30,0.6422505118861074
2279,1155,376,0,2,2.0,19.26751535658322,30,44.021294355392456,30,0.6422505118861074
2280,1155,377,0,1,1.0,19.26751535658322,30,44.021294355392456,30,0.6422505118861074
2281,1155,377,0,0,0.0,19.26751535658322,30,44.021294355392456,30,0.6422505118861074
2282,1155,377,0,0,0.0,19.26751535658322,30,44.021294355392456,30,0.6422505118861074
2283,1155,376,0,-1,1.0,19.26751535658322,30,44.021294355392456,30,0.6422505118861074
2284,1155,375,0,-1,1.0,19.26751535658322,30,44.021294355392456,30,0.6422505118861074
2285,1154,374,-1,-1,1.4142135623730951,19.26751535658322,30,44.021294355392456,30,0.6422505118861074
2286,1155,374,1,0,1.0,19.26751535658322,30,44.021294355392456,30,0.6422505118861074
2287,1155,374,0,0,0.0,19.26751535658322,30,44.021294355392456,30,0.6422505118861074
2288,1154,374,-1,0,1.0,19.26751535658322,30,44.021294355392456,30,0.6422505118861074
2289,1155,374,1,0,1.0,19.26751535658322,30,44.021294355392456,30,0.6422505118861074
2290,1155,373,0,-1,1.0,19.26751535658322,30,44.021294355392456,30,0.6422505118861074
2291,1154,373,-1,0,1.0,19.26751535658322,30,44.021294355392456,30,0.6422505118861074
2292,1154,373,0,0,0.0,19.26751535658322,30,44.021294355392456,30,0.6422505118861074
2293,1154,373,0,0,0.0,19.26751535658322,30,44.021294355392456,30,0.6422505118861074
2294,1154,373,0,0,0.0,19.26751535658322,30,44.021294355392456,30,0.6422505118861074
2295,1154,373,0,0,0.0,19.26751535658322,30,44.021294355392456,30,0.6422505118861074
2296,1154,373,0,0,0.0,19.26751535658322,30,44.021294355392456,30,0.6422505118861074
2297,1154,373,0,0,0.0,19.26751535658322,30,44.021294355392456,30,0.6422505118861074
2298,1154,372,0,-1,1.0,19.26751535658322,30,44.021294355392456,30,0.6422505118861074
2299,1154,372,0,0,0.0,19.26751535658322,30,44.021294355392456,30,0.6422505118861074
2300,1154,372,0,0,0.0,19.26751535658322,30,44.021294355392456,30,0.6422505118861074
2301,1154,372,0,0,0.0,19.26751535658322,30,44.021294355392456,30,0.6422505118861074
2302,1154,372,0,0,0.0,19.26751535658322,30,44.021294355392456,30,0.6422505118861074
2303,1154,372,0,0,0.0,19.26751535658322,30,44.021294355392456,30,0.6422505118861074
2304,1154,372,0,0,0.0,19.26751535658322,30,44.021294355392456,30,0.6422505118861074
2305,1154,372,0,0,0.0,19.26751535658322,30,44.021294355392456,30,0.6422505118861074
2306,1154,372,0,0,0.0,19.26751535658322,30,44.021294355392456,30,0.6422505118861074
2307,1154,371,0,-1,1.0,19.26751535658322,30,44.021294355392456,30,0.6422505118861074
2308,1154,371,0,0,0.0,19.26751535658322,30,44.021294355392456,30,0.6422505118861074
2309,1154,371,0,0,0.0,19.26751535658322,30,44.021294355392456,30,0.6422505118861074
2310,1154,371,0,0,0.0,19.26751535658322,30,44.021294355392456,30,0.6422505118861074
2311,1154,371,0,0,0.0,19.26751535658322,30,44.021294355392456,30,0.6422505118861074
2312,1153,371,-1,0,1.0,19.26751535658322,30,44.021294355392456,30,0.6422505118861074
2313,1154,371,1,0,1.0,19.26751535658322,30,44.021294355392456,30,0.6422505118861074
2314,1153,371,-1,0,1.0,19.26751535658322,30,44.021294355392456,30,0.6422505118861074
2315,1154,371,1,0,1.0,19.26751535658322,30,44.021294355392456,30,0.6422505118861074
2316,1153,371,-1,0,1.0,19.26751535658322,30,44.021294355392456,30,0.6422505118861074
2317,1153,371,0,0,0.0,19.26751535658322,30,44.021294355392456,30,0.6422505118861074
2318,1153,371,0,0,0.0,19.26751535658322,30,44.021294355392456,30,0.6422505118861074
2319,1153,371,0,0,0.0,19.26751535658322,30,44.021294355392456,30,0.6422505118861074
2320,1154,371,1,0,1.0,19.26751535658322,30,44.021294355392456,30,0.6422505118861074
2321,1153,370,-1,-1,1.4142135623730951,19.26751535658322,30,44.021294355392456,30,0.6422505118861074
2322,1153,370,0,0,0.0,19.26751535658322,30,44.021294355392456,30,0.6422505118861074
2323,1153,370,0,0,0.0,19.26751535658322,30,44.021294355392456,30,0.6422505118861074
2324,1153,370,0,0,0.0,19.26751535658322,30,44.021294355392456,30,0.6422505118861074
2325,1153,370,0,0,0.0,19.26751535658322,30,44.021294355392456,30,0.6422505118861074
2326,1153,370,0,0,0.0,19.26751535658322,30,44.021294355392456,30,0.6422505118861074
2327,1153,370,0,0,0.0,19.26751535658322,30,44.021294355392456,30,0.6422505118861074
2328,1153,370,0,0,0.0,19.26751535658322,30,44.021294355392456,30,0.6422505118861074
2329,1153,370,0,0,0.0,19.26751535658322,30,44.021294355392456,30,0.6422505118861074
2330,1154,370,1,0,1.0,19.26751535658322,30,44.021294355392456,30,0.6422505118861074
2331,1153,370,-1,0,1.0,19.26751535658322,30,44.021294355392456,30,0.6422505118861074
2332,1153,370,0,0,0.0,19.26751535658322,30,44.021294355392456,30,0.6422505118861074
2333,1153,370,0,0,0.0,19.26751535658322,30,44.021294355392456,30,0.6422505118861074
2334,1154,370,1,0,1.0,19.26751535658322,30,44.021294355392456,30,0.6422505118861074
2335,1153,370,-1,0,1.0,19.26751535658322,30,44.021294355392456,30,0.6422505118861074
2336,1153,370,0,0,0.0,19.26751535658322,30,44.021294355392456,30,0.6422505118861074
2337,1153,370,0,0,0.0,19.26751535658322,30,44.021294355392456,30,0.6422505118861074
2338,1153,370,0,0,0.0,19.26751535658322,30,44.021294355392456,30,0.6422505118861074
2339,1153,370,0,0,0.0,19.26751535658322,30,44.021294355392456,30,0.6422505118861074
2340,1153,369,0,-1,1.0,19.26751535658322,30,44.021294355392456,30,0.6422505118861074
2341,1153,369,0,0,0.0,19.26751535658322,30,44.021294355392456,30,0.6422505118861074
2342,1153,369,0,0,0.0,19.26751535658322,30,44.021294355392456,30,0.6422505118861074
2343,1153,369,0,0,0.0,19.26751535658322,30,44.021294355392456,30,0.6422505118861074
2344,1153,369,0,0,0.0,19.26751535658322,30,44.021294355392456,30,0.6422505118861074
2345,1131,606,-22,237,238.01890681204299,19.26751535658322,30,44.021294355392456,30,0.6422505118861074
2346,1202,592,71,-14,72.3671196055225,19.26751535658322,30,44.021294355392456,30,0.6422505118861074
2347,1142,577,-60,-15,61.84658438426491,19.26751535658322,30,44.021294355392456,30,0.6422505118861074
2348,1150,559,8,-18,19.697715603592208,19.26751535658322,30,44.021294355392456,30,0.6422505118861074
2349,1215,544,65,-15,66.70832032063167,19.26751535658322,30,44.021294355392456,30,0.6422505118861074
2350,1153,539,-62,-5,62.20128616033595,19.26751535658322,30,44.021294355392456,30,0.6422505118861074
2351,1175,532,22,-7,23.08679276123039,19.26751535658322,30,44.021294355392456,30,0.6422505118861074
2352,1217,527,42,-5,42.2965719651132,19.26751535658322,30,44.021294355392456,30,0.6422505118861074
2353,1151,529,-66,2,66.03029607687671,19.26751535658322,30,44.021294355392456,30,0.6422505118861074
2354,1183,525,32,-4,32.2490309931942,19.26751535658322,30,44.021294355392456,30,0.6422505118861074
2355,1211,524,28,-1,28.0178514522438,19.26751535658322,30,44.021294355392456,30,0.6422505118861074
2356,1148,528,-63,4,63.12685640834652,19.26751535658322,30,44.021294355392456,30,0.6422505118861074
2357,1193,524,45,-4,45.17742799230607,19.26751535658322,30,44.021294355392456,30,0.6422505118861074
2358,1202,525,9,1,9.055385138137417,19.26751535658322,30,44.021294355392456,30,0.6422505118861074
2359,1148,528,-54,3,54.08326913195984,19.26751535658322,30,44.021294355392456,30,0.6422505118861074
2360,1206,525,58,-3,58.077534382926416,19.26751535658322,30,44.021294355392456,30,0.6422505118861074
2361,1192,526,-14,1,14.035668847618199,19.26751535658322,30,44.021294355392456,30,0.6422505118861074
2362,1149,529,-43,3,43.104524124504614,19.26751535658322,30,44.021294355392456,30,0.6422505118861074
2363,1205,526,56,-3,56.08029957123981,19.26751535658322,30,44.021294355392456,30,0.6422505118861074
2364,1193,527,-12,1,12.041594578792296,19.26751535658322,30,44.021294355392456,30,0.6422505118861074
2365,1149,530,-44,3,44.10215414239989,19.26751535658322,30,44.021294355392456,30,0.6422505118861074
2366,1204,527,55,-3,55.08175741568164,19.26751535658322,30,44.021294355392456,30,0.6422505118861074
2367,1194,528,-10,1,10.04987562112089,19.26751535658322,30,44.021294355392456,30,0.6422505118861074
2368,1149,531,-45,3,45.09988913511872,19.26751535658322,30,44.021294355392456,30,0.6422505118861074
2369,1204,527,55,-4,55.14526271584895,19.26751535658322,30,44.021294355392456,30,0.6422505118861074
2370,1193,528,-11,1,11.045361017187261,19.26751535658322,30,44.021294355392456,30,0.6422505118861074
2371,1149,531,-44,3,44.10215414239989,19.26751535658322,30,44.021294355392456,30,0.6422505118861074
2372,1207,527,58,-4,58.137767414994535,19.26751535658322,30,44.021294355392456,30,0.6422505118861074
2373,1192,529,-15,2,15.132745950421556,19.26751535658322,30,44.021294355392456,30,0.6422505118861074
2374,1150,531,-42,2,42.04759208325728,19.26751535658322,30,44.021294355392456,30,0.6422505118861074
2375,1206,528,56,-3,56.08029957123981,19.26751535658322,30,44.021294355392456,30,0.6422505118861074
2376,1193,529,-13,1,13.038404810405298,19.26751535658322,30,44.021294355392456,30,0.6422505118861074
2377,1149,532,-44,3,44.10215414239989,19.26751535658322,30,44.021294355392456,30,0.6422505118861074
2378,1205,528,56,-4,56.142675390472796,19.26751535658322,30,44.021294355392456,30,0.6422505118861074
2379,1194,529,-11,1,11.045361017187261,19.26751535658322,30,44.021294355392456,30,0.6422505118861074
2380,1150,532,-44,3,44.10215414239989,19.26751535658322,30,44.021294355392456,30,0.6422505118861074
2381,1204,528,54,-4,54.147945482723536,19.26751535658322,30,44.021294355392456,30,0.6422505118861074
2382,1196,529,-8,1,8.06225774829855,19.26751535658322,30,44.021294355392456,30,0.6422505118861074
2383,1150,532,-46,3,46.09772228646444,19.26751535658322,30,44.021294355392456,30,0.6422505118861074
2384,1205,529,55,-3,55.08175741568164,19.26751535658322,30,44.021294355392456,30,0.6422505118861074
2385,1194,530,-11,1,11.045361017187261,19.26751535658322,30,44.021294355392456,30,0.6422505118861074
2386,1150,532,-44,2,44.04543109109048,19.26751535658322,30,44.021294355392456,30,0.6422505118861074
2387,1206,529,56,-3,56.08029957123981,19.26751535658322,30,44.021294355392456,30,0.6422505118861074
2388,1193,530,-13,1,13.038404810405298,19.26751535658322,30,44.021294355392456,30,0.6422505118861074
2389,1150,533,-43,3,43.104524124504614,19.26751535658322,30,44.021294355392456,30,0.6422505118861074
2390,1206,529,56,-4,56.142675390472796,19.26751535658322,30,44.021294355392456,30,0.6422505118861074
2391,1194,530,-12,1,12.041594578792296,19.26751535658322,30,44.021294355392456,30,0.6422505118861074
2392,1150,533,-44,3,44.10215414239989,19.26751535658322,30,44.021294355392456,30,0.6422505118861074
2393,1205,529,55,-4,55.14526271584895,19.26751535658322,30,44.021294355392456,30,0.6422505118861074
2394,1193,530,-12,1,12.041594578792296,19.26751535658322,30,44.021294355392456,30,0.6422505118861074
2395,1150,533,-43,3,43.104524124504614,19.26751535658322,30,44.021294355392456,30,0.6422505118861074
2396,1206,530,56,-3,56.08029957123981,19.26751535658322,30,44.021294355392456,30,0.6422505118861074
2397,1191,531,-15,1,15.033296378372908,19.26751535658322,30,44.021294355392456,30,0.6422505118861074
2398,1151,533,-40,2,40.049968789001575,19.26751535658322,30,44.021294355392456,30,0.6422505118861074
2399,1209,530,58,-3,58.077534382926416,19.26751535658322,30,44.021294355392456,30,0.6422505118861074
2400,1189,531,-20,1,20.024984394500787,19.26751535658322,30,44.021294355392456,30,0.6422505118861074
2401,1151,533,-38,2,38.05259518088089,19.26751535658322,30,44.021294355392456,30,0.6422505118861074
2402,1209,530,58,-3,58.077534382926416,19.26751535658322,30,44.021294355392456,30,0.6422505118861074
2403,1188,531,-21,1,21.02379604162864,19.26751535658322,30,44.021294355392456,30,0.6422505118861074
2404,1152,534,-36,3,36.124783736376884,19.26751535658322,30,44.021294355392456,30,0.6422505118861074
2405,1211,530,59,-4,59.135437767890075,19.26751535658322,30,44.021294355392456,30,0.6422505118861074
2406,1187,531,-24,1,24.020824298928627,19.26751535658322,30,44.021294355392456,30,0.6422505118861074
2407,1152,534,-35,3,35.12833614050059,19.26751535658322,30,44.021294355392456,30,0.6422505118861074
2408,1213,530,61,-4,61.1310068623117,19.26751535658322,30,44.021294355392456,30,0.6422505118861074
2409,1183,532,-30,2,30.066592756745816,19.26751535658322,30,44.021294355392456,30,0.6422505118861074
2410,1155,534,-28,2,28.071337695236398,19.26751535658322,30,44.021294355392456,30,0.6422505118861074
2411,1215,530,60,-4,60.13318551349163,19.26751535658322,30,44.021294355392456,30,0.6422505118861074
2412,1181,532,-34,2,34.058772731852805,19.26751535658322,30,44.021294355392456,30,0.6422505118861074
2413,1156,534,-25,2,25.079872407968907,19.26751535658322,30,44.021294355392456,30,0.6422505118861074
2414,1215,530,59,-4,59.135437767890075,19.26751535658322,30,44.021294355392456,30,0.6422505118861074
2415,1180,532,-35,2,35.05709628591621,19.26751535658322,30,44.021294355392456,30,0.6422505118861074
2416,1156,534,-24,2,24.08318915758459,19.26751535658322,30,44.021294355392456,30,0.6422505118861074
2417,1218,531,62,-3,62.07253821135398,19.26751535658322,30,44.021294355392456,30,0.6422505118861074
2418,1174,532,-44,1,44.01136216933077,19.26751535658322,30,44.021294355392456,30,0.6422505118861074
2419,1161,534,-13,2,13.152946437965905,19.26751535658322,30,44.021294355392456,30,0.6422505118861074
2420,1218,531,57,-3,57.07889277132134,19.26751535658322,30,44.021294355392456,30,0.6422505118861074
2421,1175,533,-43,2,43.04648650006177,19.26751535658322,30,44.021294355392456,30,0.6422505118861074
2422,1160,534,-15,1,15.033296378372908,19.26751535658322,30,44.021294355392456,30,0.6422505118861074
2423,1218,531,58,-3,58.077534382926416,19.26751535658322,30,44.021294355392456,30,0.6422505118861074
2424,1176,533,-42,2,42.04759208325728,19.26751535658322,30,44.021294355392456,30,0.6422505118861074
2425,1159,534,-17,1,17.029386365926403,19.26751535658322,30,44.021294355392456,30,0.6422505118861074
2426,1217,531,58,-3,58.077534382926416,19.26751535658322,30,44.021294355392456,30,0.6422505118861074
2427,1177,533,-40,2,40.049968789001575,19.26751535658322,30,44.021294355392456,30,0.6422505118861074
2428,1158,535,-19,2,19.1049731745428,19.26751535658322,30,44.021294355392456,30,0.6422505118861074
2429,1217,531,59,-4,59.135437767890075,19.26751535658322,30,44.021294355392456,30,0.6422505118861074
2430,1178,533,-39,2,39.05124837953327,19.26751535658322,30,44.021294355392456,30,0.6422505118861074
2431,1158,535,-20,2,20.09975124224178,19.26751535658322,30,44.021294355392456,30,0.6422505118861074
2432,1216,531,58,-4,58.137767414994535,19.26751535658322,30,44.021294355392456,30,0.6422505118861074
2433,1179,533,-37,2,37.05401462729781,19.26751535658322,30,44.021294355392456,30,0.6422505118861074
2434,1157,535,-22,2,22.090722034374522,19.26751535658322,30,44.021294355392456,30,0.6422505118861074
2435,1215,531,58,-4,58.137767414994535,19.26751535658322,30,44.021294355392456,30,0.6422505118861074
2436,1181,533,-34,2,34.058772731852805,19.26751535658322,30,44.021294355392456,30,0.6422505118861074
2437,1156,535,-25,2,25.079872407968907,19.26751535658322,30,44.021294355392456,30,0.6422505118861074
2438,1214,531,58,-4,58.137767414994535,19.26751535658322,30,44.021294355392456,30,0.6422505118861074
2439,1182,533,-32,2,32.0624390837628,19.26751535658322,30,44.021294355392456,30,0.6422505118861074
2440,1155,535,-27,2,27.073972741361768,19.26751535658322,30,44.021294355392456,30,0.6422505118861074
2441,1214,532,59,-3,59.07622195096772,19.26751535658322,30,44.021294355392456,30,0.6422505118861074
2442,1183,533,-31,1,31.016124838541646,19.26751535658322,30,44.021294355392456,30,0.6422505118861074
2443,1155,535,-28,2,28.071337695236398,19.26751535658322,30,44.021294355392456,30,0.6422505118861074
2444,1213,532,58,-3,58.077534382926416,19.26751535658322,30,44.021294355392456,30,0.6422505118861074
2445,1184,533,-29,1,29.017236257093817,19.26751535658322,30,44.021294355392456,30,0.6422505118861074
2446,1154,535,-30,2,30.066592756745816,19.26751535658322,30,44.021294355392456,30,0.6422505118861074
2447,1212,532,58,-3,58.077534382926416,19.26751535658322,30,44.021294355392456,30,0.6422505118861074
2448,1186,533,-26,1,26.019223662515376,19.26751535658322,30,44.021294355392456,30,0.6422505118861074
2449,1153,535,-33,2,33.06055050963308,19.26751535658322,30,44.021294355392456,30,0.6422505118861074
2450,1211,532,58,-3,58.077534382926416,19.26751535658322,30,44.021294355392456,30,0.6422505118861074
2451,1187,533,-24,1,24.020824298928627,19.26751535658322,30,44.021294355392456,30,0.6422505118861074
2452,1153,535,-34,2,34.058772731852805,19.26751535658322,30,44.021294355392456,30,0.6422505118861074
2453,1210,532,57,-3,57.07889277132134,19.26751535658322,30,44.021294355392456,30,0.6422505118861074
2454,1189,533,-21,1,21.02379604162864,19.26751535658322,30,44.021294355392456,30,0.6422505118861074
2455,1152,536,-37,3,37.12142238654117,19.26751535658322,30,44.021294355392456,30,0.6422505118861074
2456,1209,532,57,-4,57.14017850864661,19.26751535658322,30,44.021294355392456,30,0.6422505118861074
2457,1190,533,-19,1,19.026297590440446,19.26751535658322,30,44.021294355392456,30,0.6422505118861074
2458,1152,536,-38,3,38.118237105091836,19.26751535658322,30,44.021294355392456,30,0.6422505118861074
2459,1209,532,57,-4,57.14017850864661,19.26751535658322,30,44.021294355392456,30,0.6422505118861074
2460,1188,533,-21,1,21.02379604162864,19.26751535658322,30,44.021294355392456,30,0.6422505118861074
2461,1152,536,-36,3,36.124783736376884,19.26751535658322,30,44.021294355392456,30,0.6422505118861074
2462,1209,532,57,-4,57.14017850864661,19.26751535658322,30,44.021294355392456,30,0.6422505118861074
2463,1189,533,-20,1,20.024984394500787,19.26751535658322,30,44.021294355392456,30,0.6422505118861074
2464,1153,536,-36,3,36.124783736376884,19.26751535658322,30,44.021294355392456,30,0.6422505118861074
2465,1210,532,57,-4,57.14017850864661,19.26751535658322,30,44.021294355392456,30,0.6422505118861074
2466,1188,533,-22,1,22.02271554554524,19.26751535658322,30,44.021294355392456,30,0.6422505118861074
2467,1152,536,-36,3,36.124783736376884,19.26751535658322,30,44.021294355392456,30,0.6422505118861074
2468,1209,532,57,-4,57.14017850864661,19.26751535658322,30,44.021294355392456,30,0.6422505118861074
2469,1190,534,-19,2,19.1049731745428,19.26751535658322,30,44.021294355392456,30,0.6422505118861074
2470,1152,536,-38,2,38.05259518088089,19.26751535658322,30,44.021294355392456,30,0.6422505118861074
2471,1122,484,-30,-52,60.03332407921454,19.26751535658322,30,44.021294355392456,30,0.6422505118861074
2472,1164,302,42,-182,186.78329689776868,19.26751535658322,30,44.021294355392456,30,0.6422505118861074
2473,1161,321,-3,19,19.235384061671343,19.26751535658322,30,44.021294355392456,30,0.6422505118861074
2474,1149,353,-12,32,34.17601498127012,19.26751535658322,30,44.021294355392456,30,0.6422505118861074
2475,1154,374,5,21,21.587033144922902,19.26751535658322,30,44.021294355392456,30,0.6422505118861074
2476,1153,388,-1,14,14.035668847618199,19.26751535658322,30,44.021294355392456,30,0.6422505118861074
2477,1152,391,-1,3,3.1622776601683795,19.26751535658322,30,44.021294355392456,30,0.6422505118861074
2478,1153,388,1,-3,3.1622776601683795,19.26751535658322,30,44.021294355392456,30,0.6422505118861074
2479,1154,380,1,-8,8.06225774829855,19.26751535658322,30,44.021294355392456,30,0.6422505118861074
2480,1155,375,1,-5,5.0990195135927845,19.26751535658322,30,44.021294355392456,30,0.6422505118861074
2481,1155,372,0,-3,3.0,19.26751535658322,30,44.021294355392456,30,0.6422505118861074
2482,1155,371,0,-1,1.0,19.26751535658322,30,44.021294355392456,30,0.6422505118861074
2483,1155,372,0,1,1.0,19.26751535658322,30,44.021294355392456,30,0.6422505118861074
2484,1155,373,0,1,1.0,19.26751535658322,30,44.021294355392456,30,0.6422505118861074
2485,1155,374,0,1,1.0,19.26751535658322,30,44.021294355392456,30,0.6422505118861074
2486,1154,375,-1,1,1.4142135623730951,19.26751535658322,30,44.021294355392456,30,0.6422505118861074
2487,1154,375,0,0,0.0,19.26751535658322,30,44.021294355392456,30,0.6422505118861074
2488,1154,375,0,0,0.0,19.26751535658322,30,44.021294355392456,30,0.6422505118861074
2489,1154,374,0,-1,1.0,19.26751535658322,30,44.021294355392456,30,0.6422505118861074
2490,1154,374,0,0,0.0,19.26751535658322,30,44.021294355392456,30,0.6422505118861074
2491,1154,373,0,-1,1.0,19.26751535658322,30,44.021294355392456,30,0.6422505118861074
2492,1154,373,0,0,0.0,19.26751535658322,30,44.021294355392456,30,0.6422505118861074
2493,1154,373,0,0,0.0,19.26751535658322,30,44.021294355392456,30,0.6422505118861074
2494,1154,372,0,-1,1.0,19.26751535658322,30,44.021294355392456,30,0.6422505118861074
2495,1154,372,0,0,0.0,19.26751535658322,30,44.021294355392456,30,0.6422505118861074
2496,1154,372,0,0,0.0,19.26751535658322,30,44.021294355392456,30,0.6422505118861074
2497,1154,372,0,0,0.0,19.26751535658322,30,44.021294355392456,30,0.6422505118861074
2498,1154,372,0,0,0.0,19.26751535658322,30,44.021294355392456,30,0.6422505118861074
2499,1154,372,0,0,0.0,19.26751535658322,30,44.021294355392456,30,0.6422505118861074
2500,1154,372,0,0,0.0,19.26751535658322,30,44.021294355392456,30,0.6422505118861074
2501,1154,372,0,0,0.0,19.26751535658322,30,44.021294355392456,30,0.6422505118861074
2502,1154,372,0,0,0.0,19.26751535658322,30,44.021294355392456,30,0.6422505118861074
2503,1154,372,0,0,0.0,19.26751535658322,30,44.021294355392456,30,0.6422505118861074
2504,1154,372,0,0,0.0,19.26751535658322,30,44.021294355392456,30,0.6422505118861074
2505,1154,371,0,-1,1.0,19.26751535658322,30,44.021294355392456,30,0.6422505118861074
2506,1154,371,0,0,0.0,19.26751535658322,30,44.021294355392456,30,0.6422505118861074
2507,1154,371,0,0,0.0,19.26751535658322,30,44.021294355392456,30,0.6422505118861074
2508,1154,371,0,0,0.0,19.26751535658322,30,44.021294355392456,30,0.6422505118861074
2509,1154,371,0,0,0.0,19.26751535658322,30,44.021294355392456,30,0.6422505118861074
2510,1154,371,0,0,0.0,19.26751535658322,30,44.021294355392456,30,0.6422505118861074
2511,1154,371,0,0,0.0,19.26751535658322,30,44.021294355392456,30,0.6422505118861074
2512,1154,371,0,0,0.0,19.26751535658322,30,44.021294355392456,30,0.6422505118861074
2513,1154,371,0,0,0.0,19.26751535658322,30,44.021294355392456,30,0.6422505118861074
2514,1154,370,0,-1,1.0,19.26751535658322,30,44.021294355392456,30,0.6422505118861074
2515,1154,370,0,0,0.0,19.26751535658322,30,44.021294355392456,30,0.6422505118861074
2516,1154,370,0,0,0.0,19.26751535658322,30,44.021294355392456,30,0.6422505118861074
2517,1154,370,0,0,0.0,19.26751535658322,30,44.021294355392456,30,0.6422505118861074
2518,1154,370,0,0,0.0,19.26751535658322,30,44.021294355392456,30,0.6422505118861074
2519,1154,370,0,0,0.0,19.26751535658322,30,44.021294355392456,30,0.6422505118861074
2520,1154,370,0,0,0.0,19.26751535658322,30,44.021294355392456,30,0.6422505118861074
2521,1154,370,0,0,0.0,19.26751535658322,30,44.021294355392456,30,0.6422505118861074
2522,1154,370,0,0,0.0,19.26751535658322,30,44.021294355392456,30,0.6422505118861074
2523,1154,370,0,0,0.0,19.26751535658322,30,44.021294355392456,30,0.6422505118861074
2524,1154,370,0,0,0.0,19.26751535658322,30,44.021294355392456,30,0.6422505118861074
2525,1154,370,0,0,0.0,19.26751535658322,30,44.021294355392456,30,0.6422505118861074
2526,1154,370,0,0,0.0,19.26751535658322,30,44.021294355392456,30,0.6422505118861074
2527,1154,370,0,0,0.0,19.26751535658322,30,44.021294355392456,30,0.6422505118861074
2528,1154,370,0,0,0.0,19.26751535658322,30,44.021294355392456,30,0.6422505118861074
2529,1154,369,0,-1,1.0,19.26751535658322,30,44.021294355392456,30,0.6422505118861074
2530,1154,370,0,1,1.0,19.26751535658322,30,44.021294355392456,30,0.6422505118861074
2531,1154,370,0,0,0.0,19.26751535658322,30,44.021294355392456,30,0.6422505118861074
2532,1154,369,0,-1,1.0,19.26751535658322,30,44.021294355392456,30,0.6422505118861074
2533,1154,369,0,0,0.0,19.26751535658322,30,44.021294355392456,30,0.6422505118861074
2534,1154,369,0,0,0.0,19.26751535658322,30,44.021294355392456,30,0.6422505118861074
2535,1154,369,0,0,0.0,19.26751535658322,30,44.021294355392456,30,0.6422505118861074
2536,1153,369,-1,0,1.0,19.26751535658322,30,44.021294355392456,30,0.6422505118861074
2537,1154,369,1,0,1.0,19.26751535658322,30,44.021294355392456,30,0.6422505118861074
2538,1153,369,-1,0,1.0,19.26751535658322,30,44.021294355392456,30,0.6422505118861074
2539,1153,369,0,0,0.0,19.26751535658322,30,44.021294355392456,30,0.6422505118861074
2540,1154,369,1,0,1.0,19.26751535658322,30,44.021294355392456,30,0.6422505118861074
2541,1153,369,-1,0,1.0,19.26751535658322,30,44.021294355392456,30,0.6422505118861074
2542,1153,369,0,0,0.0,19.26751535658322,30,44.021294355392456,30,0.6422505118861074
2543,1153,369,0,0,0.0,19.26751535658322,30,44.021294355392456,30,0.6422505118861074
2544,1153,369,0,0,0.0,19.26751535658322,30,44.021294355392456,30,0.6422505118861074
2545,1153,369,0,0,0.0,19.26751535658322,30,44.021294355392456,30,0.6422505118861074
2546,1153,369,0,0,0.0,19.26751535658322,30,44.021294355392456,30,0.6422505118861074
2547,1153,369,0,0,0.0,19.26751535658322,30,44.021294355392456,30,0.6422505118861074
2548,1153,369,0,0,0.0,19.26751535658322,30,44.021294355392456,30,0.6422505118861074
2549,1153,369,0,0,0.0,19.26751535658322,30,44.021294355392456,30,0.6422505118861074
2550,1153,369,0,0,0.0,19.26751535658322,30,44.021294355392456,30,0.6422505118861074
2551,1153,368,0,-1,1.0,19.26751535658322,30,44.021294355392456,30,0.6422505118861074
2552,1153,368,0,0,0.0,19.26751535658322,30,44.021294355392456,30,0.6422505118861074
2553,1153,368,0,0,0.0,19.26751535658322,30,44.021294355392456,30,0.6422505118861074
2554,1153,368,0,0,0.0,19.26751535658322,30,44.021294355392456,30,0.6422505118861074
2555,1153,368,0,0,0.0,19.26751535658322,30,44.021294355392456,30,0.6422505118861074
2556,1153,368,0,0,0.0,19.26751535658322,30,44.021294355392456,30,0.6422505118861074
2557,1153,368,0,0,0.0,19.26751535658322,30,44.021294355392456,30,0.6422505118861074
2558,1153,368,0,0,0.0,19.26751535658322,30,44.021294355392456,30,0.6422505118861074
2559,1153,368,0,0,0.0,19.26751535658322,30,44.021294355392456,30,0.6422505118861074
2560,1153,368,0,0,0.0,19.26751535658322,30,44.021294355392456,30,0.6422505118861074
2561,1153,368,0,0,0.0,19.26751535658322,30,44.021294355392456,30,0.6422505118861074
2562,1153,368,0,0,0.0,19.26751535658322,30,44.021294355392456,30,0.6422505118861074
2563,1153,368,0,0,0.0,19.26751535658322,30,44.021294355392456,30,0.6422505118861074
2564,1153,368,0,0,0.0,19.26751535658322,30,44.021294355392456,30,0.6422505118861074
2565,1153,368,0,0,0.0,19.26751535658322,30,44.021294355392456,30,0.6422505118861074
2566,1153,368,0,0,0.0,19.26751535658322,30,44.021294355392456,30,0.6422505118861074
2567,,,,,,19.26751535658322,30,44.021294355392456,30,0.6422505118861074
2568,1127,526,-26,158,160.12495120998477,19.26751535658322,30,44.021294355392456,30,0.6422505118861074
2569,1205,519,78,-7,78.31347265956222,19.26751535658322,30,44.021294355392456,30,0.6422505118861074
2570,1190,515,-15,-4,15.524174696260024,19.26751535658322,30,44.021294355392456,30,0.6422505118861074
2571,1138,516,-52,1,52.009614495783374,19.26751535658322,30,44.021294355392456,30,0.6422505118861074
2572,1187,509,49,-7,49.49747468305833,19.26751535658322,30,44.021294355392456,30,0.6422505118861074
2573,1216,508,29,-1,29.017236257093817,19.26751535658322,30,44.021294355392456,30,0.6422505118861074
2574,1151,522,-65,14,66.49060083951716,19.26751535658322,30,44.021294355392456,30,0.6422505118861074
2575,1161,522,10,0,10.0,19.26751535658322,30,44.021294355392456,30,0.6422505118861074
2576,1226,514,65,-8,65.49045732013177,19.26751535658322,30,44.021294355392456,30,0.6422505118861074
2577,1171,526,-55,12,56.293871780150276,19.26751535658322,30,44.021294355392456,30,0.6422505118861074
2578,1148,529,-23,3,23.194827009486403,19.26751535658322,30,44.021294355392456,30,0.6422505118861074
2579,1221,518,73,-11,73.824115301167,19.26751535658322,30,44.021294355392456,30,0.6422505118861074
2580,1192,525,-29,7,29.832867780352597,19.26751535658322,30,44.021294355392456,30,0.6422505118861074
2581,1141,532,-51,7,51.478150704935004,19.26751535658322,30,44.021294355392456,30,0.6422505118861074
2582,1215,521,74,-11,74.81310045707235,19.26751535658322,30,44.021294355392456,30,0.6422505118861074
2583,1195,526,-20,5,20.615528128088304,19.26751535658322,30,44.021294355392456,30,0.6422505118861074
2584,1142,532,-53,6,53.33854141237835,19.26751535658322,30,44.021294355392456,30,0.6422505118861074
2585,1216,521,74,-11,74.81310045707235,19.26751535658322,30,44.021294355392456,30,0.6422505118861074
2586,1194,526,-22,5,22.561028345356956,19.26751535658322,30,44.021294355392456,30,0.6422505118861074
2587,1142,532,-52,6,52.3450093132096,19.26751535658322,30,44.021294355392456,30,0.6422505118861074
2588,1215,522,73,-10,73.68174807915459,19.26751535658322,30,44.021294355392456,30,0.6422505118861074
2589,1196,527,-19,5,19.6468827043885,19.26751535658322,30,44.021294355392456,30,0.6422505118861074
2590,1142,533,-54,6,54.3323108288245,19.26751535658322,30,44.021294355392456,30,0.6422505118861074
2591,1216,522,74,-11,74.81310045707235,19.26751535658322,30,44.021294355392456,30,0.6422505118861074
2592,1194,527,-22,5,22.561028345356956,19.26751535658322,30,44.021294355392456,30,0.6422505118861074
2593,1142,533,-52,6,52.3450093132096,19.26751535658322,30,44.021294355392456,30,0.6422505118861074
2594,1214,523,72,-10,72.69112738154499,19.26751535658322,30,44.021294355392456,30,0.6422505118861074
2595,1196,528,-18,5,18.681541692269406,19.26751535658322,30,44.021294355392456,30,0.6422505118861074
2596,1142,534,-54,6,54.3323108288245,19.26751535658322,30,44.021294355392456,30,0.6422505118861074
2597,1216,523,74,-11,74.81310045707235,19.26751535658322,30,44.021294355392456,30,0.6422505118861074
2598,1195,528,-21,5,21.587033144922902,19.26751535658322,30,44.021294355392456,30,0.6422505118861074
2599,1142,534,-53,6,53.33854141237835,19.26751535658322,30,44.021294355392456,30,0.6422505118861074
2600,1217,523,75,-11,75.8023746329889,19.26751535658322,30,44.021294355392456,30,0.6422505118861074
2601,1193,529,-24,6,24.73863375370596,19.26751535658322,30,44.021294355392456,30,0.6422505118861074
2602,1143,534,-50,5,50.24937810560445,19.26751535658322,30,44.021294355392456,30,0.6422505118861074
2603,1218,523,75,-11,75.8023746329889,19.26751535658322,30,44.021294355392456,30,0.6422505118861074
2604,1192,529,-26,6,26.68332812825267,19.26751535658322,30,44.021294355392456,30,0.6422505118861074
2605,1144,534,-48,5,48.25971404805462,19.26751535658322,30,44.021294355392456,30,0.6422505118861074
2606,1220,524,76,-10,76.6550715869472,19.26751535658322,30,44.021294355392456,30,0.6422505118861074
2607,1191,530,-29,6,29.614185789921695,19.26751535658322,30,44.021294355392456,30,0.6422505118861074
2608,1144,534,-47,4,47.16990566028302,19.26751535658322,30,44.021294355392456,30,0.6422505118861074
2609,1220,524,76,-10,76.6550715869472,19.26751535658322,30,44.021294355392456,30,0.6422505118861074
2610,1196,529,-24,5,24.515301344262525,19.26751535658322,30,44.021294355392456,30,0.6422505118861074
2611,1142,535,-54,6,54.3323108288245,19.26751535658322,30,44.021294355392456,30,0.6422505118861074
2612,1217,524,75,-11,75.8023746329889,19.26751535658322,30,44.021294355392456,30,0.6422505118861074
2613,1196,530,-21,6,21.840329667841555,19.26751535658322,30,44.021294355392456,30,0.6422505118861074
2614,1142,535,-54,5,54.230987451824994,19.26751535658322,30,44.021294355392456,30,0.6422505118861074
2615,1216,525,74,-10,74.67261881037788,19.26751535658322,30,44.021294355392456,30,0.6422505118861074
2616,1196,530,-20,5,20.615528128088304,19.26751535658322,30,44.021294355392456,30,0.6422505118861074
2617,1142,535,-54,5,54.230987451824994,19.26751535658322,30,44.021294355392456,30,0.6422505118861074
2618,1217,525,75,-10,75.66372975210778,19.26751535658322,30,44.021294355392456,30,0.6422505118861074
2619,1195,530,-22,5,22.561028345356956,19.26751535658322,30,44.021294355392456,30,0.6422505118861074
2620,1143,536,-52,6,52.3450093132096,19.26751535658322,30,44.021294355392456,30,0.6422505118861074
2621,1216,525,73,-11,73.824115301167,19.26751535658322,30,44.021294355392456,30,0.6422505118861074
2622,1197,530,-19,5,19.6468827043885,19.26751535658322,30,44.021294355392456,30,0.6422505118861074
2623,1142,536,-55,6,55.326304774492215,19.26751535658322,30,44.021294355392456,30,0.6422505118861074
2624,1217,525,75,-11,75.8023746329889,19.26751535658322,30,44.021294355392456,30,0.6422505118861074
2625,1195,531,-22,6,22.80350850198276,19.26751535658322,30,44.021294355392456,30,0.6422505118861074
2626,1143,536,-52,5,52.23983154643591,19.26751535658322,30,44.021294355392456,30,0.6422505118861074
2627,1216,526,73,-10,73.68174807915459,19.26751535658322,30,44.021294355392456,30,0.6422505118861074
2628,1198,530,-18,4,18.439088914585774,19.26751535658322,30,44.021294355392456,30,0.6422505118861074
2629,1142,536,-56,6,56.32051136131489,19.26751535658322,30,44.021294355392456,30,0.6422505118861074
2630,1212,526,70,-10,70.71067811865476,19.26751535658322,30,44.021294355392456,30,0.6422505118861074
2631,1201,530,-11,4,11.704699910719626,19.26751535658322,30,44.021294355392456,30,0.6422505118861074
2632,1141,536,-60,6,60.29925372672534,19.26751535658322,30,44.021294355392456,30,0.6422505118861074
2633,1210,526,69,-10,69.72087205421343,19.26751535658322,30,44.021294355392456,30,0.6422505118861074
2634,1203,530,-7,4,8.06225774829855,19.26751535658322,30,44.021294355392456,30,0.6422505118861074
2635,1141,537,-62,7,62.39390995922599,19.26751535658322,30,44.021294355392456,30,0.6422505118861074
2636,1212,527,71,-10,71.7007670809734,19.26751535658322,30,44.021294355392456,30,0.6422505118861074
2637,1202,530,-10,3,10.44030650891055,19.26751535658322,30,44.021294355392456,30,0.6422505118861074
2638,1141,537,-61,7,61.40032573203501,19.26751535658322,30,44.021294355392456,30,0.6422505118861074
2639,1213,527,72,-10,72.69112738154499,19.26751535658322,30,44.021294355392456,30,0.6422505118861074
2640,1200,531,-13,4,13.601470508735444,19.26751535658322,30,44.021294355392456,30,0.6422505118861074
2641,1142,537,-58,6,58.309518948453004,19.26751535658322,30,44.021294355392456,30,0.6422505118861074
2642,1215,526,73,-11,73.824115301167,19.26751535658322,30,44.021294355392456,30,0.6422505118861074
2643,1201,530,-14,4,14.560219778561036,19.26751535658322,30,44.021294355392456,30,0.6422505118861074
2644,1142,537,-59,7,59.413803110051795,19.26751535658322,30,44.021294355392456,30,0.6422505118861074
2645,1214,527,72,-10,72.69112738154499,19.26751535658322,30,44.021294355392456,30,0.6422505118861074
2646,1199,531,-15,4,15.524174696260024,19.26751535658322,30,44.021294355392456,30,0.6422505118861074
2647,1142,537,-57,6,57.3149195236284,19.26751535658322,30,44.021294355392456,30,0.6422505118861074
2648,1211,527,69,-10,69.72087205421343,19.26751535658322,30,44.021294355392456,30,0.6422505118861074
2649,1204,530,-7,3,7.615773105863909,19.26751535658322,30,44.021294355392456,30,0.6422505118861074
2650,1141,537,-63,7,63.387695966961914,19.26751535658322,30,44.021294355392456,30,0.6422505118861074
2651,1211,527,70,-10,70.71067811865476,19.26751535658322,30,44.021294355392456,30,0.6422505118861074
2652,1205,530,-6,3,6.708203932499369,19.26751535658322,30,44.021294355392456,30,0.6422505118861074
2653,1141,537,-64,7,64.38167441127949,19.26751535658322,30,44.021294355392456,30,0.6422505118861074
2654,1209,528,68,-9,68.59300255857006,19.26751535658322,30,44.021294355392456,30,0.6422505118861074
2655,1204,530,-5,2,5.385164807134504,19.26751535658322,30,44.021294355392456,30,0.6422505118861074
2656,1141,538,-63,8,63.50590523722971,19.26751535658322,30,44.021294355392456,30,0.6422505118861074
2657,1206,528,65,-10,65.76473218982953,19.26751535658322,30,44.021294355392456,30,0.6422505118861074
2658,1208,530,2,2,2.8284271247461903,19.26751535658322,30,44.021294355392456,30,0.6422505118861074
2659,1141,538,-67,8,67.47592163134935,19.26751535658322,30,44.021294355392456,30,0.6422505118861074
2660,1205,528,64,-10,64.77653896280658,19.26751535658322,30,44.021294355392456,30,0.6422505118861074
2661,1207,530,2,2,2.8284271247461903,19.26751535658322,30,44.021294355392456,30,0.6422505118861074
2662,1141,538,-66,8,66.48308055437865,19.26751535658322,30,44.021294355392456,30,0.6422505118861074
2663,1207,528,66,-10,66.75327707311455,19.26751535658322,30,44.021294355392456,30,0.6422505118861074
2664,1206,531,-1,3,3.1622776601683795,19.26751535658322,30,44.021294355392456,30,0.6422505118861074
2665,1141,538,-65,7,65.37583651472461,19.26751535658322,30,44.021294355392456,30,0.6422505118861074
2666,1209,528,68,-10,68.73136110975832,19.26751535658322,30,44.021294355392456,30,0.6422505118861074
2667,1206,531,-3,3,4.242640687119285,19.26751535658322,30,44.021294355392456,30,0.6422505118861074
2668,1141,538,-65,7,65.37583651472461,19.26751535658322,30,44.021294355392456,30,0.6422505118861074
2669,1207,528,66,-10,66.75327707311455,19.26751535658322,30,44.021294355392456,30,0.6422505118861074
2670,1207,531,0,3,3.0,19.26751535658322,30,44.021294355392456,30,0.6422505118861074
2671,1141,538,-66,7,66.37017402418047,19.26751535658322,30,44.021294355392456,30,0.6422505118861074
2672,1205,529,64,-9,64.6297145282261,19.26751535658322,30,44.021294355392456,30,0.6422505118861074
2673,1208,531,3,2,3.605551275463989,19.26751535658322,30,44.021294355392456,30,0.6422505118861074
2674,1142,538,-66,7,66.37017402418047,19.26751535658322,30,44.021294355392456,30,0.6422505118861074
2675,1203,529,61,-9,61.66036003787198,19.26751535658322,30,44.021294355392456,30,0.6422505118861074
2676,1212,530,9,1,9.055385138137417,19.26751535658322,30,44.021294355392456,30,0.6422505118861074
2677,1142,538,-70,8,70.45565981523414,19.26751535658322,30,44.021294355392456,30,0.6422505118861074
2678,1201,529,59,-9,59.682493245507096,19.26751535658322,30,44.021294355392456,30,0.6422505118861074
2679,1215,529,14,0,14.0,19.26751535658322,30,44.021294355392456,30,0.6422505118861074
2680,1145,538,-70,9,70.57619995437555,19.26751535658322,30,44.021294355392456,30,0.6422505118861074
2681,1191,531,46,-7,46.52956049652737,19.26751535658322,30,44.021294355392456,30,0.6422505118861074
2682,1218,529,27,-2,27.073972741361768,19.26751535658322,30,44.021294355392456,30,0.6422505118861074
2683,1145,538,-73,9,73.55270219373317,19.26751535658322,30,44.021294355392456,30,0.6422505118861074
2684,1189,531,44,-7,44.553338819890925,19.26751535658322,30,44.021294355392456,30,0.6422505118861074
2685,1219,529,30,-2,30.066592756745816,19.26751535658322,30,44.021294355392456,30,0.6422505118861074
2686,1146,538,-73,9,73.55270219373317,19.26751535658322,30,44.021294355392456,30,0.6422505118861074
2687,1188,531,42,-7,42.579337712087536,19.26751535658322,30,44.021294355392456,30,0.6422505118861074
2688,1218,529,30,-2,30.066592756745816,19.26751535658322,30,44.021294355392456,30,0.6422505118861074
2689,1145,538,-73,9,73.55270219373317,19.26751535658322,30,44.021294355392456,30,0.6422505118861074
2690,1190,531,45,-7,45.5411901469428,19.26751535658322,30,44.021294355392456,30,0.6422505118861074
2691,1217,529,27,-2,27.073972741361768,19.26751535658322,30,44.021294355392456,30,0.6422505118861074
2692,1145,538,-72,9,72.56031973468694,19.26751535658322,30,44.021294355392456,30,0.6422505118861074
2693,1192,531,47,-7,47.51841748206689,19.26751535658322,30,44.021294355392456,30,0.6422505118861074
2694,1216,530,24,-1,24.020824298928627,19.26751535658322,30,44.021294355392456,30,0.6422505118861074
2695,1144,538,-72,8,72.44308110509934,19.26751535658322,30,44.021294355392456,30,0.6422505118861074
2696,1194,531,50,-7,50.48762224545735,19.26751535658322,30,44.021294355392456,30,0.6422505118861074
2697,1216,530,22,-1,22.02271554554524,19.26751535658322,30,44.021294355392456,30,0.6422505118861074
2698,1144,538,-72,8,72.44308110509934,19.26751535658322,30,44.021294355392456,30,0.6422505118861074
2699,1196,531,52,-7,52.46903848937962,19.26751535658322,30,44.021294355392456,30,0.6422505118861074
2700,1214,530,18,-1,18.027756377319946,19.26751535658322,30,44.021294355392456,30,0.6422505118861074
2701,1143,539,-71,9,71.56814934033156,19.26751535658322,30,44.021294355392456,30,0.6422505118861074
2702,1198,531,55,-8,55.57877292636101,19.26751535658322,30,44.021294355392456,30,0.6422505118861074
2703,1213,530,15,-1,15.033296378372908,19.26751535658322,30,44.021294355392456,30,0.6422505118861074
2704,1143,539,-70,9,70.57619995437555,19.26751535658322,30,44.021294355392456,30,0.6422505118861074
2705,1200,530,57,-9,57.706152185014034,19.26751535658322,30,44.021294355392456,30,0.6422505118861074
2706,1215,530,15,0,15.0,19.26751535658322,30,44.021294355392456,30,0.6422505118861074
2707,1144,539,-71,9,71.56814934033156,19.26751535658322,30,44.021294355392456,30,0.6422505118861074
2708,1194,531,50,-8,50.635955604688654,19.26751535658322,30,44.021294355392456,30,0.6422505118861074
2709,1215,530,21,-1,21.02379604162864,19.26751535658322,30,44.021294355392456,30,0.6422505118861074
2710,1144,539,-71,9,71.56814934033156,19.26751535658322,30,44.021294355392456,30,0.6422505118861074
2711,1196,531,52,-8,52.61178575186362,19.26751535658322,30,44.021294355392456,30,0.6422505118861074
2712,1214,530,18,-1,18.027756377319946,19.26751535658322,30,44.021294355392456,30,0.6422505118861074
2713,1143,539,-71,9,71.56814934033156,19.26751535658322,30,44.021294355392456,30,0.6422505118861074
2714,1198,531,55,-8,55.57877292636101,19.26751535658322,30,44.021294355392456,30,0.6422505118861074
2715,1213,531,15,0,15.0,19.26751535658322,30,44.021294355392456,30,0.6422505118861074
2716,1144,539,-69,8,69.46221994724903,19.26751535658322,30,44.021294355392456,30,0.6422505118861074
2717,1206,530,62,-9,62.64982043070834,19.26751535658322,30,44.021294355392456,30,0.6422505118861074
2718,1203,533,-3,3,4.242640687119285,19.26751535658322,30,44.021294355392456,30,0.6422505118861074
2719,1144,539,-59,6,59.30430001273095,19.26751535658322,30,44.021294355392456,30,0.6422505118861074
2720,1220,529,76,-10,76.6550715869472,19.26751535658322,30,44.021294355392456,30,0.6422505118861074
2721,1186,535,-34,6,34.52535300326414,19.26751535658322,30,44.021294355392456,30,0.6422505118861074
2722,1153,538,-33,3,33.13608305156178,19.26751535658322,30,44.021294355392456,30,0.6422505118861074
2723,1226,529,73,-9,73.55270219373317,19.26751535658322,30,44.021294355392456,30,0.6422505118861074
2724,1167,537,-59,8,59.53990258641679,19.26751535658322,30,44.021294355392456,30,0.6422505118861074
2725,1168,535,1,-2,2.23606797749979,19.26751535658322,30,44.021294355392456,30,0.6422505118861074
2726,1223,529,55,-6,55.326304774492215,19.26751535658322,30,44.021294355392456,30,0.6422505118861074
2727,1151,538,-72,9,72.56031973468694,19.26751535658322,30,44.021294355392456,30,0.6422505118861074
2728,1185,533,34,-5,34.36568055487916,19.26751535658322,30,44.021294355392456,30,0.6422505118861074
2729,1217,530,32,-3,32.14031735997639,19.26751535658322,30,44.021294355392456,30,0.6422505118861074
2730,1145,539,-72,9,72.56031973468694,19.26751535658322,30,44.021294355392456,30,0.6422505118861074
2731,1202,531,57,-8,57.55866572463264,19.26751535658322,30,44.021294355392456,30,0.6422505118861074
2732,1206,533,4,2,4.47213595499958,19.26751535658322,30,44.021294355392456,30,0.6422505118861074
2733,1144,539,-62,6,62.289646009589745,19.26751535658322,30,44.021294355392456,30,0.6422505118861074
2734,1215,530,71,-9,71.56814934033156,19.26751535658322,30,44.021294355392456,30,0.6422505118861074
2735,1193,535,-22,5,22.561028345356956,19.26751535658322,30,44.021294355392456,30,0.6422505118861074
2736,1149,538,-44,3,44.10215414239989,19.26751535658322,30,44.021294355392456,30,0.6422505118861074
2737,1224,529,75,-9,75.53806987208503,19.26751535658322,30,44.021294355392456,30,0.6422505118861074
2738,1175,537,-49,8,49.64876634922564,19.26751535658322,30,44.021294355392456,30,0.6422505118861074
2739,1161,537,-14,0,14.0,19.26751535658322,30,44.021294355392456,30,0.6422505118861074
2740,1226,529,65,-8,65.49045732013177,19.26751535658322,30,44.021294355392456,30,0.6422505118861074
2741,1163,538,-63,9,63.63961030678928,19.26751535658322,30,44.021294355392456,30,0.6422505118861074
2742,1172,535,9,-3,9.486832980505138,19.26751535658322,30,44.021294355392456,30,0.6422505118861074
2743,1222,530,50,-5,50.24937810560445,19.26751535658322,30,44.021294355392456,30,0.6422505118861074
2744,1149,539,-73,9,73.55270219373317,19.26751535658322,30,44.021294355392456,30,0.6422505118861074
2745,1191,532,42,-7,42.579337712087536,19.26751535658322,30,44.021294355392456,30,0.6422505118861074
2746,1213,532,22,0,22.0,19.26751535658322,30,44.021294355392456,30,0.6422505118861074
2747,1144,539,-69,7,69.35416353759881,19.26751535658322,30,44.021294355392456,30,0.6422505118861074
2748,1210,530,66,-9,66.61080993352356,19.26751535658322,30,44.021294355392456,30,0.6422505118861074
2749,1201,534,-9,4,9.848857801796104,19.26751535658322,30,44.021294355392456,30,0.6422505118861074
2750,1145,539,-56,5,56.22277118748239,19.26751535658322,30,44.021294355392456,30,0.6422505118861074
2751,1220,530,75,-9,75.53806987208503,19.26751535658322,30,44.021294355392456,30,0.6422505118861074
2752,1186,536,-34,6,34.52535300326414,19.26751535658322,30,44.021294355392456,30,0.6422505118861074
2753,1153,538,-33,2,33.06055050963308,19.26751535658322,30,44.021294355392456,30,0.6422505118861074
2754,1224,529,71,-9,71.56814934033156,19.26751535658322,30,44.021294355392456,30,0.6422505118861074
2755,1174,537,-50,8,50.635955604688654,19.26751535658322,30,44.021294355392456,30,0.6422505118861074
2756,1162,537,-12,0,12.0,19.26751535658322,30,44.021294355392456,30,0.6422505118861074
2757,1225,529,63,-8,63.50590523722971,19.26751535658322,30,44.021294355392456,30,0.6422505118861074
2758,1156,538,-69,9,69.58448102845921,19.26751535658322,30,44.021294355392456,30,0.6422505118861074
2759,1179,534,23,-4,23.345235059857504,19.26751535658322,30,44.021294355392456,30,0.6422505118861074
2760,1220,530,41,-4,41.19465984809196,19.26751535658322,30,44.021294355392456,30,0.6422505118861074
2761,1147,539,-73,9,73.55270219373317,19.26751535658322,30,44.021294355392456,30,0.6422505118861074
2762,1195,532,48,-7,48.507731342539614,19.26751535658322,30,44.021294355392456,30,0.6422505118861074
2763,1210,532,15,0,15.0,19.26751535658322,30,44.021294355392456,30,0.6422505118861074
2764,1144,539,-66,7,66.37017402418047,19.26751535658322,30,44.021294355392456,30,0.6422505118861074
2765,1206,531,62,-8,62.51399843235114,19.26751535658322,30,44.021294355392456,30,0.6422505118861074
2766,1203,534,-3,3,4.242640687119285,19.26751535658322,30,44.021294355392456,30,0.6422505118861074
2767,1145,539,-58,5,58.215118311311535,19.26751535658322,30,44.021294355392456,30,0.6422505118861074
2768,1220,530,75,-9,75.53806987208503,19.26751535658322,30,44.021294355392456,30,0.6422505118861074
2769,1186,536,-34,6,34.52535300326414,19.26751535658322,30,44.021294355392456,30,0.6422505118861074
2770,1153,538,-33,2,33.06055050963308,19.26751535658322,30,44.021294355392456,30,0.6422505118861074
2771,1226,530,73,-8,73.43704787094863,19.26751535658322,30,44.021294355392456,30,0.6422505118861074
2772,1167,538,-59,8,59.53990258641679,19.26751535658322,30,44.021294355392456,30,0.6422505118861074
2773,1168,536,1,-2,2.23606797749979,19.26751535658322,30,44.021294355392456,30,0.6422505118861074
2774,1225,530,57,-6,57.3149195236284,19.26751535658322,30,44.021294355392456,30,0.6422505118861074
2775,1160,538,-65,8,65.49045732013177,19.26751535658322,30,44.021294355392456,30,0.6422505118861074
2776,1175,535,15,-3,15.297058540778355,19.26751535658322,30,44.021294355392456,30,0.6422505118861074
2777,1221,530,46,-5,46.2709412050371,19.26751535658322,30,44.021294355392456,30,0.6422505118861074
2778,1148,539,-73,9,73.55270219373317,19.26751535658322,30,44.021294355392456,30,0.6422505118861074
2779,1195,533,47,-6,47.38143096192854,19.26751535658322,30,44.021294355392456,30,0.6422505118861074
2780,1212,532,17,-1,17.029386365926403,19.26751535658322,30,44.021294355392456,30,0.6422505118861074
2781,1144,540,-68,8,68.46897107449476,19.26751535658322,30,44.021294355392456,30,0.6422505118861074
2782,1209,531,65,-9,65.62011886609167,19.26751535658322,30,44.021294355392456,30,0.6422505118861074
2783,1202,534,-7,3,7.615773105863909,19.26751535658322,30,44.021294355392456,30,0.6422505118861074
2784,1145,540,-57,6,57.3149195236284,19.26751535658322,30,44.021294355392456,30,0.6422505118861074
2785,1220,530,75,-10,75.66372975210778,19.26751535658322,30,44.021294355392456,30,0.6422505118861074
2786,1187,536,-33,6,33.54101966249684,19.26751535658322,30,44.021294355392456,30,0.6422505118861074
2787,1153,539,-34,3,34.132096331752024,19.26751535658322,30,44.021294355392456,30,0.6422505118861074
2788,1226,530,73,-9,73.55270219373317,19.26751535658322,30,44.021294355392456,30,0.6422505118861074
2789,1168,538,-58,8,58.54912467321779,19.26751535658322,30,44.021294355392456,30,0.6422505118861074
2790,1168,536,0,-2,2.0,19.26751535658322,30,44.021294355392456,30,0.6422505118861074
2791,1224,530,56,-6,56.32051136131489,19.26751535658322,30,44.021294355392456,30,0.6422505118861074
2792,1152,539,-72,9,72.56031973468694,19.26751535658322,30,44.021294355392456,30,0.6422505118861074
2793,1185,534,33,-5,33.37663853655727,19.26751535658322,30,44.021294355392456,30,0.6422505118861074
2794,1217,532,32,-2,32.0624390837628,19.26751535658322,30,44.021294355392456,30,0.6422505118861074
2795,1146,539,-71,7,71.34423592694787,19.26751535658322,30,44.021294355392456,30,0.6422505118861074
2796,1197,532,51,-7,51.478150704935004,19.26751535658322,30,44.021294355392456,30,0.6422505118861074
2797,1209,533,12,1,12.041594578792296,19.26751535658322,30,44.021294355392456,30,0.6422505118861074
2798,1143,540,-66,7,66.37017402418047,19.26751535658322,30,44.021294355392456,30,0.6422505118861074
2799,1215,531,72,-9,72.56031973468694,19.26751535658322,30,44.021294355392456,30,0.6422505118861074
2800,1195,535,-20,4,20.396078054371138,19.26751535658322,30,44.021294355392456,30,0.6422505118861074
2801,1148,539,-47,4,47.16990566028302,19.26751535658322,30,44.021294355392456,30,0.6422505118861074
2802,1223,530,75,-9,75.53806987208503,19.26751535658322,30,44.021294355392456,30,0.6422505118861074
2803,1181,537,-42,7,42.579337712087536,19.26751535658322,30,44.021294355392456,30,0.6422505118861074
2804,1158,538,-23,1,23.021728866442675,19.26751535658322,30,44.021294355392456,30,0.6422505118861074
2805,1225,530,67,-8,67.47592163134935,19.26751535658322,30,44.021294355392456,30,0.6422505118861074
2806,1171,538,-54,8,54.589376255824725,19.26751535658322,30,44.021294355392456,30,0.6422505118861074
2807,1164,537,-7,-1,7.0710678118654755,19.26751535658322,30,44.021294355392456,30,0.6422505118861074
2808,1225,530,61,-7,61.40032573203501,19.26751535658322,30,44.021294355392456,30,0.6422505118861074
2809,1156,539,-69,9,69.58448102845921,19.26751535658322,30,44.021294355392456,30,0.6422505118861074
2810,1181,535,25,-4,25.317977802344327,19.26751535658322,30,44.021294355392456,30,0.6422505118861074
2811,1221,531,40,-4,40.19950248448356,19.26751535658322,30,44.021294355392456,30,0.6422505118861074
2812,1150,540,-71,9,71.56814934033156,19.26751535658322,30,44.021294355392456,30,0.6422505118861074
2813,1189,534,39,-6,39.45883931389772,19.26751535658322,30,44.021294355392456,30,0.6422505118861074
2814,1214,532,25,-2,25.079872407968907,19.26751535658322,30,44.021294355392456,30,0.6422505118861074
2815,1144,540,-70,8,70.45565981523414,19.26751535658322,30,44.021294355392456,30,0.6422505118861074
2816,1207,532,63,-8,63.50590523722971,19.26751535658322,30,44.021294355392456,30,0.6422505118861074
2817,,,,,,19.26751535658322,30,44.021294355392456,30,0.6422505118861074
2818,1149,458,-58,-74,94.02127418834527,19.26751535658322,30,44.021294355392456,30,0.6422505118861074
2819,1153,369,4,-89,89.08984229416954,19.26751535658322,30,44.021294355392456,30,0.6422505118861074
2820,1150,335,-3,-34,34.132096331752024,19.26751535658322,30,44.021294355392456,30,0.6422505118861074
2821,1153,354,3,19,19.235384061671343,19.26751535658322,30,44.021294355392456,30,0.6422505118861074
2822,1154,371,1,17,17.029386365926403,19.26751535658322,30,44.021294355392456,30,0.6422505118861074
2823,1154,382,0,11,11.0,19.26751535658322,30,44.021294355392456,30,0.6422505118861074
2824,1154,387,0,5,5.0,19.26751535658322,30,44.021294355392456,30,0.6422505118861074
2825,1154,386,0,-1,1.0,19.26751535658322,30,44.021294355392456,30,0.6422505118861074
2826,1154,382,0,-4,4.0,19.26751535658322,30,44.021294355392456,30,0.6422505118861074
2827,1155,378,1,-4,4.123105625617661,19.26751535658322,30,44.021294355392456,30,0.6422505118861074
2828,1155,374,0,-4,4.0,19.26751535658322,30,44.021294355392456,30,0.6422505118861074
2829,1155,373,0,-1,1.0,19.26751535658322,30,44.021294355392456,30,0.6422505118861074
2830,1155,373,0,0,0.0,19.26751535658322,30,44.021294355392456,30,0.6422505118861074
2831,1155,374,0,1,1.0,19.26751535658322,30,44.021294355392456,30,0.6422505118861074
2832,1155,375,0,1,1.0,19.26751535658322,30,44.021294355392456,30,0.6422505118861074
2833,1154,375,-1,0,1.0,19.26751535658322,30,44.021294355392456,30,0.6422505118861074
2834,1154,375,0,0,0.0,19.26751535658322,30,44.021294355392456,30,0.6422505118861074
2835,1154,375,0,0,0.0,19.26751535658322,30,44.021294355392456,30,0.6422505118861074
2836,1154,375,0,0,0.0,19.26751535658322,30,44.021294355392456,30,0.6422505118861074
2837,1154,374,0,-1,1.0,19.26751535658322,30,44.021294355392456,30,0.6422505118861074
2838,1154,374,0,0,0.0,19.26751535658322,30,44.021294355392456,30,0.6422505118861074
2839,1154,373,0,-1,1.0,19.26751535658322,30,44.021294355392456,30,0.6422505118861074
2840,1154,373,0,0,0.0,19.26751535658322,30,44.021294355392456,30,0.6422505118861074
2841,1154,373,0,0,0.0,19.26751535658322,30,44.021294355392456,30,0.6422505118861074
2842,1154,373,0,0,0.0,19.26751535658322,30,44.021294355392456,30,0.6422505118861074
2843,1154,373,0,0,0.0,19.26751535658322,30,44.021294355392456,30,0.6422505118861074
2844,1154,373,0,0,0.0,19.26751535658322,30,44.021294355392456,30,0.6422505118861074
2845,1154,373,0,0,0.0,19.26751535658322,30,44.021294355392456,30,0.6422505118861074
2846,1154,373,0,0,0.0,19.26751535658322,30,44.021294355392456,30,0.6422505118861074
2847,1154,373,0,0,0.0,19.26751535658322,30,44.021294355392456,30,0.6422505118861074
2848,1154,372,0,-1,1.0,19.26751535658322,30,44.021294355392456,30,0.6422505118861074
2849,1154,372,0,0,0.0,19.26751535658322,30,44.021294355392456,30,0.6422505118861074
2850,1154,372,0,0,0.0,19.26751535658322,30,44.021294355392456,30,0.6422505118861074
2851,1154,372,0,0,0.0,19.26751535658322,30,44.021294355392456,30,0.6422505118861074
2852,1154,372,0,0,0.0,19.26751535658322,30,44.021294355392456,30,0.6422505118861074
2853,1154,372,0,0,0.0,19.26751535658322,30,44.021294355392456,30,0.6422505118861074
2854,1154,372,0,0,0.0,19.26751535658322,30,44.021294355392456,30,0.6422505118861074
2855,1153,371,-1,-1,1.4142135623730951,19.26751535658322,30,44.021294355392456,30,0.6422505118861074
2856,1153,371,0,0,0.0,19.26751535658322,30,44.021294355392456,30,0.6422505118861074
2857,1154,371,1,0,1.0,19.26751535658322,30,44.021294355392456,30,0.6422505118861074
2858,1154,371,0,0,0.0,19.26751535658322,30,44.021294355392456,30,0.6422505118861074
2859,1154,371,0,0,0.0,19.26751535658322,30,44.021294355392456,30,0.6422505118861074
2860,1154,371,0,0,0.0,19.26751535658322,30,44.021294355392456,30,0.6422505118861074
2861,1153,371,-1,0,1.0,19.26751535658322,30,44.021294355392456,30,0.6422505118861074
2862,1153,371,0,0,0.0,19.26751535658322,30,44.021294355392456,30,0.6422505118861074
2863,1154,371,1,0,1.0,19.26751535658322,30,44.021294355392456,30,0.6422505118861074
2864,1154,371,0,0,0.0,19.26751535658322,30,44.021294355392456,30,0.6422505118861074
2865,1153,371,-1,0,1.0,19.26751535658322,30,44.021294355392456,30,0.6422505118861074
2866,1153,371,0,0,0.0,19.26751535658322,30,44.021294355392456,30,0.6422505118861074
2867,1153,371,0,0,0.0,19.26751535658322,30,44.021294355392456,30,0.6422505118861074
2868,1153,370,0,-1,1.0,19.26751535658322,30,44.021294355392456,30,0.6422505118861074
2869,1153,370,0,0,0.0,19.26751535658322,30,44.021294355392456,30,0.6422505118861074
2870,1153,370,0,0,0.0,19.26751535658322,30,44.021294355392456,30,0.6422505118861074
2871,1153,370,0,0,0.0,19.26751535658322,30,44.021294355392456,30,0.6422505118861074
2872,1153,370,0,0,0.0,19.26751535658322,30,44.021294355392456,30,0.6422505118861074
2873,1153,370,0,0,0.0,19.26751535658322,30,44.021294355392456,30,0.6422505118861074
2874,1153,370,0,0,0.0,19.26751535658322,30,44.021294355392456,30,0.6422505118861074
2875,1153,370,0,0,0.0,19.26751535658322,30,44.021294355392456,30,0.6422505118861074
2876,1153,370,0,0,0.0,19.26751535658322,30,44.021294355392456,30,0.6422505118861074
2877,1153,370,0,0,0.0,19.26751535658322,30,44.021294355392456,30,0.6422505118861074
2878,1153,370,0,0,0.0,19.26751535658322,30,44.021294355392456,30,0.6422505118861074
2879,1153,370,0,0,0.0,19.26751535658322,30,44.021294355392456,30,0.6422505118861074
2880,1153,370,0,0,0.0,19.26751535658322,30,44.021294355392456,30,0.6422505118861074
2881,1153,370,0,0,0.0,19.26751535658322,30,44.021294355392456,30,0.6422505118861074
2882,1153,370,0,0,0.0,19.26751535658322,30,44.021294355392456,30,0.6422505118861074
2883,1153,370,0,0,0.0,19.26751535658322,30,44.021294355392456,30,0.6422505118861074
2884,1153,369,0,-1,1.0,19.26751535658322,30,44.021294355392456,30,0.6422505118861074
2885,1153,369,0,0,0.0,19.26751535658322,30,44.021294355392456,30,0.6422505118861074
2886,1153,369,0,0,0.0,19.26751535658322,30,44.021294355392456,30,0.6422505118861074
2887,1153,369,0,0,0.0,19.26751535658322,30,44.021294355392456,30,0.6422505118861074
2888,1153,369,0,0,0.0,19.26751535658322,30,44.021294355392456,30,0.6422505118861074
2889,,,,,,19.26751535658322,30,44.021294355392456,30,0.6422505118861074
2890,,,,,,19.26751535658322,30,44.021294355392456,30,0.6422505118861074
2891,,,,,,19.26751535658322,30,44.021294355392456,30,0.6422505118861074
2892,,,,,,19.26751535658322,30,44.021294355392456,30,0.6422505118861074
2893,,,,,,19.26751535658322,30,44.021294355392456,30,0.6422505118861074
2894,,,,,,19.26751535658322,30,44.021294355392456,30,0.6422505118861074
2895,,,,,,19.26751535658322,30,44.021294355392456,30,0.6422505118861074
2896,,,,,,19.26751535658322,30,44.021294355392456,30,0.6422505118861074
2897,1210,467,57,98,113.37107214805724,19.26751535658322,30,44.021294355392456,30,0.6422505118861074
2898,1211,464,1,-3,3.1622776601683795,19.26751535658322,30,44.021294355392456,30,0.6422505118861074
2899,1206,462,-5,-2,5.385164807134504,19.26751535658322,30,44.021294355392456,30,0.6422505118861074
2900,1204,459,-2,-3,3.605551275463989,19.26751535658322,30,44.021294355392456,30,0.6422505118861074
2901,1202,457,-2,-2,2.8284271247461903,19.26751535658322,30,44.021294355392456,30,0.6422505118861074
2902,1194,455,-8,-2,8.246211251235321,19.26751535658322,30,44.021294355392456,30,0.6422505118861074
2903,1185,454,-9,-1,9.055385138137417,19.26751535658322,30,44.021294355392456,30,0.6422505118861074
2904,1185,456,0,2,2.0,19.26751535658322,30,44.021294355392456,30,0.6422505118861074
2905,1187,456,2,0,2.0,19.26751535658322,30,44.021294355392456,30,0.6422505118861074
2906,1188,457,1,1,1.4142135623730951,19.26751535658322,30,44.021294355392456,30,0.6422505118861074
2907,1192,457,4,0,4.0,19.26751535658322,30,44.021294355392456,30,0.6422505118861074
2908,1194,458,2,1,2.23606797749979,19.26751535658322,30,44.021294355392456,30,0.6422505118861074
2909,1193,458,-1,0,1.0,19.26751535658322,30,44.021294355392456,30,0.6422505118861074
2910,1197,459,4,1,4.123105625617661,19.26751535658322,30,44.021294355392456,30,0.6422505118861074
2911,1196,460,-1,1,1.4142135623730951,19.26751535658322,30,44.021294355392456,30,0.6422505118861074
2912,1196,460,0,0,0.0,19.26751535658322,30,44.021294355392456,30,0.6422505118861074
2913,1199,461,3,1,3.1622776601683795,19.26751535658322,30,44.021294355392456,30,0.6422505118861074
2914,1198,462,-1,1,1.4142135623730951,19.26751535658322,30,44.021294355392456,30,0.6422505118861074
2915,1198,462,0,0,0.0,19.26751535658322,30,44.021294355392456,30,0.6422505118861074
2916,1202,462,4,0,4.0,19.26751535658322,30,44.021294355392456,30,0.6422505118861074
2917,1200,462,-2,0,2.0,19.26751535658322,30,44.021294355392456,30,0.6422505118861074
2918,1202,462,2,0,2.0,19.26751535658322,30,44.021294355392456,30,0.6422505118861074
2919,1204,463,2,1,2.23606797749979,19.26751535658322,30,44.021294355392456,30,0.6422505118861074
2920,1202,463,-2,0,2.0,19.26751535658322,30,44.021294355392456,30,0.6422505118861074
2921,1203,463,1,0,1.0,19.26751535658322,30,44.021294355392456,30,0.6422505118861074
2922,1205,463,2,0,2.0,19.26751535658322,30,44.021294355392456,30,0.6422505118861074
2923,1203,463,-2,0,2.0,19.26751535658322,30,44.021294355392456,30,0.6422505118861074
2924,1205,463,2,0,2.0,19.26751535658322,30,44.021294355392456,30,0.6422505118861074
2925,1207,463,2,0,2.0,19.26751535658322,30,44.021294355392456,30,0.6422505118861074
2926,1205,463,-2,0,2.0,19.26751535658322,30,44.021294355392456,30,0.6422505118861074
2927,1206,463,1,0,1.0,19.26751535658322,30,44.021294355392456,30,0.6422505118861074
2928,1209,462,3,-1,3.1622776601683795,19.26751535658322,30,44.021294355392456,30,0.6422505118861074
2929,1206,463,-3,1,3.1622776601683795,19.26751535658322,30,44.021294355392456,30,0.6422505118861074
2930,1208,462,2,-1,2.23606797749979,19.26751535658322,30,44.021294355392456,30,0.6422505118861074
2931,1211,462,3,0,3.0,19.26751535658322,30,44.021294355392456,30,0.6422505118861074
2932,1209,462,-2,0,2.0,19.26751535658322,30,44.021294355392456,30,0.6422505118861074
2933,1210,462,1,0,1.0,19.26751535658322,30,44.021294355392456,30,0.6422505118861074
2934,1209,462,-1,0,1.0,19.26751535658322,30,44.021294355392456,30,0.6422505118861074
2935,1207,463,-2,1,2.23606797749979,19.26751535658322,30,44.021294355392456,30,0.6422505118861074
2936,1209,462,2,-1,2.23606797749979,19.26751535658322,30,44.021294355392456,30,0.6422505118861074
2937,1205,462,-4,0,4.0,19.26751535658322,30,44.021294355392456,30,0.6422505118861074
2938,1203,463,-2,1,2.23606797749979,19.26751535658322,30,44.021294355392456,30,0.6422505118861074
2939,1204,463,1,0,1.0,19.26751535658322,30,44.021294355392456,30,0.6422505118861074
2940,1206,463,2,0,2.0,19.26751535658322,30,44.021294355392456,30,0.6422505118861074
2941,1204,463,-2,0,2.0,19.26751535658322,30,44.021294355392456,30,0.6422505118861074
2942,1205,463,1,0,1.0,19.26751535658322,30,44.021294355392456,30,0.6422505118861074
2943,1205,463,0,0,0.0,19.26751535658322,30,44.021294355392456,30,0.6422505118861074
2944,1202,463,-3,0,3.0,19.26751535658322,30,44.021294355392456,30,0.6422505118861074
2945,1200,463,-2,0,2.0,19.26751535658322,30,44.021294355392456,30,0.6422505118861074
2946,1204,463,4,0,4.0,19.26751535658322,30,44.021294355392456,30,0.6422505118861074
2947,1201,463,-3,0,3.0,19.26751535658322,30,44.021294355392456,30,0.6422505118861074
2948,1199,463,-2,0,2.0,19.26751535658322,30,44.021294355392456,30,0.6422505118861074
2949,1202,463,3,0,3.0,19.26751535658322,30,44.021294355392456,30,0.6422505118861074
2950,1193,465,-9,2,9.219544457292887,19.26751535658322,30,44.021294355392456,30,0.6422505118861074
2951,1193,464,0,-1,1.0,19.26751535658322,30,44.021294355392456,30,0.6422505118861074
2952,1197,465,4,1,4.123105625617661,19.26751535658322,30,44.021294355392456,30,0.6422505118861074
2953,1154,523,-43,58,72.20110802473879,19.26751535658322,30,44.021294355392456,30,0.6422505118861074
2954,1132,562,-22,39,44.77722635447622,19.26751535658322,30,44.021294355392456,30,0.6422505118861074
2955,1130,584,-2,22,22.090722034374522,19.26751535658322,30,44.021294355392456,30,0.6422505118861074
2956,1121,590,-9,6,10.816653826391969,19.26751535658322,30,44.021294355392456,30,0.6422505118861074
2957,1124,591,3,1,3.1622776601683795,19.26751535658322,30,44.021294355392456,30,0.6422505118861074
2958,1128,593,4,2,4.47213595499958,19.26751535658322,30,44.021294355392456,30,0.6422505118861074
2959,1126,594,-2,1,2.23606797749979,19.26751535658322,30,44.021294355392456,30,0.6422505118861074
2960,1129,594,3,0,3.0,19.26751535658322,30,44.021294355392456,30,0.6422505118861074
2961,1130,594,1,0,1.0,19.26751535658322,30,44.021294355392456,30,0.6422505118861074
2962,1125,593,-5,-1,5.0990195135927845,19.26751535658322,30,44.021294355392456,30,0.6422505118861074
2963,1128,593,3,0,3.0,19.26751535658322,30,44.021294355392456,30,0.6422505118861074
2964,1128,593,0,0,0.0,19.26751535658322,30,44.021294355392456,30,0.6422505118861074
2965,1124,593,-4,0,4.0,19.26751535658322,30,44.021294355392456,30,0.6422505118861074
2966,1129,594,5,1,5.0990195135927845,19.26751535658322,30,44.021294355392456,30,0.6422505118861074
2967,1129,594,0,0,0.0,19.26751535658322,30,44.021294355392456,30,0.6422505118861074
2968,1125,593,-4,-1,4.123105625617661,19.26751535658322,30,44.021294355392456,30,0.6422505118861074
2969,1128,594,3,1,3.1622776601683795,19.26751535658322,30,44.021294355392456,30,0.6422505118861074
2970,1128,593,0,-1,1.0,19.26751535658322,30,44.021294355392456,30,0.6422505118861074
2971,1124,593,-4,0,4.0,19.26751535658322,30,44.021294355392456,30,0.6422505118861074
2972,1126,593,2,0,2.0,19.26751535658322,30,44.021294355392456,30,0.6422505118861074
2973,1126,592,0,-1,1.0,19.26751535658322,30,44.021294355392456,30,0.6422505118861074
2974,1122,592,-4,0,4.0,19.26751535658322,30,44.021294355392456,30,0.6422505118861074
2975,1125,592,3,0,3.0,19.26751535658322,30,44.021294355392456,30,0.6422505118861074
2976,1128,593,3,1,3.1622776601683795,19.26751535658322,30,44.021294355392456,30,0.6422505118861074
2977,1124,593,-4,0,4.0,19.26751535658322,30,44.021294355392456,30,0.6422505118861074
2978,1127,593,3,0,3.0,19.26751535658322,30,44.021294355392456,30,0.6422505118861074
2979,1127,592,0,-1,1.0,19.26751535658322,30,44.021294355392456,30,0.6422505118861074
2980,1123,592,-4,0,4.0,19.26751535658322,30,44.021294355392456,30,0.6422505118861074
2981,1125,592,2,0,2.0,19.26751535658322,30,44.021294355392456,30,0.6422505118861074
2982,1125,592,0,0,0.0,19.26751535658322,30,44.021294355392456,30,0.6422505118861074
2983,1121,591,-4,-1,4.123105625617661,19.26751535658322,30,44.021294355392456,30,0.6422505118861074
2984,1124,590,3,-1,3.1622776601683795,19.26751535658322,30,44.021294355392456,30,0.6422505118861074
2985,1121,588,-3,-2,3.605551275463989,19.26751535658322,30,44.021294355392456,30,0.6422505118861074
2986,1122,570,1,-18,18.027756377319946,19.26751535658322,30,44.021294355392456,30,0.6422505118861074
2987,1121,580,-1,10,10.04987562112089,19.26751535658322,30,44.021294355392456,30,0.6422505118861074
2988,1122,575,1,-5,5.0990195135927845,19.26751535658322,30,44.021294355392456,30,0.6422505118861074
2989,1165,504,43,-71,83.00602387778854,19.26751535658322,30,44.021294355392456,30,0.6422505118861074
2990,1161,501,-4,-3,5.0,19.26751535658322,30,44.021294355392456,30,0.6422505118861074
2991,1129,577,-32,76,82.46211251235322,19.26751535658322,30,44.021294355392456,30,0.6422505118861074
2992,1124,583,-5,6,7.810249675906654,19.26751535658322,30,44.021294355392456,30,0.6422505118861074
2993,1127,573,3,-10,10.44030650891055,19.26751535658322,30,44.021294355392456,30,0.6422505118861074
2994,1129,576,2,3,3.605551275463989,19.26751535658322,30,44.021294355392456,30,0.6422505118861074
2995,1125,585,-4,9,9.848857801796104,19.26751535658322,30,44.021294355392456,30,0.6422505118861074
2996,1127,589,2,4,4.47213595499958,19.26751535658322,30,44.021294355392456,30,0.6422505118861074
2997,1127,590,0,1,1.0,19.26751535658322,30,44.021294355392456,30,0.6422505118861074
2998,1124,589,-3,-1,3.1622776601683795,19.26751535658322,30,44.021294355392456,30,0.6422505118861074
2999,1126,590,2,1,2.23606797749979,19.26751535658322,30,44.021294355392456,30,0.6422505118861074
3000,1126,588,0,-2,2.0,19.26751535658322,30,44.021294355392456,30,0.6422505118861074
3001,1123,585,-3,-3,4.242640687119285,19.26751535658322,30,44.021294355392456,30,0.6422505118861074
3002,1126,582,3,-3,4.242640687119285,19.26751535658322,30,44.021294355392456,30,0.6422505118861074
3003,1128,587,2,5,5.385164807134504,19.26751535658322,30,44.021294355392456,30,0.6422505118861074
3004,1125,584,-3,-3,4.242640687119285,19.26751535658322,30,44.021294355392456,30,0.6422505118861074
3005,1127,587,2,3,3.605551275463989,19.26751535658322,30,44.021294355392456,30,0.6422505118861074
3006,1127,582,0,-5,5.0,19.26751535658322,30,44.021294355392456,30,0.6422505118861074
3007,1123,582,-4,0,4.0,19.26751535658322,30,44.021294355392456,30,0.6422505118861074
3008,1127,589,4,7,8.06225774829855,19.26751535658322,30,44.021294355392456,30,0.6422505118861074
3009,1128,589,1,0,1.0,19.26751535658322,30,44.021294355392456,30,0.6422505118861074
3010,1126,592,-2,3,3.605551275463989,19.26751535658322,30,44.021294355392456,30,0.6422505118861074
3011,1128,593,2,1,2.23606797749979,19.26751535658322,30,44.021294355392456,30,0.6422505118861074
3012,1129,592,1,-1,1.4142135623730951,19.26751535658322,30,44.021294355392456,30,0.6422505118861074
3013,1128,591,-1,-1,1.4142135623730951,19.26751535658322,30,44.021294355392456,30,0.6422505118861074
3014,1131,595,3,4,5.0,19.26751535658322,30,44.021294355392456,30,0.6422505118861074
3015,1133,595,2,0,2.0,19.26751535658322,30,44.021294355392456,30,0.6422505118861074
3016,,,,,,19.26751535658322,30,44.021294355392456,30,0.6422505118861074
3017,,,,,,19.26751535658322,30,44.021294355392456,30,0.6422505118861074
3018,1144,431,11,-164,164.3684884641822,19.26751535658322,30,44.021294355392456,30,0.6422505118861074
3019,1146,419,2,-12,12.165525060596439,19.26751535658322,30,44.021294355392456,30,0.6422505118861074
3020,1155,379,9,-40,41.0,19.26751535658322,30,44.021294355392456,30,0.6422505118861074
3021,1155,362,0,-17,17.0,19.26751535658322,30,44.021294355392456,30,0.6422505118861074
3022,1155,362,0,0,0.0,19.26751535658322,30,44.021294355392456,30,0.6422505118861074
3023,1155,368,0,6,6.0,19.26751535658322,30,44.021294355392456,30,0.6422505118861074
3024,1154,375,-1,7,7.0710678118654755,19.26751535658322,30,44.021294355392456,30,0.6422505118861074
3025,1154,378,0,3,3.0,19.26751535658322,30,44.021294355392456,30,0.6422505118861074
3026,1154,380,0,2,2.0,19.26751535658322,30,44.021294355392456,30,0.6422505118861074
3027,1154,379,0,-1,1.0,19.26751535658322,30,44.021294355392456,30,0.6422505118861074
3028,1154,377,0,-2,2.0,19.26751535658322,30,44.021294355392456,30,0.6422505118861074
3029,1154,375,0,-2,2.0,19.26751535658322,30,44.021294355392456,30,0.6422505118861074
3030,1154,374,0,-1,1.0,19.26751535658322,30,44.021294355392456,30,0.6422505118861074
3031,1154,373,0,-1,1.0,19.26751535658322,30,44.021294355392456,30,0.6422505118861074
3032,1154,373,0,0,0.0,19.26751535658322,30,44.021294355392456,30,0.6422505118861074
3033,1154,373,0,0,0.0,19.26751535658322,30,44.021294355392456,30,0.6422505118861074
3034,1154,373,0,0,0.0,19.26751535658322,30,44.021294355392456,30,0.6422505118861074
3035,1154,373,0,0,0.0,19.26751535658322,30,44.021294355392456,30,0.6422505118861074
3036,1154,373,0,0,0.0,19.26751535658322,30,44.021294355392456,30,0.6422505118861074
3037,1154,373,0,0,0.0,19.26751535658322,30,44.021294355392456,30,0.6422505118861074
3038,1154,373,0,0,0.0,19.26751535658322,30,44.021294355392456,30,0.6422505118861074
3039,1154,372,0,-1,1.0,19.26751535658322,30,44.021294355392456,30,0.6422505118861074
3040,1154,372,0,0,0.0,19.26751535658322,30,44.021294355392456,30,0.6422505118861074
3041,1154,372,0,0,0.0,19.26751535658322,30,44.021294355392456,30,0.6422505118861074
3042,1154,372,0,0,0.0,19.26751535658322,30,44.021294355392456,30,0.6422505118861074
3043,1154,372,0,0,0.0,19.26751535658322,30,44.021294355392456,30,0.6422505118861074
3044,1154,372,0,0,0.0,19.26751535658322,30,44.021294355392456,30,0.6422505118861074
3045,1154,372,0,0,0.0,19.26751535658322,30,44.021294355392456,30,0.6422505118861074
3046,1154,371,0,-1,1.0,19.26751535658322,30,44.021294355392456,30,0.6422505118861074
3047,1154,371,0,0,0.0,19.26751535658322,30,44.021294355392456,30,0.6422505118861074
3048,1154,371,0,0,0.0,19.26751535658322,30,44.021294355392456,30,0.6422505118861074
3049,1154,371,0,0,0.0,19.26751535658322,30,44.021294355392456,30,0.6422505118861074
3050,1154,371,0,0,0.0,19.26751535658322,30,44.021294355392456,30,0.6422505118861074
3051,1154,371,0,0,0.0,19.26751535658322,30,44.021294355392456,30,0.6422505118861074
3052,1154,371,0,0,0.0,19.26751535658322,30,44.021294355392456,30,0.6422505118861074
3053,1154,371,0,0,0.0,19.26751535658322,30,44.021294355392456,30,0.6422505118861074
3054,1154,370,0,-1,1.0,19.26751535658322,30,44.021294355392456,30,0.6422505118861074
3055,1154,370,0,0,0.0,19.26751535658322,30,44.021294355392456,30,0.6422505118861074
3056,1154,370,0,0,0.0,19.26751535658322,30,44.021294355392456,30,0.6422505118861074
3057,1154,370,0,0,0.0,19.26751535658322,30,44.021294355392456,30,0.6422505118861074
3058,1153,370,-1,0,1.0,19.26751535658322,30,44.021294355392456,30,0.6422505118861074
3059,1154,370,1,0,1.0,19.26751535658322,30,44.021294355392456,30,0.6422505118861074
3060,1153,370,-1,0,1.0,19.26751535658322,30,44.021294355392456,30,0.6422505118861074
3061,1153,370,0,0,0.0,19.26751535658322,30,44.021294355392456,30,0.6422505118861074
3062,1153,370,0,0,0.0,19.26751535658322,30,44.021294355392456,30,0.6422505118861074
3063,1153,370,0,0,0.0,19.26751535658322,30,44.021294355392456,30,0.6422505118861074
3064,1154,370,1,0,1.0,19.26751535658322,30,44.021294355392456,30,0.6422505118861074
3065,1153,370,-1,0,1.0,19.26751535658322,30,44.021294355392456,30,0.6422505118861074
3066,1153,370,0,0,0.0,19.26751535658322,30,44.021294355392456,30,0.6422505118861074
3067,1153,369,0,-1,1.0,19.26751535658322,30,44.021294355392456,30,0.6422505118861074
3068,1153,369,0,0,0.0,19.26751535658322,30,44.021294355392456,30,0.6422505118861074
3069,1153,369,0,0,0.0,19.26751535658322,30,44.021294355392456,30,0.6422505118861074
3070,1153,369,0,0,0.0,19.26751535658322,30,44.021294355392456,30,0.6422505118861074
3071,1153,369,0,0,0.0,19.26751535658322,30,44.021294355392456,30,0.6422505118861074
3072,1153,369,0,0,0.0,19.26751535658322,30,44.021294355392456,30,0.6422505118861074
3073,1153,369,0,0,0.0,19.26751535658322,30,44.021294355392456,30,0.6422505118861074
3074,1153,369,0,0,0.0,19.26751535658322,30,44.021294355392456,30,0.6422505118861074
3075,1153,369,0,0,0.0,19.26751535658322,30,44.021294355392456,30,0.6422505118861074
3076,1153,369,0,0,0.0,19.26751535658322,30,44.021294355392456,30,0.6422505118861074
3077,1153,369,0,0,0.0,19.26751535658322,30,44.021294355392456,30,0.6422505118861074
3078,1153,369,0,0,0.0,19.26751535658322,30,44.021294355392456,30,0.6422505118861074
3079,1153,369,0,0,0.0,19.26751535658322,30,44.021294355392456,30,0.6422505118861074
3080,1153,369,0,0,0.0,19.26751535658322,30,44.021294355392456,30,0.6422505118861074
3081,1153,369,0,0,0.0,19.26751535658322,30,44.021294355392456,30,0.6422505118861074
3082,1153,369,0,0,0.0,19.26751535658322,30,44.021294355392456,30,0.6422505118861074
3083,1153,369,0,0,0.0,19.26751535658322,30,44.021294355392456,30,0.6422505118861074
3084,1153,369,0,0,0.0,19.26751535658322,30,44.021294355392456,30,0.6422505118861074
3085,1153,369,0,0,0.0,19.26751535658322,30,44.021294355392456,30,0.6422505118861074
3086,1153,369,0,0,0.0,19.26751535658322,30,44.021294355392456,30,0.6422505118861074
3087,1153,368,0,-1,1.0,19.26751535658322,30,44.021294355392456,30,0.6422505118861074
3088,1153,369,0,1,1.0,19.26751535658322,30,44.021294355392456,30,0.6422505118861074
3089,1153,369,0,0,0.0,19.26751535658322,30,44.021294355392456,30,0.6422505118861074
3090,1153,368,0,-1,1.0,19.26751535658322,30,44.021294355392456,30,0.6422505118861074
3091,1153,368,0,0,0.0,19.26751535658322,30,44.021294355392456,30,0.6422505118861074
3092,1153,369,0,1,1.0,19.26751535658322,30,44.021294355392456,30,0.6422505118861074
3093,1153,368,0,-1,1.0,19.26751535658322,30,44.021294355392456,30,0.6422505118861074
3094,1153,368,0,0,0.0,19.26751535658322,30,44.021294355392456,30,0.6422505118861074
3095,1153,368,0,0,0.0,19.26751535658322,30,44.021294355392456,30,0.6422505118861074
3096,1153,368,0,0,0.0,19.26751535658322,30,44.021294355392456,30,0.6422505118861074
3097,1153,368,0,0,0.0,19.26751535658322,30,44.021294355392456,30,0.6422505118861074
3098,1153,368,0,0,0.0,19.26751535658322,30,44.021294355392456,30,0.6422505118861074
3099,1153,368,0,0,0.0,19.26751535658322,30,44.021294355392456,30,0.6422505118861074
3100,1153,368,0,0,0.0,19.26751535658322,30,44.021294355392456,30,0.6422505118861074
3101,1153,368,0,0,0.0,19.26751535658322,30,44.021294355392456,30,0.6422505118861074
3102,1153,368,0,0,0.0,19.26751535658322,30,44.021294355392456,30,0.6422505118861074
3103,1153,368,0,0,0.0,19.26751535658322,30,44.021294355392456,30,0.6422505118861074
3104,1153,368,0,0,0.0,19.26751535658322,30,44.021294355392456,30,0.6422505118861074
3105,1153,368,0,0,0.0,19.26751535658322,30,44.021294355392456,30,0.6422505118861074
3106,1153,368,0,0,0.0,19.26751535658322,30,44.021294355392456,30,0.6422505118861074
3107,1152,368,-1,0,1.0,19.26751535658322,30,44.021294355392456,30,0.6422505118861074
3108,1153,368,1,0,1.0,19.26751535658322,30,44.021294355392456,30,0.6422505118861074
3109,1153,368,0,0,0.0,19.26751535658322,30,44.021294355392456,30,0.6422505118861074
3110,1153,368,0,0,0.0,19.26751535658322,30,44.021294355392456,30,0.6422505118861074
3111,1153,368,0,0,0.0,19.26751535658322,30,44.021294355392456,30,0.6422505118861074
3112,1153,368,0,0,0.0,19.26751535658322,30,44.021294355392456,30,0.6422505118861074
3113,1153,368,0,0,0.0,19.26751535658322,30,44.021294355392456,30,0.6422505118861074
3114,1153,368,0,0,0.0,19.26751535658322,30,44.021294355392456,30,0.6422505118861074
3115,1152,368,-1,0,1.0,19.26751535658322,30,44.021294355392456,30,0.6422505118861074
3116,1153,368,1,0,1.0,19.26751535658322,30,44.021294355392456,30,0.6422505118861074
3117,1153,368,0,0,0.0,19.26751535658322,30,44.021294355392456,30,0.6422505118861074
3118,1153,367,0,-1,1.0,19.26751535658322,30,44.021294355392456,30,0.6422505118861074
3119,1153,368,0,1,1.0,19.26751535658322,30,44.021294355392456,30,0.6422505118861074
3120,1153,368,0,0,0.0,19.26751535658322,30,44.021294355392456,30,0.6422505118861074
3121,1153,367,0,-1,1.0,19.26751535658322,30,44.021294355392456,30,0.6422505118861074
3122,1152,367,-1,0,1.0,19.26751535658322,30,44.021294355392456,30,0.6422505118861074
3123,1152,367,0,0,0.0,19.26751535658322,30,44.021294355392456,30,0.6422505118861074
3124,1152,367,0,0,0.0,19.26751535658322,30,44.021294355392456,30,0.6422505118861074
3125,1153,367,1,0,1.0,19.26751535658322,30,44.021294355392456,30,0.6422505118861074
3126,1153,367,0,0,0.0,19.26751535658322,30,44.021294355392456,30,0.6422505118861074
3127,1152,367,-1,0,1.0,19.26751535658322,30,44.021294355392456,30,0.6422505118861074
3128,1153,367,1,0,1.0,19.26751535658322,30,44.021294355392456,30,0.6422505118861074
3129,1152,367,-1,0,1.0,19.26751535658322,30,44.021294355392456,30,0.6422505118861074
3130,1152,367,0,0,0.0,19.26751535658322,30,44.021294355392456,30,0.6422505118861074
3131,1153,367,1,0,1.0,19.26751535658322,30,44.021294355392456,30,0.6422505118861074
3132,1152,367,-1,0,1.0,19.26751535658322,30,44.021294355392456,30,0.6422505118861074
3133,1152,367,0,0,0.0,19.26751535658322,30,44.021294355392456,30,0.6422505118861074
3134,1152,367,0,0,0.0,19.26751535658322,30,44.021294355392456,30,0.6422505118861074
3135,1152,367,0,0,0.0,19.26751535658322,30,44.021294355392456,30,0.6422505118861074
3136,1152,367,0,0,0.0,19.26751535658322,30,44.021294355392456,30,0.6422505118861074
3137,1152,367,0,0,0.0,19.26751535658322,30,44.021294355392456,30,0.6422505118861074
3138,1152,367,0,0,0.0,19.26751535658322,30,44.021294355392456,30,0.6422505118861074
3139,1153,367,1,0,1.0,19.26751535658322,30,44.021294355392456,30,0.6422505118861074
3140,1153,367,0,0,0.0,19.26751535658322,30,44.021294355392456,30,0.6422505118861074
3141,1153,367,0,0,0.0,19.26751535658322,30,44.021294355392456,30,0.6422505118861074
3142,1152,367,-1,0,1.0,19.26751535658322,30,44.021294355392456,30,0.6422505118861074
3143,1153,367,1,0,1.0,19.26751535658322,30,44.021294355392456,30,0.6422505118861074
3144,1153,367,0,0,0.0,19.26751535658322,30,44.021294355392456,30,0.6422505118861074
3145,1153,367,0,0,0.0,19.26751535658322,30,44.021294355392456,30,0.6422505118861074
3146,1153,367,0,0,0.0,19.26751535658322,30,44.021294355392456,30,0.6422505118861074
3147,1153,367,0,0,0.0,19.26751535658322,30,44.021294355392456,30,0.6422505118861074
3148,1153,367,0,0,0.0,19.26751535658322,30,44.021294355392456,30,0.6422505118861074
3149,1152,367,-1,0,1.0,19.26751535658322,30,44.021294355392456,30,0.6422505118861074
3150,1153,367,1,0,1.0,19.26751535658322,30,44.021294355392456,30,0.6422505118861074
3151,1153,367,0,0,0.0,19.26751535658322,30,44.021294355392456,30,0.6422505118861074
3152,1153,366,0,-1,1.0,19.26751535658322,30,44.021294355392456,30,0.6422505118861074
3153,1152,367,-1,1,1.4142135623730951,19.26751535658322,30,44.021294355392456,30,0.6422505118861074
3154,1153,367,1,0,1.0,19.26751535658322,30,44.021294355392456,30,0.6422505118861074
3155,1153,366,0,-1,1.0,19.26751535658322,30,44.021294355392456,30,0.6422505118861074
3156,1152,366,-1,0,1.0,19.26751535658322,30,44.021294355392456,30,0.6422505118861074
3157,1153,367,1,1,1.4142135623730951,19.26751535658322,30,44.021294355392456,30,0.6422505118861074
3158,,,,,,19.26751535658322,30,44.021294355392456,30,0.6422505118861074
3159,,,,,,19.26751535658322,30,44.021294355392456,30,0.6422505118861074
3160,1274,528,121,161,201.40009930484146,19.26751535658322,30,44.021294355392456,30,0.6422505118861074
3161,,,,,,19.26751535658322,30,44.021294355392456,30,0.6422505118861074
3162,1284,529,10,1,10.04987562112089,19.26751535658322,30,44.021294355392456,30,0.6422505118861074
3163,1214,517,-70,-12,71.02112361825881,19.26751535658322,30,44.021294355392456,30,0.6422505118861074
3164,1080,491,-134,-26,136.49908424601244,19.26751535658322,30,44.021294355392456,30,0.6422505118861074
3165,1303,540,223,49,228.31995094603536,19.26751535658322,30,44.021294355392456,30,0.6422505118861074
3166,1152,507,-151,-33,154.5639026422405,19.26751535658322,30,44.021294355392456,30,0.6422505118861074
3167,1147,515,-5,8,9.433981132056603,19.26751535658322,30,44.021294355392456,30,0.6422505118861074
3168,1276,538,129,23,131.03434664239754,19.26751535658322,30,44.021294355392456,30,0.6422505118861074
3169,1080,494,-196,-44,200.8780724718355,19.26751535658322,30,44.021294355392456,30,0.6422505118861074
3170,1239,538,159,44,164.97575579460153,19.26751535658322,30,44.021294355392456,30,0.6422505118861074
3171,1229,528,-10,-10,14.142135623730951,19.26751535658322,30,44.021294355392456,30,0.6422505118861074
3172,1061,495,-168,-33,171.2103968805633,19.26751535658322,30,44.021294355392456,30,0.6422505118861074
3173,1283,551,222,56,228.95414388038492,19.26751535658322,30,44.021294355392456,30,0.6422505118861074
3174,1199,523,-84,-28,88.54377448471462,19.26751535658322,30,44.021294355392456,30,0.6422505118861074
3175,1072,498,-127,-25,129.43724348115578,19.26751535658322,30,44.021294355392456,30,0.6422505118861074
3176,1288,552,216,54,222.64770378335368,19.26751535658322,30,44.021294355392456,30,0.6422505118861074
3177,1195,522,-93,-30,97.71898484941399,19.26751535658322,30,44.021294355392456,30,0.6422505118861074
3178,1076,500,-119,-22,121.01652779682617,19.26751535658322,30,44.021294355392456,30,0.6422505118861074
3179,1290,552,214,52,220.22715545545242,19.26751535658322,30,44.021294355392456,30,0.6422505118861074
3180,1180,518,-110,-34,115.13470371699404,19.26751535658322,30,44.021294355392456,30,0.6422505118861074
3181,1086,504,-94,-14,95.03683496413377,19.26751535658322,30,44.021294355392456,30,0.6422505118861074
3182,1294,553,208,49,213.693706037403,19.26751535658322,30,44.021294355392456,30,0.6422505118861074
3183,1185,520,-109,-33,113.8859078200635,19.26751535658322,30,44.021294355392456,30,0.6422505118861074
3184,1083,503,-102,-17,103.40696301506973,19.26751535658322,30,44.021294355392456,30,0.6422505118861074
3185,1293,554,210,51,216.10414156142403,19.26751535658322,30,44.021294355392456,30,0.6422505118861074
3186,1189,521,-104,-33,109.11003620199197,19.26751535658322,30,44.021294355392456,30,0.6422505118861074
3187,1080,502,-109,-19,110.64357188738983,19.26751535658322,30,44.021294355392456,30,0.6422505118861074
3188,1294,554,214,52,220.22715545545242,19.26751535658322,30,44.021294355392456,30,0.6422505118861074
3189,1184,520,-110,-34,115.13470371699404,19.26751535658322,30,44.021294355392456,30,0.6422505118861074
3190,1087,505,-97,-15,98.15294188153507,19.26751535658322,30,44.021294355392456,30,0.6422505118861074
3191,1295,554,208,49,213.693706037403,19.26751535658322,30,44.021294355392456,30,0.6422505118861074
3192,1179,519,-116,-35,121.16517651536682,19.26751535658322,30,44.021294355392456,30,0.6422505118861074
3193,1093,508,-86,-11,86.70063436907483,19.26751535658322,30,44.021294355392456,30,0.6422505118861074
3194,1295,555,202,47,207.3957569479183,19.26751535658322,30,44.021294355392456,30,0.6422505118861074
3195,1178,518,-117,-37,122.71104269787622,19.26751535658322,30,44.021294355392456,30,0.6422505118861074
3196,1089,507,-89,-11,89.67719888578144,19.26751535658322,30,44.021294355392456,30,0.6422505118861074
3197,1294,555,205,48,210.54453210663058,19.26751535658322,30,44.021294355392456,30,0.6422505118861074
3198,1183,520,-111,-35,116.3872845288522,19.26751535658322,30,44.021294355392456,30,0.6422505118861074
3199,1087,506,-96,-14,97.01546268507923,19.26751535658322,30,44.021294355392456,30,0.6422505118861074
3200,1294,556,207,50,212.9530464679949,19.26751535658322,30,44.021294355392456,30,0.6422505118861074
3201,1187,521,-107,-35,112.57886124845996,19.26751535658322,30,44.021294355392456,30,0.6422505118861074
3202,1084,505,-103,-16,104.23531071570709,19.26751535658322,30,44.021294355392456,30,0.6422505118861074
3203,1291,556,207,51,213.19005605327843,19.26751535658322,30,44.021294355392456,30,0.6422505118861074
3204,1191,523,-100,-33,105.30432089900205,19.26751535658322,30,44.021294355392456,30,0.6422505118861074
3205,1081,503,-110,-20,111.80339887498948,19.26751535658322,30,44.021294355392456,30,0.6422505118861074
3206,1291,557,210,54,216.83173199511182,19.26751535658322,30,44.021294355392456,30,0.6422505118861074
3207,1185,521,-106,-36,111.94641575325224,19.26751535658322,30,44.021294355392456,30,0.6422505118861074
3208,1086,505,-99,-16,100.2845950283492,19.26751535658322,30,44.021294355392456,30,0.6422505118861074
3209,1292,557,206,52,212.46176126540982,19.26751535658322,30,44.021294355392456,30,0.6422505118861074
3210,1188,523,-104,-34,109.41663493271945,19.26751535658322,30,44.021294355392456,30,0.6422505118861074
3211,1083,504,-105,-19,106.70520137275409,19.26751535658322,30,44.021294355392456,30,0.6422505118861074
3212,1291,557,208,53,214.64622055838765,19.26751535658322,30,44.021294355392456,30,0.6422505118861074
3213,1193,524,-98,-33,103.40696301506973,19.26751535658322,30,44.021294355392456,30,0.6422505118861074
3214,1080,503,-113,-21,114.93476410555685,19.26751535658322,30,44.021294355392456,30,0.6422505118861074
3215,1290,557,210,54,216.83173199511182,19.26751535658322,30,44.021294355392456,30,0.6422505118861074
3216,1198,526,-92,-31,97.082439194738,19.26751535658322,30,44.021294355392456,30,0.6422505118861074
3217,1078,502,-120,-24,122.37646832622684,19.26751535658322,30,44.021294355392456,30,0.6422505118861074
3218,1287,557,209,55,216.1157097482735,19.26751535658322,30,44.021294355392456,30,0.6422505118861074
3219,1201,527,-86,-30,91.0823802938856,19.26751535658322,30,44.021294355392456,30,0.6422505118861074
3220,1077,501,-124,-26,126.69648771769484,19.26751535658322,30,44.021294355392456,30,0.6422505118861074
3221,1285,557,208,56,215.40659228538016,19.26751535658322,30,44.021294355392456,30,0.6422505118861074
3222,1206,529,-79,-28,83.81527307120105,19.26751535658322,30,44.021294355392456,30,0.6422505118861074
3223,1078,502,-128,-27,130.8166656049603,19.26751535658322,30,44.021294355392456,30,0.6422505118861074
3224,1287,557,209,55,216.1157097482735,19.26751535658322,30,44.021294355392456,30,0.6422505118861074
3225,1201,527,-86,-30,91.0823802938856,19.26751535658322,30,44.021294355392456,30,0.6422505118861074
3226,1079,503,-122,-24,124.33824833895642,19.26751535658322,30,44.021294355392456,30,0.6422505118861074
3227,1289,557,210,54,216.83173199511182,19.26751535658322,30,44.021294355392456,30,0.6422505118861074
3228,1197,526,-92,-31,97.082439194738,19.26751535658322,30,44.021294355392456,30,0.6422505118861074
3229,1078,502,-119,-24,121.39604606411199,19.26751535658322,30,44.021294355392456,30,0.6422505118861074
3230,1288,557,210,55,217.0829334609241,19.26751535658322,30,44.021294355392456,30,0.6422505118861074
3231,1202,528,-86,-29,90.75791976461338,19.26751535658322,30,44.021294355392456,30,0.6422505118861074
3232,1077,502,-125,-26,127.67536959022284,19.26751535658322,30,44.021294355392456,30,0.6422505118861074
3233,1285,557,208,55,215.14878572745886,19.26751535658322,30,44.021294355392456,30,0.6422505118861074
3234,1206,529,-79,-28,83.81527307120105,19.26751535658322,30,44.021294355392456,30,0.6422505118861074
3235,1076,501,-130,-28,132.9812016790343,19.26751535658322,30,44.021294355392456,30,0.6422505118861074
3236,1284,557,208,56,215.40659228538016,19.26751535658322,30,44.021294355392456,30,0.6422505118861074
3237,1201,528,-83,-29,87.92041856133307,19.26751535658322,30,44.021294355392456,30,0.6422505118861074
3238,1077,502,-124,-26,126.69648771769484,19.26751535658322,30,44.021294355392456,30,0.6422505118861074
3239,1286,558,209,56,216.37236422426963,19.26751535658322,30,44.021294355392456,30,0.6422505118861074
3240,1197,527,-89,-31,94.2443632266673,19.26751535658322,30,44.021294355392456,30,0.6422505118861074
3241,1078,503,-119,-24,121.39604606411199,19.26751535658322,30,44.021294355392456,30,0.6422505118861074
3242,1288,558,210,55,217.0829334609241,19.26751535658322,30,44.021294355392456,30,0.6422505118861074
3243,1192,526,-96,-32,101.19288512538814,19.26751535658322,30,44.021294355392456,30,0.6422505118861074
3244,1081,504,-111,-22,113.1591799192624,19.26751535658322,30,44.021294355392456,30,0.6422505118861074
3245,1289,557,208,53,214.64622055838765,19.26751535658322,30,44.021294355392456,30,0.6422505118861074
3246,1178,522,-111,-35,116.3872845288522,19.26751535658322,30,44.021294355392456,30,0.6422505118861074
3247,1091,508,-87,-14,88.11923740024082,19.26751535658322,30,44.021294355392456,30,0.6422505118861074
3248,1292,558,201,50,207.12556578076016,19.26751535658322,30,44.021294355392456,30,0.6422505118861074
3249,1181,523,-111,-35,116.3872845288522,19.26751535658322,30,44.021294355392456,30,0.6422505118861074
3250,1087,507,-94,-16,95.35197952848173,19.26751535658322,30,44.021294355392456,30,0.6422505118861074
3251,1292,558,205,51,211.24866863485792,19.26751535658322,30,44.021294355392456,30,0.6422505118861074
3252,1177,522,-115,-36,120.50311199301038,19.26751535658322,30,44.021294355392456,30,0.6422505118861074
3253,1091,508,-86,-14,87.13208364316786,19.26751535658322,30,44.021294355392456,30,0.6422505118861074
3254,1292,558,201,50,207.12556578076016,19.26751535658322,30,44.021294355392456,30,0.6422505118861074
3255,1181,523,-111,-35,116.3872845288522,19.26751535658322,30,44.021294355392456,30,0.6422505118861074
3256,1088,507,-93,-16,94.36630754670864,19.26751535658322,30,44.021294355392456,30,0.6422505118861074
3257,1291,558,203,51,209.3083849252103,19.26751535658322,30,44.021294355392456,30,0.6422505118861074
3258,1182,524,-109,-34,114.17968295629481,19.26751535658322,30,44.021294355392456,30,0.6422505118861074
3259,1092,509,-90,-15,91.2414379544733,19.26751535658322,30,44.021294355392456,30,0.6422505118861074
3260,1292,558,200,49,205.91503102007877,19.26751535658322,30,44.021294355392456,30,0.6422505118861074
3261,1181,524,-111,-34,116.09048195265622,19.26751535658322,30,44.021294355392456,30,0.6422505118861074
3262,1096,510,-85,-14,86.14522621712709,19.26751535658322,30,44.021294355392456,30,0.6422505118861074
3263,1292,558,196,48,201.79197209007103,19.26751535658322,30,44.021294355392456,30,0.6422505118861074
3264,1168,520,-124,-38,129.6919426949878,19.26751535658322,30,44.021294355392456,30,0.6422505118861074
3265,1111,515,-57,-5,57.21887800367987,19.26751535658322,30,44.021294355392456,30,0.6422505118861074
3266,1288,556,177,41,181.6865432551349,19.26751535658322,30,44.021294355392456,30,0.6422505118861074
3267,1153,517,-135,-39,140.52046114356443,19.26751535658322,30,44.021294355392456,30,0.6422505118861074
3268,1112,516,-41,-1,41.012193308819754,19.26751535658322,30,44.021294355392456,30,0.6422505118861074
3269,1284,555,172,39,176.36609651517495,19.26751535658322,30,44.021294355392456,30,0.6422505118861074
3270,1140,513,-144,-42,150.0,19.26751535658322,30,44.021294355392456,30,0.6422505118861074
3271,1124,519,-16,6,17.08800749063506,19.26751535658322,30,44.021294355392456,30,0.6422505118861074
3272,1283,554,159,35,162.8066337714775,19.26751535658322,30,44.021294355392456,30,0.6422505118861074
3273,1135,512,-148,-42,153.8440769090575,19.26751535658322,30,44.021294355392456,30,0.6422505118861074
3274,1129,521,-6,9,10.816653826391969,19.26751535658322,30,44.021294355392456,30,0.6422505118861074
3275,1276,552,147,31,150.23315213360866,19.26751535658322,30,44.021294355392456,30,0.6422505118861074
3276,1130,511,-146,-41,151.64761785138597,19.26751535658322,30,44.021294355392456,30,0.6422505118861074
3277,1134,523,4,12,12.649110640673518,19.26751535658322,30,44.021294355392456,30,0.6422505118861074
3278,1275,552,141,29,143.95138068111746,19.26751535658322,30,44.021294355392456,30,0.6422505118861074
3279,1126,510,-149,-42,154.80633061990713,19.26751535658322,30,44.021294355392456,30,0.6422505118861074
3280,1139,525,13,15,19.849433241279208,19.26751535658322,30,44.021294355392456,30,0.6422505118861074
3281,1271,550,132,25,134.34656675925888,19.26751535658322,30,44.021294355392456,30,0.6422505118861074
3282,1121,509,-150,-41,155.502411556863,19.26751535658322,30,44.021294355392456,30,0.6422505118861074
3283,1143,526,22,17,27.80287754891569,19.26751535658322,30,44.021294355392456,30,0.6422505118861074
3284,1274,551,131,25,133.3641631023867,19.26751535658322,30,44.021294355392456,30,0.6422505118861074
3285,1125,510,-149,-41,154.53802121160993,19.26751535658322,30,44.021294355392456,30,0.6422505118861074
3286,1138,525,13,15,19.849433241279208,19.26751535658322,30,44.021294355392456,30,0.6422505118861074
3287,1277,552,139,27,141.59802258506295,19.26751535658322,30,44.021294355392456,30,0.6422505118861074
3288,1130,511,-147,-41,152.6106156202772,19.26751535658322,30,44.021294355392456,30,0.6422505118861074
3289,1133,523,3,12,12.36931687685298,19.26751535658322,30,44.021294355392456,30,0.6422505118861074
3290,1279,553,146,30,149.05032707109368,19.26751535658322,30,44.021294355392456,30,0.6422505118861074
3291,1135,512,-144,-41,149.7230777134908,19.26751535658322,30,44.021294355392456,30,0.6422505118861074
3292,1128,522,-7,10,12.206555615733702,19.26751535658322,30,44.021294355392456,30,0.6422505118861074
3293,1282,554,154,32,157.2895419282541,19.26751535658322,30,44.021294355392456,30,0.6422505118861074
3294,1139,514,-143,-40,148.48905683584903,19.26751535658322,30,44.021294355392456,30,0.6422505118861074
3295,1134,523,-5,9,10.295630140987,19.26751535658322,30,44.021294355392456,30,0.6422505118861074
3296,1279,553,145,30,148.07092894960846,19.26751535658322,30,44.021294355392456,30,0.6422505118861074
3297,1125,510,-154,-43,159.89058759038946,19.26751535658322,30,44.021294355392456,30,0.6422505118861074
3298,1138,525,13,15,19.849433241279208,19.26751535658322,30,44.021294355392456,30,0.6422505118861074
3299,1277,552,139,27,141.59802258506295,19.26751535658322,30,44.021294355392456,30,0.6422505118861074
3300,1130,512,-147,-40,152.34500319997372,19.26751535658322,30,44.021294355392456,30,0.6422505118861074
3301,1133,523,3,11,11.40175425099138,19.26751535658322,30,44.021294355392456,30,0.6422505118861074
3302,1279,553,146,30,149.05032707109368,19.26751535658322,30,44.021294355392456,30,0.6422505118861074
3303,1134,513,-145,-40,150.41608956491322,19.26751535658322,30,44.021294355392456,30,0.6422505118861074
3304,1129,522,-5,9,10.295630140987,19.26751535658322,30,44.021294355392456,30,0.6422505118861074
3305,1281,554,152,32,155.3319027115808,19.26751535658322,30,44.021294355392456,30,0.6422505118861074
3306,1138,514,-143,-40,148.48905683584903,19.26751535658322,30,44.021294355392456,30,0.6422505118861074
3307,1125,521,-13,7,14.7648230602334,19.26751535658322,30,44.021294355392456,30,0.6422505118861074
3308,1279,557,154,36,158.15182578775372,19.26751535658322,30,44.021294355392456,30,0.6422505118861074
3309,1174,523,-105,-34,110.3675676999362,19.26751535658322,30,44.021294355392456,30,0.6422505118861074
3310,1093,508,-81,-15,82.37718130647589,19.26751535658322,30,44.021294355392456,30,0.6422505118861074
3311,1276,559,183,51,189.97368238785077,19.26751535658322,30,44.021294355392456,30,0.6422505118861074
3312,1214,535,-62,-24,66.48308055437865,19.26751535658322,30,44.021294355392456,30,0.6422505118861074
3313,1090,503,-124,-32,128.06248474865697,19.26751535658322,30,44.021294355392456,30,0.6422505118861074
3314,1205,543,115,40,121.75795661885921,19.26751535658322,30,44.021294355392456,30,0.6422505118861074
3315,1253,547,48,4,48.16637831516918,19.26751535658322,30,44.021294355392456,30,0.6422505118861074
3316,1126,510,-127,-37,132.2800060477773,19.26751535658322,30,44.021294355392456,30,0.6422505118861074
3317,1127,521,1,11,11.045361017187261,19.26751535658322,30,44.021294355392456,30,0.6422505118861074
3318,1282,558,155,37,159.3549497191725,19.26751535658322,30,44.021294355392456,30,0.6422505118861074
3319,1168,522,-114,-36,119.54915307102765,19.26751535658322,30,44.021294355392456,30,0.6422505118861074
3320,1090,508,-78,-14,79.2464510246358,19.26751535658322,30,44.021294355392456,30,0.6422505118861074
3321,1281,560,191,52,197.9520143873257,19.26751535658322,30,44.021294355392456,30,0.6422505118861074
3322,1213,535,-68,-25,72.44998274671983,19.26751535658322,30,44.021294355392456,30,0.6422505118861074
3323,1083,503,-130,-32,133.88054376943649,19.26751535658322,30,44.021294355392456,30,0.6422505118861074
3324,1252,555,169,52,176.81911661356077,19.26751535658322,30,44.021294355392456,30,0.6422505118861074
3325,1249,545,-3,-10,10.44030650891055,19.26751535658322,30,44.021294355392456,30,0.6422505118861074
3326,1117,509,-132,-36,136.82105101189657,19.26751535658322,30,44.021294355392456,30,0.6422505118861074
3327,1131,523,14,14,19.79898987322333,19.26751535658322,30,44.021294355392456,30,0.6422505118861074
3328,1281,556,150,33,153.58710883404245,19.26751535658322,30,44.021294355392456,30,0.6422505118861074
3329,1163,520,-118,-36,123.36936410632909,19.26751535658322,30,44.021294355392456,30,0.6422505118861074
3330,1096,511,-67,-9,67.60177512462228,19.26751535658322,30,44.021294355392456,30,0.6422505118861074
3331,1284,560,188,49,194.28072472584614,19.26751535658322,30,44.021294355392456,30,0.6422505118861074
3332,1210,533,-74,-27,78.77182237323191,19.26751535658322,30,44.021294355392456,30,0.6422505118861074
3333,1086,503,-124,-30,127.57742747053649,19.26751535658322,30,44.021294355392456,30,0.6422505118861074
3334,1233,551,147,48,154.63828762631846,19.26751535658322,30,44.021294355392456,30,0.6422505118861074
3335,1243,543,10,-8,12.806248474865697,19.26751535658322,30,44.021294355392456,30,0.6422505118861074
3336,1104,505,-139,-38,144.10065926289164,19.26751535658322,30,44.021294355392456,30,0.6422505118861074
3337,1159,532,55,27,61.26989472816156,19.26751535658322,30,44.021294355392456,30,0.6422505118861074
3338,1271,552,112,20,113.77170122662314,19.26751535658322,30,44.021294355392456,30,0.6422505118861074
3339,1145,514,-126,-38,131.60547101089682,19.26751535658322,30,44.021294355392456,30,0.6422505118861074
3340,1120,518,-25,4,25.317977802344327,19.26751535658322,30,44.021294355392456,30,0.6422505118861074
3341,1282,558,162,40,166.86521506892922,19.26751535658322,30,44.021294355392456,30,0.6422505118861074
3342,1182,525,-100,-33,105.30432089900205,19.26751535658322,30,44.021294355392456,30,0.6422505118861074
3343,1091,507,-91,-18,92.76313923105448,19.26751535658322,30,44.021294355392456,30,0.6422505118861074
3344,1271,559,180,52,187.3606148580859,19.26751535658322,30,44.021294355392456,30,0.6422505118861074
3345,1222,537,-49,-22,53.71219600798314,19.26751535658322,30,44.021294355392456,30,0.6422505118861074
3346,1091,504,-131,-33,135.09256086106296,19.26751535658322,30,44.021294355392456,30,0.6422505118861074
3347,1208,545,117,41,123.97580409095961,19.26751535658322,30,44.021294355392456,30,0.6422505118861074
3348,1251,547,43,2,43.04648650006177,19.26751535658322,30,44.021294355392456,30,0.6422505118861074
3349,1125,511,-126,-36,131.04197800704932,19.26751535658322,30,44.021294355392456,30,0.6422505118861074
3350,1132,523,7,12,13.892443989449804,19.26751535658322,30,44.021294355392456,30,0.6422505118861074
3351,1280,558,148,35,152.08221460775746,19.26751535658322,30,44.021294355392456,30,0.6422505118861074
3352,1167,522,-113,-36,118.59595271340417,19.26751535658322,30,44.021294355392456,30,0.6422505118861074
3353,1094,510,-73,-12,73.97972695272672,19.26751535658322,30,44.021294355392456,30,0.6422505118861074
3354,1279,560,185,50,191.637678967368,19.26751535658322,30,44.021294355392456,30,0.6422505118861074
3355,1209,535,-70,-25,74.33034373659252,19.26751535658322,30,44.021294355392456,30,0.6422505118861074
3356,1085,505,-124,-30,127.57742747053649,19.26751535658322,30,44.021294355392456,30,0.6422505118861074
3357,1263,558,178,53,185.72291188757515,19.26751535658322,30,44.021294355392456,30,0.6422505118861074
3358,1235,542,-28,-16,32.2490309931942,19.26751535658322,30,44.021294355392456,30,0.6422505118861074
3359,1106,507,-129,-35,133.6637572418193,19.26751535658322,30,44.021294355392456,30,0.6422505118861074
3360,1150,529,44,22,49.193495504995376,19.26751535658322,30,44.021294355392456,30,0.6422505118861074
3361,1275,555,125,26,127.67536959022284,19.26751535658322,30,44.021294355392456,30,0.6422505118861074
3362,1141,515,-134,-40,139.84276885130672,19.26751535658322,30,44.021294355392456,30,0.6422505118861074
3363,1109,516,-32,1,32.01562118716424,19.26751535658322,30,44.021294355392456,30,0.6422505118861074
3364,1287,560,178,44,183.35757415498276,19.26751535658322,30,44.021294355392456,30,0.6422505118861074
3365,1186,527,-101,-33,106.25441167311595,19.26751535658322,30,44.021294355392456,30,0.6422505118861074
3366,1088,508,-98,-19,99.82484660644363,19.26751535658322,30,44.021294355392456,30,0.6422505118861074
3367,1281,561,193,53,200.1449474755733,19.26751535658322,30,44.021294355392456,30,0.6422505118861074
3368,1215,535,-66,-26,70.9365914038728,19.26751535658322,30,44.021294355392456,30,0.6422505118861074
3369,1088,504,-127,-31,130.728726758888,19.26751535658322,30,44.021294355392456,30,0.6422505118861074
3370,1207,545,119,41,125.86500705120545,19.26751535658322,30,44.021294355392456,30,0.6422505118861074
3371,1250,545,43,0,43.0,19.26751535658322,30,44.021294355392456,30,0.6422505118861074
3372,1117,509,-133,-36,137.78606605894515,19.26751535658322,30,44.021294355392456,30,0.6422505118861074
3373,1135,525,18,16,24.08318915758459,19.26751535658322,30,44.021294355392456,30,0.6422505118861074
3374,1280,556,145,31,148.2767682410161,19.26751535658322,30,44.021294355392456,30,0.6422505118861074
3375,1163,520,-117,-36,122.41323457861898,19.26751535658322,30,44.021294355392456,30,0.6422505118861074
3376,1103,513,-60,-7,60.40695324215582,19.26751535658322,30,44.021294355392456,30,0.6422505118861074
3377,1284,560,181,47,187.00267377767625,19.26751535658322,30,44.021294355392456,30,0.6422505118861074
3378,1190,527,-94,-33,99.62429422585637,19.26751535658322,30,44.021294355392456,30,0.6422505118861074
3379,1088,506,-102,-21,104.1393297462587,19.26751535658322,30,44.021294355392456,30,0.6422505118861074
3380,1267,558,179,52,186.40010729610646,19.26751535658322,30,44.021294355392456,30,0.6422505118861074
3381,1221,537,-46,-21,50.566787519082126,19.26751535658322,30,44.021294355392456,30,0.6422505118861074
3382,1092,504,-129,-33,133.15404612703287,19.26751535658322,30,44.021294355392456,30,0.6422505118861074
3383,1205,545,113,41,120.20815280171308,19.26751535658322,30,44.021294355392456,30,0.6422505118861074
3384,1254,548,49,3,49.09175083453431,19.26751535658322,30,44.021294355392456,30,0.6422505118861074
3385,1127,511,-127,-37,132.2800060477773,19.26751535658322,30,44.021294355392456,30,0.6422505118861074
3386,1133,523,6,12,13.416407864998739,19.26751535658322,30,44.021294355392456,30,0.6422505118861074
3387,1279,557,146,34,149.90663761154806,19.26751535658322,30,44.021294355392456,30,0.6422505118861074
3388,1169,522,-110,-35,115.43396380615195,19.26751535658322,30,44.021294355392456,30,0.6422505118861074
3389,1097,511,-72,-11,72.83543093852057,19.26751535658322,30,44.021294355392456,30,0.6422505118861074
3390,1277,560,180,49,186.5502613238588,19.26751535658322,30,44.021294355392456,30,0.6422505118861074
3391,1206,534,-71,-26,75.61084578286372,19.26751535658322,30,44.021294355392456,30,0.6422505118861074
3392,1087,505,-119,-29,122.48265183282079,19.26751535658322,30,44.021294355392456,30,0.6422505118861074
3393,1248,555,161,50,168.5852899869974,19.26751535658322,30,44.021294355392456,30,0.6422505118861074
3394,1241,544,-7,-11,13.038404810405298,19.26751535658322,30,44.021294355392456,30,0.6422505118861074
3395,1114,509,-127,-35,131.73458164050928,19.26751535658322,30,44.021294355392456,30,0.6422505118861074
3396,1143,527,29,18,34.132096331752024,19.26751535658322,30,44.021294355392456,30,0.6422505118861074
3397,1272,555,129,28,132.00378782444085,19.26751535658322,30,44.021294355392456,30,0.6422505118861074
3398,1148,518,-124,-37,129.40247292845683,19.26751535658322,30,44.021294355392456,30,0.6422505118861074
3399,1107,516,-41,-2,41.048751503547585,19.26751535658322,30,44.021294355392456,30,0.6422505118861074
3400,1284,560,177,44,182.3869512876401,19.26751535658322,30,44.021294355392456,30,0.6422505118861074
3401,1157,520,-127,-40,133.15029102484155,19.26751535658322,30,44.021294355392456,30,0.6422505118861074
3402,1100,513,-57,-7,57.42821606144492,19.26751535658322,30,44.021294355392456,30,0.6422505118861074
3403,1284,561,184,48,190.1578291840754,19.26751535658322,30,44.021294355392456,30,0.6422505118861074
3404,1200,532,-84,-29,88.86506625215557,19.26751535658322,30,44.021294355392456,30,0.6422505118861074
3405,1083,505,-117,-27,120.07497657713701,19.26751535658322,30,44.021294355392456,30,0.6422505118861074
3406,1265,558,182,53,189.5600168811978,19.26751535658322,30,44.021294355392456,30,0.6422505118861074
3407,1245,545,-20,-13,23.853720883753127,19.26751535658322,30,44.021294355392456,30,0.6422505118861074
3408,1113,509,-132,-36,136.82105101189657,19.26751535658322,30,44.021294355392456,30,0.6422505118861074
3409,1137,526,24,17,29.410882339705484,19.26751535658322,30,44.021294355392456,30,0.6422505118861074
3410,1280,556,143,30,146.11296999240005,19.26751535658322,30,44.021294355392456,30,0.6422505118861074
3411,1159,520,-121,-36,126.24183141890805,19.26751535658322,30,44.021294355392456,30,0.6422505118861074
3412,1105,515,-54,-5,54.230987451824994,19.26751535658322,30,44.021294355392456,30,0.6422505118861074
3413,1286,561,181,46,186.75384868858794,19.26751535658322,30,44.021294355392456,30,0.6422505118861074
3414,1196,530,-90,-31,95.1892851112981,19.26751535658322,30,44.021294355392456,30,0.6422505118861074
3415,1085,506,-111,-24,113.5649593844862,19.26751535658322,30,44.021294355392456,30,0.6422505118861074
3416,1269,559,184,53,191.48106956041372,19.26751535658322,30,44.021294355392456,30,0.6422505118861074
3417,1239,542,-30,-17,34.48187929913333,19.26751535658322,30,44.021294355392456,30,0.6422505118861074
3418,1100,506,-139,-36,143.58621103713267,19.26751535658322,30,44.021294355392456,30,0.6422505118861074
3419,1180,539,80,33,86.53900854527974,19.26751535658322,30,44.021294355392456,30,0.6422505118861074
3420,1261,550,81,11,81.74350127074322,19.26751535658322,30,44.021294355392456,30,0.6422505118861074
3421,1133,512,-128,-38,133.52153384379613,19.26751535658322,30,44.021294355392456,30,0.6422505118861074
3422,1129,523,-4,11,11.704699910719626,19.26751535658322,30,44.021294355392456,30,0.6422505118861074
3423,1280,557,151,34,154.7804897265802,19.26751535658322,30,44.021294355392456,30,0.6422505118861074
3424,1167,521,-113,-36,118.59595271340417,19.26751535658322,30,44.021294355392456,30,0.6422505118861074
3425,1099,512,-68,-9,68.59300255857006,19.26751535658322,30,44.021294355392456,30,0.6422505118861074
3426,1278,560,179,48,185.32404053441098,19.26751535658322,30,44.021294355392456,30,0.6422505118861074
3427,1209,534,-69,-26,73.7360156233031,19.26751535658322,30,44.021294355392456,30,0.6422505118861074
3428,1089,506,-120,-28,123.2233744059949,19.26751535658322,30,44.021294355392456,30,0.6422505118861074
3429,1262,558,173,52,180.646062785769,19.26751535658322,30,44.021294355392456,30,0.6422505118861074
3430,1232,541,-30,-17,34.48187929913333,19.26751535658322,30,44.021294355392456,30,0.6422505118861074
3431,1104,507,-128,-34,132.43866504914644,19.26751535658322,30,44.021294355392456,30,0.6422505118861074
3432,1168,535,64,28,69.85699678629192,19.26751535658322,30,44.021294355392456,30,0.6422505118861074
3433,1267,553,99,18,100.62305898749054,19.26751535658322,30,44.021294355392456,30,0.6422505118861074
3434,1144,516,-123,-37,128.4445405612866,19.26751535658322,30,44.021294355392456,30,0.6422505118861074
3435,1114,518,-30,2,30.066592756745816,19.26751535658322,30,44.021294355392456,30,0.6422505118861074
3436,1283,560,169,42,174.14074767268,19.26751535658322,30,44.021294355392456,30,0.6422505118861074
3437,1185,528,-98,-32,103.09219175087898,19.26751535658322,30,44.021294355392456,30,0.6422505118861074
3438,1086,507,-99,-21,101.20276676059801,19.26751535658322,30,44.021294355392456,30,0.6422505118861074
3439,1271,560,185,53,192.4421991144354,19.26751535658322,30,44.021294355392456,30,0.6422505118861074
3440,1227,540,-44,-20,48.33218389437829,19.26751535658322,30,44.021294355392456,30,0.6422505118861074
3441,1098,507,-129,-33,133.15404612703287,19.26751535658322,30,44.021294355392456,30,0.6422505118861074
3442,1176,538,78,31,83.93449827097318,19.26751535658322,30,44.021294355392456,30,0.6422505118861074
3443,1259,550,83,12,83.86298349093002,19.26751535658322,30,44.021294355392456,30,0.6422505118861074
3444,1130,514,-129,-36,133.9290857132983,19.26751535658322,30,44.021294355392456,30,0.6422505118861074
3445,1120,521,-10,7,12.206555615733702,19.26751535658322,30,44.021294355392456,30,0.6422505118861074
3446,1286,560,166,39,170.51979357247652,19.26751535658322,30,44.021294355392456,30,0.6422505118861074
3447,1175,525,-111,-35,116.3872845288522,19.26751535658322,30,44.021294355392456,30,0.6422505118861074
3448,1088,510,-87,-15,88.28363381737297,19.26751535658322,30,44.021294355392456,30,0.6422505118861074
3449,1170,469,82,-41,91.67878707749138,19.26751535658322,30,44.021294355392456,30,0.6422505118861074
3450,1150,409,-20,-60,63.245553203367585,19.26751535658322,30,44.021294355392456,30,0.6422505118861074
3451,1148,338,-2,-71,71.02816342831905,19.26751535658322,30,44.021294355392456,30,0.6422505118861074
3452,1151,345,3,7,7.615773105863909,19.26751535658322,30,44.021294355392456,30,0.6422505118861074
3453,1154,364,3,19,19.235384061671343,19.26751535658322,30,44.021294355392456,30,0.6422505118861074
3454,1155,379,1,15,15.033296378372908,19.26751535658322,30,44.021294355392456,30,0.6422505118861074
3455,1154,386,-1,7,7.0710678118654755,19.26751535658322,30,44.021294355392456,30,0.6422505118861074
3456,1155,386,1,0,1.0,19.26751535658322,30,44.021294355392456,30,0.6422505118861074
3457,1155,382,0,-4,4.0,19.26751535658322,30,44.021294355392456,30,0.6422505118861074
3458,1156,377,1,-5,5.0990195135927845,19.26751535658322,30,44.021294355392456,30,0.6422505118861074
3459,1156,373,0,-4,4.0,19.26751535658322,30,44.021294355392456,30,0.6422505118861074
3460,1156,372,0,-1,1.0,19.26751535658322,30,44.021294355392456,30,0.6422505118861074
3461,1156,372,0,0,0.0,19.26751535658322,30,44.021294355392456,30,0.6422505118861074
3462,1156,373,0,1,1.0,19.26751535658322,30,44.021294355392456,30,0.6422505118861074
3463,1156,374,0,1,1.0,19.26751535658322,30,44.021294355392456,30,0.6422505118861074
3464,1156,375,0,1,1.0,19.26751535658322,30,44.021294355392456,30,0.6422505118861074
3465,1156,375,0,0,0.0,19.26751535658322,30,44.021294355392456,30,0.6422505118861074
3466,1156,374,0,-1,1.0,19.26751535658322,30,44.021294355392456,30,0.6422505118861074
3467,1156,374,0,0,0.0,19.26751535658322,30,44.021294355392456,30,0.6422505118861074
3468,1156,373,0,-1,1.0,19.26751535658322,30,44.021294355392456,30,0.6422505118861074
3469,1156,373,0,0,0.0,19.26751535658322,30,44.021294355392456,30,0.6422505118861074
3470,1156,372,0,-1,1.0,19.26751535658322,30,44.021294355392456,30,0.6422505118861074
3471,1156,372,0,0,0.0,19.26751535658322,30,44.021294355392456,30,0.6422505118861074
3472,1156,372,0,0,0.0,19.26751535658322,30,44.021294355392456,30,0.6422505118861074
3473,1156,372,0,0,0.0,19.26751535658322,30,44.021294355392456,30,0.6422505118861074
3474,1155,372,-1,0,1.0,19.26751535658322,30,44.021294355392456,30,0.6422505118861074
3475,1155,372,0,0,0.0,19.26751535658322,30,44.021294355392456,30,0.6422505118861074
3476,1155,372,0,0,0.0,19.26751535658322,30,44.021294355392456,30,0.6422505118861074
3477,1155,372,0,0,0.0,19.26751535658322,30,44.021294355392456,30,0.6422505118861074
3478,1155,371,0,-1,1.0,19.26751535658322,30,44.021294355392456,30,0.6422505118861074
3479,1155,371,0,0,0.0,19.26751535658322,30,44.021294355392456,30,0.6422505118861074
3480,1155,371,0,0,0.0,19.26751535658322,30,44.021294355392456,30,0.6422505118861074
3481,1155,371,0,0,0.0,19.26751535658322,30,44.021294355392456,30,0.6422505118861074
3482,1155,371,0,0,0.0,19.26751535658322,30,44.021294355392456,30,0.6422505118861074
3483,1155,371,0,0,0.0,19.26751535658322,30,44.021294355392456,30,0.6422505118861074
3484,1155,371,0,0,0.0,19.26751535658322,30,44.021294355392456,30,0.6422505118861074
3485,1155,371,0,0,0.0,19.26751535658322,30,44.021294355392456,30,0.6422505118861074
3486,1155,370,0,-1,1.0,19.26751535658322,30,44.021294355392456,30,0.6422505118861074
3487,1155,370,0,0,0.0,19.26751535658322,30,44.021294355392456,30,0.6422505118861074
3488,1155,370,0,0,0.0,19.26751535658322,30,44.021294355392456,30,0.6422505118861074
3489,1155,370,0,0,0.0,19.26751535658322,30,44.021294355392456,30,0.6422505118861074
3490,1155,370,0,0,0.0,19.26751535658322,30,44.021294355392456,30,0.6422505118861074
3491,1155,370,0,0,0.0,19.26751535658322,30,44.021294355392456,30,0.6422505118861074
3492,1155,370,0,0,0.0,19.26751535658322,30,44.021294355392456,30,0.6422505118861074
3493,1155,370,0,0,0.0,19.26751535658322,30,44.021294355392456,30,0.6422505118861074
3494,1155,370,0,0,0.0,19.26751535658322,30,44.021294355392456,30,0.6422505118861074
3495,1155,370,0,0,0.0,19.26751535658322,30,44.021294355392456,30,0.6422505118861074
3496,1155,370,0,0,0.0,19.26751535658322,30,44.021294355392456,30,0.6422505118861074
3497,1155,370,0,0,0.0,19.26751535658322,30,44.021294355392456,30,0.6422505118861074
3498,1155,369,0,-1,1.0,19.26751535658322,30,44.021294355392456,30,0.6422505118861074
3499,1155,369,0,0,0.0,19.26751535658322,30,44.021294355392456,30,0.6422505118861074
3500,1155,369,0,0,0.0,19.26751535658322,30,44.021294355392456,30,0.6422505118861074
3501,1155,369,0,0,0.0,19.26751535658322,30,44.021294355392456,30,0.6422505118861074
3502,1155,369,0,0,0.0,19.26751535658322,30,44.021294355392456,30,0.6422505118861074
3503,1155,369,0,0,0.0,19.26751535658322,30,44.021294355392456,30,0.6422505118861074
3504,1155,369,0,0,0.0,19.26751535658322,30,44.021294355392456,30,0.6422505118861074
3505,1155,369,0,0,0.0,19.26751535658322,30,44.021294355392456,30,0.6422505118861074
3506,1155,369,0,0,0.0,19.26751535658322,30,44.021294355392456,30,0.6422505118861074
3507,1155,369,0,0,0.0,19.26751535658322,30,44.021294355392456,30,0.6422505118861074
3508,1155,369,0,0,0.0,19.26751535658322,30,44.021294355392456,30,0.6422505118861074
3509,1155,369,0,0,0.0,19.26751535658322,30,44.021294355392456,30,0.6422505118861074
3510,1155,369,0,0,0.0,19.26751535658322,30,44.021294355392456,30,0.6422505118861074
3511,1155,369,0,0,0.0,19.26751535658322,30,44.021294355392456,30,0.6422505118861074
3512,1155,369,0,0,0.0,19.26751535658322,30,44.021294355392456,30,0.6422505118861074
3513,1155,369,0,0,0.0,19.26751535658322,30,44.021294355392456,30,0.6422505118861074
3514,1155,369,0,0,0.0,19.26751535658322,30,44.021294355392456,30,0.6422505118861074
3515,1155,369,0,0,0.0,19.26751535658322,30,44.021294355392456,30,0.6422505118861074
3516,1155,369,0,0,0.0,19.26751535658322,30,44.021294355392456,30,0.6422505118861074
3517,1155,369,0,0,0.0,19.26751535658322,30,44.021294355392456,30,0.6422505118861074
3518,1154,368,-1,-1,1.4142135623730951,19.26751535658322,30,44.021294355392456,30,0.6422505118861074
3519,1154,368,0,0,0.0,19.26751535658322,30,44.021294355392456,30,0.6422505118861074
3520,1154,368,0,0,0.0,19.26751535658322,30,44.021294355392456,30,0.6422505118861074
3521,1155,368,1,0,1.0,19.26751535658322,30,44.021294355392456,30,0.6422505118861074
3522,1154,368,-1,0,1.0,19.26751535658322,30,44.021294355392456,30,0.6422505118861074
3523,1154,368,0,0,0.0,19.26751535658322,30,44.021294355392456,30,0.6422505118861074
3524,1154,368,0,0,0.0,19.26751535658322,30,44.021294355392456,30,0.6422505118861074
3525,1155,368,1,0,1.0,19.26751535658322,30,44.021294355392456,30,0.6422505118861074
3526,1155,368,0,0,0.0,19.26751535658322,30,44.021294355392456,30,0.6422505118861074
3527,1154,368,-1,0,1.0,19.26751535658322,30,44.021294355392456,30,0.6422505118861074
3528,1155,368,1,0,1.0,19.26751535658322,30,44.021294355392456,30,0.6422505118861074
3529,1154,368,-1,0,1.0,19.26751535658322,30,44.021294355392456,30,0.6422505118861074
3530,1154,368,0,0,0.0,19.26751535658322,30,44.021294355392456,30,0.6422505118861074
3531,1154,368,0,0,0.0,19.26751535658322,30,44.021294355392456,30,0.6422505118861074
3532,1154,368,0,0,0.0,19.26751535658322,30,44.021294355392456,30,0.6422505118861074
3533,1154,368,0,0,0.0,19.26751535658322,30,44.021294355392456,30,0.6422505118861074
3534,1154,368,0,0,0.0,19.26751535658322,30,44.021294355392456,30,0.6422505118861074
3535,1154,368,0,0,0.0,19.26751535658322,30,44.021294355392456,30,0.6422505118861074
3536,1154,368,0,0,0.0,19.26751535658322,30,44.021294355392456,30,0.6422505118861074
3537,1154,368,0,0,0.0,19.26751535658322,30,44.021294355392456,30,0.6422505118861074
3538,1053,512,-101,144,175.88916964952674,19.26751535658322,30,44.021294355392456,30,0.6422505118861074
3539,,,,,,19.26751535658322,30,44.021294355392456,30,0.6422505118861074
3540,1445,538,392,26,392.8612986793176,19.26751535658322,30,44.021294355392456,30,0.6422505118861074
3541,912,471,-533,-67,537.1945643805417,19.26751535658322,30,44.021294355392456,30,0.6422505118861074
3542,,,,,,19.26751535658322,30,44.021294355392456,30,0.6422505118861074
3543,1448,551,536,80,541.9372657420784,19.26751535658322,30,44.021294355392456,30,0.6422505118861074
3544,939,488,-509,-63,512.8840024800929,19.26751535658322,30,44.021294355392456,30,0.6422505118861074
3545,,,,,,19.26751535658322,30,44.021294355392456,30,0.6422505118861074
3546,,,,,,19.26751535658322,30,44.021294355392456,30,0.6422505118861074
3547,1450,563,511,75,516.4745879518179,19.26751535658322,30,44.021294355392456,30,0.6422505118861074
3548,919,486,-531,-77,536.553818363079,19.26751535658322,30,44.021294355392456,30,0.6422505118861074
3549,,,,,,19.26751535658322,30,44.021294355392456,30,0.6422505118861074
3550,1441,560,522,74,527.2191195319077,19.26751535658322,30,44.021294355392456,30,0.6422505118861074
3551,939,493,-502,-67,506.4513796999669,19.26751535658322,30,44.021294355392456,30,0.6422505118861074
3552,,,,,,19.26751535658322,30,44.021294355392456,30,0.6422505118861074
3553,1454,561,515,68,519.4699221321673,19.26751535658322,30,44.021294355392456,30,0.6422505118861074
3554,927,494,-527,-67,531.2419411153453,19.26751535658322,30,44.021294355392456,30,0.6422505118861074
3555,,,,,,19.26751535658322,30,44.021294355392456,30,0.6422505118861074
3556,1469,563,542,69,546.3744137493995,19.26751535658322,30,44.021294355392456,30,0.6422505118861074
3557,906,491,-563,-72,567.5852358897296,19.26751535658322,30,44.021294355392456,30,0.6422505118861074
3558,,,,,,19.26751535658322,30,44.021294355392456,30,0.6422505118861074
3559,,,,,,19.26751535658322,30,44.021294355392456,30,0.6422505118861074
3560,909,491,3,0,3.0,19.26751535658322,30,44.021294355392456,30,0.6422505118861074
3561,,,,,,19.26751535658322,30,44.021294355392456,30,0.6422505118861074
3562,1473,564,564,73,568.7046685231272,19.26751535658322,30,44.021294355392456,30,0.6422505118861074
3563,916,494,-557,-70,561.3813320729502,19.26751535658322,30,44.021294355392456,30,0.6422505118861074
3564,,,,,,19.26751535658322,30,44.021294355392456,30,0.6422505118861074
3565,1470,565,554,71,558.5311092499683,19.26751535658322,30,44.021294355392456,30,0.6422505118861074
3566,906,492,-564,-73,568.7046685231272,19.26751535658322,30,44.021294355392456,30,0.6422505118861074
3567,,,,,,19.26751535658322,30,44.021294355392456,30,0.6422505118861074
3568,1471,565,565,73,569.6964103801251,19.26751535658322,30,44.021294355392456,30,0.6422505118861074
3569,915,492,-556,-73,560.7717895900256,19.26751535658322,30,44.021294355392456,30,0.6422505118861074
3570,,,,,,19.26751535658322,30,44.021294355392456,30,0.6422505118861074
3571,1476,568,561,76,566.1245446012741,19.26751535658322,30,44.021294355392456,30,0.6422505118861074
3572,910,491,-566,-77,571.2136202857912,19.26751535658322,30,44.021294355392456,30,0.6422505118861074
3573,,,,,,19.26751535658322,30,44.021294355392456,30,0.6422505118861074
3574,1476,568,566,77,571.2136202857912,19.26751535658322,30,44.021294355392456,30,0.6422505118861074
3575,903,490,-573,-78,578.2845320428345,19.26751535658322,30,44.021294355392456,30,0.6422505118861074
3576,,,,,,19.26751535658322,30,44.021294355392456,30,0.6422505118861074
3577,1472,567,569,77,574.1863808903865,19.26751535658322,30,44.021294355392456,30,0.6422505118861074
3578,904,490,-568,-77,573.1954291513497,19.26751535658322,30,44.021294355392456,30,0.6422505118861074
3579,,,,,,19.26751535658322,30,44.021294355392456,30,0.6422505118861074
3580,1477,570,573,80,578.5576894312269,19.26751535658322,30,44.021294355392456,30,0.6422505118861074
3581,905,491,-572,-79,577.4296493946254,19.26751535658322,30,44.021294355392456,30,0.6422505118861074
3582,,,,,,19.26751535658322,30,44.021294355392456,30,0.6422505118861074
3583,1475,570,570,79,575.4485207210112,19.26751535658322,30,44.021294355392456,30,0.6422505118861074
3584,905,491,-570,-79,575.4485207210112,19.26751535658322,30,44.021294355392456,30,0.6422505118861074
3585,,,,,,19.26751535658322,30,44.021294355392456,30,0.6422505118861074
3586,1473,570,568,79,573.467523056014,19.26751535658322,30,44.021294355392456,30,0.6422505118861074
3587,908,490,-565,-80,570.6356105256664,19.26751535658322,30,44.021294355392456,30,0.6422505118861074
3588,,,,,,19.26751535658322,30,44.021294355392456,30,0.6422505118861074
3589,1475,570,567,80,572.6159271274246,19.26751535658322,30,44.021294355392456,30,0.6422505118861074
3590,910,491,-565,-79,570.4962751850358,19.26751535658322,30,44.021294355392456,30,0.6422505118861074
3591,,,,,,19.26751535658322,30,44.021294355392456,30,0.6422505118861074
3592,1476,570,566,79,571.4866577620163,19.26751535658322,30,44.021294355392456,30,0.6422505118861074
3593,909,492,-567,-78,572.3399339553374,19.26751535658322,30,44.021294355392456,30,0.6422505118861074
3594,,,,,,19.26751535658322,30,44.021294355392456,30,0.6422505118861074
3595,1476,571,567,79,572.4770737767583,19.26751535658322,30,44.021294355392456,30,0.6422505118861074
3596,903,491,-573,-80,578.5576894312269,19.26751535658322,30,44.021294355392456,30,0.6422505118861074
3597,,,,,,19.26751535658322,30,44.021294355392456,30,0.6422505118861074
3598,1475,571,572,80,577.5673120944432,19.26751535658322,30,44.021294355392456,30,0.6422505118861074
3599,906,491,-569,-80,574.5963800790952,19.26751535658322,30,44.021294355392456,30,0.6422505118861074
3600,,,,,,19.26751535658322,30,44.021294355392456,30,0.6422505118861074
3601,1474,570,568,79,573.467523056014,19.26751535658322,30,44.021294355392456,30,0.6422505118861074
3602,908,491,-566,-79,571.4866577620163,19.26751535658322,30,44.021294355392456,30,0.6422505118861074
3603,,,,,,19.26751535658322,30,44.021294355392456,30,0.6422505118861074
3604,1475,572,567,81,572.7564927611035,19.26751535658322,30,44.021294355392456,30,0.6422505118861074
3605,909,491,-566,-81,571.7665607570977,19.26751535658322,30,44.021294355392456,30,0.6422505118861074
3606,,,,,,19.26751535658322,30,44.021294355392456,30,0.6422505118861074
3607,1473,571,564,80,569.6455038003899,19.26751535658322,30,44.021294355392456,30,0.6422505118861074
3608,906,491,-567,-80,572.6159271274246,19.26751535658322,30,44.021294355392456,30,0.6422505118861074
3609,,,,,,19.26751535658322,30,44.021294355392456,30,0.6422505118861074
3610,1475,572,569,81,574.7364613455458,19.26751535658322,30,44.021294355392456,30,0.6422505118861074
3611,904,490,-571,-82,576.857868109641,19.26751535658322,30,44.021294355392456,30,0.6422505118861074
3612,,,,,,19.26751535658322,30,44.021294355392456,30,0.6422505118861074
3613,1475,573,571,83,577.0008665504758,19.26751535658322,30,44.021294355392456,30,0.6422505118861074
3614,906,491,-569,-82,574.8782479795178,19.26751535658322,30,44.021294355392456,30,0.6422505118861074
3615,,,,,,19.26751535658322,30,44.021294355392456,30,0.6422505118861074
3616,1475,572,569,81,574.7364613455458,19.26751535658322,30,44.021294355392456,30,0.6422505118861074
3617,905,491,-570,-81,575.7264975663358,19.26751535658322,30,44.021294355392456,30,0.6422505118861074
3618,,,,,,19.26751535658322,30,44.021294355392456,30,0.6422505118861074
3619,1475,573,570,82,575.8680404398216,19.26751535658322,30,44.021294355392456,30,0.6422505118861074
3620,907,492,-568,-81,573.7464596840664,19.26751535658322,30,44.021294355392456,30,0.6422505118861074
3621,,,,,,19.26751535658322,30,44.021294355392456,30,0.6422505118861074
3622,1475,572,568,80,573.6061366477873,19.26751535658322,30,44.021294355392456,30,0.6422505118861074
3623,910,492,-565,-80,570.6356105256664,19.26751535658322,30,44.021294355392456,30,0.6422505118861074
3624,,,,,,19.26751535658322,30,44.021294355392456,30,0.6422505118861074
3625,1473,572,563,80,568.6554316983177,19.26751535658322,30,44.021294355392456,30,0.6422505118861074
3626,910,492,-563,-80,568.6554316983177,19.26751535658322,30,44.021294355392456,30,0.6422505118861074
3627,,,,,,19.26751535658322,30,44.021294355392456,30,0.6422505118861074
3628,1473,572,563,80,568.6554316983177,19.26751535658322,30,44.021294355392456,30,0.6422505118861074
3629,910,492,-563,-80,568.6554316983177,19.26751535658322,30,44.021294355392456,30,0.6422505118861074
3630,,,,,,19.26751535658322,30,44.021294355392456,30,0.6422505118861074
3631,1472,573,562,81,567.8071855832752,19.26751535658322,30,44.021294355392456,30,0.6422505118861074
3632,908,492,-564,-81,569.7868022339584,19.26751535658322,30,44.021294355392456,30,0.6422505118861074
3633,,,,,,19.26751535658322,30,44.021294355392456,30,0.6422505118861074
3634,1472,573,564,81,569.7868022339584,19.26751535658322,30,44.021294355392456,30,0.6422505118861074
3635,903,491,-569,-82,574.8782479795178,19.26751535658322,30,44.021294355392456,30,0.6422505118861074
3636,,,,,,19.26751535658322,30,44.021294355392456,30,0.6422505118861074
3637,1473,573,570,82,575.8680404398216,19.26751535658322,30,44.021294355392456,30,0.6422505118861074
3638,900,490,-573,-83,578.9801378285787,19.26751535658322,30,44.021294355392456,30,0.6422505118861074
3639,,,,,,19.26751535658322,30,44.021294355392456,30,0.6422505118861074
3640,1474,574,574,84,580.1137819428185,19.26751535658322,30,44.021294355392456,30,0.6422505118861074
3641,896,488,-578,-86,584.3629009442677,19.26751535658322,30,44.021294355392456,30,0.6422505118861074
3642,,,,,,19.26751535658322,30,44.021294355392456,30,0.6422505118861074
3643,1475,574,579,86,585.3520308327289,19.26751535658322,30,44.021294355392456,30,0.6422505118861074
3644,895,488,-580,-86,586.3411975974399,19.26751535658322,30,44.021294355392456,30,0.6422505118861074
3645,,,,,,19.26751535658322,30,44.021294355392456,30,0.6422505118861074
3646,1474,574,579,86,585.3520308327289,19.26751535658322,30,44.021294355392456,30,0.6422505118861074
3647,898,489,-576,-85,582.2379238764854,19.26751535658322,30,44.021294355392456,30,0.6422505118861074
3648,,,,,,19.26751535658322,30,44.021294355392456,30,0.6422505118861074
3649,1474,574,576,85,582.2379238764854,19.26751535658322,30,44.021294355392456,30,0.6422505118861074
3650,900,490,-574,-84,580.1137819428185,19.26751535658322,30,44.021294355392456,30,0.6422505118861074
3651,,,,,,19.26751535658322,30,44.021294355392456,30,0.6422505118861074
3652,1473,574,573,84,579.1243389808444,19.26751535658322,30,44.021294355392456,30,0.6422505118861074
3653,897,489,-576,-85,582.2379238764854,19.26751535658322,30,44.021294355392456,30,0.6422505118861074
3654,,,,,,19.26751535658322,30,44.021294355392456,30,0.6422505118861074
3655,1473,574,576,85,582.2379238764854,19.26751535658322,30,44.021294355392456,30,0.6422505118861074
3656,901,490,-572,-84,578.1349323471122,19.26751535658322,30,44.021294355392456,30,0.6422505118861074
3657,,,,,,19.26751535658322,30,44.021294355392456,30,0.6422505118861074
3658,1474,574,573,84,579.1243389808444,19.26751535658322,30,44.021294355392456,30,0.6422505118861074
3659,910,493,-564,-81,569.7868022339584,19.26751535658322,30,44.021294355392456,30,0.6422505118861074
3660,,,,,,19.26751535658322,30,44.021294355392456,30,0.6422505118861074
3661,1474,574,564,81,569.7868022339584,19.26751535658322,30,44.021294355392456,30,0.6422505118861074
3662,909,493,-565,-81,570.7766638537354,19.26751535658322,30,44.021294355392456,30,0.6422505118861074
3663,,,,,,19.26751535658322,30,44.021294355392456,30,0.6422505118861074
3664,1474,573,565,80,570.6356105256664,19.26751535658322,30,44.021294355392456,30,0.6422505118861074
3665,908,494,-566,-79,571.4866577620163,19.26751535658322,30,44.021294355392456,30,0.6422505118861074
3666,,,,,,19.26751535658322,30,44.021294355392456,30,0.6422505118861074
3667,1474,573,566,79,571.4866577620163,19.26751535658322,30,44.021294355392456,30,0.6422505118861074
3668,910,495,-564,-78,569.3680707591532,19.26751535658322,30,44.021294355392456,30,0.6422505118861074
3669,,,,,,19.26751535658322,30,44.021294355392456,30,0.6422505118861074
3670,1473,573,563,78,568.3775153891997,19.26751535658322,30,44.021294355392456,30,0.6422505118861074
3671,913,496,-560,-77,565.2689625302278,19.26751535658322,30,44.021294355392456,30,0.6422505118861074
3672,,,,,,19.26751535658322,30,44.021294355392456,30,0.6422505118861074
3673,,,,,,19.26751535658322,30,44.021294355392456,30,0.6422505118861074
3674,922,499,9,3,9.486832980505138,19.26751535658322,30,44.021294355392456,30,0.6422505118861074
3675,,,,,,19.26751535658322,30,44.021294355392456,30,0.6422505118861074
3676,,,,,,19.26751535658322,30,44.021294355392456,30,0.6422505118861074
3677,917,498,-5,-1,5.0990195135927845,19.26751535658322,30,44.021294355392456,30,0.6422505118861074
3678,,,,,,19.26751535658322,30,44.021294355392456,30,0.6422505118861074
3679,,,,,,19.26751535658322,30,44.021294355392456,30,0.6422505118861074
3680,917,498,0,0,0.0,19.26751535658322,30,44.021294355392456,30,0.6422505118861074
3681,,,,,,19.26751535658322,30,44.021294355392456,30,0.6422505118861074
3682,,,,,,19.26751535658322,30,44.021294355392456,30,0.6422505118861074
3683,917,498,0,0,0.0,19.26751535658322,30,44.021294355392456,30,0.6422505118861074
3684,,,,,,19.26751535658322,30,44.021294355392456,30,0.6422505118861074
3685,,,,,,19.26751535658322,30,44.021294355392456,30,0.6422505118861074
3686,915,497,-2,-1,2.23606797749979,19.26751535658322,30,44.021294355392456,30,0.6422505118861074
3687,,,,,,19.26751535658322,30,44.021294355392456,30,0.6422505118861074
3688,,,,,,19.26751535658322,30,44.021294355392456,30,0.6422505118861074
3689,891,491,-24,-6,24.73863375370596,19.26751535658322,30,44.021294355392456,30,0.6422505118861074
3690,,,,,,19.26751535658322,30,44.021294355392456,30,0.6422505118861074
3691,1487,579,596,88,602.4616170346457,19.26751535658322,30,44.021294355392456,30,0.6422505118861074
3692,878,486,-609,-93,616.0600620069442,19.26751535658322,30,44.021294355392456,30,0.6422505118861074
3693,,,,,,19.26751535658322,30,44.021294355392456,30,0.6422505118861074
3694,1488,581,610,95,617.353221421902,19.26751535658322,30,44.021294355392456,30,0.6422505118861074
3695,893,481,-595,-100,603.3448433524562,19.26751535658322,30,44.021294355392456,30,0.6422505118861074
3696,,,,,,19.26751535658322,30,44.021294355392456,30,0.6422505118861074
3697,905,495,12,14,18.439088914585774,19.26751535658322,30,44.021294355392456,30,0.6422505118861074
3698,,,,,,19.26751535658322,30,44.021294355392456,30,0.6422505118861074
3699,1488,581,583,86,589.3089172921109,19.26751535658322,30,44.021294355392456,30,0.6422505118861074
3700,909,482,-579,-99,587.4027579097667,19.26751535658322,30,44.021294355392456,30,0.6422505118861074
3701,,,,,,19.26751535658322,30,44.021294355392456,30,0.6422505118861074
3702,890,492,-19,10,21.470910553583888,19.26751535658322,30,44.021294355392456,30,0.6422505118861074
3703,,,,,,19.26751535658322,30,44.021294355392456,30,0.6422505118861074
3704,1483,581,593,89,599.6415596004,19.26751535658322,30,44.021294355392456,30,0.6422505118861074
3705,,,,,,19.26751535658322,30,44.021294355392456,30,0.6422505118861074
3706,,,,,,19.26751535658322,30,44.021294355392456,30,0.6422505118861074
3707,901,493,-582,-88,588.6153242993254,19.26751535658322,30,44.021294355392456,30,0.6422505118861074
3708,,,,,,19.26751535658322,30,44.021294355392456,30,0.6422505118861074
3709,1484,582,583,89,589.7541860809467,19.26751535658322,30,44.021294355392456,30,0.6422505118861074
3710,,,,,,19.26751535658322,30,44.021294355392456,30,0.6422505118861074
3711,,,,,,19.26751535658322,30,44.021294355392456,30,0.6422505118861074
3712,889,491,-595,-91,601.9185991477585,19.26751535658322,30,44.021294355392456,30,0.6422505118861074
3713,,,,,,19.26751535658322,30,44.021294355392456,30,0.6422505118861074
3714,1479,583,590,92,597.129801634452,19.26751535658322,30,44.021294355392456,30,0.6422505118861074
3715,,,,,,19.26751535658322,30,44.021294355392456,30,0.6422505118861074
3716,,,,,,19.26751535658322,30,44.021294355392456,30,0.6422505118861074
3717,900,491,-579,-92,586.2635925929565,19.26751535658322,30,44.021294355392456,30,0.6422505118861074
3718,,,,,,19.26751535658322,30,44.021294355392456,30,0.6422505118861074
3719,1483,583,583,92,590.2143678359583,19.26751535658322,30,44.021294355392456,30,0.6422505118861074
3720,,,,,,19.26751535658322,30,44.021294355392456,30,0.6422505118861074
3721,,,,,,19.26751535658322,30,44.021294355392456,30,0.6422505118861074
3722,891,489,-592,-94,599.4163828258284,19.26751535658322,30,44.021294355392456,30,0.6422505118861074
3723,,,,,,19.26751535658322,30,44.021294355392456,30,0.6422505118861074
3724,,,,,,19.26751535658322,30,44.021294355392456,30,0.6422505118861074
3725,,,,,,19.26751535658322,30,44.021294355392456,30,0.6422505118861074
3726,,,,,,19.26751535658322,30,44.021294355392456,30,0.6422505118861074
3727,898,490,7,1,7.0710678118654755,19.26751535658322,30,44.021294355392456,30,0.6422505118861074
3728,,,,,,19.26751535658322,30,44.021294355392456,30,0.6422505118861074
3729,,,,,,19.26751535658322,30,44.021294355392456,30,0.6422505118861074
3730,,,,,,19.26751535658322,30,44.021294355392456,30,0.6422505118861074
3731,,,,,,19.26751535658322,30,44.021294355392456,30,0.6422505118861074
3732,878,486,-20,-4,20.396078054371138,19.26751535658322,30,44.021294355392456,30,0.6422505118861074
3733,,,,,,19.26751535658322,30,44.021294355392456,30,0.6422505118861074
3734,939,503,61,17,63.324560795950255,19.26751535658322,30,44.021294355392456,30,0.6422505118861074
3735,,,,,,19.26751535658322,30,44.021294355392456,30,0.6422505118861074
3736,,,,,,19.26751535658322,30,44.021294355392456,30,0.6422505118861074
3737,1098,427,159,-76,176.22996340009834,19.26751535658322,30,44.021294355392456,30,0.6422505118861074
3738,1153,364,55,-63,83.6301381082203,19.26751535658322,30,44.021294355392456,30,0.6422505118861074
3739,1156,359,3,-5,5.830951894845301,19.26751535658322,30,44.021294355392456,30,0.6422505118861074
3740,1155,366,-1,7,7.0710678118654755,19.26751535658322,30,44.021294355392456,30,0.6422505118861074
3741,1156,373,1,7,7.0710678118654755,19.26751535658322,30,44.021294355392456,30,0.6422505118861074
3742,1155,377,-1,4,4.123105625617661,19.26751535658322,30,44.021294355392456,30,0.6422505118861074
3743,1154,378,-1,1,1.4142135623730951,19.26751535658322,30,44.021294355392456,30,0.6422505118861074
3744,1155,378,1,0,1.0,19.26751535658322,30,44.021294355392456,30,0.6422505118861074
3745,1155,376,0,-2,2.0,19.26751535658322,30,44.021294355392456,30,0.6422505118861074
3746,1155,374,0,-2,2.0,19.26751535658322,30,44.021294355392456,30,0.6422505118861074
3747,1154,373,-1,-1,1.4142135623730951,19.26751535658322,30,44.021294355392456,30,0.6422505118861074
3748,1155,372,1,-1,1.4142135623730951,19.26751535658322,30,44.021294355392456,30,0.6422505118861074
3749,1155,372,0,0,0.0,19.26751535658322,30,44.021294355392456,30,0.6422505118861074
3750,1155,372,0,0,0.0,19.26751535658322,30,44.021294355392456,30,0.6422505118861074
3751,1155,372,0,0,0.0,19.26751535658322,30,44.021294355392456,30,0.6422505118861074
3752,1155,372,0,0,0.0,19.26751535658322,30,44.021294355392456,30,0.6422505118861074
3753,1155,372,0,0,0.0,19.26751535658322,30,44.021294355392456,30,0.6422505118861074
3754,1155,372,0,0,0.0,19.26751535658322,30,44.021294355392456,30,0.6422505118861074
3755,1155,372,0,0,0.0,19.26751535658322,30,44.021294355392456,30,0.6422505118861074
3756,1154,371,-1,-1,1.4142135623730951,19.26751535658322,30,44.021294355392456,30,0.6422505118861074
3757,1155,371,1,0,1.0,19.26751535658322,30,44.021294355392456,30,0.6422505118861074
3758,1155,371,0,0,0.0,19.26751535658322,30,44.021294355392456,30,0.6422505118861074
3759,1154,371,-1,0,1.0,19.26751535658322,30,44.021294355392456,30,0.6422505118861074
3760,1155,371,1,0,1.0,19.26751535658322,30,44.021294355392456,30,0.6422505118861074
3761,1155,370,0,-1,1.0,19.26751535658322,30,44.021294355392456,30,0.6422505118861074
3762,1154,370,-1,0,1.0,19.26751535658322,30,44.021294355392456,30,0.6422505118861074
3763,1154,370,0,0,0.0,19.26751535658322,30,44.021294355392456,30,0.6422505118861074
3764,1154,370,0,0,0.0,19.26751535658322,30,44.021294355392456,30,0.6422505118861074
3765,1154,370,0,0,0.0,19.26751535658322,30,44.021294355392456,30,0.6422505118861074
3766,1154,370,0,0,0.0,19.26751535658322,30,44.021294355392456,30,0.6422505118861074
3767,1154,370,0,0,0.0,19.26751535658322,30,44.021294355392456,30,0.6422505118861074
3768,1154,370,0,0,0.0,19.26751535658322,30,44.021294355392456,30,0.6422505118861074
3769,1154,369,0,-1,1.0,19.26751535658322,30,44.021294355392456,30,0.6422505118861074
3770,1154,369,0,0,0.0,19.26751535658322,30,44.021294355392456,30,0.6422505118861074
3771,1154,369,0,0,0.0,19.26751535658322,30,44.021294355392456,30,0.6422505118861074
3772,1154,369,0,0,0.0,19.26751535658322,30,44.021294355392456,30,0.6422505118861074
3773,1154,369,0,0,0.0,19.26751535658322,30,44.021294355392456,30,0.6422505118861074
3774,1154,369,0,0,0.0,19.26751535658322,30,44.021294355392456,30,0.6422505118861074
3775,1154,369,0,0,0.0,19.26751535658322,30,44.021294355392456,30,0.6422505118861074
3776,1154,369,0,0,0.0,19.26751535658322,30,44.021294355392456,30,0.6422505118861074
3777,1154,369,0,0,0.0,19.26751535658322,30,44.021294355392456,30,0.6422505118861074
3778,1154,368,0,-1,1.0,19.26751535658322,30,44.021294355392456,30,0.6422505118861074
3779,1154,368,0,0,0.0,19.26751535658322,30,44.021294355392456,30,0.6422505118861074
3780,1154,368,0,0,0.0,19.26751535658322,30,44.021294355392456,30,0.6422505118861074
3781,1154,368,0,0,0.0,19.26751535658322,30,44.021294355392456,30,0.6422505118861074
3782,1154,368,0,0,0.0,19.26751535658322,30,44.021294355392456,30,0.6422505118861074
3783,1154,368,0,0,0.0,19.26751535658322,30,44.021294355392456,30,0.6422505118861074
3784,1154,368,0,0,0.0,19.26751535658322,30,44.021294355392456,30,0.6422505118861074
3785,1154,368,0,0,0.0,19.26751535658322,30,44.021294355392456,30,0.6422505118861074
3786,1154,368,0,0,0.0,19.26751535658322,30,44.021294355392456,30,0.6422505118861074
3787,1154,368,0,0,0.0,19.26751535658322,30,44.021294355392456,30,0.6422505118861074
3788,1154,368,0,0,0.0,19.26751535658322,30,44.021294355392456,30,0.6422505118861074
3789,1154,368,0,0,0.0,19.26751535658322,30,44.021294355392456,30,0.6422505118861074
3790,1154,368,0,0,0.0,19.26751535658322,30,44.021294355392456,30,0.6422505118861074
3791,1154,368,0,0,0.0,19.26751535658322,30,44.021294355392456,30,0.6422505118861074
3792,1154,368,0,0,0.0,19.26751535658322,30,44.021294355392456,30,0.6422505118861074
3793,1154,367,0,-1,1.0,19.26751535658322,30,44.021294355392456,30,0.6422505118861074
3794,1154,367,0,0,0.0,19.26751535658322,30,44.021294355392456,30,0.6422505118861074
3795,1154,367,0,0,0.0,19.26751535658322,30,44.021294355392456,30,0.6422505118861074
3796,1154,367,0,0,0.0,19.26751535658322,30,44.021294355392456,30,0.6422505118861074
3797,1154,367,0,0,0.0,19.26751535658322,30,44.021294355392456,30,0.6422505118861074
3798,1154,367,0,0,0.0,19.26751535658322,30,44.021294355392456,30,0.6422505118861074
3799,1154,367,0,0,0.0,19.26751535658322,30,44.021294355392456,30,0.6422505118861074
3800,1153,367,-1,0,1.0,19.26751535658322,30,44.021294355392456,30,0.6422505118861074
3801,1154,367,1,0,1.0,19.26751535658322,30,44.021294355392456,30,0.6422505118861074
3802,1153,367,-1,0,1.0,19.26751535658322,30,44.021294355392456,30,0.6422505118861074
3803,1153,367,0,0,0.0,19.26751535658322,30,44.021294355392456,30,0.6422505118861074
3804,1153,367,0,0,0.0,19.26751535658322,30,44.021294355392456,30,0.6422505118861074
3805,1154,367,1,0,1.0,19.26751535658322,30,44.021294355392456,30,0.6422505118861074
3806,1153,367,-1,0,1.0,19.26751535658322,30,44.021294355392456,30,0.6422505118861074
3807,1154,367,1,0,1.0,19.26751535658322,30,44.021294355392456,30,0.6422505118861074
3808,1154,367,0,0,0.0,19.26751535658322,30,44.021294355392456,30,0.6422505118861074
3809,1153,367,-1,0,1.0,19.26751535658322,30,44.021294355392456,30,0.6422505118861074
3810,1153,367,0,0,0.0,19.26751535658322,30,44.021294355392456,30,0.6422505118861074
3811,1098,596,-55,229,235.51220775153035,19.26751535658322,30,44.021294355392456,30,0.6422505118861074
3812,1237,584,139,-12,139.51702405083043,19.26751535658322,30,44.021294355392456,30,0.6422505118861074
3813,,,,,,19.26751535658322,30,44.021294355392456,30,0.6422505118861074
3814,,,,,,19.26751535658322,30,44.021294355392456,30,0.6422505118861074
3815,1243,544,6,-40,40.44749683231337,19.26751535658322,30,44.021294355392456,30,0.6422505118861074
3816,1252,541,9,-3,9.486832980505138,19.26751535658322,30,44.021294355392456,30,0.6422505118861074
3817,1270,539,18,-2,18.110770276274835,19.26751535658322,30,44.021294355392456,30,0.6422505118861074
3818,1264,536,-6,-3,6.708203932499369,19.26751535658322,30,44.021294355392456,30,0.6422505118861074
3819,1262,535,-2,-1,2.23606797749979,19.26751535658322,30,44.021294355392456,30,0.6422505118861074
3820,1271,535,9,0,9.0,19.26751535658322,30,44.021294355392456,30,0.6422505118861074
3821,1263,534,-8,-1,8.06225774829855,19.26751535658322,30,44.021294355392456,30,0.6422505118861074
3822,1265,535,2,1,2.23606797749979,19.26751535658322,30,44.021294355392456,30,0.6422505118861074
3823,1276,535,11,0,11.0,19.26751535658322,30,44.021294355392456,30,0.6422505118861074
3824,1267,535,-9,0,9.0,19.26751535658322,30,44.021294355392456,30,0.6422505118861074
3825,1267,536,0,1,1.0,19.26751535658322,30,44.021294355392456,30,0.6422505118861074
3826,1294,538,27,2,27.073972741361768,19.26751535658322,30,44.021294355392456,30,0.6422505118861074
3827,1297,539,3,1,3.1622776601683795,19.26751535658322,30,44.021294355392456,30,0.6422505118861074
3828,1295,540,-2,1,2.23606797749979,19.26751535658322,30,44.021294355392456,30,0.6422505118861074
3829,1308,541,13,1,13.038404810405298,19.26751535658322,30,44.021294355392456,30,0.6422505118861074
3830,1296,540,-12,-1,12.041594578792296,19.26751535658322,30,44.021294355392456,30,0.6422505118861074
3831,1296,541,0,1,1.0,19.26751535658322,30,44.021294355392456,30,0.6422505118861074
3832,1292,540,-4,-1,4.123105625617661,19.26751535658322,30,44.021294355392456,30,0.6422505118861074
3833,1237,533,-55,-7,55.44366510251645,19.26751535658322,30,44.021294355392456,30,0.6422505118861074
3834,1237,534,0,1,1.0,19.26751535658322,30,44.021294355392456,30,0.6422505118861074
3835,1209,530,-28,-4,28.284271247461902,19.26751535658322,30,44.021294355392456,30,0.6422505118861074
3836,1172,525,-37,-5,37.33630940518894,19.26751535658322,30,44.021294355392456,30,0.6422505118861074
3837,1144,522,-28,-3,28.160255680657446,19.26751535658322,30,44.021294355392456,30,0.6422505118861074
3838,1114,519,-30,-3,30.14962686336267,19.26751535658322,30,44.021294355392456,30,0.6422505118861074
3839,1108,518,-6,-1,6.082762530298219,19.26751535658322,30,44.021294355392456,30,0.6422505118861074
3840,1083,515,-25,-3,25.179356624028344,19.26751535658322,30,44.021294355392456,30,0.6422505118861074
3841,1065,514,-18,-1,18.027756377319946,19.26751535658322,30,44.021294355392456,30,0.6422505118861074
3842,1074,514,9,0,9.0,19.26751535658322,30,44.021294355392456,30,0.6422505118861074
3843,1066,513,-8,-1,8.06225774829855,19.26751535658322,30,44.021294355392456,30,0.6422505118861074
3844,1083,516,17,3,17.26267650163207,19.26751535658322,30,44.021294355392456,30,0.6422505118861074
3845,1104,518,21,2,21.095023109728988,19.26751535658322,30,44.021294355392456,30,0.6422505118861074
3846,1112,519,8,1,8.06225774829855,19.26751535658322,30,44.021294355392456,30,0.6422505118861074
3847,1150,524,38,5,38.3275357934736,19.26751535658322,30,44.021294355392456,30,0.6422505118861074
3848,1166,527,16,3,16.278820596099706,19.26751535658322,30,44.021294355392456,30,0.6422505118861074
3849,1162,525,-4,-2,4.47213595499958,19.26751535658322,30,44.021294355392456,30,0.6422505118861074
3850,1201,530,39,5,39.319206502675,19.26751535658322,30,44.021294355392456,30,0.6422505118861074
3851,1210,533,9,3,9.486832980505138,19.26751535658322,30,44.021294355392456,30,0.6422505118861074
3852,1250,537,40,4,40.19950248448356,19.26751535658322,30,44.021294355392456,30,0.6422505118861074
3853,1272,539,22,2,22.090722034374522,19.26751535658322,30,44.021294355392456,30,0.6422505118861074
3854,1281,542,9,3,9.486832980505138,19.26751535658322,30,44.021294355392456,30,0.6422505118861074
3855,1299,543,18,1,18.027756377319946,19.26751535658322,30,44.021294355392456,30,0.6422505118861074
3856,1300,543,1,0,1.0,19.26751535658322,30,44.021294355392456,30,0.6422505118861074
3857,1297,543,-3,0,3.0,19.26751535658322,30,44.021294355392456,30,0.6422505118861074
3858,1300,544,3,1,3.1622776601683795,19.26751535658322,30,44.021294355392456,30,0.6422505118861074
3859,1275,540,-25,-4,25.317977802344327,19.26751535658322,30,44.021294355392456,30,0.6422505118861074
3860,1257,538,-18,-2,18.110770276274835,19.26751535658322,30,44.021294355392456,30,0.6422505118861074
3861,1222,534,-35,-4,35.22782990761707,19.26751535658322,30,44.021294355392456,30,0.6422505118861074
3862,1169,528,-53,-6,53.33854141237835,19.26751535658322,30,44.021294355392456,30,0.6422505118861074
3863,1140,524,-29,-4,29.274562336608895,19.26751535658322,30,44.021294355392456,30,0.6422505118861074
3864,1104,520,-36,-4,36.22154055254967,19.26751535658322,30,44.021294355392456,30,0.6422505118861074
3865,1097,519,-7,-1,7.0710678118654755,19.26751535658322,30,44.021294355392456,30,0.6422505118861074
3866,1077,516,-20,-3,20.223748416156685,19.26751535658322,30,44.021294355392456,30,0.6422505118861074
3867,1061,515,-16,-1,16.0312195418814,19.26751535658322,30,44.021294355392456,30,0.6422505118861074
3868,1076,517,15,2,15.132745950421556,19.26751535658322,30,44.021294355392456,30,0.6422505118861074
3869,1075,516,-1,-1,1.4142135623730951,19.26751535658322,30,44.021294355392456,30,0.6422505118861074
3870,1091,519,16,3,16.278820596099706,19.26751535658322,30,44.021294355392456,30,0.6422505118861074
3871,1117,522,26,3,26.1725046566048,19.26751535658322,30,44.021294355392456,30,0.6422505118861074
3872,1124,523,7,1,7.0710678118654755,19.26751535658322,30,44.021294355392456,30,0.6422505118861074
3873,1167,528,43,5,43.289721643826724,19.26751535658322,30,44.021294355392456,30,0.6422505118861074
3874,1186,531,19,3,19.235384061671343,19.26751535658322,30,44.021294355392456,30,0.6422505118861074
3875,1209,533,23,2,23.08679276123039,19.26751535658322,30,44.021294355392456,30,0.6422505118861074
3876,1230,536,21,3,21.213203435596427,19.26751535658322,30,44.021294355392456,30,0.6422505118861074
3877,1244,539,14,3,14.317821063276353,19.26751535658322,30,44.021294355392456,30,0.6422505118861074
3878,1274,542,30,3,30.14962686336267,19.26751535658322,30,44.021294355392456,30,0.6422505118861074
3879,1297,544,23,2,23.08679276123039,19.26751535658322,30,44.021294355392456,30,0.6422505118861074
3880,1296,544,-1,0,1.0,19.26751535658322,30,44.021294355392456,30,0.6422505118861074
3881,1307,545,11,1,11.045361017187261,19.26751535658322,30,44.021294355392456,30,0.6422505118861074
3882,1298,544,-9,-1,9.055385138137417,19.26751535658322,30,44.021294355392456,30,0.6422505118861074
3883,1278,542,-20,-2,20.09975124224178,19.26751535658322,30,44.021294355392456,30,0.6422505118861074
3884,1284,543,6,1,6.082762530298219,19.26751535658322,30,44.021294355392456,30,0.6422505118861074
3885,1213,534,-71,-9,71.56814934033156,19.26751535658322,30,44.021294355392456,30,0.6422505118861074
3886,1184,530,-29,-4,29.274562336608895,19.26751535658322,30,44.021294355392456,30,0.6422505118861074
3887,1130,525,-54,-5,54.230987451824994,19.26751535658322,30,44.021294355392456,30,0.6422505118861074
3888,1114,523,-16,-2,16.1245154965971,19.26751535658322,30,44.021294355392456,30,0.6422505118861074
3889,1100,520,-14,-3,14.317821063276353,19.26751535658322,30,44.021294355392456,30,0.6422505118861074
3890,1070,516,-30,-4,30.265491900843113,19.26751535658322,30,44.021294355392456,30,0.6422505118861074
3891,1070,517,0,1,1.0,19.26751535658322,30,44.021294355392456,30,0.6422505118861074
3892,1072,517,2,0,2.0,19.26751535658322,30,44.021294355392456,30,0.6422505118861074
3893,1070,517,-2,0,2.0,19.26751535658322,30,44.021294355392456,30,0.6422505118861074
3894,1098,521,28,4,28.284271247461902,19.26751535658322,30,44.021294355392456,30,0.6422505118861074
3895,1108,522,10,1,10.04987562112089,19.26751535658322,30,44.021294355392456,30,0.6422505118861074
3896,1132,525,24,3,24.186773244895647,19.26751535658322,30,44.021294355392456,30,0.6422505118861074
3897,1166,529,34,4,34.23448553724738,19.26751535658322,30,44.021294355392456,30,0.6422505118861074
3898,1177,531,11,2,11.180339887498949,19.26751535658322,30,44.021294355392456,30,0.6422505118861074
3899,1215,535,38,4,38.2099463490856,19.26751535658322,30,44.021294355392456,30,0.6422505118861074
3900,1230,537,15,2,15.132745950421556,19.26751535658322,30,44.021294355392456,30,0.6422505118861074
3901,1244,539,14,2,14.142135623730951,19.26751535658322,30,44.021294355392456,30,0.6422505118861074
3902,1269,541,25,2,25.079872407968907,19.26751535658322,30,44.021294355392456,30,0.6422505118861074
3903,1280,543,11,2,11.180339887498949,19.26751535658322,30,44.021294355392456,30,0.6422505118861074
3904,1295,545,15,2,15.132745950421556,19.26751535658322,30,44.021294355392456,30,0.6422505118861074
3905,1312,546,17,1,17.029386365926403,19.26751535658322,30,44.021294355392456,30,0.6422505118861074
3906,1296,545,-16,-1,16.0312195418814,19.26751535658322,30,44.021294355392456,30,0.6422505118861074
3907,1297,545,1,0,1.0,19.26751535658322,30,44.021294355392456,30,0.6422505118861074
3908,1292,544,-5,-1,5.0990195135927845,19.26751535658322,30,44.021294355392456,30,0.6422505118861074
3909,1237,537,-55,-7,55.44366510251645,19.26751535658322,30,44.021294355392456,30,0.6422505118861074
3910,1216,536,-21,-1,21.02379604162864,19.26751535658322,30,44.021294355392456,30,0.6422505118861074
3911,1155,529,-61,-7,61.40032573203501,19.26751535658322,30,44.021294355392456,30,0.6422505118861074
3912,1140,526,-15,-3,15.297058540778355,19.26751535658322,30,44.021294355392456,30,0.6422505118861074
3913,1107,522,-33,-4,33.24154027718932,19.26751535658322,30,44.021294355392456,30,0.6422505118861074
3914,1082,520,-25,-2,25.079872407968907,19.26751535658322,30,44.021294355392456,30,0.6422505118861074
3915,1080,518,-2,-2,2.8284271247461903,19.26751535658322,30,44.021294355392456,30,0.6422505118861074
3916,1062,516,-18,-2,18.110770276274835,19.26751535658322,30,44.021294355392456,30,0.6422505118861074
3917,1068,518,6,2,6.324555320336759,19.26751535658322,30,44.021294355392456,30,0.6422505118861074
3918,1081,520,13,2,13.152946437965905,19.26751535658322,30,44.021294355392456,30,0.6422505118861074
3919,1080,519,-1,-1,1.4142135623730951,19.26751535658322,30,44.021294355392456,30,0.6422505118861074
3920,1110,523,30,4,30.265491900843113,19.26751535658322,30,44.021294355392456,30,0.6422505118861074
3921,1115,524,5,1,5.0990195135927845,19.26751535658322,30,44.021294355392456,30,0.6422505118861074
3922,1115,523,0,-1,1.0,19.26751535658322,30,44.021294355392456,30,0.6422505118861074
3923,1153,528,38,5,38.3275357934736,19.26751535658322,30,44.021294355392456,30,0.6422505118861074
3924,1167,530,14,2,14.142135623730951,19.26751535658322,30,44.021294355392456,30,0.6422505118861074
3925,1192,533,25,3,25.179356624028344,19.26751535658322,30,44.021294355392456,30,0.6422505118861074
3926,1223,537,31,4,31.25699921617557,19.26751535658322,30,44.021294355392456,30,0.6422505118861074
3927,1243,540,20,3,20.223748416156685,19.26751535658322,30,44.021294355392456,30,0.6422505118861074
3928,1281,544,38,4,38.2099463490856,19.26751535658322,30,44.021294355392456,30,0.6422505118861074
3929,1295,544,14,0,14.0,19.26751535658322,30,44.021294355392456,30,0.6422505118861074
3930,1298,545,3,1,3.1622776601683795,19.26751535658322,30,44.021294355392456,30,0.6422505118861074
3931,1310,546,12,1,12.041594578792296,19.26751535658322,30,44.021294355392456,30,0.6422505118861074
3932,1301,545,-9,-1,9.055385138137417,19.26751535658322,30,44.021294355392456,30,0.6422505118861074
3933,1293,545,-8,0,8.0,19.26751535658322,30,44.021294355392456,30,0.6422505118861074
3934,1294,546,1,1,1.4142135623730951,19.26751535658322,30,44.021294355392456,30,0.6422505118861074
3935,1234,538,-60,-8,60.530983801686226,19.26751535658322,30,44.021294355392456,30,0.6422505118861074
3936,1206,534,-28,-4,28.284271247461902,19.26751535658322,30,44.021294355392456,30,0.6422505118861074
3937,1153,529,-53,-5,53.23532661682466,19.26751535658322,30,44.021294355392456,30,0.6422505118861074
3938,1142,527,-11,-2,11.180339887498949,19.26751535658322,30,44.021294355392456,30,0.6422505118861074
3939,1119,524,-23,-3,23.194827009486403,19.26751535658322,30,44.021294355392456,30,0.6422505118861074
3940,1095,522,-24,-2,24.08318915758459,19.26751535658322,30,44.021294355392456,30,0.6422505118861074
3941,1093,521,-2,-1,2.23606797749979,19.26751535658322,30,44.021294355392456,30,0.6422505118861074
3942,1080,519,-13,-2,13.152946437965905,19.26751535658322,30,44.021294355392456,30,0.6422505118861074
3943,1063,517,-17,-2,17.11724276862369,19.26751535658322,30,44.021294355392456,30,0.6422505118861074
3944,1073,519,10,2,10.198039027185569,19.26751535658322,30,44.021294355392456,30,0.6422505118861074
3945,1070,519,-3,0,3.0,19.26751535658322,30,44.021294355392456,30,0.6422505118861074
3946,1084,520,14,1,14.035668847618199,19.26751535658322,30,44.021294355392456,30,0.6422505118861074
3947,1112,524,28,4,28.284271247461902,19.26751535658322,30,44.021294355392456,30,0.6422505118861074
3948,1109,523,-3,-1,3.1622776601683795,19.26751535658322,30,44.021294355392456,30,0.6422505118861074
3949,1136,527,27,4,27.294688127912362,19.26751535658322,30,44.021294355392456,30,0.6422505118861074
3950,1160,531,24,4,24.331050121192877,19.26751535658322,30,44.021294355392456,30,0.6422505118861074
3951,1179,532,19,1,19.026297590440446,19.26751535658322,30,44.021294355392456,30,0.6422505118861074
3952,1208,536,29,4,29.274562336608895,19.26751535658322,30,44.021294355392456,30,0.6422505118861074
3953,1230,539,22,3,22.20360331117452,19.26751535658322,30,44.021294355392456,30,0.6422505118861074
3954,1264,542,34,3,34.132096331752024,19.26751535658322,30,44.021294355392456,30,0.6422505118861074
3955,1294,544,30,2,30.066592756745816,19.26751535658322,30,44.021294355392456,30,0.6422505118861074
3956,1293,545,-1,1,1.4142135623730951,19.26751535658322,30,44.021294355392456,30,0.6422505118861074
3957,1308,547,15,2,15.132745950421556,19.26751535658322,30,44.021294355392456,30,0.6422505118861074
3958,1306,546,-2,-1,2.23606797749979,19.26751535658322,30,44.021294355392456,30,0.6422505118861074
3959,1297,546,-9,0,9.0,19.26751535658322,30,44.021294355392456,30,0.6422505118861074
3960,1309,547,12,1,12.041594578792296,19.26751535658322,30,44.021294355392456,30,0.6422505118861074
3961,1300,546,-9,-1,9.055385138137417,19.26751535658322,30,44.021294355392456,30,0.6422505118861074
3962,1282,544,-18,-2,18.110770276274835,19.26751535658322,30,44.021294355392456,30,0.6422505118861074
3963,1289,546,7,2,7.280109889280518,19.26751535658322,30,44.021294355392456,30,0.6422505118861074
3964,1135,527,-154,-19,155.16765126791086,19.26751535658322,30,44.021294355392456,30,0.6422505118861074
3965,1096,521,-39,-6,39.45883931389772,19.26751535658322,30,44.021294355392456,30,0.6422505118861074
3966,1048,515,-48,-6,48.373546489791295,19.26751535658322,30,44.021294355392456,30,0.6422505118861074
3967,1063,518,15,3,15.297058540778355,19.26751535658322,30,44.021294355392456,30,0.6422505118861074
3968,1085,520,22,2,22.090722034374522,19.26751535658322,30,44.021294355392456,30,0.6422505118861074
3969,1126,524,41,4,41.19465984809196,19.26751535658322,30,44.021294355392456,30,0.6422505118861074
3970,1185,533,59,9,59.682493245507096,19.26751535658322,30,44.021294355392456,30,0.6422505118861074
3971,1229,538,44,5,44.28317965096906,19.26751535658322,30,44.021294355392456,30,0.6422505118861074
3972,1315,548,86,10,86.57944328765345,19.26751535658322,30,44.021294355392456,30,0.6422505118861074
3973,1312,548,-3,0,3.0,19.26751535658322,30,44.021294355392456,30,0.6422505118861074
3974,1315,549,3,1,3.1622776601683795,19.26751535658322,30,44.021294355392456,30,0.6422505118861074
3975,1298,547,-17,-2,17.11724276862369,19.26751535658322,30,44.021294355392456,30,0.6422505118861074
3976,1183,532,-115,-15,115.97413504743201,19.26751535658322,30,44.021294355392456,30,0.6422505118861074
3977,1102,523,-81,-9,81.49846624323675,19.26751535658322,30,44.021294355392456,30,0.6422505118861074
3978,1062,518,-40,-5,40.311288741492746,19.26751535658322,30,44.021294355392456,30,0.6422505118861074
3979,1062,517,0,-1,1.0,19.26751535658322,30,44.021294355392456,30,0.6422505118861074
3980,1063,518,1,1,1.4142135623730951,19.26751535658322,30,44.021294355392456,30,0.6422505118861074
3981,1110,524,47,6,47.38143096192854,19.26751535658322,30,44.021294355392456,30,0.6422505118861074
3982,1159,530,49,6,49.36598018878993,19.26751535658322,30,44.021294355392456,30,0.6422505118861074
3983,1201,534,42,4,42.190046219457976,19.26751535658322,30,44.021294355392456,30,0.6422505118861074
3984,1280,544,79,10,79.63039620647382,19.26751535658322,30,44.021294355392456,30,0.6422505118861074
3985,1307,548,27,4,27.294688127912362,19.26751535658322,30,44.021294355392456,30,0.6422505118861074
3986,1326,550,19,2,19.1049731745428,19.26751535658322,30,44.021294355392456,30,0.6422505118861074
3987,1292,546,-34,-4,34.23448553724738,19.26751535658322,30,44.021294355392456,30,0.6422505118861074
3988,1252,542,-40,-4,40.19950248448356,19.26751535658322,30,44.021294355392456,30,0.6422505118861074
3989,1106,524,-146,-18,147.10540438746634,19.26751535658322,30,44.021294355392456,30,0.6422505118861074
3990,1092,522,-14,-2,14.142135623730951,19.26751535658322,30,44.021294355392456,30,0.6422505118861074
3991,1057,516,-35,-6,35.510561809129406,19.26751535658322,30,44.021294355392456,30,0.6422505118861074
3992,1054,517,-3,1,3.1622776601683795,19.26751535658322,30,44.021294355392456,30,0.6422505118861074
3993,1093,522,39,5,39.319206502675,19.26751535658322,30,44.021294355392456,30,0.6422505118861074
3994,1124,525,31,3,31.144823004794873,19.26751535658322,30,44.021294355392456,30,0.6422505118861074
3995,1191,533,67,8,67.47592163134935,19.26751535658322,30,44.021294355392456,30,0.6422505118861074
3996,1227,539,36,6,36.49657518178932,19.26751535658322,30,44.021294355392456,30,0.6422505118861074
3997,1311,548,84,9,84.48076704197234,19.26751535658322,30,44.021294355392456,30,0.6422505118861074
3998,1320,549,9,1,9.055385138137417,19.26751535658322,30,44.021294355392456,30,0.6422505118861074
3999,1308,549,-12,0,12.0,19.26751535658322,30,44.021294355392456,30,0.6422505118861074
4000,1311,550,3,1,3.1622776601683795,19.26751535658322,30,44.021294355392456,30,0.6422505118861074
4001,1236,539,-75,-11,75.8023746329889,19.26751535658322,30,44.021294355392456,30,0.6422505118861074
4002,1148,528,-88,-11,88.68483523128404,19.26751535658322,30,44.021294355392456,30,0.6422505118861074
4003,1079,520,-69,-8,69.46221994724903,19.26751535658322,30,44.021294355392456,30,0.6422505118861074
4004,1058,517,-21,-3,21.213203435596427,19.26751535658322,30,44.021294355392456,30,0.6422505118861074
4005,1062,517,4,0,4.0,19.26751535658322,30,44.021294355392456,30,0.6422505118861074
4006,1074,519,12,2,12.165525060596439,19.26751535658322,30,44.021294355392456,30,0.6422505118861074
4007,1135,527,61,8,61.5223536610881,19.26751535658322,30,44.021294355392456,30,0.6422505118861074
4008,1175,533,40,6,40.44749683231337,19.26751535658322,30,44.021294355392456,30,0.6422505118861074
4009,1224,537,49,4,49.16299421312742,19.26751535658322,30,44.021294355392456,30,0.6422505118861074
4010,1295,547,71,10,71.7007670809734,19.26751535658322,30,44.021294355392456,30,0.6422505118861074
4011,1316,550,21,3,21.213203435596427,19.26751535658322,30,44.021294355392456,30,0.6422505118861074
4012,1323,550,7,0,7.0,19.26751535658322,30,44.021294355392456,30,0.6422505118861074
4013,1288,546,-35,-4,35.22782990761707,19.26751535658322,30,44.021294355392456,30,0.6422505118861074
4014,1263,544,-25,-2,25.079872407968907,19.26751535658322,30,44.021294355392456,30,0.6422505118861074
4015,1108,525,-155,-19,156.16017418023074,19.26751535658322,30,44.021294355392456,30,0.6422505118861074
4016,1095,522,-13,-3,13.341664064126334,19.26751535658322,30,44.021294355392456,30,0.6422505118861074
4017,1053,516,-42,-6,42.42640687119285,19.26751535658322,30,44.021294355392456,30,0.6422505118861074
4018,1054,518,1,2,2.23606797749979,19.26751535658322,30,44.021294355392456,30,0.6422505118861074
4019,1090,522,36,4,36.22154055254967,19.26751535658322,30,44.021294355392456,30,0.6422505118861074
4020,1130,526,40,4,40.19950248448356,19.26751535658322,30,44.021294355392456,30,0.6422505118861074
4021,1171,531,41,5,41.30375285612676,19.26751535658322,30,44.021294355392456,30,0.6422505118861074
4022,1222,539,51,8,51.62363799656123,19.26751535658322,30,44.021294355392456,30,0.6422505118861074
4023,1310,548,88,9,88.45903006477066,19.26751535658322,30,44.021294355392456,30,0.6422505118861074
4024,1314,549,4,1,4.123105625617661,19.26751535658322,30,44.021294355392456,30,0.6422505118861074
4025,1313,550,-1,1,1.4142135623730951,19.26751535658322,30,44.021294355392456,30,0.6422505118861074
4026,1310,550,-3,0,3.0,19.26751535658322,30,44.021294355392456,30,0.6422505118861074
4027,1160,530,-150,-20,151.32745950421557,19.26751535658322,30,44.021294355392456,30,0.6422505118861074
4028,1113,525,-47,-5,47.265209192385896,19.26751535658322,30,44.021294355392456,30,0.6422505118861074
4029,1061,519,-52,-6,52.3450093132096,19.26751535658322,30,44.021294355392456,30,0.6422505118861074
4030,1059,518,-2,-1,2.23606797749979,19.26751535658322,30,44.021294355392456,30,0.6422505118861074
4031,1063,518,4,0,4.0,19.26751535658322,30,44.021294355392456,30,0.6422505118861074
4032,1102,523,39,5,39.319206502675,19.26751535658322,30,44.021294355392456,30,0.6422505118861074
4033,1128,527,26,4,26.30589287593181,19.26751535658322,30,44.021294355392456,30,0.6422505118861074
4034,1152,529,24,2,24.08318915758459,19.26751535658322,30,44.021294355392456,30,0.6422505118861074
4035,1220,537,68,8,68.46897107449476,19.26751535658322,30,44.021294355392456,30,0.6422505118861074
4036,1258,544,38,7,38.63935817272331,19.26751535658322,30,44.021294355392456,30,0.6422505118861074
4037,1307,549,49,5,49.25444142409901,19.26751535658322,30,44.021294355392456,30,0.6422505118861074
4038,1321,550,14,1,14.035668847618199,19.26751535658322,30,44.021294355392456,30,0.6422505118861074
4039,1309,549,-12,-1,12.041594578792296,19.26751535658322,30,44.021294355392456,30,0.6422505118861074
4040,1320,551,11,2,11.180339887498949,19.26751535658322,30,44.021294355392456,30,0.6422505118861074
4041,1244,541,-76,-10,76.6550715869472,19.26751535658322,30,44.021294355392456,30,0.6422505118861074
4042,1160,530,-84,-11,84.71717653463199,19.26751535658322,30,44.021294355392456,30,0.6422505118861074
4043,1087,522,-73,-8,73.43704787094863,19.26751535658322,30,44.021294355392456,30,0.6422505118861074
4044,1058,518,-29,-4,29.274562336608895,19.26751535658322,30,44.021294355392456,30,0.6422505118861074
4045,1058,518,0,0,0.0,19.26751535658322,30,44.021294355392456,30,0.6422505118861074
4046,1071,520,13,2,13.152946437965905,19.26751535658322,30,44.021294355392456,30,0.6422505118861074
4047,1119,527,48,7,48.507731342539614,19.26751535658322,30,44.021294355392456,30,0.6422505118861074
4048,1143,529,24,2,24.08318915758459,19.26751535658322,30,44.021294355392456,30,0.6422505118861074
4049,1184,533,41,4,41.19465984809196,19.26751535658322,30,44.021294355392456,30,0.6422505118861074
4050,1295,547,111,14,111.87939935484101,19.26751535658322,30,44.021294355392456,30,0.6422505118861074
4051,1315,550,20,3,20.223748416156685,19.26751535658322,30,44.021294355392456,30,0.6422505118861074
4052,1327,550,12,0,12.0,19.26751535658322,30,44.021294355392456,30,0.6422505118861074
4053,1286,546,-41,-4,41.19465984809196,19.26751535658322,30,44.021294355392456,30,0.6422505118861074
4054,1215,538,-71,-8,71.449282711585,19.26751535658322,30,44.021294355392456,30,0.6422505118861074
4055,1107,525,-108,-13,108.77959367454909,19.26751535658322,30,44.021294355392456,30,0.6422505118861074
4056,1102,523,-5,-2,5.385164807134504,19.26751535658322,30,44.021294355392456,30,0.6422505118861074
4057,1058,518,-44,-5,44.28317965096906,19.26751535658322,30,44.021294355392456,30,0.6422505118861074
4058,1050,518,-8,0,8.0,19.26751535658322,30,44.021294355392456,30,0.6422505118861074
4059,1079,521,29,3,29.154759474226502,19.26751535658322,30,44.021294355392456,30,0.6422505118861074
4060,1106,524,27,3,27.16615541441225,19.26751535658322,30,44.021294355392456,30,0.6422505118861074
4061,1145,529,39,5,39.319206502675,19.26751535658322,30,44.021294355392456,30,0.6422505118861074
4062,1183,535,38,6,38.47076812334269,19.26751535658322,30,44.021294355392456,30,0.6422505118861074
4063,1309,549,126,14,126.77539193392383,19.26751535658322,30,44.021294355392456,30,0.6422505118861074
4064,1313,548,4,-1,4.123105625617661,19.26751535658322,30,44.021294355392456,30,0.6422505118861074
4065,1314,550,1,2,2.23606797749979,19.26751535658322,30,44.021294355392456,30,0.6422505118861074
4066,1310,549,-4,-1,4.123105625617661,19.26751535658322,30,44.021294355392456,30,0.6422505118861074
4067,1201,535,-109,-14,109.89540481748998,19.26751535658322,30,44.021294355392456,30,0.6422505118861074
4068,1133,527,-68,-8,68.46897107449476,19.26751535658322,30,44.021294355392456,30,0.6422505118861074
4069,1062,520,-71,-7,71.34423592694787,19.26751535658322,30,44.021294355392456,30,0.6422505118861074
4070,1060,518,-2,-2,2.8284271247461903,19.26751535658322,30,44.021294355392456,30,0.6422505118861074
4071,1058,518,-2,0,2.0,19.26751535658322,30,44.021294355392456,30,0.6422505118861074
4072,,,,,,19.26751535658322,30,44.021294355392456,30,0.6422505118861074
4073,,,,,,19.26751535658322,30,44.021294355392456,30,0.6422505118861074
4074,1136,422,78,-96,123.69316876852982,19.26751535658322,30,44.021294355392456,30,0.6422505118861074
4075,1143,414,7,-8,10.63014581273465,19.26751535658322,30,44.021294355392456,30,0.6422505118861074
4076,1153,395,10,-19,21.470910553583888,19.26751535658322,30,44.021294355392456,30,0.6422505118861074
4077,1154,378,1,-17,17.029386365926403,19.26751535658322,30,44.021294355392456,30,0.6422505118861074
4078,1154,371,0,-7,7.0,19.26751535658322,30,44.021294355392456,30,0.6422505118861074
4079,1154,370,0,-1,1.0,19.26751535658322,30,44.021294355392456,30,0.6422505118861074
4080,1154,371,0,1,1.0,19.26751535658322,30,44.021294355392456,30,0.6422505118861074
4081,1154,374,0,3,3.0,19.26751535658322,30,44.021294355392456,30,0.6422505118861074
4082,1154,375,0,1,1.0,19.26751535658322,30,44.021294355392456,30,0.6422505118861074
4083,1154,375,0,0,0.0,19.26751535658322,30,44.021294355392456,30,0.6422505118861074
4084,1153,374,-1,-1,1.4142135623730951,19.26751535658322,30,44.021294355392456,30,0.6422505118861074
4085,1153,374,0,0,0.0,19.26751535658322,30,44.021294355392456,30,0.6422505118861074
4086,1153,373,0,-1,1.0,19.26751535658322,30,44.021294355392456,30,0.6422505118861074
4087,1153,372,0,-1,1.0,19.26751535658322,30,44.021294355392456,30,0.6422505118861074
4088,1153,372,0,0,0.0,19.26751535658322,30,44.021294355392456,30,0.6422505118861074
4089,1153,372,0,0,0.0,19.26751535658322,30,44.021294355392456,30,0.6422505118861074
4090,1153,372,0,0,0.0,19.26751535658322,30,44.021294355392456,30,0.6422505118861074
4091,1153,372,0,0,0.0,19.26751535658322,30,44.021294355392456,30,0.6422505118861074
4092,1153,372,0,0,0.0,19.26751535658322,30,44.021294355392456,30,0.6422505118861074
4093,1153,371,0,-1,1.0,19.26751535658322,30,44.021294355392456,30,0.6422505118861074
4094,1153,371,0,0,0.0,19.26751535658322,30,44.021294355392456,30,0.6422505118861074
4095,1153,371,0,0,0.0,19.26751535658322,30,44.021294355392456,30,0.6422505118861074
4096,1153,371,0,0,0.0,19.26751535658322,30,44.021294355392456,30,0.6422505118861074
4097,1153,371,0,0,0.0,19.26751535658322,30,44.021294355392456,30,0.6422505118861074
4098,1153,371,0,0,0.0,19.26751535658322,30,44.021294355392456,30,0.6422505118861074
4099,1153,370,0,-1,1.0,19.26751535658322,30,44.021294355392456,30,0.6422505118861074
4100,1152,370,-1,0,1.0,19.26751535658322,30,44.021294355392456,30,0.6422505118861074
4101,1152,370,0,0,0.0,19.26751535658322,30,44.021294355392456,30,0.6422505118861074
4102,1153,370,1,0,1.0,19.26751535658322,30,44.021294355392456,30,0.6422505118861074
4103,1152,370,-1,0,1.0,19.26751535658322,30,44.021294355392456,30,0.6422505118861074
4104,1153,370,1,0,1.0,19.26751535658322,30,44.021294355392456,30,0.6422505118861074
4105,1153,370,0,0,0.0,19.26751535658322,30,44.021294355392456,30,0.6422505118861074
4106,1153,369,0,-1,1.0,19.26751535658322,30,44.021294355392456,30,0.6422505118861074
4107,1152,369,-1,0,1.0,19.26751535658322,30,44.021294355392456,30,0.6422505118861074
4108,1152,369,0,0,0.0,19.26751535658322,30,44.021294355392456,30,0.6422505118861074
4109,1152,369,0,0,0.0,19.26751535658322,30,44.021294355392456,30,0.6422505118861074
4110,1152,369,0,0,0.0,19.26751535658322,30,44.021294355392456,30,0.6422505118861074
4111,1152,369,0,0,0.0,19.26751535658322,30,44.021294355392456,30,0.6422505118861074
4112,1152,369,0,0,0.0,19.26751535658322,30,44.021294355392456,30,0.6422505118861074
4113,1152,369,0,0,0.0,19.26751535658322,30,44.021294355392456,30,0.6422505118861074
4114,1152,369,0,0,0.0,19.26751535658322,30,44.021294355392456,30,0.6422505118861074
4115,1152,369,0,0,0.0,19.26751535658322,30,44.021294355392456,30,0.6422505118861074
4116,1152,369,0,0,0.0,19.26751535658322,30,44.021294355392456,30,0.6422505118861074
4117,1152,369,0,0,0.0,19.26751535658322,30,44.021294355392456,30,0.6422505118861074
4118,1152,368,0,-1,1.0,19.26751535658322,30,44.021294355392456,30,0.6422505118861074
4119,1152,368,0,0,0.0,19.26751535658322,30,44.021294355392456,30,0.6422505118861074
4120,1152,368,0,0,0.0,19.26751535658322,30,44.021294355392456,30,0.6422505118861074
4121,1152,368,0,0,0.0,19.26751535658322,30,44.021294355392456,30,0.6422505118861074
4122,1152,368,0,0,0.0,19.26751535658322,30,44.021294355392456,30,0.6422505118861074
4123,1152,368,0,0,0.0,19.26751535658322,30,44.021294355392456,30,0.6422505118861074
4124,1152,368,0,0,0.0,19.26751535658322,30,44.021294355392456,30,0.6422505118861074
4125,1152,368,0,0,0.0,19.26751535658322,30,44.021294355392456,30,0.6422505118861074
4126,1152,368,0,0,0.0,19.26751535658322,30,44.021294355392456,30,0.6422505118861074
4127,1152,368,0,0,0.0,19.26751535658322,30,44.021294355392456,30,0.6422505118861074
4128,1152,368,0,0,0.0,19.26751535658322,30,44.021294355392456,30,0.6422505118861074
4129,1152,368,0,0,0.0,19.26751535658322,30,44.021294355392456,30,0.6422505118861074
4130,1152,368,0,0,0.0,19.26751535658322,30,44.021294355392456,30,0.6422505118861074
4131,1152,368,0,0,0.0,19.26751535658322,30,44.021294355392456,30,0.6422505118861074
4132,1152,367,0,-1,1.0,19.26751535658322,30,44.021294355392456,30,0.6422505118861074
4133,1152,367,0,0,0.0,19.26751535658322,30,44.021294355392456,30,0.6422505118861074
4134,1152,367,0,0,0.0,19.26751535658322,30,44.021294355392456,30,0.6422505118861074
4135,1152,367,0,0,0.0,19.26751535658322,30,44.021294355392456,30,0.6422505118861074
4136,1152,367,0,0,0.0,19.26751535658322,30,44.021294355392456,30,0.6422505118861074
4137,1152,367,0,0,0.0,19.26751535658322,30,44.021294355392456,30,0.6422505118861074
4138,1152,367,0,0,0.0,19.26751535658322,30,44.021294355392456,30,0.6422505118861074
4139,1151,367,-1,0,1.0,19.26751535658322,30,44.021294355392456,30,0.6422505118861074
4140,1151,367,0,0,0.0,19.26751535658322,30,44.021294355392456,30,0.6422505118861074
4141,1152,367,1,0,1.0,19.26751535658322,30,44.021294355392456,30,0.6422505118861074
4142,1152,367,0,0,0.0,19.26751535658322,30,44.021294355392456,30,0.6422505118861074
4143,1152,367,0,0,0.0,19.26751535658322,30,44.021294355392456,30,0.6422505118861074
4144,1152,367,0,0,0.0,19.26751535658322,30,44.021294355392456,30,0.6422505118861074
4145,1152,367,0,0,0.0,19.26751535658322,30,44.021294355392456,30,0.6422505118861074
4146,1152,367,0,0,0.0,19.26751535658322,30,44.021294355392456,30,0.6422505118861074
4147,,,,,,19.26751535658322,30,44.021294355392456,30,0.6422505118861074
4148,,,,,,19.26751535658322,30,44.021294355392456,30,0.6422505118861074
4149,1230,485,78,118,141.4496376806954,19.26751535658322,30,44.021294355392456,30,0.6422505118861074
4150,1186,494,-44,9,44.91102314577124,19.26751535658322,30,44.021294355392456,30,0.6422505118861074
4151,1142,499,-44,5,44.28317965096906,19.26751535658322,30,44.021294355392456,30,0.6422505118861074
4152,1225,517,83,18,84.92938243034621,19.26751535658322,30,44.021294355392456,30,0.6422505118861074
4153,1160,516,-65,-1,65.00769185258002,19.26751535658322,30,44.021294355392456,30,0.6422505118861074
4154,1160,519,0,3,3.0,19.26751535658322,30,44.021294355392456,30,0.6422505118861074
4155,1224,528,64,9,64.6297145282261,19.26751535658322,30,44.021294355392456,30,0.6422505118861074
4156,1153,523,-71,-5,71.17583859709698,19.26751535658322,30,44.021294355392456,30,0.6422505118861074
4157,1169,524,16,1,16.0312195418814,19.26751535658322,30,44.021294355392456,30,0.6422505118861074
4158,1223,530,54,6,54.3323108288245,19.26751535658322,30,44.021294355392456,30,0.6422505118861074
4159,1151,523,-72,-7,72.3394774656273,19.26751535658322,30,44.021294355392456,30,0.6422505118861074
4160,1172,525,21,2,21.095023109728988,19.26751535658322,30,44.021294355392456,30,0.6422505118861074
4161,1222,530,50,5,50.24937810560445,19.26751535658322,30,44.021294355392456,30,0.6422505118861074
4162,1156,524,-66,-6,66.27216610312357,19.26751535658322,30,44.021294355392456,30,0.6422505118861074
4163,1150,523,-6,-1,6.082762530298219,19.26751535658322,30,44.021294355392456,30,0.6422505118861074
4164,1223,530,73,7,73.33484846919642,19.26751535658322,30,44.021294355392456,30,0.6422505118861074
4165,1192,528,-31,-2,31.064449134018133,19.26751535658322,30,44.021294355392456,30,0.6422505118861074
4166,1135,522,-57,-6,57.3149195236284,19.26751535658322,30,44.021294355392456,30,0.6422505118861074
4167,1191,527,56,5,56.22277118748239,19.26751535658322,30,44.021294355392456,30,0.6422505118861074
4168,1224,531,33,4,33.24154027718932,19.26751535658322,30,44.021294355392456,30,0.6422505118861074
4169,1155,525,-69,-6,69.26037828369117,19.26751535658322,30,44.021294355392456,30,0.6422505118861074
4170,1160,525,5,0,5.0,19.26751535658322,30,44.021294355392456,30,0.6422505118861074
4171,1229,531,69,6,69.26037828369117,19.26751535658322,30,44.021294355392456,30,0.6422505118861074
4172,1162,526,-67,-5,67.1863081289633,19.26751535658322,30,44.021294355392456,30,0.6422505118861074
4173,1145,524,-17,-2,17.11724276862369,19.26751535658322,30,44.021294355392456,30,0.6422505118861074
4174,1228,532,83,8,83.38465086573187,19.26751535658322,30,44.021294355392456,30,0.6422505118861074
4175,1177,528,-51,-4,51.15662224971465,19.26751535658322,30,44.021294355392456,30,0.6422505118861074
4176,1137,523,-40,-5,40.311288741492746,19.26751535658322,30,44.021294355392456,30,0.6422505118861074
4177,1207,530,70,7,70.34912934784623,19.26751535658322,30,44.021294355392456,30,0.6422505118861074
4178,1213,532,6,2,6.324555320336759,19.26751535658322,30,44.021294355392456,30,0.6422505118861074
4179,1144,525,-69,-7,69.35416353759881,19.26751535658322,30,44.021294355392456,30,0.6422505118861074
4180,1167,527,23,2,23.08679276123039,19.26751535658322,30,44.021294355392456,30,0.6422505118861074
4181,1230,533,63,6,63.28506932918696,19.26751535658322,30,44.021294355392456,30,0.6422505118861074
4182,1176,529,-54,-4,54.147945482723536,19.26751535658322,30,44.021294355392456,30,0.6422505118861074
4183,1137,524,-39,-5,39.319206502675,19.26751535658322,30,44.021294355392456,30,0.6422505118861074
4184,1210,531,73,7,73.33484846919642,19.26751535658322,30,44.021294355392456,30,0.6422505118861074
4185,1206,532,-4,1,4.123105625617661,19.26751535658322,30,44.021294355392456,30,0.6422505118861074
4186,1139,525,-67,-7,67.36467917239716,19.26751535658322,30,44.021294355392456,30,0.6422505118861074
4187,1177,528,38,3,38.118237105091836,19.26751535658322,30,44.021294355392456,30,0.6422505118861074
4188,1229,533,52,5,52.23983154643591,19.26751535658322,30,44.021294355392456,30,0.6422505118861074
4189,1169,529,-60,-4,60.13318551349163,19.26751535658322,30,44.021294355392456,30,0.6422505118861074
4190,1142,525,-27,-4,27.294688127912362,19.26751535658322,30,44.021294355392456,30,0.6422505118861074
4191,1225,533,83,8,83.38465086573187,19.26751535658322,30,44.021294355392456,30,0.6422505118861074
4192,1191,531,-34,-2,34.058772731852805,19.26751535658322,30,44.021294355392456,30,0.6422505118861074
4193,1136,525,-55,-6,55.326304774492215,19.26751535658322,30,44.021294355392456,30,0.6422505118861074
4194,1198,531,62,6,62.289646009589745,19.26751535658322,30,44.021294355392456,30,0.6422505118861074
4195,1217,533,19,2,19.1049731745428,19.26751535658322,30,44.021294355392456,30,0.6422505118861074
4196,1148,527,-69,-6,69.26037828369117,19.26751535658322,30,44.021294355392456,30,0.6422505118861074
4197,1161,528,13,1,13.038404810405298,19.26751535658322,30,44.021294355392456,30,0.6422505118861074
4198,1229,534,68,6,68.26419266350405,19.26751535658322,30,44.021294355392456,30,0.6422505118861074
4199,1183,531,-46,-3,46.09772228646444,19.26751535658322,30,44.021294355392456,30,0.6422505118861074
4200,1137,525,-46,-6,46.389654018972806,19.26751535658322,30,44.021294355392456,30,0.6422505118861074
4201,1203,532,66,7,66.37017402418047,19.26751535658322,30,44.021294355392456,30,0.6422505118861074
4202,1217,534,14,2,14.142135623730951,19.26751535658322,30,44.021294355392456,30,0.6422505118861074
4203,1148,527,-69,-7,69.35416353759881,19.26751535658322,30,44.021294355392456,30,0.6422505118861074
4204,1162,528,14,1,14.035668847618199,19.26751535658322,30,44.021294355392456,30,0.6422505118861074
4205,1229,534,67,6,67.26812023536856,19.26751535658322,30,44.021294355392456,30,0.6422505118861074
4206,1182,531,-47,-3,47.095647357266465,19.26751535658322,30,44.021294355392456,30,0.6422505118861074
4207,1137,525,-45,-6,45.39823785126467,19.26751535658322,30,44.021294355392456,30,0.6422505118861074
4208,1204,532,67,7,67.36467917239716,19.26751535658322,30,44.021294355392456,30,0.6422505118861074
4209,1216,534,12,2,12.165525060596439,19.26751535658322,30,44.021294355392456,30,0.6422505118861074
4210,1143,527,-73,-7,73.33484846919642,19.26751535658322,30,44.021294355392456,30,0.6422505118861074
4211,1171,529,28,2,28.071337695236398,19.26751535658322,30,44.021294355392456,30,0.6422505118861074
4212,1230,535,59,6,59.30430001273095,19.26751535658322,30,44.021294355392456,30,0.6422505118861074
4213,1174,530,-56,-5,56.22277118748239,19.26751535658322,30,44.021294355392456,30,0.6422505118861074
4214,1139,526,-35,-4,35.22782990761707,19.26751535658322,30,44.021294355392456,30,0.6422505118861074
4215,1212,533,73,7,73.33484846919642,19.26751535658322,30,44.021294355392456,30,0.6422505118861074
4216,1210,534,-2,1,2.23606797749979,19.26751535658322,30,44.021294355392456,30,0.6422505118861074
4217,1142,527,-68,-7,68.3593446428504,19.26751535658322,30,44.021294355392456,30,0.6422505118861074
4218,1172,530,30,3,30.14962686336267,19.26751535658322,30,44.021294355392456,30,0.6422505118861074
4219,1230,535,58,5,58.215118311311535,19.26751535658322,30,44.021294355392456,30,0.6422505118861074
4220,1174,531,-56,-4,56.142675390472796,19.26751535658322,30,44.021294355392456,30,0.6422505118861074
4221,1140,526,-34,-5,34.36568055487916,19.26751535658322,30,44.021294355392456,30,0.6422505118861074
4222,1224,535,84,9,84.48076704197234,19.26751535658322,30,44.021294355392456,30,0.6422505118861074
4223,1196,533,-28,-2,28.071337695236398,19.26751535658322,30,44.021294355392456,30,0.6422505118861074
4224,1137,527,-59,-6,59.30430001273095,19.26751535658322,30,44.021294355392456,30,0.6422505118861074
4225,1193,532,56,5,56.22277118748239,19.26751535658322,30,44.021294355392456,30,0.6422505118861074
4226,1222,535,29,3,29.154759474226502,19.26751535658322,30,44.021294355392456,30,0.6422505118861074
4227,1153,529,-69,-6,69.26037828369117,19.26751535658322,30,44.021294355392456,30,0.6422505118861074
4228,1156,528,3,-1,3.1622776601683795,19.26751535658322,30,44.021294355392456,30,0.6422505118861074
4229,1228,535,72,7,72.3394774656273,19.26751535658322,30,44.021294355392456,30,0.6422505118861074
4230,1181,532,-47,-3,47.095647357266465,19.26751535658322,30,44.021294355392456,30,0.6422505118861074
4231,1137,526,-44,-6,44.40720662234904,19.26751535658322,30,44.021294355392456,30,0.6422505118861074
4232,1219,534,82,8,82.38931969618392,19.26751535658322,30,44.021294355392456,30,0.6422505118861074
4233,1203,534,-16,0,16.0,19.26751535658322,30,44.021294355392456,30,0.6422505118861074
4234,1139,527,-64,-7,64.38167441127949,19.26751535658322,30,44.021294355392456,30,0.6422505118861074
4235,1182,531,43,4,43.18564576337837,19.26751535658322,30,44.021294355392456,30,0.6422505118861074
4236,1227,536,45,5,45.27692569068709,19.26751535658322,30,44.021294355392456,30,0.6422505118861074
4237,1160,530,-67,-6,67.26812023536856,19.26751535658322,30,44.021294355392456,30,0.6422505118861074
4238,1150,528,-10,-2,10.198039027185569,19.26751535658322,30,44.021294355392456,30,0.6422505118861074
4239,1224,535,74,7,74.33034373659252,19.26751535658322,30,44.021294355392456,30,0.6422505118861074
4240,1197,534,-27,-1,27.018512172212592,19.26751535658322,30,44.021294355392456,30,0.6422505118861074
4241,1137,527,-60,-7,60.40695324215582,19.26751535658322,30,44.021294355392456,30,0.6422505118861074
4242,1197,533,60,6,60.29925372672534,19.26751535658322,30,44.021294355392456,30,0.6422505118861074
4243,1216,535,19,2,19.1049731745428,19.26751535658322,30,44.021294355392456,30,0.6422505118861074
4244,1147,529,-69,-6,69.26037828369117,19.26751535658322,30,44.021294355392456,30,0.6422505118861074
4245,1164,530,17,1,17.029386365926403,19.26751535658322,30,44.021294355392456,30,0.6422505118861074
4246,1229,536,65,6,65.27633568147036,19.26751535658322,30,44.021294355392456,30,0.6422505118861074
4247,1174,531,-55,-5,55.226805085936306,19.26751535658322,30,44.021294355392456,30,0.6422505118861074
4248,1140,527,-34,-4,34.23448553724738,19.26751535658322,30,44.021294355392456,30,0.6422505118861074
4249,1219,535,79,8,79.40403012442127,19.26751535658322,30,44.021294355392456,30,0.6422505118861074
4250,1204,534,-15,-1,15.033296378372908,19.26751535658322,30,44.021294355392456,30,0.6422505118861074
4251,1139,528,-65,-6,65.27633568147036,19.26751535658322,30,44.021294355392456,30,0.6422505118861074
4252,1182,532,43,4,43.18564576337837,19.26751535658322,30,44.021294355392456,30,0.6422505118861074
4253,1227,536,45,4,45.17742799230607,19.26751535658322,30,44.021294355392456,30,0.6422505118861074
4254,1160,530,-67,-6,67.26812023536856,19.26751535658322,30,44.021294355392456,30,0.6422505118861074
4255,1150,528,-10,-2,10.198039027185569,19.26751535658322,30,44.021294355392456,30,0.6422505118861074
4256,1224,536,74,8,74.43117626371358,19.26751535658322,30,44.021294355392456,30,0.6422505118861074
4257,1196,534,-28,-2,28.071337695236398,19.26751535658322,30,44.021294355392456,30,0.6422505118861074
4258,1137,527,-59,-7,59.413803110051795,19.26751535658322,30,44.021294355392456,30,0.6422505118861074
4259,1191,533,54,6,54.3323108288245,19.26751535658322,30,44.021294355392456,30,0.6422505118861074
4260,1226,536,35,3,35.12833614050059,19.26751535658322,30,44.021294355392456,30,0.6422505118861074
4261,1159,530,-67,-6,67.26812023536856,19.26751535658322,30,44.021294355392456,30,0.6422505118861074
4262,1150,529,-9,-1,9.055385138137417,19.26751535658322,30,44.021294355392456,30,0.6422505118861074
4263,1225,536,75,7,75.32595834106593,19.26751535658322,30,44.021294355392456,30,0.6422505118861074
4264,1196,534,-29,-2,29.068883707497267,19.26751535658322,30,44.021294355392456,30,0.6422505118861074
4265,1137,528,-59,-6,59.30430001273095,19.26751535658322,30,44.021294355392456,30,0.6422505118861074
4266,1192,533,55,5,55.226805085936306,19.26751535658322,30,44.021294355392456,30,0.6422505118861074
4267,1215,536,23,3,23.194827009486403,19.26751535658322,30,44.021294355392456,30,0.6422505118861074
4268,1139,528,-76,-8,76.4198926981712,19.26751535658322,30,44.021294355392456,30,0.6422505118861074
4269,1182,532,43,4,43.18564576337837,19.26751535658322,30,44.021294355392456,30,0.6422505118861074
4270,1230,537,48,5,48.25971404805462,19.26751535658322,30,44.021294355392456,30,0.6422505118861074
4271,1166,531,-64,-6,64.28063471995279,19.26751535658322,30,44.021294355392456,30,0.6422505118861074
4272,1145,528,-21,-3,21.213203435596427,19.26751535658322,30,44.021294355392456,30,0.6422505118861074
4273,1225,536,80,8,80.39900496896712,19.26751535658322,30,44.021294355392456,30,0.6422505118861074
4274,1196,534,-29,-2,29.068883707497267,19.26751535658322,30,44.021294355392456,30,0.6422505118861074
4275,1137,528,-59,-6,59.30430001273095,19.26751535658322,30,44.021294355392456,30,0.6422505118861074
4276,1192,533,55,5,55.226805085936306,19.26751535658322,30,44.021294355392456,30,0.6422505118861074
4277,1226,537,34,4,34.23448553724738,19.26751535658322,30,44.021294355392456,30,0.6422505118861074
4278,1158,531,-68,-6,68.26419266350405,19.26751535658322,30,44.021294355392456,30,0.6422505118861074
4279,1151,529,-7,-2,7.280109889280518,19.26751535658322,30,44.021294355392456,30,0.6422505118861074
4280,1226,536,75,7,75.32595834106593,19.26751535658322,30,44.021294355392456,30,0.6422505118861074
4281,1195,534,-31,-2,31.064449134018133,19.26751535658322,30,44.021294355392456,30,0.6422505118861074
4282,1137,528,-58,-6,58.309518948453004,19.26751535658322,30,44.021294355392456,30,0.6422505118861074
4283,1193,533,56,5,56.22277118748239,19.26751535658322,30,44.021294355392456,30,0.6422505118861074
4284,1226,537,33,4,33.24154027718932,19.26751535658322,30,44.021294355392456,30,0.6422505118861074
4285,1158,531,-68,-6,68.26419266350405,19.26751535658322,30,44.021294355392456,30,0.6422505118861074
4286,1151,529,-7,-2,7.280109889280518,19.26751535658322,30,44.021294355392456,30,0.6422505118861074
4287,1226,536,75,7,75.32595834106593,19.26751535658322,30,44.021294355392456,30,0.6422505118861074
4288,1194,534,-32,-2,32.0624390837628,19.26751535658322,30,44.021294355392456,30,0.6422505118861074
4289,1137,528,-57,-6,57.3149195236284,19.26751535658322,30,44.021294355392456,30,0.6422505118861074
4290,1194,534,57,6,57.3149195236284,19.26751535658322,30,44.021294355392456,30,0.6422505118861074
4291,1225,537,31,3,31.144823004794873,19.26751535658322,30,44.021294355392456,30,0.6422505118861074
4292,1157,531,-68,-6,68.26419266350405,19.26751535658322,30,44.021294355392456,30,0.6422505118861074
4293,1153,530,-4,-1,4.123105625617661,19.26751535658322,30,44.021294355392456,30,0.6422505118861074
4294,1227,537,74,7,74.33034373659252,19.26751535658322,30,44.021294355392456,30,0.6422505118861074
4295,1185,534,-42,-3,42.1070065428546,19.26751535658322,30,44.021294355392456,30,0.6422505118861074
4296,1138,528,-47,-6,47.38143096192854,19.26751535658322,30,44.021294355392456,30,0.6422505118861074
4297,1204,535,66,7,66.37017402418047,19.26751535658322,30,44.021294355392456,30,0.6422505118861074
4298,1213,536,9,1,9.055385138137417,19.26751535658322,30,44.021294355392456,30,0.6422505118861074
4299,1140,529,-73,-7,73.33484846919642,19.26751535658322,30,44.021294355392456,30,0.6422505118861074
4300,1189,533,49,4,49.16299421312742,19.26751535658322,30,44.021294355392456,30,0.6422505118861074
4301,1224,537,35,4,35.22782990761707,19.26751535658322,30,44.021294355392456,30,0.6422505118861074
4302,1156,531,-68,-6,68.26419266350405,19.26751535658322,30,44.021294355392456,30,0.6422505118861074
4303,1140,528,-16,-3,16.278820596099706,19.26751535658322,30,44.021294355392456,30,0.6422505118861074
4304,1211,535,71,7,71.34423592694787,19.26751535658322,30,44.021294355392456,30,0.6422505118861074
4305,1225,537,14,2,14.142135623730951,19.26751535658322,30,44.021294355392456,30,0.6422505118861074
4306,1160,531,-65,-6,65.27633568147036,19.26751535658322,30,44.021294355392456,30,0.6422505118861074
4307,1141,529,-19,-2,19.1049731745428,19.26751535658322,30,44.021294355392456,30,0.6422505118861074
4308,1212,536,71,7,71.34423592694787,19.26751535658322,30,44.021294355392456,30,0.6422505118861074
4309,1225,537,13,1,13.038404810405298,19.26751535658322,30,44.021294355392456,30,0.6422505118861074
4310,1161,531,-64,-6,64.28063471995279,19.26751535658322,30,44.021294355392456,30,0.6422505118861074
4311,1138,528,-23,-3,23.194827009486403,19.26751535658322,30,44.021294355392456,30,0.6422505118861074
4312,1206,535,68,7,68.3593446428504,19.26751535658322,30,44.021294355392456,30,0.6422505118861074
4313,1228,538,22,3,22.20360331117452,19.26751535658322,30,44.021294355392456,30,0.6422505118861074
4314,1166,532,-62,-6,62.289646009589745,19.26751535658322,30,44.021294355392456,30,0.6422505118861074
4315,1135,528,-31,-4,31.25699921617557,19.26751535658322,30,44.021294355392456,30,0.6422505118861074
4316,1200,535,65,7,65.37583651472461,19.26751535658322,30,44.021294355392456,30,0.6422505118861074
4317,1231,538,31,3,31.144823004794873,19.26751535658322,30,44.021294355392456,30,0.6422505118861074
4318,1173,533,-58,-5,58.215118311311535,19.26751535658322,30,44.021294355392456,30,0.6422505118861074
4319,1134,528,-39,-5,39.319206502675,19.26751535658322,30,44.021294355392456,30,0.6422505118861074
4320,1194,534,60,6,60.29925372672534,19.26751535658322,30,44.021294355392456,30,0.6422505118861074
4321,1233,538,39,4,39.20459156782532,19.26751535658322,30,44.021294355392456,30,0.6422505118861074
4322,1179,533,-54,-5,54.230987451824994,19.26751535658322,30,44.021294355392456,30,0.6422505118861074
4323,1134,528,-45,-5,45.27692569068709,19.26751535658322,30,44.021294355392456,30,0.6422505118861074
4324,1188,534,54,6,54.3323108288245,19.26751535658322,30,44.021294355392456,30,0.6422505118861074
4325,1234,538,46,4,46.17358552246078,19.26751535658322,30,44.021294355392456,30,0.6422505118861074
4326,1185,534,-49,-4,49.16299421312742,19.26751535658322,30,44.021294355392456,30,0.6422505118861074
4327,1134,528,-51,-6,51.35172830587107,19.26751535658322,30,44.021294355392456,30,0.6422505118861074
4328,1180,533,46,5,46.2709412050371,19.26751535658322,30,44.021294355392456,30,0.6422505118861074
4329,1234,538,54,5,54.230987451824994,19.26751535658322,30,44.021294355392456,30,0.6422505118861074
4330,1192,535,-42,-3,42.1070065428546,19.26751535658322,30,44.021294355392456,30,0.6422505118861074
4331,1135,529,-57,-6,57.3149195236284,19.26751535658322,30,44.021294355392456,30,0.6422505118861074
4332,1172,532,37,3,37.12142238654117,19.26751535658322,30,44.021294355392456,30,0.6422505118861074
4333,1232,538,60,6,60.29925372672534,19.26751535658322,30,44.021294355392456,30,0.6422505118861074
4334,1198,536,-34,-2,34.058772731852805,19.26751535658322,30,44.021294355392456,30,0.6422505118861074
4335,1137,529,-61,-7,61.40032573203501,19.26751535658322,30,44.021294355392456,30,0.6422505118861074
4336,1165,531,28,2,28.071337695236398,19.26751535658322,30,44.021294355392456,30,0.6422505118861074
4337,1230,538,65,7,65.37583651472461,19.26751535658322,30,44.021294355392456,30,0.6422505118861074
4338,1204,536,-26,-2,26.076809620810597,19.26751535658322,30,44.021294355392456,30,0.6422505118861074
4339,1140,529,-64,-7,64.38167441127949,19.26751535658322,30,44.021294355392456,30,0.6422505118861074
4340,1157,531,17,2,17.11724276862369,19.26751535658322,30,44.021294355392456,30,0.6422505118861074
4341,1231,538,74,7,74.33034373659252,19.26751535658322,30,44.021294355392456,30,0.6422505118861074
4342,1196,535,-35,-3,35.12833614050059,19.26751535658322,30,44.021294355392456,30,0.6422505118861074
4343,1136,529,-60,-6,60.29925372672534,19.26751535658322,30,44.021294355392456,30,0.6422505118861074
4344,1177,533,41,4,41.19465984809196,19.26751535658322,30,44.021294355392456,30,0.6422505118861074
4345,1228,538,51,5,51.24451190127583,19.26751535658322,30,44.021294355392456,30,0.6422505118861074
4346,1162,532,-66,-6,66.27216610312357,19.26751535658322,30,44.021294355392456,30,0.6422505118861074
4347,1137,529,-25,-3,25.179356624028344,19.26751535658322,30,44.021294355392456,30,0.6422505118861074
4348,1205,536,68,7,68.3593446428504,19.26751535658322,30,44.021294355392456,30,0.6422505118861074
4349,1230,538,25,2,25.079872407968907,19.26751535658322,30,44.021294355392456,30,0.6422505118861074
4350,1168,532,-62,-6,62.289646009589745,19.26751535658322,30,44.021294355392456,30,0.6422505118861074
4351,1135,528,-33,-4,33.24154027718932,19.26751535658322,30,44.021294355392456,30,0.6422505118861074
4352,1199,535,64,7,64.38167441127949,19.26751535658322,30,44.021294355392456,30,0.6422505118861074
4353,1201,535,2,0,2.0,19.26751535658322,30,44.021294355392456,30,0.6422505118861074
4354,1146,529,-55,-6,55.326304774492215,19.26751535658322,30,44.021294355392456,30,0.6422505118861074
4355,1227,537,81,8,81.39410298049853,19.26751535658322,30,44.021294355392456,30,0.6422505118861074
4356,1165,532,-62,-5,62.20128616033595,19.26751535658322,30,44.021294355392456,30,0.6422505118861074
4357,1171,532,6,0,6.0,19.26751535658322,30,44.021294355392456,30,0.6422505118861074
4358,1221,537,50,5,50.24937810560445,19.26751535658322,30,44.021294355392456,30,0.6422505118861074
4359,1145,530,-76,-7,76.32168761236873,19.26751535658322,30,44.021294355392456,30,0.6422505118861074
4360,1171,288,26,-242,243.39268682522078,19.26751535658322,30,44.021294355392456,30,0.6422505118861074
4361,,,,,,19.26751535658322,30,44.021294355392456,30,0.6422505118861074
4362,1151,371,-20,83,85.37564055396598,19.26751535658322,30,44.021294355392456,30,0.6422505118861074
4363,1153,390,2,19,19.1049731745428,19.26751535658322,30,44.021294355392456,30,0.6422505118861074
4364,1154,396,1,6,6.082762530298219,19.26751535658322,30,44.021294355392456,30,0.6422505118861074
4365,1155,389,1,-7,7.0710678118654755,19.26751535658322,30,44.021294355392456,30,0.6422505118861074
4366,1156,379,1,-10,10.04987562112089,19.26751535658322,30,44.021294355392456,30,0.6422505118861074
4367,1156,373,0,-6,6.0,19.26751535658322,30,44.021294355392456,30,0.6422505118861074
4368,1156,370,0,-3,3.0,19.26751535658322,30,44.021294355392456,30,0.6422505118861074
4369,1156,371,0,1,1.0,19.26751535658322,30,44.021294355392456,30,0.6422505118861074
4370,1156,372,0,1,1.0,19.26751535658322,30,44.021294355392456,30,0.6422505118861074
4371,1156,374,0,2,2.0,19.26751535658322,30,44.021294355392456,30,0.6422505118861074
4372,1156,374,0,0,0.0,19.26751535658322,30,44.021294355392456,30,0.6422505118861074
4373,1155,374,-1,0,1.0,19.26751535658322,30,44.021294355392456,30,0.6422505118861074
4374,1155,374,0,0,0.0,19.26751535658322,30,44.021294355392456,30,0.6422505118861074
4375,1155,373,0,-1,1.0,19.26751535658322,30,44.021294355392456,30,0.6422505118861074
4376,1155,372,0,-1,1.0,19.26751535658322,30,44.021294355392456,30,0.6422505118861074
4377,1155,371,0,-1,1.0,19.26751535658322,30,44.021294355392456,30,0.6422505118861074
4378,1155,371,0,0,0.0,19.26751535658322,30,44.021294355392456,30,0.6422505118861074
4379,1155,371,0,0,0.0,19.26751535658322,30,44.021294355392456,30,0.6422505118861074
4380,1155,371,0,0,0.0,19.26751535658322,30,44.021294355392456,30,0.6422505118861074
4381,1155,371,0,0,0.0,19.26751535658322,30,44.021294355392456,30,0.6422505118861074
4382,1155,371,0,0,0.0,19.26751535658322,30,44.021294355392456,30,0.6422505118861074
4383,1155,371,0,0,0.0,19.26751535658322,30,44.021294355392456,30,0.6422505118861074
4384,1155,371,0,0,0.0,19.26751535658322,30,44.021294355392456,30,0.6422505118861074
4385,1155,370,0,-1,1.0,19.26751535658322,30,44.021294355392456,30,0.6422505118861074
4386,1155,370,0,0,0.0,19.26751535658322,30,44.021294355392456,30,0.6422505118861074
4387,1155,370,0,0,0.0,19.26751535658322,30,44.021294355392456,30,0.6422505118861074
4388,1155,370,0,0,0.0,19.26751535658322,30,44.021294355392456,30,0.6422505118861074
4389,1155,370,0,0,0.0,19.26751535658322,30,44.021294355392456,30,0.6422505118861074
4390,1155,370,0,0,0.0,19.26751535658322,30,44.021294355392456,30,0.6422505118861074
4391,1155,370,0,0,0.0,19.26751535658322,30,44.021294355392456,30,0.6422505118861074
4392,1155,370,0,0,0.0,19.26751535658322,30,44.021294355392456,30,0.6422505118861074
4393,1154,369,-1,-1,1.4142135623730951,19.26751535658322,30,44.021294355392456,30,0.6422505118861074
4394,1155,369,1,0,1.0,19.26751535658322,30,44.021294355392456,30,0.6422505118861074
4395,1154,369,-1,0,1.0,19.26751535658322,30,44.021294355392456,30,0.6422505118861074
4396,1155,369,1,0,1.0,19.26751535658322,30,44.021294355392456,30,0.6422505118861074
4397,1154,369,-1,0,1.0,19.26751535658322,30,44.021294355392456,30,0.6422505118861074
4398,1154,369,0,0,0.0,19.26751535658322,30,44.021294355392456,30,0.6422505118861074
4399,1154,369,0,0,0.0,19.26751535658322,30,44.021294355392456,30,0.6422505118861074
4400,1154,369,0,0,0.0,19.26751535658322,30,44.021294355392456,30,0.6422505118861074
4401,1154,368,0,-1,1.0,19.26751535658322,30,44.021294355392456,30,0.6422505118861074
4402,1154,368,0,0,0.0,19.26751535658322,30,44.021294355392456,30,0.6422505118861074
4403,1154,368,0,0,0.0,19.26751535658322,30,44.021294355392456,30,0.6422505118861074
4404,1154,368,0,0,0.0,19.26751535658322,30,44.021294355392456,30,0.6422505118861074
4405,1154,368,0,0,0.0,19.26751535658322,30,44.021294355392456,30,0.6422505118861074
4406,1154,368,0,0,0.0,19.26751535658322,30,44.021294355392456,30,0.6422505118861074
4407,1154,368,0,0,0.0,19.26751535658322,30,44.021294355392456,30,0.6422505118861074
4408,1154,368,0,0,0.0,19.26751535658322,30,44.021294355392456,30,0.6422505118861074
4409,1154,368,0,0,0.0,19.26751535658322,30,44.021294355392456,30,0.6422505118861074
4410,1154,368,0,0,0.0,19.26751535658322,30,44.021294355392456,30,0.6422505118861074
4411,1154,368,0,0,0.0,19.26751535658322,30,44.021294355392456,30,0.6422505118861074
4412,1154,368,0,0,0.0,19.26751535658322,30,44.021294355392456,30,0.6422505118861074
4413,1154,367,0,-1,1.0,19.26751535658322,30,44.021294355392456,30,0.6422505118861074
4414,1154,368,0,1,1.0,19.26751535658322,30,44.021294355392456,30,0.6422505118861074
4415,1154,367,0,-1,1.0,19.26751535658322,30,44.021294355392456,30,0.6422505118861074
4416,1154,367,0,0,0.0,19.26751535658322,30,44.021294355392456,30,0.6422505118861074
4417,1154,367,0,0,0.0,19.26751535658322,30,44.021294355392456,30,0.6422505118861074
4418,1154,367,0,0,0.0,19.26751535658322,30,44.021294355392456,30,0.6422505118861074
4419,1154,367,0,0,0.0,19.26751535658322,30,44.021294355392456,30,0.6422505118861074
4420,1154,367,0,0,0.0,19.26751535658322,30,44.021294355392456,30,0.6422505118861074
4421,1154,367,0,0,0.0,19.26751535658322,30,44.021294355392456,30,0.6422505118861074
4422,1154,367,0,0,0.0,19.26751535658322,30,44.021294355392456,30,0.6422505118861074
4423,1154,367,0,0,0.0,19.26751535658322,30,44.021294355392456,30,0.6422505118861074
4424,1154,367,0,0,0.0,19.26751535658322,30,44.021294355392456,30,0.6422505118861074
4425,1154,367,0,0,0.0,19.26751535658322,30,44.021294355392456,30,0.6422505118861074
4426,1154,367,0,0,0.0,19.26751535658322,30,44.021294355392456,30,0.6422505118861074
4427,1154,367,0,0,0.0,19.26751535658322,30,44.021294355392456,30,0.6422505118861074
4428,1154,367,0,0,0.0,19.26751535658322,30,44.021294355392456,30,0.6422505118861074
4429,1154,367,0,0,0.0,19.26751535658322,30,44.021294355392456,30,0.6422505118861074
4430,1154,367,0,0,0.0,19.26751535658322,30,44.021294355392456,30,0.6422505118861074
4431,1154,367,0,0,0.0,19.26751535658322,30,44.021294355392456,30,0.6422505118861074
4432,1153,367,-1,0,1.0,19.26751535658322,30,44.021294355392456,30,0.6422505118861074
4433,1153,366,0,-1,1.0,19.26751535658322,30,44.021294355392456,30,0.6422505118861074
4434,1153,366,0,0,0.0,19.26751535658322,30,44.021294355392456,30,0.6422505118861074
4435,1153,366,0,0,0.0,19.26751535658322,30,44.021294355392456,30,0.6422505118861074
4436,1153,366,0,0,0.0,19.26751535658322,30,44.021294355392456,30,0.6422505118861074
4437,1153,366,0,0,0.0,19.26751535658322,30,44.021294355392456,30,0.6422505118861074
4438,1153,366,0,0,0.0,19.26751535658322,30,44.021294355392456,30,0.6422505118861074
4439,1153,366,0,0,0.0,19.26751535658322,30,44.021294355392456,30,0.6422505118861074
4440,1153,366,0,0,0.0,19.26751535658322,30,44.021294355392456,30,0.6422505118861074
4441,1153,366,0,0,0.0,19.26751535658322,30,44.021294355392456,30,0.6422505118861074
4442,1153,366,0,0,0.0,19.26751535658322,30,44.021294355392456,30,0.6422505118861074
4443,1153,366,0,0,0.0,19.26751535658322,30,44.021294355392456,30,0.6422505118861074
4444,1153,366,0,0,0.0,19.26751535658322,30,44.021294355392456,30,0.6422505118861074
4445,1153,366,0,0,0.0,19.26751535658322,30,44.021294355392456,30,0.6422505118861074
4446,1153,366,0,0,0.0,19.26751535658322,30,44.021294355392456,30,0.6422505118861074
4447,1153,366,0,0,0.0,19.26751535658322,30,44.021294355392456,30,0.6422505118861074
4448,1153,366,0,0,0.0,19.26751535658322,30,44.021294355392456,30,0.6422505118861074
4449,1153,366,0,0,0.0,19.26751535658322,30,44.021294355392456,30,0.6422505118861074
4450,1153,366,0,0,0.0,19.26751535658322,30,44.021294355392456,30,0.6422505118861074
4451,1153,366,0,0,0.0,19.26751535658322,30,44.021294355392456,30,0.6422505118861074
4452,1153,366,0,0,0.0,19.26751535658322,30,44.021294355392456,30,0.6422505118861074
4453,1153,366,0,0,0.0,19.26751535658322,30,44.021294355392456,30,0.6422505118861074
4454,1153,366,0,0,0.0,19.26751535658322,30,44.021294355392456,30,0.6422505118861074
4455,1153,366,0,0,0.0,19.26751535658322,30,44.021294355392456,30,0.6422505118861074
4456,1153,366,0,0,0.0,19.26751535658322,30,44.021294355392456,30,0.6422505118861074
4457,1153,365,0,-1,1.0,19.26751535658322,30,44.021294355392456,30,0.6422505118861074
4458,1153,366,0,1,1.0,19.26751535658322,30,44.021294355392456,30,0.6422505118861074
4459,1153,365,0,-1,1.0,19.26751535658322,30,44.021294355392456,30,0.6422505118861074
4460,1153,365,0,0,0.0,19.26751535658322,30,44.021294355392456,30,0.6422505118861074
4461,1155,594,2,229,229.0087334579186,19.26751535658322,30,44.021294355392456,30,0.6422505118861074
4462,1166,571,11,-23,25.495097567963924,19.26751535658322,30,44.021294355392456,30,0.6422505118861074
4463,1154,551,-12,-20,23.323807579381203,19.26751535658322,30,44.021294355392456,30,0.6422505118861074
4464,1166,538,12,-13,17.69180601295413,19.26751535658322,30,44.021294355392456,30,0.6422505118861074
4465,1183,528,17,-10,19.72308292331602,19.26751535658322,30,44.021294355392456,30,0.6422505118861074
4466,1177,525,-6,-3,6.708203932499369,19.26751535658322,30,44.021294355392456,30,0.6422505118861074
4467,1177,524,0,-1,1.0,19.26751535658322,30,44.021294355392456,30,0.6422505118861074
4468,1200,521,23,-3,23.194827009486403,19.26751535658322,30,44.021294355392456,30,0.6422505118861074
4469,1195,522,-5,1,5.0990195135927845,19.26751535658322,30,44.021294355392456,30,0.6422505118861074
4470,1170,525,-25,3,25.179356624028344,19.26751535658322,30,44.021294355392456,30,0.6422505118861074
4471,1174,521,4,-4,5.656854249492381,19.26751535658322,30,44.021294355392456,30,0.6422505118861074
4472,1183,520,9,-1,9.055385138137417,19.26751535658322,30,44.021294355392456,30,0.6422505118861074
4473,1171,524,-12,4,12.649110640673518,19.26751535658322,30,44.021294355392456,30,0.6422505118861074
4474,1177,525,6,1,6.082762530298219,19.26751535658322,30,44.021294355392456,30,0.6422505118861074
4475,1201,523,24,-2,24.08318915758459,19.26751535658322,30,44.021294355392456,30,0.6422505118861074
4476,1195,525,-6,2,6.324555320336759,19.26751535658322,30,44.021294355392456,30,0.6422505118861074
4477,1179,527,-16,2,16.1245154965971,19.26751535658322,30,44.021294355392456,30,0.6422505118861074
4478,1192,523,13,-4,13.601470508735444,19.26751535658322,30,44.021294355392456,30,0.6422505118861074
4479,1192,524,0,1,1.0,19.26751535658322,30,44.021294355392456,30,0.6422505118861074
4480,1165,526,-27,2,27.073972741361768,19.26751535658322,30,44.021294355392456,30,0.6422505118861074
4481,1171,524,6,-2,6.324555320336759,19.26751535658322,30,44.021294355392456,30,0.6422505118861074
4482,1183,523,12,-1,12.041594578792296,19.26751535658322,30,44.021294355392456,30,0.6422505118861074
4483,1164,526,-19,3,19.235384061671343,19.26751535658322,30,44.021294355392456,30,0.6422505118861074
4484,1168,525,4,-1,4.123105625617661,19.26751535658322,30,44.021294355392456,30,0.6422505118861074
4485,1188,523,20,-2,20.09975124224178,19.26751535658322,30,44.021294355392456,30,0.6422505118861074
4486,1177,527,-11,4,11.704699910719626,19.26751535658322,30,44.021294355392456,30,0.6422505118861074
4487,1175,528,-2,1,2.23606797749979,19.26751535658322,30,44.021294355392456,30,0.6422505118861074
4488,1199,525,24,-3,24.186773244895647,19.26751535658322,30,44.021294355392456,30,0.6422505118861074
4489,1194,527,-5,2,5.385164807134504,19.26751535658322,30,44.021294355392456,30,0.6422505118861074
4490,1181,529,-13,2,13.152946437965905,19.26751535658322,30,44.021294355392456,30,0.6422505118861074
4491,1199,526,18,-3,18.24828759089466,19.26751535658322,30,44.021294355392456,30,0.6422505118861074
4492,1197,527,-2,1,2.23606797749979,19.26751535658322,30,44.021294355392456,30,0.6422505118861074
4493,1175,529,-22,2,22.090722034374522,19.26751535658322,30,44.021294355392456,30,0.6422505118861074
4494,1186,526,11,-3,11.40175425099138,19.26751535658322,30,44.021294355392456,30,0.6422505118861074
4495,1189,525,3,-1,3.1622776601683795,19.26751535658322,30,44.021294355392456,30,0.6422505118861074
4496,1164,528,-25,3,25.179356624028344,19.26751535658322,30,44.021294355392456,30,0.6422505118861074
4497,1172,526,8,-2,8.246211251235321,19.26751535658322,30,44.021294355392456,30,0.6422505118861074
4498,1184,524,12,-2,12.165525060596439,19.26751535658322,30,44.021294355392456,30,0.6422505118861074
4499,1170,528,-14,4,14.560219778561036,19.26751535658322,30,44.021294355392456,30,0.6422505118861074
4500,1175,529,5,1,5.0990195135927845,19.26751535658322,30,44.021294355392456,30,0.6422505118861074
4501,1198,526,23,-3,23.194827009486403,19.26751535658322,30,44.021294355392456,30,0.6422505118861074
4502,1190,529,-8,3,8.54400374531753,19.26751535658322,30,44.021294355392456,30,0.6422505118861074
4503,1181,531,-9,2,9.219544457292887,19.26751535658322,30,44.021294355392456,30,0.6422505118861074
4504,1202,527,21,-4,21.37755832643195,19.26751535658322,30,44.021294355392456,30,0.6422505118861074
4505,1197,528,-5,1,5.0990195135927845,19.26751535658322,30,44.021294355392456,30,0.6422505118861074
4506,1176,531,-21,3,21.213203435596427,19.26751535658322,30,44.021294355392456,30,0.6422505118861074
4507,1189,527,13,-4,13.601470508735444,19.26751535658322,30,44.021294355392456,30,0.6422505118861074
4508,1191,527,2,0,2.0,19.26751535658322,30,44.021294355392456,30,0.6422505118861074
4509,1165,530,-26,3,26.1725046566048,19.26751535658322,30,44.021294355392456,30,0.6422505118861074
4510,1174,527,9,-3,9.486832980505138,19.26751535658322,30,44.021294355392456,30,0.6422505118861074
4511,1185,526,11,-1,11.045361017187261,19.26751535658322,30,44.021294355392456,30,0.6422505118861074
4512,1164,529,-21,3,21.213203435596427,19.26751535658322,30,44.021294355392456,30,0.6422505118861074
4513,1168,528,4,-1,4.123105625617661,19.26751535658322,30,44.021294355392456,30,0.6422505118861074
4514,1188,526,20,-2,20.09975124224178,19.26751535658322,30,44.021294355392456,30,0.6422505118861074
4515,1178,529,-10,3,10.44030650891055,19.26751535658322,30,44.021294355392456,30,0.6422505118861074
4516,1176,530,-2,1,2.23606797749979,19.26751535658322,30,44.021294355392456,30,0.6422505118861074
4517,1199,527,23,-3,23.194827009486403,19.26751535658322,30,44.021294355392456,30,0.6422505118861074
4518,1195,530,-4,3,5.0,19.26751535658322,30,44.021294355392456,30,0.6422505118861074
4519,1182,532,-13,2,13.152946437965905,19.26751535658322,30,44.021294355392456,30,0.6422505118861074
4520,1200,528,18,-4,18.439088914585774,19.26751535658322,30,44.021294355392456,30,0.6422505118861074
4521,1197,529,-3,1,3.1622776601683795,19.26751535658322,30,44.021294355392456,30,0.6422505118861074
4522,1174,532,-23,3,23.194827009486403,19.26751535658322,30,44.021294355392456,30,0.6422505118861074
4523,1186,528,12,-4,12.649110640673518,19.26751535658322,30,44.021294355392456,30,0.6422505118861074
4524,1189,527,3,-1,3.1622776601683795,19.26751535658322,30,44.021294355392456,30,0.6422505118861074
4525,1164,530,-25,3,25.179356624028344,19.26751535658322,30,44.021294355392456,30,0.6422505118861074
4526,1170,528,6,-2,6.324555320336759,19.26751535658322,30,44.021294355392456,30,0.6422505118861074
4527,1185,526,15,-2,15.132745950421556,19.26751535658322,30,44.021294355392456,30,0.6422505118861074
4528,1170,530,-15,4,15.524174696260024,19.26751535658322,30,44.021294355392456,30,0.6422505118861074
4529,1171,530,1,0,1.0,19.26751535658322,30,44.021294355392456,30,0.6422505118861074
4530,1194,527,23,-3,23.194827009486403,19.26751535658322,30,44.021294355392456,30,0.6422505118861074
4531,1185,530,-9,3,9.486832980505138,19.26751535658322,30,44.021294355392456,30,0.6422505118861074
4532,1179,532,-6,2,6.324555320336759,19.26751535658322,30,44.021294355392456,30,0.6422505118861074
4533,1203,529,24,-3,24.186773244895647,19.26751535658322,30,44.021294355392456,30,0.6422505118861074
4534,1197,530,-6,1,6.082762530298219,19.26751535658322,30,44.021294355392456,30,0.6422505118861074
4535,1180,533,-17,3,17.26267650163207,19.26751535658322,30,44.021294355392456,30,0.6422505118861074
4536,1194,529,14,-4,14.560219778561036,19.26751535658322,30,44.021294355392456,30,0.6422505118861074
4537,1191,529,-3,0,3.0,19.26751535658322,30,44.021294355392456,30,0.6422505118861074
4538,1164,531,-27,2,27.073972741361768,19.26751535658322,30,44.021294355392456,30,0.6422505118861074
4539,1170,529,6,-2,6.324555320336759,19.26751535658322,30,44.021294355392456,30,0.6422505118861074
4540,1186,527,16,-2,16.1245154965971,19.26751535658322,30,44.021294355392456,30,0.6422505118861074
4541,1171,530,-15,3,15.297058540778355,19.26751535658322,30,44.021294355392456,30,0.6422505118861074
4542,1172,531,1,1,1.4142135623730951,19.26751535658322,30,44.021294355392456,30,0.6422505118861074
4543,1198,528,26,-3,26.1725046566048,19.26751535658322,30,44.021294355392456,30,0.6422505118861074
4544,1193,531,-5,3,5.830951894845301,19.26751535658322,30,44.021294355392456,30,0.6422505118861074
4545,1182,533,-11,2,11.180339887498949,19.26751535658322,30,44.021294355392456,30,0.6422505118861074
4546,1203,530,21,-3,21.213203435596427,19.26751535658322,30,44.021294355392456,30,0.6422505118861074
4547,1196,531,-7,1,7.0710678118654755,19.26751535658322,30,44.021294355392456,30,0.6422505118861074
4548,1182,533,-14,2,14.142135623730951,19.26751535658322,30,44.021294355392456,30,0.6422505118861074
4549,1203,530,21,-3,21.213203435596427,19.26751535658322,30,44.021294355392456,30,0.6422505118861074
4550,1197,531,-6,1,6.082762530298219,19.26751535658322,30,44.021294355392456,30,0.6422505118861074
4551,1182,533,-15,2,15.132745950421556,19.26751535658322,30,44.021294355392456,30,0.6422505118861074
4552,1203,530,21,-3,21.213203435596427,19.26751535658322,30,44.021294355392456,30,0.6422505118861074
4553,1196,531,-7,1,7.0710678118654755,19.26751535658322,30,44.021294355392456,30,0.6422505118861074
4554,1182,533,-14,2,14.142135623730951,19.26751535658322,30,44.021294355392456,30,0.6422505118861074
4555,1203,530,21,-3,21.213203435596427,19.26751535658322,30,44.021294355392456,30,0.6422505118861074
4556,1195,532,-8,2,8.246211251235321,19.26751535658322,30,44.021294355392456,30,0.6422505118861074
4557,1181,533,-14,1,14.035668847618199,19.26751535658322,30,44.021294355392456,30,0.6422505118861074
4558,1203,530,22,-3,22.20360331117452,19.26751535658322,30,44.021294355392456,30,0.6422505118861074
4559,1198,531,-5,1,5.0990195135927845,19.26751535658322,30,44.021294355392456,30,0.6422505118861074
4560,1182,534,-16,3,16.278820596099706,19.26751535658322,30,44.021294355392456,30,0.6422505118861074
4561,1204,530,22,-4,22.360679774997898,19.26751535658322,30,44.021294355392456,30,0.6422505118861074
4562,1197,532,-7,2,7.280109889280518,19.26751535658322,30,44.021294355392456,30,0.6422505118861074
4563,1182,534,-15,2,15.132745950421556,19.26751535658322,30,44.021294355392456,30,0.6422505118861074
4564,1204,530,22,-4,22.360679774997898,19.26751535658322,30,44.021294355392456,30,0.6422505118861074
4565,1196,532,-8,2,8.246211251235321,19.26751535658322,30,44.021294355392456,30,0.6422505118861074
4566,1182,534,-14,2,14.142135623730951,19.26751535658322,30,44.021294355392456,30,0.6422505118861074
4567,1204,530,22,-4,22.360679774997898,19.26751535658322,30,44.021294355392456,30,0.6422505118861074
4568,1195,532,-9,2,9.219544457292887,19.26751535658322,30,44.021294355392456,30,0.6422505118861074
4569,1182,534,-13,2,13.152946437965905,19.26751535658322,30,44.021294355392456,30,0.6422505118861074
4570,1203,530,21,-4,21.37755832643195,19.26751535658322,30,44.021294355392456,30,0.6422505118861074
4571,1196,532,-7,2,7.280109889280518,19.26751535658322,30,44.021294355392456,30,0.6422505118861074
4572,1182,534,-14,2,14.142135623730951,19.26751535658322,30,44.021294355392456,30,0.6422505118861074
4573,1204,530,22,-4,22.360679774997898,19.26751535658322,30,44.021294355392456,30,0.6422505118861074
4574,1195,532,-9,2,9.219544457292887,19.26751535658322,30,44.021294355392456,30,0.6422505118861074
4575,1182,534,-13,2,13.152946437965905,19.26751535658322,30,44.021294355392456,30,0.6422505118861074
4576,1203,530,21,-4,21.37755832643195,19.26751535658322,30,44.021294355392456,30,0.6422505118861074
4577,1198,532,-5,2,5.385164807134504,19.26751535658322,30,44.021294355392456,30,0.6422505118861074
4578,1182,534,-16,2,16.1245154965971,19.26751535658322,30,44.021294355392456,30,0.6422505118861074
4579,1204,531,22,-3,22.20360331117452,19.26751535658322,30,44.021294355392456,30,0.6422505118861074
4580,1198,532,-6,1,6.082762530298219,19.26751535658322,30,44.021294355392456,30,0.6422505118861074
4581,1182,534,-16,2,16.1245154965971,19.26751535658322,30,44.021294355392456,30,0.6422505118861074
4582,1203,531,21,-3,21.213203435596427,19.26751535658322,30,44.021294355392456,30,0.6422505118861074
4583,1198,532,-5,1,5.0990195135927845,19.26751535658322,30,44.021294355392456,30,0.6422505118861074
4584,1182,534,-16,2,16.1245154965971,19.26751535658322,30,44.021294355392456,30,0.6422505118861074
4585,1204,531,22,-3,22.20360331117452,19.26751535658322,30,44.021294355392456,30,0.6422505118861074
4586,1197,532,-7,1,7.0710678118654755,19.26751535658322,30,44.021294355392456,30,0.6422505118861074
4587,1182,535,-15,3,15.297058540778355,19.26751535658322,30,44.021294355392456,30,0.6422505118861074
4588,1203,531,21,-4,21.37755832643195,19.26751535658322,30,44.021294355392456,30,0.6422505118861074
4589,1198,532,-5,1,5.0990195135927845,19.26751535658322,30,44.021294355392456,30,0.6422505118861074
4590,1182,534,-16,2,16.1245154965971,19.26751535658322,30,44.021294355392456,30,0.6422505118861074
4591,1202,531,20,-3,20.223748416156685,19.26751535658322,30,44.021294355392456,30,0.6422505118861074
4592,1198,532,-4,1,4.123105625617661,19.26751535658322,30,44.021294355392456,30,0.6422505118861074
4593,1179,534,-19,2,19.1049731745428,19.26751535658322,30,44.021294355392456,30,0.6422505118861074
4594,1198,531,19,-3,19.235384061671343,19.26751535658322,30,44.021294355392456,30,0.6422505118861074
4595,1199,532,1,1,1.4142135623730951,19.26751535658322,30,44.021294355392456,30,0.6422505118861074
4596,1177,534,-22,2,22.090722034374522,19.26751535658322,30,44.021294355392456,30,0.6422505118861074
4597,1197,531,20,-3,20.223748416156685,19.26751535658322,30,44.021294355392456,30,0.6422505118861074
4598,1196,531,-1,0,1.0,19.26751535658322,30,44.021294355392456,30,0.6422505118861074
4599,1173,534,-23,3,23.194827009486403,19.26751535658322,30,44.021294355392456,30,0.6422505118861074
4600,1191,531,18,-3,18.24828759089466,19.26751535658322,30,44.021294355392456,30,0.6422505118861074
4601,1196,531,5,0,5.0,19.26751535658322,30,44.021294355392456,30,0.6422505118861074
4602,1172,534,-24,3,24.186773244895647,19.26751535658322,30,44.021294355392456,30,0.6422505118861074
4603,1187,531,15,-3,15.297058540778355,19.26751535658322,30,44.021294355392456,30,0.6422505118861074
4604,1191,530,4,-1,4.123105625617661,19.26751535658322,30,44.021294355392456,30,0.6422505118861074
4605,1167,533,-24,3,24.186773244895647,19.26751535658322,30,44.021294355392456,30,0.6422505118861074
4606,1183,531,16,-2,16.1245154965971,19.26751535658322,30,44.021294355392456,30,0.6422505118861074
4607,1192,531,9,0,9.0,19.26751535658322,30,44.021294355392456,30,0.6422505118861074
4608,1168,534,-24,3,24.186773244895647,19.26751535658322,30,44.021294355392456,30,0.6422505118861074
4609,1187,531,19,-3,19.235384061671343,19.26751535658322,30,44.021294355392456,30,0.6422505118861074
4610,1198,532,11,1,11.045361017187261,19.26751535658322,30,44.021294355392456,30,0.6422505118861074
4611,1179,535,-19,3,19.235384061671343,19.26751535658322,30,44.021294355392456,30,0.6422505118861074
4612,1203,532,24,-3,24.186773244895647,19.26751535658322,30,44.021294355392456,30,0.6422505118861074
4613,1198,533,-5,1,5.0990195135927845,19.26751535658322,30,44.021294355392456,30,0.6422505118861074
4614,1182,535,-16,2,16.1245154965971,19.26751535658322,30,44.021294355392456,30,0.6422505118861074
4615,1201,531,19,-4,19.4164878389476,19.26751535658322,30,44.021294355392456,30,0.6422505118861074
4616,1182,533,-19,2,19.1049731745428,19.26751535658322,30,44.021294355392456,30,0.6422505118861074
4617,1171,533,-11,0,11.0,19.26751535658322,30,44.021294355392456,30,0.6422505118861074
4618,1189,530,18,-3,18.24828759089466,19.26751535658322,30,44.021294355392456,30,0.6422505118861074
4619,1167,532,-22,2,22.090722034374522,19.26751535658322,30,44.021294355392456,30,0.6422505118861074
4620,1168,531,1,-1,1.4142135623730951,19.26751535658322,30,44.021294355392456,30,0.6422505118861074
4621,1186,530,18,-1,18.027756377319946,19.26751535658322,30,44.021294355392456,30,0.6422505118861074
4622,1163,533,-23,3,23.194827009486403,19.26751535658322,30,44.021294355392456,30,0.6422505118861074
4623,1182,531,19,-2,19.1049731745428,19.26751535658322,30,44.021294355392456,30,0.6422505118861074
4624,1195,531,13,0,13.0,19.26751535658322,30,44.021294355392456,30,0.6422505118861074
4625,1176,535,-19,4,19.4164878389476,19.26751535658322,30,44.021294355392456,30,0.6422505118861074
4626,1200,532,24,-3,24.186773244895647,19.26751535658322,30,44.021294355392456,30,0.6422505118861074
4627,1200,533,0,1,1.0,19.26751535658322,30,44.021294355392456,30,0.6422505118861074
4628,1183,535,-17,2,17.11724276862369,19.26751535658322,30,44.021294355392456,30,0.6422505118861074
4629,1204,532,21,-3,21.213203435596427,19.26751535658322,30,44.021294355392456,30,0.6422505118861074
4630,1187,533,-17,1,17.029386365926403,19.26751535658322,30,44.021294355392456,30,0.6422505118861074
4631,1174,534,-13,1,13.038404810405298,19.26751535658322,30,44.021294355392456,30,0.6422505118861074
4632,1191,530,17,-4,17.46424919657298,19.26751535658322,30,44.021294355392456,30,0.6422505118861074
4633,1168,532,-23,2,23.08679276123039,19.26751535658322,30,44.021294355392456,30,0.6422505118861074
4634,1168,532,0,0,0.0,19.26751535658322,30,44.021294355392456,30,0.6422505118861074
4635,1186,530,18,-2,18.110770276274835,19.26751535658322,30,44.021294355392456,30,0.6422505118861074
4636,1164,532,-22,2,22.090722034374522,19.26751535658322,30,44.021294355392456,30,0.6422505118861074
4637,1171,531,7,-1,7.0710678118654755,19.26751535658322,30,44.021294355392456,30,0.6422505118861074
4638,1188,531,17,0,17.0,19.26751535658322,30,44.021294355392456,30,0.6422505118861074
4639,1167,534,-21,3,21.213203435596427,19.26751535658322,30,44.021294355392456,30,0.6422505118861074
4640,1184,532,17,-2,17.11724276862369,19.26751535658322,30,44.021294355392456,30,0.6422505118861074
4641,1197,532,13,0,13.0,19.26751535658322,30,44.021294355392456,30,0.6422505118861074
4642,1178,535,-19,3,19.235384061671343,19.26751535658322,30,44.021294355392456,30,0.6422505118861074
4643,1202,532,24,-3,24.186773244895647,19.26751535658322,30,44.021294355392456,30,0.6422505118861074
4644,1199,533,-3,1,3.1622776601683795,19.26751535658322,30,44.021294355392456,30,0.6422505118861074
4645,1182,535,-17,2,17.11724276862369,19.26751535658322,30,44.021294355392456,30,0.6422505118861074
4646,,,,,,19.26751535658322,30,44.021294355392456,30,0.6422505118861074
4647,1148,463,-34,-72,79.62411694957753,19.26751535658322,30,44.021294355392456,30,0.6422505118861074
4648,1148,364,0,-99,99.0,19.26751535658322,30,44.021294355392456,30,0.6422505118861074
4649,1150,339,2,-25,25.079872407968907,19.26751535658322,30,44.021294355392456,30,0.6422505118861074
4650,1154,358,4,19,19.4164878389476,19.26751535658322,30,44.021294355392456,30,0.6422505118861074
4651,1154,371,0,13,13.0,19.26751535658322,30,44.021294355392456,30,0.6422505118861074
4652,1154,379,0,8,8.0,19.26751535658322,30,44.021294355392456,30,0.6422505118861074
4653,1154,381,0,2,2.0,19.26751535658322,30,44.021294355392456,30,0.6422505118861074
4654,1154,379,0,-2,2.0,19.26751535658322,30,44.021294355392456,30,0.6422505118861074
4655,1153,377,-1,-2,2.23606797749979,19.26751535658322,30,44.021294355392456,30,0.6422505118861074
4656,1153,374,0,-3,3.0,19.26751535658322,30,44.021294355392456,30,0.6422505118861074
4657,1153,372,0,-2,2.0,19.26751535658322,30,44.021294355392456,30,0.6422505118861074
4658,1153,371,0,-1,1.0,19.26751535658322,30,44.021294355392456,30,0.6422505118861074
4659,1153,371,0,0,0.0,19.26751535658322,30,44.021294355392456,30,0.6422505118861074
4660,1153,372,0,1,1.0,19.26751535658322,30,44.021294355392456,30,0.6422505118861074
4661,1153,372,0,0,0.0,19.26751535658322,30,44.021294355392456,30,0.6422505118861074
4662,1153,372,0,0,0.0,19.26751535658322,30,44.021294355392456,30,0.6422505118861074
4663,1153,372,0,0,0.0,19.26751535658322,30,44.021294355392456,30,0.6422505118861074
4664,1153,371,0,-1,1.0,19.26751535658322,30,44.021294355392456,30,0.6422505118861074
4665,1153,371,0,0,0.0,19.26751535658322,30,44.021294355392456,30,0.6422505118861074
4666,1153,371,0,0,0.0,19.26751535658322,30,44.021294355392456,30,0.6422505118861074
4667,1153,370,0,-1,1.0,19.26751535658322,30,44.021294355392456,30,0.6422505118861074
4668,1153,370,0,0,0.0,19.26751535658322,30,44.021294355392456,30,0.6422505118861074
4669,1153,370,0,0,0.0,19.26751535658322,30,44.021294355392456,30,0.6422505118861074
4670,1153,370,0,0,0.0,19.26751535658322,30,44.021294355392456,30,0.6422505118861074
4671,1153,370,0,0,0.0,19.26751535658322,30,44.021294355392456,30,0.6422505118861074
4672,1153,370,0,0,0.0,19.26751535658322,30,44.021294355392456,30,0.6422505118861074
4673,1152,370,-1,0,1.0,19.26751535658322,30,44.021294355392456,30,0.6422505118861074
4674,1152,369,0,-1,1.0,19.26751535658322,30,44.021294355392456,30,0.6422505118861074
4675,1152,369,0,0,0.0,19.26751535658322,30,44.021294355392456,30,0.6422505118861074
4676,1152,369,0,0,0.0,19.26751535658322,30,44.021294355392456,30,0.6422505118861074
4677,1152,369,0,0,0.0,19.26751535658322,30,44.021294355392456,30,0.6422505118861074
4678,1152,369,0,0,0.0,19.26751535658322,30,44.021294355392456,30,0.6422505118861074
4679,1152,369,0,0,0.0,19.26751535658322,30,44.021294355392456,30,0.6422505118861074
4680,1152,369,0,0,0.0,19.26751535658322,30,44.021294355392456,30,0.6422505118861074
4681,1152,369,0,0,0.0,19.26751535658322,30,44.021294355392456,30,0.6422505118861074
4682,1152,368,0,-1,1.0,19.26751535658322,30,44.021294355392456,30,0.6422505118861074
4683,1152,368,0,0,0.0,19.26751535658322,30,44.021294355392456,30,0.6422505118861074
4684,1152,368,0,0,0.0,19.26751535658322,30,44.021294355392456,30,0.6422505118861074
4685,1152,368,0,0,0.0,19.26751535658322,30,44.021294355392456,30,0.6422505118861074
4686,1152,368,0,0,0.0,19.26751535658322,30,44.021294355392456,30,0.6422505118861074
4687,1152,368,0,0,0.0,19.26751535658322,30,44.021294355392456,30,0.6422505118861074
4688,1152,368,0,0,0.0,19.26751535658322,30,44.021294355392456,30,0.6422505118861074
4689,1152,368,0,0,0.0,19.26751535658322,30,44.021294355392456,30,0.6422505118861074
4690,1152,368,0,0,0.0,19.26751535658322,30,44.021294355392456,30,0.6422505118861074
4691,1152,368,0,0,0.0,19.26751535658322,30,44.021294355392456,30,0.6422505118861074
4692,1152,367,0,-1,1.0,19.26751535658322,30,44.021294355392456,30,0.6422505118861074
4693,1152,367,0,0,0.0,19.26751535658322,30,44.021294355392456,30,0.6422505118861074
4694,1152,368,0,1,1.0,19.26751535658322,30,44.021294355392456,30,0.6422505118861074
4695,1152,367,0,-1,1.0,19.26751535658322,30,44.021294355392456,30,0.6422505118861074
4696,1152,367,0,0,0.0,19.26751535658322,30,44.021294355392456,30,0.6422505118861074
4697,1152,367,0,0,0.0,19.26751535658322,30,44.021294355392456,30,0.6422505118861074
4698,1152,367,0,0,0.0,19.26751535658322,30,44.021294355392456,30,0.6422505118861074
4699,1152,367,0,0,0.0,19.26751535658322,30,44.021294355392456,30,0.6422505118861074
4700,1152,367,0,0,0.0,19.26751535658322,30,44.021294355392456,30,0.6422505118861074
4701,1152,367,0,0,0.0,19.26751535658322,30,44.021294355392456,30,0.6422505118861074
4702,1152,367,0,0,0.0,19.26751535658322,30,44.021294355392456,30,0.6422505118861074
4703,1152,367,0,0,0.0,19.26751535658322,30,44.021294355392456,30,0.6422505118861074
4704,1152,367,0,0,0.0,19.26751535658322,30,44.021294355392456,30,0.6422505118861074
4705,1152,367,0,0,0.0,19.26751535658322,30,44.021294355392456,30,0.6422505118861074
4706,1152,367,0,0,0.0,19.26751535658322,30,44.021294355392456,30,0.6422505118861074
4707,1152,367,0,0,0.0,19.26751535658322,30,44.021294355392456,30,0.6422505118861074
4708,1152,366,0,-1,1.0,19.26751535658322,30,44.021294355392456,30,0.6422505118861074
4709,1152,366,0,0,0.0,19.26751535658322,30,44.021294355392456,30,0.6422505118861074
4710,1152,366,0,0,0.0,19.26751535658322,30,44.021294355392456,30,0.6422505118861074
4711,1152,366,0,0,0.0,19.26751535658322,30,44.021294355392456,30,0.6422505118861074
4712,1152,366,0,0,0.0,19.26751535658322,30,44.021294355392456,30,0.6422505118861074
4713,1151,366,-1,0,1.0,19.26751535658322,30,44.021294355392456,30,0.6422505118861074
4714,1152,366,1,0,1.0,19.26751535658322,30,44.021294355392456,30,0.6422505118861074
4715,1151,366,-1,0,1.0,19.26751535658322,30,44.021294355392456,30,0.6422505118861074
4716,1151,366,0,0,0.0,19.26751535658322,30,44.021294355392456,30,0.6422505118861074
4717,1152,366,1,0,1.0,19.26751535658322,30,44.021294355392456,30,0.6422505118861074
4718,1152,366,0,0,0.0,19.26751535658322,30,44.021294355392456,30,0.6422505118861074
4719,1151,366,-1,0,1.0,19.26751535658322,30,44.021294355392456,30,0.6422505118861074
4720,1152,366,1,0,1.0,19.26751535658322,30,44.021294355392456,30,0.6422505118861074
4721,1152,366,0,0,0.0,19.26751535658322,30,44.021294355392456,30,0.6422505118861074
4722,1152,366,0,0,0.0,19.26751535658322,30,44.021294355392456,30,0.6422505118861074
4723,1152,366,0,0,0.0,19.26751535658322,30,44.021294355392456,30,0.6422505118861074
4724,1151,366,-1,0,1.0,19.26751535658322,30,44.021294355392456,30,0.6422505118861074
4725,1152,366,1,0,1.0,19.26751535658322,30,44.021294355392456,30,0.6422505118861074
4726,1151,366,-1,0,1.0,19.26751535658322,30,44.021294355392456,30,0.6422505118861074
4727,1151,366,0,0,0.0,19.26751535658322,30,44.021294355392456,30,0.6422505118861074
4728,1151,365,0,-1,1.0,19.26751535658322,30,44.021294355392456,30,0.6422505118861074
4729,1151,365,0,0,0.0,19.26751535658322,30,44.021294355392456,30,0.6422505118861074
4730,1151,365,0,0,0.0,19.26751535658322,30,44.021294355392456,30,0.6422505118861074
4731,1151,365,0,0,0.0,19.26751535658322,30,44.021294355392456,30,0.6422505118861074
4732,,,,,,19.26751535658322,30,44.021294355392456,30,0.6422505118861074
4733,1167,531,16,166,166.76930173146374,19.26751535658322,30,44.021294355392456,30,0.6422505118861074
4734,1176,527,9,-4,9.848857801796104,19.26751535658322,30,44.021294355392456,30,0.6422505118861074
4735,1178,520,2,-7,7.280109889280518,19.26751535658322,30,44.021294355392456,30,0.6422505118861074
4736,1177,514,-1,-6,6.082762530298219,19.26751535658322,30,44.021294355392456,30,0.6422505118861074
4737,1177,513,0,-1,1.0,19.26751535658322,30,44.021294355392456,30,0.6422505118861074
4738,1181,515,4,2,4.47213595499958,19.26751535658322,30,44.021294355392456,30,0.6422505118861074
4739,1183,517,2,2,2.8284271247461903,19.26751535658322,30,44.021294355392456,30,0.6422505118861074
4740,1180,519,-3,2,3.605551275463989,19.26751535658322,30,44.021294355392456,30,0.6422505118861074
4741,1177,520,-3,1,3.1622776601683795,19.26751535658322,30,44.021294355392456,30,0.6422505118861074
4742,1179,521,2,1,2.23606797749979,19.26751535658322,30,44.021294355392456,30,0.6422505118861074
4743,1183,522,4,1,4.123105625617661,19.26751535658322,30,44.021294355392456,30,0.6422505118861074
4744,1182,523,-1,1,1.4142135623730951,19.26751535658322,30,44.021294355392456,30,0.6422505118861074
4745,1178,523,-4,0,4.0,19.26751535658322,30,44.021294355392456,30,0.6422505118861074
4746,1178,524,0,1,1.0,19.26751535658322,30,44.021294355392456,30,0.6422505118861074
4747,1184,524,6,0,6.0,19.26751535658322,30,44.021294355392456,30,0.6422505118861074
4748,1180,525,-4,1,4.123105625617661,19.26751535658322,30,44.021294355392456,30,0.6422505118861074
4749,1178,525,-2,0,2.0,19.26751535658322,30,44.021294355392456,30,0.6422505118861074
4750,1183,525,5,0,5.0,19.26751535658322,30,44.021294355392456,30,0.6422505118861074
4751,1181,525,-2,0,2.0,19.26751535658322,30,44.021294355392456,30,0.6422505118861074
4752,1177,525,-4,0,4.0,19.26751535658322,30,44.021294355392456,30,0.6422505118861074
4753,1183,526,6,1,6.082762530298219,19.26751535658322,30,44.021294355392456,30,0.6422505118861074
4754,1182,526,-1,0,1.0,19.26751535658322,30,44.021294355392456,30,0.6422505118861074
4755,1177,526,-5,0,5.0,19.26751535658322,30,44.021294355392456,30,0.6422505118861074
4756,1183,526,6,0,6.0,19.26751535658322,30,44.021294355392456,30,0.6422505118861074
4757,1182,527,-1,1,1.4142135623730951,19.26751535658322,30,44.021294355392456,30,0.6422505118861074
4758,1177,526,-5,-1,5.0990195135927845,19.26751535658322,30,44.021294355392456,30,0.6422505118861074
4759,1183,527,6,1,6.082762530298219,19.26751535658322,30,44.021294355392456,30,0.6422505118861074
4760,1183,527,0,0,0.0,19.26751535658322,30,44.021294355392456,30,0.6422505118861074
4761,1178,526,-5,-1,5.0990195135927845,19.26751535658322,30,44.021294355392456,30,0.6422505118861074
4762,1183,527,5,1,5.0990195135927845,19.26751535658322,30,44.021294355392456,30,0.6422505118861074
4763,1182,527,-1,0,1.0,19.26751535658322,30,44.021294355392456,30,0.6422505118861074
4764,1178,527,-4,0,4.0,19.26751535658322,30,44.021294355392456,30,0.6422505118861074
4765,1184,527,6,0,6.0,19.26751535658322,30,44.021294355392456,30,0.6422505118861074
4766,1182,527,-2,0,2.0,19.26751535658322,30,44.021294355392456,30,0.6422505118861074
4767,1178,527,-4,0,4.0,19.26751535658322,30,44.021294355392456,30,0.6422505118861074
4768,1185,528,7,1,7.0710678118654755,19.26751535658322,30,44.021294355392456,30,0.6422505118861074
4769,1182,528,-3,0,3.0,19.26751535658322,30,44.021294355392456,30,0.6422505118861074
4770,1178,528,-4,0,4.0,19.26751535658322,30,44.021294355392456,30,0.6422505118861074
4771,1184,528,6,0,6.0,19.26751535658322,30,44.021294355392456,30,0.6422505118861074
4772,1183,528,-1,0,1.0,19.26751535658322,30,44.021294355392456,30,0.6422505118861074
4773,1178,528,-5,0,5.0,19.26751535658322,30,44.021294355392456,30,0.6422505118861074
4774,1182,528,4,0,4.0,19.26751535658322,30,44.021294355392456,30,0.6422505118861074
4775,1185,529,3,1,3.1622776601683795,19.26751535658322,30,44.021294355392456,30,0.6422505118861074
4776,1178,528,-7,-1,7.0710678118654755,19.26751535658322,30,44.021294355392456,30,0.6422505118861074
4777,1182,528,4,0,4.0,19.26751535658322,30,44.021294355392456,30,0.6422505118861074
4778,1184,529,2,1,2.23606797749979,19.26751535658322,30,44.021294355392456,30,0.6422505118861074
4779,1178,528,-6,-1,6.082762530298219,19.26751535658322,30,44.021294355392456,30,0.6422505118861074
4780,1183,529,5,1,5.0990195135927845,19.26751535658322,30,44.021294355392456,30,0.6422505118861074
4781,1184,529,1,0,1.0,19.26751535658322,30,44.021294355392456,30,0.6422505118861074
4782,1178,528,-6,-1,6.082762530298219,19.26751535658322,30,44.021294355392456,30,0.6422505118861074
4783,1184,529,6,1,6.082762530298219,19.26751535658322,30,44.021294355392456,30,0.6422505118861074
4784,1183,529,-1,0,1.0,19.26751535658322,30,44.021294355392456,30,0.6422505118861074
4785,1179,529,-4,0,4.0,19.26751535658322,30,44.021294355392456,30,0.6422505118861074
4786,1184,529,5,0,5.0,19.26751535658322,30,44.021294355392456,30,0.6422505118861074
4787,1183,529,-1,0,1.0,19.26751535658322,30,44.021294355392456,30,0.6422505118861074
4788,1179,529,-4,0,4.0,19.26751535658322,30,44.021294355392456,30,0.6422505118861074
4789,1184,529,5,0,5.0,19.26751535658322,30,44.021294355392456,30,0.6422505118861074
4790,1184,530,0,1,1.0,19.26751535658322,30,44.021294355392456,30,0.6422505118861074
4791,1178,529,-6,-1,6.082762530298219,19.26751535658322,30,44.021294355392456,30,0.6422505118861074
4792,1184,529,6,0,6.0,19.26751535658322,30,44.021294355392456,30,0.6422505118861074
4793,1183,529,-1,0,1.0,19.26751535658322,30,44.021294355392456,30,0.6422505118861074
4794,1178,529,-5,0,5.0,19.26751535658322,30,44.021294355392456,30,0.6422505118861074
4795,1184,529,6,0,6.0,19.26751535658322,30,44.021294355392456,30,0.6422505118861074
4796,1183,530,-1,1,1.4142135623730951,19.26751535658322,30,44.021294355392456,30,0.6422505118861074
4797,1179,529,-4,-1,4.123105625617661,19.26751535658322,30,44.021294355392456,30,0.6422505118861074
4798,1184,530,5,1,5.0990195135927845,19.26751535658322,30,44.021294355392456,30,0.6422505118861074
4799,1184,530,0,0,0.0,19.26751535658322,30,44.021294355392456,30,0.6422505118861074
4800,1179,529,-5,-1,5.0990195135927845,19.26751535658322,30,44.021294355392456,30,0.6422505118861074
4801,1184,530,5,1,5.0990195135927845,19.26751535658322,30,44.021294355392456,30,0.6422505118861074
4802,1184,530,0,0,0.0,19.26751535658322,30,44.021294355392456,30,0.6422505118861074
4803,1178,529,-6,-1,6.082762530298219,19.26751535658322,30,44.021294355392456,30,0.6422505118861074
4804,1184,530,6,1,6.082762530298219,19.26751535658322,30,44.021294355392456,30,0.6422505118861074
4805,1185,530,1,0,1.0,19.26751535658322,30,44.021294355392456,30,0.6422505118861074
4806,1179,529,-6,-1,6.082762530298219,19.26751535658322,30,44.021294355392456,30,0.6422505118861074
4807,1181,530,2,1,2.23606797749979,19.26751535658322,30,44.021294355392456,30,0.6422505118861074
4808,1185,530,4,0,4.0,19.26751535658322,30,44.021294355392456,30,0.6422505118861074
4809,1179,530,-6,0,6.0,19.26751535658322,30,44.021294355392456,30,0.6422505118861074
4810,1182,530,3,0,3.0,19.26751535658322,30,44.021294355392456,30,0.6422505118861074
4811,1185,531,3,1,3.1622776601683795,19.26751535658322,30,44.021294355392456,30,0.6422505118861074
4812,1180,530,-5,-1,5.0990195135927845,19.26751535658322,30,44.021294355392456,30,0.6422505118861074
4813,1180,530,0,0,0.0,19.26751535658322,30,44.021294355392456,30,0.6422505118861074
4814,1186,530,6,0,6.0,19.26751535658322,30,44.021294355392456,30,0.6422505118861074
4815,1180,530,-6,0,6.0,19.26751535658322,30,44.021294355392456,30,0.6422505118861074
4816,1181,530,1,0,1.0,19.26751535658322,30,44.021294355392456,30,0.6422505118861074
4817,1186,531,5,1,5.0990195135927845,19.26751535658322,30,44.021294355392456,30,0.6422505118861074
4818,1181,530,-5,-1,5.0990195135927845,19.26751535658322,30,44.021294355392456,30,0.6422505118861074
4819,1180,530,-1,0,1.0,19.26751535658322,30,44.021294355392456,30,0.6422505118861074
4820,1186,531,6,1,6.082762530298219,19.26751535658322,30,44.021294355392456,30,0.6422505118861074
4821,1180,530,-6,-1,6.082762530298219,19.26751535658322,30,44.021294355392456,30,0.6422505118861074
4822,1181,530,1,0,1.0,19.26751535658322,30,44.021294355392456,30,0.6422505118861074
4823,1186,531,5,1,5.0990195135927845,19.26751535658322,30,44.021294355392456,30,0.6422505118861074
4824,1182,531,-4,0,4.0,19.26751535658322,30,44.021294355392456,30,0.6422505118861074
4825,1179,530,-3,-1,3.1622776601683795,19.26751535658322,30,44.021294355392456,30,0.6422505118861074
4826,1185,531,6,1,6.082762530298219,19.26751535658322,30,44.021294355392456,30,0.6422505118861074
4827,1184,531,-1,0,1.0,19.26751535658322,30,44.021294355392456,30,0.6422505118861074
4828,1179,530,-5,-1,5.0990195135927845,19.26751535658322,30,44.021294355392456,30,0.6422505118861074
4829,1184,531,5,1,5.0990195135927845,19.26751535658322,30,44.021294355392456,30,0.6422505118861074
4830,1183,531,-1,0,1.0,19.26751535658322,30,44.021294355392456,30,0.6422505118861074
4831,1179,530,-4,-1,4.123105625617661,19.26751535658322,30,44.021294355392456,30,0.6422505118861074
4832,1185,531,6,1,6.082762530298219,19.26751535658322,30,44.021294355392456,30,0.6422505118861074
4833,1182,531,-3,0,3.0,19.26751535658322,30,44.021294355392456,30,0.6422505118861074
4834,1179,531,-3,0,3.0,19.26751535658322,30,44.021294355392456,30,0.6422505118861074
4835,1186,531,7,0,7.0,19.26751535658322,30,44.021294355392456,30,0.6422505118861074
4836,1182,531,-4,0,4.0,19.26751535658322,30,44.021294355392456,30,0.6422505118861074
4837,1180,531,-2,0,2.0,19.26751535658322,30,44.021294355392456,30,0.6422505118861074
4838,1185,531,5,0,5.0,19.26751535658322,30,44.021294355392456,30,0.6422505118861074
4839,1183,531,-2,0,2.0,19.26751535658322,30,44.021294355392456,30,0.6422505118861074
4840,1179,531,-4,0,4.0,19.26751535658322,30,44.021294355392456,30,0.6422505118861074
4841,1185,531,6,0,6.0,19.26751535658322,30,44.021294355392456,30,0.6422505118861074
4842,1182,531,-3,0,3.0,19.26751535658322,30,44.021294355392456,30,0.6422505118861074
4843,1180,531,-2,0,2.0,19.26751535658322,30,44.021294355392456,30,0.6422505118861074
4844,1185,531,5,0,5.0,19.26751535658322,30,44.021294355392456,30,0.6422505118861074
4845,1185,532,0,1,1.0,19.26751535658322,30,44.021294355392456,30,0.6422505118861074
4846,1179,531,-6,-1,6.082762530298219,19.26751535658322,30,44.021294355392456,30,0.6422505118861074
4847,1183,531,4,0,4.0,19.26751535658322,30,44.021294355392456,30,0.6422505118861074
4848,1185,532,2,1,2.23606797749979,19.26751535658322,30,44.021294355392456,30,0.6422505118861074
4849,1180,531,-5,-1,5.0990195135927845,19.26751535658322,30,44.021294355392456,30,0.6422505118861074
4850,1182,531,2,0,2.0,19.26751535658322,30,44.021294355392456,30,0.6422505118861074
4851,1186,532,4,1,4.123105625617661,19.26751535658322,30,44.021294355392456,30,0.6422505118861074
4852,1180,531,-6,-1,6.082762530298219,19.26751535658322,30,44.021294355392456,30,0.6422505118861074
4853,1182,531,2,0,2.0,19.26751535658322,30,44.021294355392456,30,0.6422505118861074
4854,1186,532,4,1,4.123105625617661,19.26751535658322,30,44.021294355392456,30,0.6422505118861074
4855,1180,531,-6,-1,6.082762530298219,19.26751535658322,30,44.021294355392456,30,0.6422505118861074
4856,1182,531,2,0,2.0,19.26751535658322,30,44.021294355392456,30,0.6422505118861074
4857,1186,532,4,1,4.123105625617661,19.26751535658322,30,44.021294355392456,30,0.6422505118861074
4858,1181,531,-5,-1,5.0990195135927845,19.26751535658322,30,44.021294355392456,30,0.6422505118861074
4859,1181,531,0,0,0.0,19.26751535658322,30,44.021294355392456,30,0.6422505118861074
4860,1185,532,4,1,4.123105625617661,19.26751535658322,30,44.021294355392456,30,0.6422505118861074
4861,1183,532,-2,0,2.0,19.26751535658322,30,44.021294355392456,30,0.6422505118861074
4862,1179,531,-4,-1,4.123105625617661,19.26751535658322,30,44.021294355392456,30,0.6422505118861074
4863,1185,531,6,0,6.0,19.26751535658322,30,44.021294355392456,30,0.6422505118861074
4864,1184,532,-1,1,1.4142135623730951,19.26751535658322,30,44.021294355392456,30,0.6422505118861074
4865,1180,531,-4,-1,4.123105625617661,19.26751535658322,30,44.021294355392456,30,0.6422505118861074
4866,1183,531,3,0,3.0,19.26751535658322,30,44.021294355392456,30,0.6422505118861074
4867,1186,532,3,1,3.1622776601683795,19.26751535658322,30,44.021294355392456,30,0.6422505118861074
4868,1179,531,-7,-1,7.0710678118654755,19.26751535658322,30,44.021294355392456,30,0.6422505118861074
4869,1183,531,4,0,4.0,19.26751535658322,30,44.021294355392456,30,0.6422505118861074
4870,1185,532,2,1,2.23606797749979,19.26751535658322,30,44.021294355392456,30,0.6422505118861074
4871,1179,531,-6,-1,6.082762530298219,19.26751535658322,30,44.021294355392456,30,0.6422505118861074
4872,1184,532,5,1,5.0990195135927845,19.26751535658322,30,44.021294355392456,30,0.6422505118861074
4873,1185,532,1,0,1.0,19.26751535658322,30,44.021294355392456,30,0.6422505118861074
4874,1179,531,-6,-1,6.082762530298219,19.26751535658322,30,44.021294355392456,30,0.6422505118861074
4875,1184,532,5,1,5.0990195135927845,19.26751535658322,30,44.021294355392456,30,0.6422505118861074
4876,1184,532,0,0,0.0,19.26751535658322,30,44.021294355392456,30,0.6422505118861074
4877,1179,531,-5,-1,5.0990195135927845,19.26751535658322,30,44.021294355392456,30,0.6422505118861074
4878,1185,532,6,1,6.082762530298219,19.26751535658322,30,44.021294355392456,30,0.6422505118861074
4879,1184,532,-1,0,1.0,19.26751535658322,30,44.021294355392456,30,0.6422505118861074
4880,1179,531,-5,-1,5.0990195135927845,19.26751535658322,30,44.021294355392456,30,0.6422505118861074
4881,1185,532,6,1,6.082762530298219,19.26751535658322,30,44.021294355392456,30,0.6422505118861074
4882,1184,532,-1,0,1.0,19.26751535658322,30,44.021294355392456,30,0.6422505118861074
4883,1180,532,-4,0,4.0,19.26751535658322,30,44.021294355392456,30,0.6422505118861074
4884,1186,532,6,0,6.0,19.26751535658322,30,44.021294355392456,30,0.6422505118861074
4885,1179,531,-7,-1,7.0710678118654755,19.26751535658322,30,44.021294355392456,30,0.6422505118861074
4886,1186,532,7,1,7.0710678118654755,19.26751535658322,30,44.021294355392456,30,0.6422505118861074
4887,,,,,,19.26751535658322,30,44.021294355392456,30,0.6422505118861074
4888,1145,469,-41,-63,75.16648189186454,19.26751535658322,30,44.021294355392456,30,0.6422505118861074
4889,1148,364,3,-105,105.04284840006957,19.26751535658322,30,44.021294355392456,30,0.6422505118861074
4890,1148,337,0,-27,27.0,19.26751535658322,30,44.021294355392456,30,0.6422505118861074
4891,1154,356,6,19,19.924858845171276,19.26751535658322,30,44.021294355392456,30,0.6422505118861074
4892,1154,370,0,14,14.0,19.26751535658322,30,44.021294355392456,30,0.6422505118861074
4893,1154,378,0,8,8.0,19.26751535658322,30,44.021294355392456,30,0.6422505118861074
4894,1154,381,0,3,3.0,19.26751535658322,30,44.021294355392456,30,0.6422505118861074
4895,1153,379,-1,-2,2.23606797749979,19.26751535658322,30,44.021294355392456,30,0.6422505118861074
4896,1153,376,0,-3,3.0,19.26751535658322,30,44.021294355392456,30,0.6422505118861074
4897,1153,373,0,-3,3.0,19.26751535658322,30,44.021294355392456,30,0.6422505118861074
4898,1153,371,0,-2,2.0,19.26751535658322,30,44.021294355392456,30,0.6422505118861074
4899,1153,370,0,-1,1.0,19.26751535658322,30,44.021294355392456,30,0.6422505118861074
4900,1153,370,0,0,0.0,19.26751535658322,30,44.021294355392456,30,0.6422505118861074
4901,1153,371,0,1,1.0,19.26751535658322,30,44.021294355392456,30,0.6422505118861074
4902,1153,371,0,0,0.0,19.26751535658322,30,44.021294355392456,30,0.6422505118861074
4903,1153,372,0,1,1.0,19.26751535658322,30,44.021294355392456,30,0.6422505118861074
4904,1153,371,0,-1,1.0,19.26751535658322,30,44.021294355392456,30,0.6422505118861074
4905,1153,371,0,0,0.0,19.26751535658322,30,44.021294355392456,30,0.6422505118861074
4906,1153,371,0,0,0.0,19.26751535658322,30,44.021294355392456,30,0.6422505118861074
4907,1153,370,0,-1,1.0,19.26751535658322,30,44.021294355392456,30,0.6422505118861074
4908,1153,370,0,0,0.0,19.26751535658322,30,44.021294355392456,30,0.6422505118861074
4909,1153,369,0,-1,1.0,19.26751535658322,30,44.021294355392456,30,0.6422505118861074
4910,1152,369,-1,0,1.0,19.26751535658322,30,44.021294355392456,30,0.6422505118861074
4911,1152,369,0,0,0.0,19.26751535658322,30,44.021294355392456,30,0.6422505118861074
4912,1153,369,1,0,1.0,19.26751535658322,30,44.021294355392456,30,0.6422505118861074
4913,1152,369,-1,0,1.0,19.26751535658322,30,44.021294355392456,30,0.6422505118861074
4914,1152,369,0,0,0.0,19.26751535658322,30,44.021294355392456,30,0.6422505118861074
4915,1152,369,0,0,0.0,19.26751535658322,30,44.021294355392456,30,0.6422505118861074
4916,1152,369,0,0,0.0,19.26751535658322,30,44.021294355392456,30,0.6422505118861074
4917,1152,368,0,-1,1.0,19.26751535658322,30,44.021294355392456,30,0.6422505118861074
4918,1152,368,0,0,0.0,19.26751535658322,30,44.021294355392456,30,0.6422505118861074
4919,1152,368,0,0,0.0,19.26751535658322,30,44.021294355392456,30,0.6422505118861074
4920,1152,368,0,0,0.0,19.26751535658322,30,44.021294355392456,30,0.6422505118861074
4921,1152,368,0,0,0.0,19.26751535658322,30,44.021294355392456,30,0.6422505118861074
4922,1152,368,0,0,0.0,19.26751535658322,30,44.021294355392456,30,0.6422505118861074
4923,1152,368,0,0,0.0,19.26751535658322,30,44.021294355392456,30,0.6422505118861074
4924,1152,368,0,0,0.0,19.26751535658322,30,44.021294355392456,30,0.6422505118861074
4925,1152,368,0,0,0.0,19.26751535658322,30,44.021294355392456,30,0.6422505118861074
4926,1152,367,0,-1,1.0,19.26751535658322,30,44.021294355392456,30,0.6422505118861074
4927,1152,368,0,1,1.0,19.26751535658322,30,44.021294355392456,30,0.6422505118861074
4928,1152,368,0,0,0.0,19.26751535658322,30,44.021294355392456,30,0.6422505118861074
4929,1152,367,0,-1,1.0,19.26751535658322,30,44.021294355392456,30,0.6422505118861074
4930,1152,367,0,0,0.0,19.26751535658322,30,44.021294355392456,30,0.6422505118861074
4931,1152,367,0,0,0.0,19.26751535658322,30,44.021294355392456,30,0.6422505118861074
4932,1152,367,0,0,0.0,19.26751535658322,30,44.021294355392456,30,0.6422505118861074
4933,1152,367,0,0,0.0,19.26751535658322,30,44.021294355392456,30,0.6422505118861074
4934,1152,367,0,0,0.0,19.26751535658322,30,44.021294355392456,30,0.6422505118861074
4935,1152,367,0,0,0.0,19.26751535658322,30,44.021294355392456,30,0.6422505118861074
4936,1152,367,0,0,0.0,19.26751535658322,30,44.021294355392456,30,0.6422505118861074
4937,1151,367,-1,0,1.0,19.26751535658322,30,44.021294355392456,30,0.6422505118861074
4938,1151,367,0,0,0.0,19.26751535658322,30,44.021294355392456,30,0.6422505118861074
4939,1151,367,0,0,0.0,19.26751535658322,30,44.021294355392456,30,0.6422505118861074
4940,1152,366,1,-1,1.4142135623730951,19.26751535658322,30,44.021294355392456,30,0.6422505118861074
4941,1152,366,0,0,0.0,19.26751535658322,30,44.021294355392456,30,0.6422505118861074
4942,1152,366,0,0,0.0,19.26751535658322,30,44.021294355392456,30,0.6422505118861074
4943,1151,366,-1,0,1.0,19.26751535658322,30,44.021294355392456,30,0.6422505118861074
4944,1151,366,0,0,0.0,19.26751535658322,30,44.021294355392456,30,0.6422505118861074
4945,1151,366,0,0,0.0,19.26751535658322,30,44.021294355392456,30,0.6422505118861074
4946,1151,366,0,0,0.0,19.26751535658322,30,44.021294355392456,30,0.6422505118861074
4947,1151,366,0,0,0.0,19.26751535658322,30,44.021294355392456,30,0.6422505118861074
4948,1151,366,0,0,0.0,19.26751535658322,30,44.021294355392456,30,0.6422505118861074
4949,1151,366,0,0,0.0,19.26751535658322,30,44.021294355392456,30,0.6422505118861074
4950,1151,366,0,0,0.0,19.26751535658322,30,44.021294355392456,30,0.6422505118861074
4951,1151,366,0,0,0.0,19.26751535658322,30,44.021294355392456,30,0.6422505118861074
4952,1151,366,0,0,0.0,19.26751535658322,30,44.021294355392456,30,0.6422505118861074
4953,1151,366,0,0,0.0,19.26751535658322,30,44.021294355392456,30,0.6422505118861074
4954,1151,366,0,0,0.0,19.26751535658322,30,44.021294355392456,30,0.6422505118861074
4955,1151,366,0,0,0.0,19.26751535658322,30,44.021294355392456,30,0.6422505118861074
4956,1151,366,0,0,0.0,19.26751535658322,30,44.021294355392456,30,0.6422505118861074
4957,1151,365,0,-1,1.0,19.26751535658322,30,44.021294355392456,30,0.6422505118861074
4958,1151,365,0,0,0.0,19.26751535658322,30,44.021294355392456,30,0.6422505118861074
4959,1151,365,0,0,0.0,19.26751535658322,30,44.021294355392456,30,0.6422505118861074
4960,1151,365,0,0,0.0,19.26751535658322,30,44.021294355392456,30,0.6422505118861074
4961,1151,365,0,0,0.0,19.26751535658322,30,44.021294355392456,30,0.6422505118861074
4962,1151,365,0,0,0.0,19.26751535658322,30,44.021294355392456,30,0.6422505118861074
4963,1151,365,0,0,0.0,19.26751535658322,30,44.021294355392456,30,0.6422505118861074
4964,1151,365,0,0,0.0,19.26751535658322,30,44.021294355392456,30,0.6422505118861074
4965,1151,365,0,0,0.0,19.26751535658322,30,44.021294355392456,30,0.6422505118861074
4966,1151,365,0,0,0.0,19.26751535658322,30,44.021294355392456,30,0.6422505118861074
4967,1151,365,0,0,0.0,19.26751535658322,30,44.021294355392456,30,0.6422505118861074
4968,1151,365,0,0,0.0,19.26751535658322,30,44.021294355392456,30,0.6422505118861074
4969,1205,447,54,82,98.18350166906862,19.26751535658322,30,44.021294355392456,30,0.6422505118861074
4970,1192,455,-13,8,15.264337522473747,19.26751535658322,30,44.021294355392456,30,0.6422505118861074
4971,1169,474,-23,19,29.832867780352597,19.26751535658322,30,44.021294355392456,30,0.6422505118861074
4972,1179,483,10,9,13.45362404707371,19.26751535658322,30,44.021294355392456,30,0.6422505118861074
4973,1189,500,10,17,19.72308292331602,19.26751535658322,30,44.021294355392456,30,0.6422505118861074
4974,1171,517,-18,17,24.758836806279895,19.26751535658322,30,44.021294355392456,30,0.6422505118861074
4975,1172,520,1,3,3.1622776601683795,19.26751535658322,30,44.021294355392456,30,0.6422505118861074
4976,1194,518,22,-2,22.090722034374522,19.26751535658322,30,44.021294355392456,30,0.6422505118861074
4977,1178,523,-16,5,16.76305461424021,19.26751535658322,30,44.021294355392456,30,0.6422505118861074
4978,1171,525,-7,2,7.280109889280518,19.26751535658322,30,44.021294355392456,30,0.6422505118861074
4979,1196,521,25,-4,25.317977802344327,19.26751535658322,30,44.021294355392456,30,0.6422505118861074
4980,1186,523,-10,2,10.198039027185569,19.26751535658322,30,44.021294355392456,30,0.6422505118861074
4981,1171,526,-15,3,15.297058540778355,19.26751535658322,30,44.021294355392456,30,0.6422505118861074
4982,1187,522,16,-4,16.492422502470642,19.26751535658322,30,44.021294355392456,30,0.6422505118861074
4983,1192,522,5,0,5.0,19.26751535658322,30,44.021294355392456,30,0.6422505118861074
4984,1166,526,-26,4,26.30589287593181,19.26751535658322,30,44.021294355392456,30,0.6422505118861074
4985,1184,523,18,-3,18.24828759089466,19.26751535658322,30,44.021294355392456,30,0.6422505118861074
4986,1192,523,8,0,8.0,19.26751535658322,30,44.021294355392456,30,0.6422505118861074
4987,1166,527,-26,4,26.30589287593181,19.26751535658322,30,44.021294355392456,30,0.6422505118861074
4988,1184,524,18,-3,18.24828759089466,19.26751535658322,30,44.021294355392456,30,0.6422505118861074
4989,1193,523,9,-1,9.055385138137417,19.26751535658322,30,44.021294355392456,30,0.6422505118861074
4990,1166,527,-27,4,27.294688127912362,19.26751535658322,30,44.021294355392456,30,0.6422505118861074
4991,1184,524,18,-3,18.24828759089466,19.26751535658322,30,44.021294355392456,30,0.6422505118861074
4992,1192,523,8,-1,8.06225774829855,19.26751535658322,30,44.021294355392456,30,0.6422505118861074
4993,1166,528,-26,5,26.476404589747453,19.26751535658322,30,44.021294355392456,30,0.6422505118861074
4994,1184,524,18,-4,18.439088914585774,19.26751535658322,30,44.021294355392456,30,0.6422505118861074
4995,1193,524,9,0,9.0,19.26751535658322,30,44.021294355392456,30,0.6422505118861074
4996,1166,528,-27,4,27.294688127912362,19.26751535658322,30,44.021294355392456,30,0.6422505118861074
4997,1185,525,19,-3,19.235384061671343,19.26751535658322,30,44.021294355392456,30,0.6422505118861074
4998,1193,524,8,-1,8.06225774829855,19.26751535658322,30,44.021294355392456,30,0.6422505118861074
4999,1167,529,-26,5,26.476404589747453,19.26751535658322,30,44.021294355392456,30,0.6422505118861074
5000,1186,525,19,-4,19.4164878389476,19.26751535658322,30,44.021294355392456,30,0.6422505118861074
5001,1193,525,7,0,7.0,19.26751535658322,30,44.021294355392456,30,0.6422505118861074
5002,1167,529,-26,4,26.30589287593181,19.26751535658322,30,44.021294355392456,30,0.6422505118861074
5003,1187,525,20,-4,20.396078054371138,19.26751535658322,30,44.021294355392456,30,0.6422505118861074
5004,1193,525,6,0,6.0,19.26751535658322,30,44.021294355392456,30,0.6422505118861074
5005,1167,529,-26,4,26.30589287593181,19.26751535658322,30,44.021294355392456,30,0.6422505118861074
5006,1187,526,20,-3,20.223748416156685,19.26751535658322,30,44.021294355392456,30,0.6422505118861074
5007,1193,526,6,0,6.0,19.26751535658322,30,44.021294355392456,30,0.6422505118861074
5008,1168,530,-25,4,25.317977802344327,19.26751535658322,30,44.021294355392456,30,0.6422505118861074
5009,1188,526,20,-4,20.396078054371138,19.26751535658322,30,44.021294355392456,30,0.6422505118861074
5010,1193,526,5,0,5.0,19.26751535658322,30,44.021294355392456,30,0.6422505118861074
5011,1169,530,-24,4,24.331050121192877,19.26751535658322,30,44.021294355392456,30,0.6422505118861074
5012,1189,526,20,-4,20.396078054371138,19.26751535658322,30,44.021294355392456,30,0.6422505118861074
5013,1193,527,4,1,4.123105625617661,19.26751535658322,30,44.021294355392456,30,0.6422505118861074
5014,1169,530,-24,3,24.186773244895647,19.26751535658322,30,44.021294355392456,30,0.6422505118861074
5015,1190,526,21,-4,21.37755832643195,19.26751535658322,30,44.021294355392456,30,0.6422505118861074
5016,1193,527,3,1,3.1622776601683795,19.26751535658322,30,44.021294355392456,30,0.6422505118861074
5017,1170,530,-23,3,23.194827009486403,19.26751535658322,30,44.021294355392456,30,0.6422505118861074
5018,1191,526,21,-4,21.37755832643195,19.26751535658322,30,44.021294355392456,30,0.6422505118861074
5019,1193,527,2,1,2.23606797749979,19.26751535658322,30,44.021294355392456,30,0.6422505118861074
5020,1170,530,-23,3,23.194827009486403,19.26751535658322,30,44.021294355392456,30,0.6422505118861074
5021,1190,527,20,-3,20.223748416156685,19.26751535658322,30,44.021294355392456,30,0.6422505118861074
5022,1193,527,3,0,3.0,19.26751535658322,30,44.021294355392456,30,0.6422505118861074
5023,1170,531,-23,4,23.345235059857504,19.26751535658322,30,44.021294355392456,30,0.6422505118861074
5024,1191,527,21,-4,21.37755832643195,19.26751535658322,30,44.021294355392456,30,0.6422505118861074
5025,1193,528,2,1,2.23606797749979,19.26751535658322,30,44.021294355392456,30,0.6422505118861074
5026,1171,531,-22,3,22.20360331117452,19.26751535658322,30,44.021294355392456,30,0.6422505118861074
5027,1192,527,21,-4,21.37755832643195,19.26751535658322,30,44.021294355392456,30,0.6422505118861074
5028,1193,528,1,1,1.4142135623730951,19.26751535658322,30,44.021294355392456,30,0.6422505118861074
5029,1169,531,-24,3,24.186773244895647,19.26751535658322,30,44.021294355392456,30,0.6422505118861074
5030,1189,527,20,-4,20.396078054371138,19.26751535658322,30,44.021294355392456,30,0.6422505118861074
5031,1194,527,5,0,5.0,19.26751535658322,30,44.021294355392456,30,0.6422505118861074
5032,1168,531,-26,4,26.30589287593181,19.26751535658322,30,44.021294355392456,30,0.6422505118861074
5033,1187,528,19,-3,19.235384061671343,19.26751535658322,30,44.021294355392456,30,0.6422505118861074
5034,1194,527,7,-1,7.0710678118654755,19.26751535658322,30,44.021294355392456,30,0.6422505118861074
5035,1168,531,-26,4,26.30589287593181,19.26751535658322,30,44.021294355392456,30,0.6422505118861074
5036,1188,528,20,-3,20.223748416156685,19.26751535658322,30,44.021294355392456,30,0.6422505118861074
5037,1194,528,6,0,6.0,19.26751535658322,30,44.021294355392456,30,0.6422505118861074
5038,1169,531,-25,3,25.179356624028344,19.26751535658322,30,44.021294355392456,30,0.6422505118861074
5039,1187,528,18,-3,18.24828759089466,19.26751535658322,30,44.021294355392456,30,0.6422505118861074
5040,1194,527,7,-1,7.0710678118654755,19.26751535658322,30,44.021294355392456,30,0.6422505118861074
5041,1168,531,-26,4,26.30589287593181,19.26751535658322,30,44.021294355392456,30,0.6422505118861074
5042,1186,528,18,-3,18.24828759089466,19.26751535658322,30,44.021294355392456,30,0.6422505118861074
5043,1194,527,8,-1,8.06225774829855,19.26751535658322,30,44.021294355392456,30,0.6422505118861074
5044,1168,531,-26,4,26.30589287593181,19.26751535658322,30,44.021294355392456,30,0.6422505118861074
5045,1184,528,16,-3,16.278820596099706,19.26751535658322,30,44.021294355392456,30,0.6422505118861074
5046,1194,527,10,-1,10.04987562112089,19.26751535658322,30,44.021294355392456,30,0.6422505118861074
5047,1167,531,-27,4,27.294688127912362,19.26751535658322,30,44.021294355392456,30,0.6422505118861074
5048,1185,529,18,-2,18.110770276274835,19.26751535658322,30,44.021294355392456,30,0.6422505118861074
5049,1194,527,9,-2,9.219544457292887,19.26751535658322,30,44.021294355392456,30,0.6422505118861074
5050,1168,531,-26,4,26.30589287593181,19.26751535658322,30,44.021294355392456,30,0.6422505118861074
5051,1183,529,15,-2,15.132745950421556,19.26751535658322,30,44.021294355392456,30,0.6422505118861074
5052,1193,527,10,-2,10.198039027185569,19.26751535658322,30,44.021294355392456,30,0.6422505118861074
5053,1168,531,-25,4,25.317977802344327,19.26751535658322,30,44.021294355392456,30,0.6422505118861074
5054,1182,529,14,-2,14.142135623730951,19.26751535658322,30,44.021294355392456,30,0.6422505118861074
5055,1193,527,11,-2,11.180339887498949,19.26751535658322,30,44.021294355392456,30,0.6422505118861074
5056,1169,531,-24,4,24.331050121192877,19.26751535658322,30,44.021294355392456,30,0.6422505118861074
5057,1181,529,12,-2,12.165525060596439,19.26751535658322,30,44.021294355392456,30,0.6422505118861074
5058,1193,527,12,-2,12.165525060596439,19.26751535658322,30,44.021294355392456,30,0.6422505118861074
5059,1170,532,-23,5,23.53720459187964,19.26751535658322,30,44.021294355392456,30,0.6422505118861074
5060,1181,530,11,-2,11.180339887498949,19.26751535658322,30,44.021294355392456,30,0.6422505118861074
5061,1193,527,12,-3,12.36931687685298,19.26751535658322,30,44.021294355392456,30,0.6422505118861074
5062,1171,531,-22,4,22.360679774997898,19.26751535658322,30,44.021294355392456,30,0.6422505118861074
5063,1180,530,9,-1,9.055385138137417,19.26751535658322,30,44.021294355392456,30,0.6422505118861074
5064,1193,528,13,-2,13.152946437965905,19.26751535658322,30,44.021294355392456,30,0.6422505118861074
5065,1170,532,-23,4,23.345235059857504,19.26751535658322,30,44.021294355392456,30,0.6422505118861074
5066,1181,530,11,-2,11.180339887498949,19.26751535658322,30,44.021294355392456,30,0.6422505118861074
5067,1193,528,12,-2,12.165525060596439,19.26751535658322,30,44.021294355392456,30,0.6422505118861074
5068,1169,532,-24,4,24.331050121192877,19.26751535658322,30,44.021294355392456,30,0.6422505118861074
5069,1182,530,13,-2,13.152946437965905,19.26751535658322,30,44.021294355392456,30,0.6422505118861074
5070,1193,528,11,-2,11.180339887498949,19.26751535658322,30,44.021294355392456,30,0.6422505118861074
5071,1170,532,-23,4,23.345235059857504,19.26751535658322,30,44.021294355392456,30,0.6422505118861074
5072,1181,530,11,-2,11.180339887498949,19.26751535658322,30,44.021294355392456,30,0.6422505118861074
5073,1193,528,12,-2,12.165525060596439,19.26751535658322,30,44.021294355392456,30,0.6422505118861074
5074,1169,532,-24,4,24.331050121192877,19.26751535658322,30,44.021294355392456,30,0.6422505118861074
5075,1182,530,13,-2,13.152946437965905,19.26751535658322,30,44.021294355392456,30,0.6422505118861074
5076,1193,528,11,-2,11.180339887498949,19.26751535658322,30,44.021294355392456,30,0.6422505118861074
5077,1169,532,-24,4,24.331050121192877,19.26751535658322,30,44.021294355392456,30,0.6422505118861074
5078,1182,530,13,-2,13.152946437965905,19.26751535658322,30,44.021294355392456,30,0.6422505118861074
5079,1193,528,11,-2,11.180339887498949,19.26751535658322,30,44.021294355392456,30,0.6422505118861074
5080,1169,532,-24,4,24.331050121192877,19.26751535658322,30,44.021294355392456,30,0.6422505118861074
5081,1182,530,13,-2,13.152946437965905,19.26751535658322,30,44.021294355392456,30,0.6422505118861074
5082,1193,528,11,-2,11.180339887498949,19.26751535658322,30,44.021294355392456,30,0.6422505118861074
5083,1169,532,-24,4,24.331050121192877,19.26751535658322,30,44.021294355392456,30,0.6422505118861074
5084,1182,530,13,-2,13.152946437965905,19.26751535658322,30,44.021294355392456,30,0.6422505118861074
5085,1193,528,11,-2,11.180339887498949,19.26751535658322,30,44.021294355392456,30,0.6422505118861074
5086,1169,532,-24,4,24.331050121192877,19.26751535658322,30,44.021294355392456,30,0.6422505118861074
5087,1182,530,13,-2,13.152946437965905,19.26751535658322,30,44.021294355392456,30,0.6422505118861074
5088,1193,528,11,-2,11.180339887498949,19.26751535658322,30,44.021294355392456,30,0.6422505118861074
5089,1169,532,-24,4,24.331050121192877,19.26751535658322,30,44.021294355392456,30,0.6422505118861074
5090,1182,530,13,-2,13.152946437965905,19.26751535658322,30,44.021294355392456,30,0.6422505118861074
5091,1193,528,11,-2,11.180339887498949,19.26751535658322,30,44.021294355392456,30,0.6422505118861074
5092,1168,533,-25,5,25.495097567963924,19.26751535658322,30,44.021294355392456,30,0.6422505118861074
5093,1183,530,15,-3,15.297058540778355,19.26751535658322,30,44.021294355392456,30,0.6422505118861074
5094,1193,528,10,-2,10.198039027185569,19.26751535658322,30,44.021294355392456,30,0.6422505118861074
5095,1169,533,-24,5,24.515301344262525,19.26751535658322,30,44.021294355392456,30,0.6422505118861074
5096,1183,530,14,-3,14.317821063276353,19.26751535658322,30,44.021294355392456,30,0.6422505118861074
5097,1194,528,11,-2,11.180339887498949,19.26751535658322,30,44.021294355392456,30,0.6422505118861074
5098,1169,533,-25,5,25.495097567963924,19.26751535658322,30,44.021294355392456,30,0.6422505118861074
5099,1183,531,14,-2,14.142135623730951,19.26751535658322,30,44.021294355392456,30,0.6422505118861074
5100,1193,529,10,-2,10.198039027185569,19.26751535658322,30,44.021294355392456,30,0.6422505118861074
5101,1169,533,-24,4,24.331050121192877,19.26751535658322,30,44.021294355392456,30,0.6422505118861074
5102,1183,531,14,-2,14.142135623730951,19.26751535658322,30,44.021294355392456,30,0.6422505118861074
5103,1194,529,11,-2,11.180339887498949,19.26751535658322,30,44.021294355392456,30,0.6422505118861074
5104,1169,533,-25,4,25.317977802344327,19.26751535658322,30,44.021294355392456,30,0.6422505118861074
5105,1180,531,11,-2,11.180339887498949,19.26751535658322,30,44.021294355392456,30,0.6422505118861074
5106,1193,529,13,-2,13.152946437965905,19.26751535658322,30,44.021294355392456,30,0.6422505118861074
5107,1170,533,-23,4,23.345235059857504,19.26751535658322,30,44.021294355392456,30,0.6422505118861074
5108,1180,531,10,-2,10.198039027185569,19.26751535658322,30,44.021294355392456,30,0.6422505118861074
5109,1193,528,13,-3,13.341664064126334,19.26751535658322,30,44.021294355392456,30,0.6422505118861074
5110,1171,533,-22,5,22.561028345356956,19.26751535658322,30,44.021294355392456,30,0.6422505118861074
5111,1180,531,9,-2,9.219544457292887,19.26751535658322,30,44.021294355392456,30,0.6422505118861074
5112,1193,529,13,-2,13.152946437965905,19.26751535658322,30,44.021294355392456,30,0.6422505118861074
5113,1170,533,-23,4,23.345235059857504,19.26751535658322,30,44.021294355392456,30,0.6422505118861074
5114,1180,531,10,-2,10.198039027185569,19.26751535658322,30,44.021294355392456,30,0.6422505118861074
5115,1193,529,13,-2,13.152946437965905,19.26751535658322,30,44.021294355392456,30,0.6422505118861074
5116,1172,533,-21,4,21.37755832643195,19.26751535658322,30,44.021294355392456,30,0.6422505118861074
5117,1178,531,6,-2,6.324555320336759,19.26751535658322,30,44.021294355392456,30,0.6422505118861074
5118,1193,529,15,-2,15.132745950421556,19.26751535658322,30,44.021294355392456,30,0.6422505118861074
5119,1170,533,-23,4,23.345235059857504,19.26751535658322,30,44.021294355392456,30,0.6422505118861074
5120,1183,531,13,-2,13.152946437965905,19.26751535658322,30,44.021294355392456,30,0.6422505118861074
5121,1194,529,11,-2,11.180339887498949,19.26751535658322,30,44.021294355392456,30,0.6422505118861074
5122,1168,533,-26,4,26.30589287593181,19.26751535658322,30,44.021294355392456,30,0.6422505118861074
5123,1189,530,21,-3,21.213203435596427,19.26751535658322,30,44.021294355392456,30,0.6422505118861074
5124,1194,530,5,0,5.0,19.26751535658322,30,44.021294355392456,30,0.6422505118861074
5125,1174,534,-20,4,20.396078054371138,19.26751535658322,30,44.021294355392456,30,0.6422505118861074
5126,1197,530,23,-4,23.345235059857504,19.26751535658322,30,44.021294355392456,30,0.6422505118861074
5127,1187,532,-10,2,10.198039027185569,19.26751535658322,30,44.021294355392456,30,0.6422505118861074
5128,1175,533,-12,1,12.041594578792296,19.26751535658322,30,44.021294355392456,30,0.6422505118861074
5129,1200,530,25,-3,25.179356624028344,19.26751535658322,30,44.021294355392456,30,0.6422505118861074
5130,1182,532,-18,2,18.110770276274835,19.26751535658322,30,44.021294355392456,30,0.6422505118861074
5131,1174,533,-8,1,8.06225774829855,19.26751535658322,30,44.021294355392456,30,0.6422505118861074
5132,1198,529,24,-4,24.331050121192877,19.26751535658322,30,44.021294355392456,30,0.6422505118861074
5133,1177,533,-21,4,21.37755832643195,19.26751535658322,30,44.021294355392456,30,0.6422505118861074
5134,1176,532,-1,-1,1.4142135623730951,19.26751535658322,30,44.021294355392456,30,0.6422505118861074
5135,1193,529,17,-3,17.26267650163207,19.26751535658322,30,44.021294355392456,30,0.6422505118861074
5136,1169,533,-24,4,24.331050121192877,19.26751535658322,30,44.021294355392456,30,0.6422505118861074
5137,1184,531,15,-2,15.132745950421556,19.26751535658322,30,44.021294355392456,30,0.6422505118861074
5138,1195,530,11,-1,11.045361017187261,19.26751535658322,30,44.021294355392456,30,0.6422505118861074
5139,1169,534,-26,4,26.30589287593181,19.26751535658322,30,44.021294355392456,30,0.6422505118861074
5140,1192,530,23,-4,23.345235059857504,19.26751535658322,30,44.021294355392456,30,0.6422505118861074
5141,1193,531,1,1,1.4142135623730951,19.26751535658322,30,44.021294355392456,30,0.6422505118861074
5142,1175,534,-18,3,18.24828759089466,19.26751535658322,30,44.021294355392456,30,0.6422505118861074
5143,1198,530,23,-4,23.345235059857504,19.26751535658322,30,44.021294355392456,30,0.6422505118861074
5144,1186,532,-12,2,12.165525060596439,19.26751535658322,30,44.021294355392456,30,0.6422505118861074
5145,1175,534,-11,2,11.180339887498949,19.26751535658322,30,44.021294355392456,30,0.6422505118861074
5146,1200,530,25,-4,25.317977802344327,19.26751535658322,30,44.021294355392456,30,0.6422505118861074
5147,1180,532,-20,2,20.09975124224178,19.26751535658322,30,44.021294355392456,30,0.6422505118861074
5148,,,,,,19.26751535658322,30,44.021294355392456,30,0.6422505118861074
5149,1146,466,-34,-66,74.24284477308234,19.26751535658322,30,44.021294355392456,30,0.6422505118861074
5150,1149,366,3,-100,100.04498987955368,19.26751535658322,30,44.021294355392456,30,0.6422505118861074
5151,1149,339,0,-27,27.0,19.26751535658322,30,44.021294355392456,30,0.6422505118861074
5152,1154,357,5,18,18.681541692269406,19.26751535658322,30,44.021294355392456,30,0.6422505118861074
5153,1154,370,0,13,13.0,19.26751535658322,30,44.021294355392456,30,0.6422505118861074
5154,1154,378,0,8,8.0,19.26751535658322,30,44.021294355392456,30,0.6422505118861074
5155,1154,381,0,3,3.0,19.26751535658322,30,44.021294355392456,30,0.6422505118861074
5156,1153,379,-1,-2,2.23606797749979,19.26751535658322,30,44.021294355392456,30,0.6422505118861074
5157,1153,376,0,-3,3.0,19.26751535658322,30,44.021294355392456,30,0.6422505118861074
5158,1153,373,0,-3,3.0,19.26751535658322,30,44.021294355392456,30,0.6422505118861074
5159,1153,371,0,-2,2.0,19.26751535658322,30,44.021294355392456,30,0.6422505118861074
5160,1153,370,0,-1,1.0,19.26751535658322,30,44.021294355392456,30,0.6422505118861074
5161,1153,370,0,0,0.0,19.26751535658322,30,44.021294355392456,30,0.6422505118861074
5162,1153,371,0,1,1.0,19.26751535658322,30,44.021294355392456,30,0.6422505118861074
5163,1153,371,0,0,0.0,19.26751535658322,30,44.021294355392456,30,0.6422505118861074
5164,1153,372,0,1,1.0,19.26751535658322,30,44.021294355392456,30,0.6422505118861074
5165,1152,371,-1,-1,1.4142135623730951,19.26751535658322,30,44.021294355392456,30,0.6422505118861074
5166,1152,371,0,0,0.0,19.26751535658322,30,44.021294355392456,30,0.6422505118861074
5167,1152,370,0,-1,1.0,19.26751535658322,30,44.021294355392456,30,0.6422505118861074
5168,1152,370,0,0,0.0,19.26751535658322,30,44.021294355392456,30,0.6422505118861074
5169,1152,370,0,0,0.0,19.26751535658322,30,44.021294355392456,30,0.6422505118861074
5170,1152,369,0,-1,1.0,19.26751535658322,30,44.021294355392456,30,0.6422505118861074
5171,1152,369,0,0,0.0,19.26751535658322,30,44.021294355392456,30,0.6422505118861074
5172,1152,369,0,0,0.0,19.26751535658322,30,44.021294355392456,30,0.6422505118861074
5173,1152,369,0,0,0.0,19.26751535658322,30,44.021294355392456,30,0.6422505118861074
5174,1152,369,0,0,0.0,19.26751535658322,30,44.021294355392456,30,0.6422505118861074
5175,1152,369,0,0,0.0,19.26751535658322,30,44.021294355392456,30,0.6422505118861074
5176,1152,369,0,0,0.0,19.26751535658322,30,44.021294355392456,30,0.6422505118861074
5177,1152,368,0,-1,1.0,19.26751535658322,30,44.021294355392456,30,0.6422505118861074
5178,1151,368,-1,0,1.0,19.26751535658322,30,44.021294355392456,30,0.6422505118861074
5179,1151,368,0,0,0.0,19.26751535658322,30,44.021294355392456,30,0.6422505118861074
5180,1151,368,0,0,0.0,19.26751535658322,30,44.021294355392456,30,0.6422505118861074
5181,1152,368,1,0,1.0,19.26751535658322,30,44.021294355392456,30,0.6422505118861074
5182,1151,368,-1,0,1.0,19.26751535658322,30,44.021294355392456,30,0.6422505118861074
5183,1151,368,0,0,0.0,19.26751535658322,30,44.021294355392456,30,0.6422505118861074
5184,1151,368,0,0,0.0,19.26751535658322,30,44.021294355392456,30,0.6422505118861074
5185,1151,368,0,0,0.0,19.26751535658322,30,44.021294355392456,30,0.6422505118861074
5186,1151,368,0,0,0.0,19.26751535658322,30,44.021294355392456,30,0.6422505118861074
5187,1151,367,0,-1,1.0,19.26751535658322,30,44.021294355392456,30,0.6422505118861074
5188,1151,367,0,0,0.0,19.26751535658322,30,44.021294355392456,30,0.6422505118861074
5189,1151,367,0,0,0.0,19.26751535658322,30,44.021294355392456,30,0.6422505118861074
5190,1151,367,0,0,0.0,19.26751535658322,30,44.021294355392456,30,0.6422505118861074
5191,1151,367,0,0,0.0,19.26751535658322,30,44.021294355392456,30,0.6422505118861074
5192,1151,367,0,0,0.0,19.26751535658322,30,44.021294355392456,30,0.6422505118861074
5193,1151,367,0,0,0.0,19.26751535658322,30,44.021294355392456,30,0.6422505118861074
5194,1151,367,0,0,0.0,19.26751535658322,30,44.021294355392456,30,0.6422505118861074
5195,1151,367,0,0,0.0,19.26751535658322,30,44.021294355392456,30,0.6422505118861074
5196,1151,367,0,0,0.0,19.26751535658322,30,44.021294355392456,30,0.6422505118861074
5197,1151,367,0,0,0.0,19.26751535658322,30,44.021294355392456,30,0.6422505118861074
5198,1151,367,0,0,0.0,19.26751535658322,30,44.021294355392456,30,0.6422505118861074
5199,1151,366,0,-1,1.0,19.26751535658322,30,44.021294355392456,30,0.6422505118861074
5200,1151,366,0,0,0.0,19.26751535658322,30,44.021294355392456,30,0.6422505118861074
5201,1151,366,0,0,0.0,19.26751535658322,30,44.021294355392456,30,0.6422505118861074
5202,1151,366,0,0,0.0,19.26751535658322,30,44.021294355392456,30,0.6422505118861074
5203,1151,366,0,0,0.0,19.26751535658322,30,44.021294355392456,30,0.6422505118861074
5204,1151,366,0,0,0.0,19.26751535658322,30,44.021294355392456,30,0.6422505118861074
5205,1151,366,0,0,0.0,19.26751535658322,30,44.021294355392456,30,0.6422505118861074
5206,1151,366,0,0,0.0,19.26751535658322,30,44.021294355392456,30,0.6422505118861074
5207,1151,366,0,0,0.0,19.26751535658322,30,44.021294355392456,30,0.6422505118861074
5208,1151,366,0,0,0.0,19.26751535658322,30,44.021294355392456,30,0.6422505118861074
5209,1151,366,0,0,0.0,19.26751535658322,30,44.021294355392456,30,0.6422505118861074
5210,1151,366,0,0,0.0,19.26751535658322,30,44.021294355392456,30,0.6422505118861074
5211,1151,366,0,0,0.0,19.26751535658322,30,44.021294355392456,30,0.6422505118861074
5212,1151,366,0,0,0.0,19.26751535658322,30,44.021294355392456,30,0.6422505118861074
5213,1151,366,0,0,0.0,19.26751535658322,30,44.021294355392456,30,0.6422505118861074
5214,1151,366,0,0,0.0,19.26751535658322,30,44.021294355392456,30,0.6422505118861074
5215,1151,366,0,0,0.0,19.26751535658322,30,44.021294355392456,30,0.6422505118861074
5216,1151,365,0,-1,1.0,19.26751535658322,30,44.021294355392456,30,0.6422505118861074
5217,1151,365,0,0,0.0,19.26751535658322,30,44.021294355392456,30,0.6422505118861074
5218,1151,365,0,0,0.0,19.26751535658322,30,44.021294355392456,30,0.6422505118861074
5219,1151,365,0,0,0.0,19.26751535658322,30,44.021294355392456,30,0.6422505118861074
5220,1151,365,0,0,0.0,19.26751535658322,30,44.021294355392456,30,0.6422505118861074
5221,1151,365,0,0,0.0,19.26751535658322,30,44.021294355392456,30,0.6422505118861074
5222,1151,365,0,0,0.0,19.26751535658322,30,44.021294355392456,30,0.6422505118861074
5223,1151,365,0,0,0.0,19.26751535658322,30,44.021294355392456,30,0.6422505118861074
5224,1151,365,0,0,0.0,19.26751535658322,30,44.021294355392456,30,0.6422505118861074
5225,,,,,,19.26751535658322,30,44.021294355392456,30,0.6422505118861074
5226,1161,538,10,173,173.2887763243771,19.26751535658322,30,44.021294355392456,30,0.6422505118861074
5227,1177,533,16,-5,16.76305461424021,19.26751535658322,30,44.021294355392456,30,0.6422505118861074
5228,1190,524,13,-9,15.811388300841896,19.26751535658322,30,44.021294355392456,30,0.6422505118861074
5229,1168,517,-22,-7,23.08679276123039,19.26751535658322,30,44.021294355392456,30,0.6422505118861074
5230,1187,517,19,0,19.0,19.26751535658322,30,44.021294355392456,30,0.6422505118861074
5231,1183,518,-4,1,4.123105625617661,19.26751535658322,30,44.021294355392456,30,0.6422505118861074
5232,1170,518,-13,0,13.0,19.26751535658322,30,44.021294355392456,30,0.6422505118861074
5233,1193,521,23,3,23.194827009486403,19.26751535658322,30,44.021294355392456,30,0.6422505118861074
5234,1170,520,-23,-1,23.021728866442675,19.26751535658322,30,44.021294355392456,30,0.6422505118861074
5235,1182,521,12,1,12.041594578792296,19.26751535658322,30,44.021294355392456,30,0.6422505118861074
5236,1186,523,4,2,4.47213595499958,19.26751535658322,30,44.021294355392456,30,0.6422505118861074
5237,1169,521,-17,-2,17.11724276862369,19.26751535658322,30,44.021294355392456,30,0.6422505118861074
5238,1192,524,23,3,23.194827009486403,19.26751535658322,30,44.021294355392456,30,0.6422505118861074
5239,1175,523,-17,-1,17.029386365926403,19.26751535658322,30,44.021294355392456,30,0.6422505118861074
5240,1175,523,0,0,0.0,19.26751535658322,30,44.021294355392456,30,0.6422505118861074
5241,1194,525,19,2,19.1049731745428,19.26751535658322,30,44.021294355392456,30,0.6422505118861074
5242,1174,524,-20,-1,20.024984394500787,19.26751535658322,30,44.021294355392456,30,0.6422505118861074
5243,1175,524,1,0,1.0,19.26751535658322,30,44.021294355392456,30,0.6422505118861074
5244,1195,526,20,2,20.09975124224178,19.26751535658322,30,44.021294355392456,30,0.6422505118861074
5245,1173,524,-22,-2,22.090722034374522,19.26751535658322,30,44.021294355392456,30,0.6422505118861074
5246,1176,525,3,1,3.1622776601683795,19.26751535658322,30,44.021294355392456,30,0.6422505118861074
5247,1195,526,19,1,19.026297590440446,19.26751535658322,30,44.021294355392456,30,0.6422505118861074
5248,1175,525,-20,-1,20.024984394500787,19.26751535658322,30,44.021294355392456,30,0.6422505118861074
5249,1175,525,0,0,0.0,19.26751535658322,30,44.021294355392456,30,0.6422505118861074
5250,1194,526,19,1,19.026297590440446,19.26751535658322,30,44.021294355392456,30,0.6422505118861074
5251,1172,525,-22,-1,22.02271554554524,19.26751535658322,30,44.021294355392456,30,0.6422505118861074
5252,1179,526,7,1,7.0710678118654755,19.26751535658322,30,44.021294355392456,30,0.6422505118861074
5253,1193,527,14,1,14.035668847618199,19.26751535658322,30,44.021294355392456,30,0.6422505118861074
5254,1171,525,-22,-2,22.090722034374522,19.26751535658322,30,44.021294355392456,30,0.6422505118861074
5255,1180,526,9,1,9.055385138137417,19.26751535658322,30,44.021294355392456,30,0.6422505118861074
5256,1194,527,14,1,14.035668847618199,19.26751535658322,30,44.021294355392456,30,0.6422505118861074
5257,1172,526,-22,-1,22.02271554554524,19.26751535658322,30,44.021294355392456,30,0.6422505118861074
5258,1180,526,8,0,8.0,19.26751535658322,30,44.021294355392456,30,0.6422505118861074
5259,1195,528,15,2,15.132745950421556,19.26751535658322,30,44.021294355392456,30,0.6422505118861074
5260,1173,526,-22,-2,22.090722034374522,19.26751535658322,30,44.021294355392456,30,0.6422505118861074
5261,1178,526,5,0,5.0,19.26751535658322,30,44.021294355392456,30,0.6422505118861074
5262,1195,528,17,2,17.11724276862369,19.26751535658322,30,44.021294355392456,30,0.6422505118861074
5263,1174,526,-21,-2,21.095023109728988,19.26751535658322,30,44.021294355392456,30,0.6422505118861074
5264,1178,527,4,1,4.123105625617661,19.26751535658322,30,44.021294355392456,30,0.6422505118861074
5265,1195,528,17,1,17.029386365926403,19.26751535658322,30,44.021294355392456,30,0.6422505118861074
5266,1175,527,-20,-1,20.024984394500787,19.26751535658322,30,44.021294355392456,30,0.6422505118861074
5267,1176,527,1,0,1.0,19.26751535658322,30,44.021294355392456,30,0.6422505118861074
5268,1195,528,19,1,19.026297590440446,19.26751535658322,30,44.021294355392456,30,0.6422505118861074
5269,1176,527,-19,-1,19.026297590440446,19.26751535658322,30,44.021294355392456,30,0.6422505118861074
5270,1178,527,2,0,2.0,19.26751535658322,30,44.021294355392456,30,0.6422505118861074
5271,1195,529,17,2,17.11724276862369,19.26751535658322,30,44.021294355392456,30,0.6422505118861074
5272,1175,527,-20,-2,20.09975124224178,19.26751535658322,30,44.021294355392456,30,0.6422505118861074
5273,1177,527,2,0,2.0,19.26751535658322,30,44.021294355392456,30,0.6422505118861074
5274,1196,529,19,2,19.1049731745428,19.26751535658322,30,44.021294355392456,30,0.6422505118861074
5275,1176,527,-20,-2,20.09975124224178,19.26751535658322,30,44.021294355392456,30,0.6422505118861074
5276,1176,527,0,0,0.0,19.26751535658322,30,44.021294355392456,30,0.6422505118861074
5277,1196,529,20,2,20.09975124224178,19.26751535658322,30,44.021294355392456,30,0.6422505118861074
5278,1173,527,-23,-2,23.08679276123039,19.26751535658322,30,44.021294355392456,30,0.6422505118861074
5279,1179,528,6,1,6.082762530298219,19.26751535658322,30,44.021294355392456,30,0.6422505118861074
5280,1195,529,16,1,16.0312195418814,19.26751535658322,30,44.021294355392456,30,0.6422505118861074
5281,1172,527,-23,-2,23.08679276123039,19.26751535658322,30,44.021294355392456,30,0.6422505118861074
5282,1181,528,9,1,9.055385138137417,19.26751535658322,30,44.021294355392456,30,0.6422505118861074
5283,1195,529,14,1,14.035668847618199,19.26751535658322,30,44.021294355392456,30,0.6422505118861074
5284,1170,527,-25,-2,25.079872407968907,19.26751535658322,30,44.021294355392456,30,0.6422505118861074
5285,1184,529,14,2,14.142135623730951,19.26751535658322,30,44.021294355392456,30,0.6422505118861074
5286,1193,530,9,1,9.055385138137417,19.26751535658322,30,44.021294355392456,30,0.6422505118861074
5287,1171,528,-22,-2,22.090722034374522,19.26751535658322,30,44.021294355392456,30,0.6422505118861074
5288,1183,529,12,1,12.041594578792296,19.26751535658322,30,44.021294355392456,30,0.6422505118861074
5289,1193,530,10,1,10.04987562112089,19.26751535658322,30,44.021294355392456,30,0.6422505118861074
5290,1170,528,-23,-2,23.08679276123039,19.26751535658322,30,44.021294355392456,30,0.6422505118861074
5291,1184,529,14,1,14.035668847618199,19.26751535658322,30,44.021294355392456,30,0.6422505118861074
5292,1193,530,9,1,9.055385138137417,19.26751535658322,30,44.021294355392456,30,0.6422505118861074
5293,1171,528,-22,-2,22.090722034374522,19.26751535658322,30,44.021294355392456,30,0.6422505118861074
5294,1183,529,12,1,12.041594578792296,19.26751535658322,30,44.021294355392456,30,0.6422505118861074
5295,1194,530,11,1,11.045361017187261,19.26751535658322,30,44.021294355392456,30,0.6422505118861074
5296,1171,528,-23,-2,23.08679276123039,19.26751535658322,30,44.021294355392456,30,0.6422505118861074
5297,1182,529,11,1,11.045361017187261,19.26751535658322,30,44.021294355392456,30,0.6422505118861074
5298,1195,530,13,1,13.038404810405298,19.26751535658322,30,44.021294355392456,30,0.6422505118861074
5299,1172,528,-23,-2,23.08679276123039,19.26751535658322,30,44.021294355392456,30,0.6422505118861074
5300,1181,529,9,1,9.055385138137417,19.26751535658322,30,44.021294355392456,30,0.6422505118861074
5301,1195,530,14,1,14.035668847618199,19.26751535658322,30,44.021294355392456,30,0.6422505118861074
5302,1172,528,-23,-2,23.08679276123039,19.26751535658322,30,44.021294355392456,30,0.6422505118861074
5303,1182,529,10,1,10.04987562112089,19.26751535658322,30,44.021294355392456,30,0.6422505118861074
5304,1195,531,13,2,13.152946437965905,19.26751535658322,30,44.021294355392456,30,0.6422505118861074
5305,1172,529,-23,-2,23.08679276123039,19.26751535658322,30,44.021294355392456,30,0.6422505118861074
5306,1186,530,14,1,14.035668847618199,19.26751535658322,30,44.021294355392456,30,0.6422505118861074
5307,1192,530,6,0,6.0,19.26751535658322,30,44.021294355392456,30,0.6422505118861074
5308,1169,528,-23,-2,23.08679276123039,19.26751535658322,30,44.021294355392456,30,0.6422505118861074
5309,1192,530,23,2,23.08679276123039,19.26751535658322,30,44.021294355392456,30,0.6422505118861074
5310,1186,530,-6,0,6.0,19.26751535658322,30,44.021294355392456,30,0.6422505118861074
5311,1170,528,-16,-2,16.1245154965971,19.26751535658322,30,44.021294355392456,30,0.6422505118861074
5312,1193,531,23,3,23.194827009486403,19.26751535658322,30,44.021294355392456,30,0.6422505118861074
5313,1182,530,-11,-1,11.045361017187261,19.26751535658322,30,44.021294355392456,30,0.6422505118861074
5314,1171,529,-11,-1,11.045361017187261,19.26751535658322,30,44.021294355392456,30,0.6422505118861074
5315,1194,531,23,2,23.08679276123039,19.26751535658322,30,44.021294355392456,30,0.6422505118861074
5316,1184,530,-10,-1,10.04987562112089,19.26751535658322,30,44.021294355392456,30,0.6422505118861074
5317,1171,528,-13,-2,13.152946437965905,19.26751535658322,30,44.021294355392456,30,0.6422505118861074
5318,1194,531,23,3,23.194827009486403,19.26751535658322,30,44.021294355392456,30,0.6422505118861074
5319,1182,530,-12,-1,12.041594578792296,19.26751535658322,30,44.021294355392456,30,0.6422505118861074
5320,1171,529,-11,-1,11.045361017187261,19.26751535658322,30,44.021294355392456,30,0.6422505118861074
5321,1194,531,23,2,23.08679276123039,19.26751535658322,30,44.021294355392456,30,0.6422505118861074
5322,1184,530,-10,-1,10.04987562112089,19.26751535658322,30,44.021294355392456,30,0.6422505118861074
5323,1171,529,-13,-1,13.038404810405298,19.26751535658322,30,44.021294355392456,30,0.6422505118861074
5324,1196,531,25,2,25.079872407968907,19.26751535658322,30,44.021294355392456,30,0.6422505118861074
5325,1181,530,-15,-1,15.033296378372908,19.26751535658322,30,44.021294355392456,30,0.6422505118861074
5326,1173,529,-8,-1,8.06225774829855,19.26751535658322,30,44.021294355392456,30,0.6422505118861074
5327,1196,531,23,2,23.08679276123039,19.26751535658322,30,44.021294355392456,30,0.6422505118861074
5328,1179,530,-17,-1,17.029386365926403,19.26751535658322,30,44.021294355392456,30,0.6422505118861074
5329,1176,529,-3,-1,3.1622776601683795,19.26751535658322,30,44.021294355392456,30,0.6422505118861074
5330,1197,531,21,2,21.095023109728988,19.26751535658322,30,44.021294355392456,30,0.6422505118861074
5331,1176,530,-21,-1,21.02379604162864,19.26751535658322,30,44.021294355392456,30,0.6422505118861074
5332,1176,530,0,0,0.0,19.26751535658322,30,44.021294355392456,30,0.6422505118861074
5333,1197,532,21,2,21.095023109728988,19.26751535658322,30,44.021294355392456,30,0.6422505118861074
5334,1176,530,-21,-2,21.095023109728988,19.26751535658322,30,44.021294355392456,30,0.6422505118861074
5335,1180,530,4,0,4.0,19.26751535658322,30,44.021294355392456,30,0.6422505118861074
5336,1196,532,16,2,16.1245154965971,19.26751535658322,30,44.021294355392456,30,0.6422505118861074
5337,1175,530,-21,-2,21.095023109728988,19.26751535658322,30,44.021294355392456,30,0.6422505118861074
5338,1179,530,4,0,4.0,19.26751535658322,30,44.021294355392456,30,0.6422505118861074
5339,1197,532,18,2,18.110770276274835,19.26751535658322,30,44.021294355392456,30,0.6422505118861074
5340,1176,530,-21,-2,21.095023109728988,19.26751535658322,30,44.021294355392456,30,0.6422505118861074
5341,1178,530,2,0,2.0,19.26751535658322,30,44.021294355392456,30,0.6422505118861074
5342,1197,532,19,2,19.1049731745428,19.26751535658322,30,44.021294355392456,30,0.6422505118861074
5343,1176,530,-21,-2,21.095023109728988,19.26751535658322,30,44.021294355392456,30,0.6422505118861074
5344,1176,530,0,0,0.0,19.26751535658322,30,44.021294355392456,30,0.6422505118861074
5345,1197,532,21,2,21.095023109728988,19.26751535658322,30,44.021294355392456,30,0.6422505118861074
5346,1177,530,-20,-2,20.09975124224178,19.26751535658322,30,44.021294355392456,30,0.6422505118861074
5347,1178,530,1,0,1.0,19.26751535658322,30,44.021294355392456,30,0.6422505118861074
5348,1197,532,19,2,19.1049731745428,19.26751535658322,30,44.021294355392456,30,0.6422505118861074
5349,1177,530,-20,-2,20.09975124224178,19.26751535658322,30,44.021294355392456,30,0.6422505118861074
5350,1177,530,0,0,0.0,19.26751535658322,30,44.021294355392456,30,0.6422505118861074
5351,1197,532,20,2,20.09975124224178,19.26751535658322,30,44.021294355392456,30,0.6422505118861074
5352,1178,531,-19,-1,19.026297590440446,19.26751535658322,30,44.021294355392456,30,0.6422505118861074
5353,1176,530,-2,-1,2.23606797749979,19.26751535658322,30,44.021294355392456,30,0.6422505118861074
5354,1197,532,21,2,21.095023109728988,19.26751535658322,30,44.021294355392456,30,0.6422505118861074
5355,1179,531,-18,-1,18.027756377319946,19.26751535658322,30,44.021294355392456,30,0.6422505118861074
5356,1175,530,-4,-1,4.123105625617661,19.26751535658322,30,44.021294355392456,30,0.6422505118861074
5357,1197,532,22,2,22.090722034374522,19.26751535658322,30,44.021294355392456,30,0.6422505118861074
5358,1180,531,-17,-1,17.029386365926403,19.26751535658322,30,44.021294355392456,30,0.6422505118861074
5359,1174,530,-6,-1,6.082762530298219,19.26751535658322,30,44.021294355392456,30,0.6422505118861074
5360,1196,532,22,2,22.090722034374522,19.26751535658322,30,44.021294355392456,30,0.6422505118861074
5361,1181,531,-15,-1,15.033296378372908,19.26751535658322,30,44.021294355392456,30,0.6422505118861074
5362,1174,530,-7,-1,7.0710678118654755,19.26751535658322,30,44.021294355392456,30,0.6422505118861074
5363,1197,532,23,2,23.08679276123039,19.26751535658322,30,44.021294355392456,30,0.6422505118861074
5364,1180,531,-17,-1,17.029386365926403,19.26751535658322,30,44.021294355392456,30,0.6422505118861074
5365,1174,530,-6,-1,6.082762530298219,19.26751535658322,30,44.021294355392456,30,0.6422505118861074
5366,1197,532,23,2,23.08679276123039,19.26751535658322,30,44.021294355392456,30,0.6422505118861074
5367,1175,530,-22,-2,22.090722034374522,19.26751535658322,30,44.021294355392456,30,0.6422505118861074
5368,1179,531,4,1,4.123105625617661,19.26751535658322,30,44.021294355392456,30,0.6422505118861074
5369,1197,533,18,2,18.110770276274835,19.26751535658322,30,44.021294355392456,30,0.6422505118861074
5370,1176,531,-21,-2,21.095023109728988,19.26751535658322,30,44.021294355392456,30,0.6422505118861074
5371,1178,531,2,0,2.0,19.26751535658322,30,44.021294355392456,30,0.6422505118861074
5372,1197,533,19,2,19.1049731745428,19.26751535658322,30,44.021294355392456,30,0.6422505118861074
5373,1176,531,-21,-2,21.095023109728988,19.26751535658322,30,44.021294355392456,30,0.6422505118861074
5374,1177,531,1,0,1.0,19.26751535658322,30,44.021294355392456,30,0.6422505118861074
5375,1198,533,21,2,21.095023109728988,19.26751535658322,30,44.021294355392456,30,0.6422505118861074
5376,1184,532,-14,-1,14.035668847618199,19.26751535658322,30,44.021294355392456,30,0.6422505118861074
5377,1169,530,-15,-2,15.132745950421556,19.26751535658322,30,44.021294355392456,30,0.6422505118861074
5378,1189,532,20,2,20.09975124224178,19.26751535658322,30,44.021294355392456,30,0.6422505118861074
5379,1193,533,4,1,4.123105625617661,19.26751535658322,30,44.021294355392456,30,0.6422505118861074
5380,1172,530,-21,-3,21.213203435596427,19.26751535658322,30,44.021294355392456,30,0.6422505118861074
5381,1179,531,7,1,7.0710678118654755,19.26751535658322,30,44.021294355392456,30,0.6422505118861074
5382,1198,533,19,2,19.1049731745428,19.26751535658322,30,44.021294355392456,30,0.6422505118861074
5383,1177,531,-21,-2,21.095023109728988,19.26751535658322,30,44.021294355392456,30,0.6422505118861074
5384,1173,530,-4,-1,4.123105625617661,19.26751535658322,30,44.021294355392456,30,0.6422505118861074
5385,1195,533,22,3,22.20360331117452,19.26751535658322,30,44.021294355392456,30,0.6422505118861074
5386,1189,532,-6,-1,6.082762530298219,19.26751535658322,30,44.021294355392456,30,0.6422505118861074
5387,1170,530,-19,-2,19.1049731745428,19.26751535658322,30,44.021294355392456,30,0.6422505118861074
5388,1184,532,14,2,14.142135623730951,19.26751535658322,30,44.021294355392456,30,0.6422505118861074
5389,1195,533,11,1,11.045361017187261,19.26751535658322,30,44.021294355392456,30,0.6422505118861074
5390,1173,531,-22,-2,22.090722034374522,19.26751535658322,30,44.021294355392456,30,0.6422505118861074
5391,1177,531,4,0,4.0,19.26751535658322,30,44.021294355392456,30,0.6422505118861074
5392,1197,533,20,2,20.09975124224178,19.26751535658322,30,44.021294355392456,30,0.6422505118861074
5393,1183,532,-14,-1,14.035668847618199,19.26751535658322,30,44.021294355392456,30,0.6422505118861074
5394,1169,530,-14,-2,14.142135623730951,19.26751535658322,30,44.021294355392456,30,0.6422505118861074
5395,1190,532,21,2,21.095023109728988,19.26751535658322,30,44.021294355392456,30,0.6422505118861074
5396,1195,533,5,1,5.0990195135927845,19.26751535658322,30,44.021294355392456,30,0.6422505118861074
5397,1173,531,-22,-2,22.090722034374522,19.26751535658322,30,44.021294355392456,30,0.6422505118861074
5398,1177,531,4,0,4.0,19.26751535658322,30,44.021294355392456,30,0.6422505118861074
5399,1198,532,21,1,21.02379604162864,19.26751535658322,30,44.021294355392456,30,0.6422505118861074
5400,1179,531,-19,-1,19.026297590440446,19.26751535658322,30,44.021294355392456,30,0.6422505118861074
5401,1171,530,-8,-1,8.06225774829855,19.26751535658322,30,44.021294355392456,30,0.6422505118861074
5402,1194,533,23,3,23.194827009486403,19.26751535658322,30,44.021294355392456,30,0.6422505118861074
5403,1190,533,-4,0,4.0,19.26751535658322,30,44.021294355392456,30,0.6422505118861074
5404,1170,531,-20,-2,20.09975124224178,19.26751535658322,30,44.021294355392456,30,0.6422505118861074
5405,1191,532,21,1,21.02379604162864,19.26751535658322,30,44.021294355392456,30,0.6422505118861074
5406,1192,533,1,1,1.4142135623730951,19.26751535658322,30,44.021294355392456,30,0.6422505118861074
5407,1171,531,-21,-2,21.095023109728988,19.26751535658322,30,44.021294355392456,30,0.6422505118861074
5408,1180,532,9,1,9.055385138137417,19.26751535658322,30,44.021294355392456,30,0.6422505118861074
5409,1198,533,18,1,18.027756377319946,19.26751535658322,30,44.021294355392456,30,0.6422505118861074
5410,1181,532,-17,-1,17.029386365926403,19.26751535658322,30,44.021294355392456,30,0.6422505118861074
5411,1170,530,-11,-2,11.180339887498949,19.26751535658322,30,44.021294355392456,30,0.6422505118861074
5412,1192,533,22,3,22.20360331117452,19.26751535658322,30,44.021294355392456,30,0.6422505118861074
5413,1192,533,0,0,0.0,19.26751535658322,30,44.021294355392456,30,0.6422505118861074
5414,1170,531,-22,-2,22.090722034374522,19.26751535658322,30,44.021294355392456,30,0.6422505118861074
5415,1183,532,13,1,13.038404810405298,19.26751535658322,30,44.021294355392456,30,0.6422505118861074
5416,1198,533,15,1,15.033296378372908,19.26751535658322,30,44.021294355392456,30,0.6422505118861074
5417,1178,532,-20,-1,20.024984394500787,19.26751535658322,30,44.021294355392456,30,0.6422505118861074
5418,,,,,,19.26751535658322,30,44.021294355392456,30,0.6422505118861074
5419,1139,431,-39,-101,108.26818553942798,19.26751535658322,30,44.021294355392456,30,0.6422505118861074
5420,1145,421,6,-10,11.661903789690601,19.26751535658322,30,44.021294355392456,30,0.6422505118861074
5421,1152,386,7,-35,35.6931365951495,19.26751535658322,30,44.021294355392456,30,0.6422505118861074
5422,1153,368,1,-18,18.027756377319946,19.26751535658322,30,44.021294355392456,30,0.6422505118861074
5423,1152,364,-1,-4,4.123105625617661,19.26751535658322,30,44.021294355392456,30,0.6422505118861074
5424,1153,367,1,3,3.1622776601683795,19.26751535658322,30,44.021294355392456,30,0.6422505118861074
5425,1153,372,0,5,5.0,19.26751535658322,30,44.021294355392456,30,0.6422505118861074
5426,1153,375,0,3,3.0,19.26751535658322,30,44.021294355392456,30,0.6422505118861074
5427,1153,376,0,1,1.0,19.26751535658322,30,44.021294355392456,30,0.6422505118861074
5428,1153,376,0,0,0.0,19.26751535658322,30,44.021294355392456,30,0.6422505118861074
5429,1152,374,-1,-2,2.23606797749979,19.26751535658322,30,44.021294355392456,30,0.6422505118861074
5430,1152,372,0,-2,2.0,19.26751535658322,30,44.021294355392456,30,0.6422505118861074
5431,1152,371,0,-1,1.0,19.26751535658322,30,44.021294355392456,30,0.6422505118861074
5432,1152,370,0,-1,1.0,19.26751535658322,30,44.021294355392456,30,0.6422505118861074
5433,1152,370,0,0,0.0,19.26751535658322,30,44.021294355392456,30,0.6422505118861074
5434,1152,371,0,1,1.0,19.26751535658322,30,44.021294355392456,30,0.6422505118861074
5435,1152,371,0,0,0.0,19.26751535658322,30,44.021294355392456,30,0.6422505118861074
5436,1152,371,0,0,0.0,19.26751535658322,30,44.021294355392456,30,0.6422505118861074
5437,1152,371,0,0,0.0,19.26751535658322,30,44.021294355392456,30,0.6422505118861074
5438,1152,370,0,-1,1.0,19.26751535658322,30,44.021294355392456,30,0.6422505118861074
5439,1152,370,0,0,0.0,19.26751535658322,30,44.021294355392456,30,0.6422505118861074
5440,1151,370,-1,0,1.0,19.26751535658322,30,44.021294355392456,30,0.6422505118861074
5441,1151,369,0,-1,1.0,19.26751535658322,30,44.021294355392456,30,0.6422505118861074
5442,1151,369,0,0,0.0,19.26751535658322,30,44.021294355392456,30,0.6422505118861074
5443,1151,369,0,0,0.0,19.26751535658322,30,44.021294355392456,30,0.6422505118861074
5444,1151,369,0,0,0.0,19.26751535658322,30,44.021294355392456,30,0.6422505118861074
5445,1151,369,0,0,0.0,19.26751535658322,30,44.021294355392456,30,0.6422505118861074
5446,1151,369,0,0,0.0,19.26751535658322,30,44.021294355392456,30,0.6422505118861074
5447,1151,369,0,0,0.0,19.26751535658322,30,44.021294355392456,30,0.6422505118861074
5448,1151,369,0,0,0.0,19.26751535658322,30,44.021294355392456,30,0.6422505118861074
5449,1151,369,0,0,0.0,19.26751535658322,30,44.021294355392456,30,0.6422505118861074
5450,1151,368,0,-1,1.0,19.26751535658322,30,44.021294355392456,30,0.6422505118861074
5451,1151,368,0,0,0.0,19.26751535658322,30,44.021294355392456,30,0.6422505118861074
5452,1151,368,0,0,0.0,19.26751535658322,30,44.021294355392456,30,0.6422505118861074
5453,1151,368,0,0,0.0,19.26751535658322,30,44.021294355392456,30,0.6422505118861074
5454,1151,368,0,0,0.0,19.26751535658322,30,44.021294355392456,30,0.6422505118861074
5455,1151,368,0,0,0.0,19.26751535658322,30,44.021294355392456,30,0.6422505118861074
5456,1151,368,0,0,0.0,19.26751535658322,30,44.021294355392456,30,0.6422505118861074
5457,1151,368,0,0,0.0,19.26751535658322,30,44.021294355392456,30,0.6422505118861074
5458,1151,368,0,0,0.0,19.26751535658322,30,44.021294355392456,30,0.6422505118861074
5459,1151,368,0,0,0.0,19.26751535658322,30,44.021294355392456,30,0.6422505118861074
5460,1151,367,0,-1,1.0,19.26751535658322,30,44.021294355392456,30,0.6422505118861074
5461,1151,367,0,0,0.0,19.26751535658322,30,44.021294355392456,30,0.6422505118861074
5462,1151,367,0,0,0.0,19.26751535658322,30,44.021294355392456,30,0.6422505118861074
5463,1151,367,0,0,0.0,19.26751535658322,30,44.021294355392456,30,0.6422505118861074
5464,1151,367,0,0,0.0,19.26751535658322,30,44.021294355392456,30,0.6422505118861074
5465,1150,367,-1,0,1.0,19.26751535658322,30,44.021294355392456,30,0.6422505118861074
5466,1151,367,1,0,1.0,19.26751535658322,30,44.021294355392456,30,0.6422505118861074
5467,1150,367,-1,0,1.0,19.26751535658322,30,44.021294355392456,30,0.6422505118861074
5468,1150,367,0,0,0.0,19.26751535658322,30,44.021294355392456,30,0.6422505118861074
5469,1150,367,0,0,0.0,19.26751535658322,30,44.021294355392456,30,0.6422505118861074
5470,1150,367,0,0,0.0,19.26751535658322,30,44.021294355392456,30,0.6422505118861074
5471,1150,367,0,0,0.0,19.26751535658322,30,44.021294355392456,30,0.6422505118861074
5472,1151,366,1,-1,1.4142135623730951,19.26751535658322,30,44.021294355392456,30,0.6422505118861074
5473,1150,366,-1,0,1.0,19.26751535658322,30,44.021294355392456,30,0.6422505118861074
5474,1150,366,0,0,0.0,19.26751535658322,30,44.021294355392456,30,0.6422505118861074
5475,1150,366,0,0,0.0,19.26751535658322,30,44.021294355392456,30,0.6422505118861074
5476,1150,366,0,0,0.0,19.26751535658322,30,44.021294355392456,30,0.6422505118861074
5477,1150,366,0,0,0.0,19.26751535658322,30,44.021294355392456,30,0.6422505118861074
5478,1150,366,0,0,0.0,19.26751535658322,30,44.021294355392456,30,0.6422505118861074
5479,1150,366,0,0,0.0,19.26751535658322,30,44.021294355392456,30,0.6422505118861074
5480,1150,366,0,0,0.0,19.26751535658322,30,44.021294355392456,30,0.6422505118861074
5481,1150,366,0,0,0.0,19.26751535658322,30,44.021294355392456,30,0.6422505118861074
5482,1150,366,0,0,0.0,19.26751535658322,30,44.021294355392456,30,0.6422505118861074
5483,1150,366,0,0,0.0,19.26751535658322,30,44.021294355392456,30,0.6422505118861074
5484,1150,366,0,0,0.0,19.26751535658322,30,44.021294355392456,30,0.6422505118861074
5485,1150,366,0,0,0.0,19.26751535658322,30,44.021294355392456,30,0.6422505118861074
5486,1150,366,0,0,0.0,19.26751535658322,30,44.021294355392456,30,0.6422505118861074
5487,1150,366,0,0,0.0,19.26751535658322,30,44.021294355392456,30,0.6422505118861074
5488,1150,366,0,0,0.0,19.26751535658322,30,44.021294355392456,30,0.6422505118861074
5489,1150,366,0,0,0.0,19.26751535658322,30,44.021294355392456,30,0.6422505118861074
5490,1150,365,0,-1,1.0,19.26751535658322,30,44.021294355392456,30,0.6422505118861074
5491,1150,365,0,0,0.0,19.26751535658322,30,44.021294355392456,30,0.6422505118861074
5492,1150,365,0,0,0.0,19.26751535658322,30,44.021294355392456,30,0.6422505118861074
5493,1169,528,19,163,164.10362579784763,19.26751535658322,30,44.021294355392456,30,0.6422505118861074
5494,1182,519,13,-9,15.811388300841896,19.26751535658322,30,44.021294355392456,30,0.6422505118861074
5495,1169,513,-13,-6,14.317821063276353,19.26751535658322,30,44.021294355392456,30,0.6422505118861074
5496,1174,509,5,-4,6.4031242374328485,19.26751535658322,30,44.021294355392456,30,0.6422505118861074
5497,1192,507,18,-2,18.110770276274835,19.26751535658322,30,44.021294355392456,30,0.6422505118861074
5498,1187,513,-5,6,7.810249675906654,19.26751535658322,30,44.021294355392456,30,0.6422505118861074
5499,1177,519,-10,6,11.661903789690601,19.26751535658322,30,44.021294355392456,30,0.6422505118861074
5500,1190,517,13,-2,13.152946437965905,19.26751535658322,30,44.021294355392456,30,0.6422505118861074
5501,1190,519,0,2,2.0,19.26751535658322,30,44.021294355392456,30,0.6422505118861074
5502,1169,523,-21,4,21.37755832643195,19.26751535658322,30,44.021294355392456,30,0.6422505118861074
5503,1177,521,8,-2,8.246211251235321,19.26751535658322,30,44.021294355392456,30,0.6422505118861074
5504,1186,521,9,0,9.0,19.26751535658322,30,44.021294355392456,30,0.6422505118861074
5505,1170,524,-16,3,16.278820596099706,19.26751535658322,30,44.021294355392456,30,0.6422505118861074
5506,1171,524,1,0,1.0,19.26751535658322,30,44.021294355392456,30,0.6422505118861074
5507,1187,522,16,-2,16.1245154965971,19.26751535658322,30,44.021294355392456,30,0.6422505118861074
5508,1173,525,-14,3,14.317821063276353,19.26751535658322,30,44.021294355392456,30,0.6422505118861074
5509,1171,525,-2,0,2.0,19.26751535658322,30,44.021294355392456,30,0.6422505118861074
5510,1187,522,16,-3,16.278820596099706,19.26751535658322,30,44.021294355392456,30,0.6422505118861074
5511,1172,525,-15,3,15.297058540778355,19.26751535658322,30,44.021294355392456,30,0.6422505118861074
5512,1172,525,0,0,0.0,19.26751535658322,30,44.021294355392456,30,0.6422505118861074
5513,1187,523,15,-2,15.132745950421556,19.26751535658322,30,44.021294355392456,30,0.6422505118861074
5514,1171,526,-16,3,16.278820596099706,19.26751535658322,30,44.021294355392456,30,0.6422505118861074
5515,1172,525,1,-1,1.4142135623730951,19.26751535658322,30,44.021294355392456,30,0.6422505118861074
5516,1187,523,15,-2,15.132745950421556,19.26751535658322,30,44.021294355392456,30,0.6422505118861074
5517,1172,526,-15,3,15.297058540778355,19.26751535658322,30,44.021294355392456,30,0.6422505118861074
5518,1172,526,0,0,0.0,19.26751535658322,30,44.021294355392456,30,0.6422505118861074
5519,1187,524,15,-2,15.132745950421556,19.26751535658322,30,44.021294355392456,30,0.6422505118861074
5520,1172,527,-15,3,15.297058540778355,19.26751535658322,30,44.021294355392456,30,0.6422505118861074
5521,1172,526,0,-1,1.0,19.26751535658322,30,44.021294355392456,30,0.6422505118861074
5522,1187,524,15,-2,15.132745950421556,19.26751535658322,30,44.021294355392456,30,0.6422505118861074
5523,1172,527,-15,3,15.297058540778355,19.26751535658322,30,44.021294355392456,30,0.6422505118861074
5524,1172,527,0,0,0.0,19.26751535658322,30,44.021294355392456,30,0.6422505118861074
5525,1186,524,14,-3,14.317821063276353,19.26751535658322,30,44.021294355392456,30,0.6422505118861074
5526,1171,527,-15,3,15.297058540778355,19.26751535658322,30,44.021294355392456,30,0.6422505118861074
5527,1173,527,2,0,2.0,19.26751535658322,30,44.021294355392456,30,0.6422505118861074
5528,1186,525,13,-2,13.152946437965905,19.26751535658322,30,44.021294355392456,30,0.6422505118861074
5529,1171,528,-15,3,15.297058540778355,19.26751535658322,30,44.021294355392456,30,0.6422505118861074
5530,1173,527,2,-1,2.23606797749979,19.26751535658322,30,44.021294355392456,30,0.6422505118861074
5531,1187,525,14,-2,14.142135623730951,19.26751535658322,30,44.021294355392456,30,0.6422505118861074
5532,1173,528,-14,3,14.317821063276353,19.26751535658322,30,44.021294355392456,30,0.6422505118861074
5533,1172,527,-1,-1,1.4142135623730951,19.26751535658322,30,44.021294355392456,30,0.6422505118861074
5534,1187,525,15,-2,15.132745950421556,19.26751535658322,30,44.021294355392456,30,0.6422505118861074
5535,1174,528,-13,3,13.341664064126334,19.26751535658322,30,44.021294355392456,30,0.6422505118861074
5536,1173,528,-1,0,1.0,19.26751535658322,30,44.021294355392456,30,0.6422505118861074
5537,1188,525,15,-3,15.297058540778355,19.26751535658322,30,44.021294355392456,30,0.6422505118861074
5538,1175,528,-13,3,13.341664064126334,19.26751535658322,30,44.021294355392456,30,0.6422505118861074
5539,1173,528,-2,0,2.0,19.26751535658322,30,44.021294355392456,30,0.6422505118861074
5540,1190,526,17,-2,17.11724276862369,19.26751535658322,30,44.021294355392456,30,0.6422505118861074
5541,1176,528,-14,2,14.142135623730951,19.26751535658322,30,44.021294355392456,30,0.6422505118861074
5542,1173,528,-3,0,3.0,19.26751535658322,30,44.021294355392456,30,0.6422505118861074
5543,1189,526,16,-2,16.1245154965971,19.26751535658322,30,44.021294355392456,30,0.6422505118861074
5544,1175,529,-14,3,14.317821063276353,19.26751535658322,30,44.021294355392456,30,0.6422505118861074
5545,1173,528,-2,-1,2.23606797749979,19.26751535658322,30,44.021294355392456,30,0.6422505118861074
5546,1190,526,17,-2,17.11724276862369,19.26751535658322,30,44.021294355392456,30,0.6422505118861074
5547,1176,529,-14,3,14.317821063276353,19.26751535658322,30,44.021294355392456,30,0.6422505118861074
5548,1173,529,-3,0,3.0,19.26751535658322,30,44.021294355392456,30,0.6422505118861074
5549,1189,526,16,-3,16.278820596099706,19.26751535658322,30,44.021294355392456,30,0.6422505118861074
5550,1175,529,-14,3,14.317821063276353,19.26751535658322,30,44.021294355392456,30,0.6422505118861074
5551,1173,529,-2,0,2.0,19.26751535658322,30,44.021294355392456,30,0.6422505118861074
5552,1189,527,16,-2,16.1245154965971,19.26751535658322,30,44.021294355392456,30,0.6422505118861074
5553,1174,529,-15,2,15.132745950421556,19.26751535658322,30,44.021294355392456,30,0.6422505118861074
5554,1173,529,-1,0,1.0,19.26751535658322,30,44.021294355392456,30,0.6422505118861074
5555,1188,527,15,-2,15.132745950421556,19.26751535658322,30,44.021294355392456,30,0.6422505118861074
5556,1173,530,-15,3,15.297058540778355,19.26751535658322,30,44.021294355392456,30,0.6422505118861074
5557,1173,529,0,-1,1.0,19.26751535658322,30,44.021294355392456,30,0.6422505118861074
5558,1188,527,15,-2,15.132745950421556,19.26751535658322,30,44.021294355392456,30,0.6422505118861074
5559,1176,529,-12,2,12.165525060596439,19.26751535658322,30,44.021294355392456,30,0.6422505118861074
5560,1173,529,-3,0,3.0,19.26751535658322,30,44.021294355392456,30,0.6422505118861074
5561,1190,527,17,-2,17.11724276862369,19.26751535658322,30,44.021294355392456,30,0.6422505118861074
5562,1178,530,-12,3,12.36931687685298,19.26751535658322,30,44.021294355392456,30,0.6422505118861074
5563,1174,530,-4,0,4.0,19.26751535658322,30,44.021294355392456,30,0.6422505118861074
5564,1191,527,17,-3,17.26267650163207,19.26751535658322,30,44.021294355392456,30,0.6422505118861074
5565,1176,530,-15,3,15.297058540778355,19.26751535658322,30,44.021294355392456,30,0.6422505118861074
5566,1174,530,-2,0,2.0,19.26751535658322,30,44.021294355392456,30,0.6422505118861074
5567,1190,527,16,-3,16.278820596099706,19.26751535658322,30,44.021294355392456,30,0.6422505118861074
5568,1176,530,-14,3,14.317821063276353,19.26751535658322,30,44.021294355392456,30,0.6422505118861074
5569,1174,530,-2,0,2.0,19.26751535658322,30,44.021294355392456,30,0.6422505118861074
5570,1190,527,16,-3,16.278820596099706,19.26751535658322,30,44.021294355392456,30,0.6422505118861074
5571,1175,530,-15,3,15.297058540778355,19.26751535658322,30,44.021294355392456,30,0.6422505118861074
5572,1173,530,-2,0,2.0,19.26751535658322,30,44.021294355392456,30,0.6422505118861074
5573,1189,528,16,-2,16.1245154965971,19.26751535658322,30,44.021294355392456,30,0.6422505118861074
5574,1174,530,-15,2,15.132745950421556,19.26751535658322,30,44.021294355392456,30,0.6422505118861074
5575,1174,530,0,0,0.0,19.26751535658322,30,44.021294355392456,30,0.6422505118861074
5576,1190,528,16,-2,16.1245154965971,19.26751535658322,30,44.021294355392456,30,0.6422505118861074
5577,1175,530,-15,2,15.132745950421556,19.26751535658322,30,44.021294355392456,30,0.6422505118861074
5578,1175,530,0,0,0.0,19.26751535658322,30,44.021294355392456,30,0.6422505118861074
5579,1193,528,18,-2,18.110770276274835,19.26751535658322,30,44.021294355392456,30,0.6422505118861074
5580,1180,530,-13,2,13.152946437965905,19.26751535658322,30,44.021294355392456,30,0.6422505118861074
5581,1175,531,-5,1,5.0990195135927845,19.26751535658322,30,44.021294355392456,30,0.6422505118861074
5582,1193,528,18,-3,18.24828759089466,19.26751535658322,30,44.021294355392456,30,0.6422505118861074
5583,1179,531,-14,3,14.317821063276353,19.26751535658322,30,44.021294355392456,30,0.6422505118861074
5584,1175,531,-4,0,4.0,19.26751535658322,30,44.021294355392456,30,0.6422505118861074
5585,1192,528,17,-3,17.26267650163207,19.26751535658322,30,44.021294355392456,30,0.6422505118861074
5586,1178,531,-14,3,14.317821063276353,19.26751535658322,30,44.021294355392456,30,0.6422505118861074
5587,1175,531,-3,0,3.0,19.26751535658322,30,44.021294355392456,30,0.6422505118861074
5588,1191,528,16,-3,16.278820596099706,19.26751535658322,30,44.021294355392456,30,0.6422505118861074
5589,1178,531,-13,3,13.341664064126334,19.26751535658322,30,44.021294355392456,30,0.6422505118861074
5590,1175,531,-3,0,3.0,19.26751535658322,30,44.021294355392456,30,0.6422505118861074
5591,1192,528,17,-3,17.26267650163207,19.26751535658322,30,44.021294355392456,30,0.6422505118861074
5592,1183,531,-9,3,9.486832980505138,19.26751535658322,30,44.021294355392456,30,0.6422505118861074
5593,1176,531,-7,0,7.0,19.26751535658322,30,44.021294355392456,30,0.6422505118861074
5594,1194,529,18,-2,18.110770276274835,19.26751535658322,30,44.021294355392456,30,0.6422505118861074
5595,1184,531,-10,2,10.198039027185569,19.26751535658322,30,44.021294355392456,30,0.6422505118861074
5596,1177,532,-7,1,7.0710678118654755,19.26751535658322,30,44.021294355392456,30,0.6422505118861074
5597,1195,529,18,-3,18.24828759089466,19.26751535658322,30,44.021294355392456,30,0.6422505118861074
5598,1186,531,-9,2,9.219544457292887,19.26751535658322,30,44.021294355392456,30,0.6422505118861074
5599,1178,532,-8,1,8.06225774829855,19.26751535658322,30,44.021294355392456,30,0.6422505118861074
5600,1195,529,17,-3,17.26267650163207,19.26751535658322,30,44.021294355392456,30,0.6422505118861074
5601,1189,531,-6,2,6.324555320336759,19.26751535658322,30,44.021294355392456,30,0.6422505118861074
5602,1179,532,-10,1,10.04987562112089,19.26751535658322,30,44.021294355392456,30,0.6422505118861074
5603,1196,529,17,-3,17.26267650163207,19.26751535658322,30,44.021294355392456,30,0.6422505118861074
5604,1188,531,-8,2,8.246211251235321,19.26751535658322,30,44.021294355392456,30,0.6422505118861074
5605,1179,532,-9,1,9.055385138137417,19.26751535658322,30,44.021294355392456,30,0.6422505118861074
5606,1196,529,17,-3,17.26267650163207,19.26751535658322,30,44.021294355392456,30,0.6422505118861074
5607,1189,531,-7,2,7.280109889280518,19.26751535658322,30,44.021294355392456,30,0.6422505118861074
5608,1179,532,-10,1,10.04987562112089,19.26751535658322,30,44.021294355392456,30,0.6422505118861074
5609,1197,530,18,-2,18.110770276274835,19.26751535658322,30,44.021294355392456,30,0.6422505118861074
5610,1188,531,-9,1,9.055385138137417,19.26751535658322,30,44.021294355392456,30,0.6422505118861074
5611,1179,532,-9,1,9.055385138137417,19.26751535658322,30,44.021294355392456,30,0.6422505118861074
5612,1196,530,17,-2,17.11724276862369,19.26751535658322,30,44.021294355392456,30,0.6422505118861074
5613,1187,531,-9,1,9.055385138137417,19.26751535658322,30,44.021294355392456,30,0.6422505118861074
5614,1179,532,-8,1,8.06225774829855,19.26751535658322,30,44.021294355392456,30,0.6422505118861074
5615,1196,530,17,-2,17.11724276862369,19.26751535658322,30,44.021294355392456,30,0.6422505118861074
5616,1186,531,-10,1,10.04987562112089,19.26751535658322,30,44.021294355392456,30,0.6422505118861074
5617,1178,532,-8,1,8.06225774829855,19.26751535658322,30,44.021294355392456,30,0.6422505118861074
5618,1196,530,18,-2,18.110770276274835,19.26751535658322,30,44.021294355392456,30,0.6422505118861074
5619,1186,531,-10,1,10.04987562112089,19.26751535658322,30,44.021294355392456,30,0.6422505118861074
5620,1179,533,-7,2,7.280109889280518,19.26751535658322,30,44.021294355392456,30,0.6422505118861074
5621,1196,530,17,-3,17.26267650163207,19.26751535658322,30,44.021294355392456,30,0.6422505118861074
5622,1187,531,-9,1,9.055385138137417,19.26751535658322,30,44.021294355392456,30,0.6422505118861074
5623,1179,533,-8,2,8.246211251235321,19.26751535658322,30,44.021294355392456,30,0.6422505118861074
5624,1197,530,18,-3,18.24828759089466,19.26751535658322,30,44.021294355392456,30,0.6422505118861074
5625,1188,531,-9,1,9.055385138137417,19.26751535658322,30,44.021294355392456,30,0.6422505118861074
5626,1179,533,-9,2,9.219544457292887,19.26751535658322,30,44.021294355392456,30,0.6422505118861074
5627,1196,530,17,-3,17.26267650163207,19.26751535658322,30,44.021294355392456,30,0.6422505118861074
5628,1189,532,-7,2,7.280109889280518,19.26751535658322,30,44.021294355392456,30,0.6422505118861074
5629,1180,533,-9,1,9.055385138137417,19.26751535658322,30,44.021294355392456,30,0.6422505118861074
5630,1197,530,17,-3,17.26267650163207,19.26751535658322,30,44.021294355392456,30,0.6422505118861074
5631,1190,532,-7,2,7.280109889280518,19.26751535658322,30,44.021294355392456,30,0.6422505118861074
5632,1180,533,-10,1,10.04987562112089,19.26751535658322,30,44.021294355392456,30,0.6422505118861074
5633,1197,530,17,-3,17.26267650163207,19.26751535658322,30,44.021294355392456,30,0.6422505118861074
5634,1189,532,-8,2,8.246211251235321,19.26751535658322,30,44.021294355392456,30,0.6422505118861074
5635,1180,533,-9,1,9.055385138137417,19.26751535658322,30,44.021294355392456,30,0.6422505118861074
5636,1197,530,17,-3,17.26267650163207,19.26751535658322,30,44.021294355392456,30,0.6422505118861074
5637,1188,532,-9,2,9.219544457292887,19.26751535658322,30,44.021294355392456,30,0.6422505118861074
5638,1180,533,-8,1,8.06225774829855,19.26751535658322,30,44.021294355392456,30,0.6422505118861074
5639,1197,530,17,-3,17.26267650163207,19.26751535658322,30,44.021294355392456,30,0.6422505118861074
5640,1189,532,-8,2,8.246211251235321,19.26751535658322,30,44.021294355392456,30,0.6422505118861074
5641,1180,533,-9,1,9.055385138137417,19.26751535658322,30,44.021294355392456,30,0.6422505118861074
5642,1198,531,18,-2,18.110770276274835,19.26751535658322,30,44.021294355392456,30,0.6422505118861074
5643,1187,532,-11,1,11.045361017187261,19.26751535658322,30,44.021294355392456,30,0.6422505118861074
5644,1177,532,-10,0,10.0,19.26751535658322,30,44.021294355392456,30,0.6422505118861074
5645,1192,530,15,-2,15.132745950421556,19.26751535658322,30,44.021294355392456,30,0.6422505118861074
5646,1175,532,-17,2,17.11724276862369,19.26751535658322,30,44.021294355392456,30,0.6422505118861074
5647,1174,531,-1,-1,1.4142135623730951,19.26751535658322,30,44.021294355392456,30,0.6422505118861074
5648,1188,530,14,-1,14.035668847618199,19.26751535658322,30,44.021294355392456,30,0.6422505118861074
5649,1170,532,-18,2,18.110770276274835,19.26751535658322,30,44.021294355392456,30,0.6422505118861074
5650,1181,531,11,-1,11.045361017187261,19.26751535658322,30,44.021294355392456,30,0.6422505118861074
5651,1193,531,12,0,12.0,19.26751535658322,30,44.021294355392456,30,0.6422505118861074
5652,1175,533,-18,2,18.110770276274835,19.26751535658322,30,44.021294355392456,30,0.6422505118861074
5653,1193,531,18,-2,18.110770276274835,19.26751535658322,30,44.021294355392456,30,0.6422505118861074
5654,1195,532,2,1,2.23606797749979,19.26751535658322,30,44.021294355392456,30,0.6422505118861074
5655,1181,534,-14,2,14.142135623730951,19.26751535658322,30,44.021294355392456,30,0.6422505118861074
5656,1198,531,17,-3,17.26267650163207,19.26751535658322,30,44.021294355392456,30,0.6422505118861074
5657,1187,532,-11,1,11.045361017187261,19.26751535658322,30,44.021294355392456,30,0.6422505118861074
5658,1177,533,-10,1,10.04987562112089,19.26751535658322,30,44.021294355392456,30,0.6422505118861074
5659,1193,530,16,-3,16.278820596099706,19.26751535658322,30,44.021294355392456,30,0.6422505118861074
5660,1175,532,-18,2,18.110770276274835,19.26751535658322,30,44.021294355392456,30,0.6422505118861074
5661,1174,532,-1,0,1.0,19.26751535658322,30,44.021294355392456,30,0.6422505118861074
5662,,,,,,19.26751535658322,30,44.021294355392456,30,0.6422505118861074
5663,1144,439,-30,-93,97.71898484941399,19.26751535658322,30,44.021294355392456,30,0.6422505118861074
5664,1141,420,-3,-19,19.235384061671343,19.26751535658322,30,44.021294355392456,30,0.6422505118861074
5665,1152,373,11,-47,48.27007354458868,19.26751535658322,30,44.021294355392456,30,0.6422505118861074
5666,1153,362,1,-11,11.045361017187261,19.26751535658322,30,44.021294355392456,30,0.6422505118861074
5667,1153,364,0,2,2.0,19.26751535658322,30,44.021294355392456,30,0.6422505118861074
5668,1153,369,0,5,5.0,19.26751535658322,30,44.021294355392456,30,0.6422505118861074
5669,1153,374,0,5,5.0,19.26751535658322,30,44.021294355392456,30,0.6422505118861074
5670,1153,376,0,2,2.0,19.26751535658322,30,44.021294355392456,30,0.6422505118861074
5671,1153,376,0,0,0.0,19.26751535658322,30,44.021294355392456,30,0.6422505118861074
5672,1153,375,0,-1,1.0,19.26751535658322,30,44.021294355392456,30,0.6422505118861074
5673,1152,373,-1,-2,2.23606797749979,19.26751535658322,30,44.021294355392456,30,0.6422505118861074
5674,1152,371,0,-2,2.0,19.26751535658322,30,44.021294355392456,30,0.6422505118861074
5675,1152,370,0,-1,1.0,19.26751535658322,30,44.021294355392456,30,0.6422505118861074
5676,1152,370,0,0,0.0,19.26751535658322,30,44.021294355392456,30,0.6422505118861074
5677,1152,370,0,0,0.0,19.26751535658322,30,44.021294355392456,30,0.6422505118861074
5678,1152,371,0,1,1.0,19.26751535658322,30,44.021294355392456,30,0.6422505118861074
5679,1152,371,0,0,0.0,19.26751535658322,30,44.021294355392456,30,0.6422505118861074
5680,1152,371,0,0,0.0,19.26751535658322,30,44.021294355392456,30,0.6422505118861074
5681,1152,370,0,-1,1.0,19.26751535658322,30,44.021294355392456,30,0.6422505118861074
5682,1152,370,0,0,0.0,19.26751535658322,30,44.021294355392456,30,0.6422505118861074
5683,1152,370,0,0,0.0,19.26751535658322,30,44.021294355392456,30,0.6422505118861074
5684,1152,369,0,-1,1.0,19.26751535658322,30,44.021294355392456,30,0.6422505118861074
5685,1151,369,-1,0,1.0,19.26751535658322,30,44.021294355392456,30,0.6422505118861074
5686,1151,369,0,0,0.0,19.26751535658322,30,44.021294355392456,30,0.6422505118861074
5687,1151,369,0,0,0.0,19.26751535658322,30,44.021294355392456,30,0.6422505118861074
5688,1151,369,0,0,0.0,19.26751535658322,30,44.021294355392456,30,0.6422505118861074
5689,1151,369,0,0,0.0,19.26751535658322,30,44.021294355392456,30,0.6422505118861074
5690,1151,369,0,0,0.0,19.26751535658322,30,44.021294355392456,30,0.6422505118861074
5691,1151,368,0,-1,1.0,19.26751535658322,30,44.021294355392456,30,0.6422505118861074
5692,1151,368,0,0,0.0,19.26751535658322,30,44.021294355392456,30,0.6422505118861074
5693,1151,368,0,0,0.0,19.26751535658322,30,44.021294355392456,30,0.6422505118861074
5694,1151,368,0,0,0.0,19.26751535658322,30,44.021294355392456,30,0.6422505118861074
5695,1151,368,0,0,0.0,19.26751535658322,30,44.021294355392456,30,0.6422505118861074
5696,1151,368,0,0,0.0,19.26751535658322,30,44.021294355392456,30,0.6422505118861074
5697,1151,368,0,0,0.0,19.26751535658322,30,44.021294355392456,30,0.6422505118861074
5698,1151,368,0,0,0.0,19.26751535658322,30,44.021294355392456,30,0.6422505118861074
5699,1151,368,0,0,0.0,19.26751535658322,30,44.021294355392456,30,0.6422505118861074
5700,1151,367,0,-1,1.0,19.26751535658322,30,44.021294355392456,30,0.6422505118861074
5701,1151,367,0,0,0.0,19.26751535658322,30,44.021294355392456,30,0.6422505118861074
5702,1151,367,0,0,0.0,19.26751535658322,30,44.021294355392456,30,0.6422505118861074
5703,1151,367,0,0,0.0,19.26751535658322,30,44.021294355392456,30,0.6422505118861074
5704,1151,367,0,0,0.0,19.26751535658322,30,44.021294355392456,30,0.6422505118861074
5705,1151,367,0,0,0.0,19.26751535658322,30,44.021294355392456,30,0.6422505118861074
5706,1151,367,0,0,0.0,19.26751535658322,30,44.021294355392456,30,0.6422505118861074
5707,1151,367,0,0,0.0,19.26751535658322,30,44.021294355392456,30,0.6422505118861074
5708,1151,367,0,0,0.0,19.26751535658322,30,44.021294355392456,30,0.6422505118861074
5709,1151,367,0,0,0.0,19.26751535658322,30,44.021294355392456,30,0.6422505118861074
5710,1151,367,0,0,0.0,19.26751535658322,30,44.021294355392456,30,0.6422505118861074
5711,1151,367,0,0,0.0,19.26751535658322,30,44.021294355392456,30,0.6422505118861074
5712,1151,367,0,0,0.0,19.26751535658322,30,44.021294355392456,30,0.6422505118861074
5713,1151,366,0,-1,1.0,19.26751535658322,30,44.021294355392456,30,0.6422505118861074
5714,1151,366,0,0,0.0,19.26751535658322,30,44.021294355392456,30,0.6422505118861074
5715,1150,366,-1,0,1.0,19.26751535658322,30,44.021294355392456,30,0.6422505118861074
5716,1150,366,0,0,0.0,19.26751535658322,30,44.021294355392456,30,0.6422505118861074
5717,1150,366,0,0,0.0,19.26751535658322,30,44.021294355392456,30,0.6422505118861074
5718,1150,366,0,0,0.0,19.26751535658322,30,44.021294355392456,30,0.6422505118861074
5719,1150,366,0,0,0.0,19.26751535658322,30,44.021294355392456,30,0.6422505118861074
5720,1150,366,0,0,0.0,19.26751535658322,30,44.021294355392456,30,0.6422505118861074
5721,1150,366,0,0,0.0,19.26751535658322,30,44.021294355392456,30,0.6422505118861074
5722,1150,366,0,0,0.0,19.26751535658322,30,44.021294355392456,30,0.6422505118861074
5723,1150,366,0,0,0.0,19.26751535658322,30,44.021294355392456,30,0.6422505118861074
5724,1150,366,0,0,0.0,19.26751535658322,30,44.021294355392456,30,0.6422505118861074
5725,1150,366,0,0,0.0,19.26751535658322,30,44.021294355392456,30,0.6422505118861074
5726,1150,366,0,0,0.0,19.26751535658322,30,44.021294355392456,30,0.6422505118861074
5727,1150,366,0,0,0.0,19.26751535658322,30,44.021294355392456,30,0.6422505118861074
5728,1150,365,0,-1,1.0,19.26751535658322,30,44.021294355392456,30,0.6422505118861074
5729,1150,366,0,1,1.0,19.26751535658322,30,44.021294355392456,30,0.6422505118861074
5730,1150,366,0,0,0.0,19.26751535658322,30,44.021294355392456,30,0.6422505118861074
5731,1150,365,0,-1,1.0,19.26751535658322,30,44.021294355392456,30,0.6422505118861074
5732,1150,365,0,0,0.0,19.26751535658322,30,44.021294355392456,30,0.6422505118861074
5733,1150,365,0,0,0.0,19.26751535658322,30,44.021294355392456,30,0.6422505118861074
5734,1150,365,0,0,0.0,19.26751535658322,30,44.021294355392456,30,0.6422505118861074
5735,1150,365,0,0,0.0,19.26751535658322,30,44.021294355392456,30,0.6422505118861074
5736,1150,365,0,0,0.0,19.26751535658322,30,44.021294355392456,30,0.6422505118861074
5737,1150,365,0,0,0.0,19.26751535658322,30,44.021294355392456,30,0.6422505118861074
5738,1150,365,0,0,0.0,19.26751535658322,30,44.021294355392456,30,0.6422505118861074
5739,,,,,,19.26751535658322,30,44.021294355392456,30,0.6422505118861074
5740,1187,448,37,83,90.87353850269065,19.26751535658322,30,44.021294355392456,30,0.6422505118861074
5741,1183,469,-4,21,21.37755832643195,19.26751535658322,30,44.021294355392456,30,0.6422505118861074
5742,1171,500,-12,31,33.24154027718932,19.26751535658322,30,44.021294355392456,30,0.6422505118861074
5743,1181,516,10,16,18.867962264113206,19.26751535658322,30,44.021294355392456,30,0.6422505118861074
5744,1181,522,0,6,6.0,19.26751535658322,30,44.021294355392456,30,0.6422505118861074
5745,1179,523,-2,1,2.23606797749979,19.26751535658322,30,44.021294355392456,30,0.6422505118861074
5746,1180,523,1,0,1.0,19.26751535658322,30,44.021294355392456,30,0.6422505118861074
5747,1181,523,1,0,1.0,19.26751535658322,30,44.021294355392456,30,0.6422505118861074
5748,1181,523,0,0,0.0,19.26751535658322,30,44.021294355392456,30,0.6422505118861074
5749,1180,523,-1,0,1.0,19.26751535658322,30,44.021294355392456,30,0.6422505118861074
5750,1180,523,0,0,0.0,19.26751535658322,30,44.021294355392456,30,0.6422505118861074
5751,1181,524,1,1,1.4142135623730951,19.26751535658322,30,44.021294355392456,30,0.6422505118861074
5752,1181,524,0,0,0.0,19.26751535658322,30,44.021294355392456,30,0.6422505118861074
5753,1180,524,-1,0,1.0,19.26751535658322,30,44.021294355392456,30,0.6422505118861074
5754,1180,524,0,0,0.0,19.26751535658322,30,44.021294355392456,30,0.6422505118861074
5755,1182,524,2,0,2.0,19.26751535658322,30,44.021294355392456,30,0.6422505118861074
5756,1180,524,-2,0,2.0,19.26751535658322,30,44.021294355392456,30,0.6422505118861074
5757,1180,525,0,1,1.0,19.26751535658322,30,44.021294355392456,30,0.6422505118861074
5758,1182,525,2,0,2.0,19.26751535658322,30,44.021294355392456,30,0.6422505118861074
5759,1180,525,-2,0,2.0,19.26751535658322,30,44.021294355392456,30,0.6422505118861074
5760,1181,525,1,0,1.0,19.26751535658322,30,44.021294355392456,30,0.6422505118861074
5761,1182,525,1,0,1.0,19.26751535658322,30,44.021294355392456,30,0.6422505118861074
5762,1181,525,-1,0,1.0,19.26751535658322,30,44.021294355392456,30,0.6422505118861074
5763,1181,525,0,0,0.0,19.26751535658322,30,44.021294355392456,30,0.6422505118861074
5764,1183,526,2,1,2.23606797749979,19.26751535658322,30,44.021294355392456,30,0.6422505118861074
5765,1181,525,-2,-1,2.23606797749979,19.26751535658322,30,44.021294355392456,30,0.6422505118861074
5766,1181,526,0,1,1.0,19.26751535658322,30,44.021294355392456,30,0.6422505118861074
5767,1182,526,1,0,1.0,19.26751535658322,30,44.021294355392456,30,0.6422505118861074
5768,1181,526,-1,0,1.0,19.26751535658322,30,44.021294355392456,30,0.6422505118861074
5769,1181,526,0,0,0.0,19.26751535658322,30,44.021294355392456,30,0.6422505118861074
5770,1183,526,2,0,2.0,19.26751535658322,30,44.021294355392456,30,0.6422505118861074
5771,1181,526,-2,0,2.0,19.26751535658322,30,44.021294355392456,30,0.6422505118861074
5772,1181,526,0,0,0.0,19.26751535658322,30,44.021294355392456,30,0.6422505118861074
5773,1183,527,2,1,2.23606797749979,19.26751535658322,30,44.021294355392456,30,0.6422505118861074
5774,1181,527,-2,0,2.0,19.26751535658322,30,44.021294355392456,30,0.6422505118861074
5775,1181,527,0,0,0.0,19.26751535658322,30,44.021294355392456,30,0.6422505118861074
5776,1183,527,2,0,2.0,19.26751535658322,30,44.021294355392456,30,0.6422505118861074
5777,1181,527,-2,0,2.0,19.26751535658322,30,44.021294355392456,30,0.6422505118861074
5778,1181,527,0,0,0.0,19.26751535658322,30,44.021294355392456,30,0.6422505118861074
5779,1183,527,2,0,2.0,19.26751535658322,30,44.021294355392456,30,0.6422505118861074
5780,1181,527,-2,0,2.0,19.26751535658322,30,44.021294355392456,30,0.6422505118861074
5781,1181,527,0,0,0.0,19.26751535658322,30,44.021294355392456,30,0.6422505118861074
5782,1183,527,2,0,2.0,19.26751535658322,30,44.021294355392456,30,0.6422505118861074
5783,1182,527,-1,0,1.0,19.26751535658322,30,44.021294355392456,30,0.6422505118861074
5784,1181,528,-1,1,1.4142135623730951,19.26751535658322,30,44.021294355392456,30,0.6422505118861074
5785,1183,528,2,0,2.0,19.26751535658322,30,44.021294355392456,30,0.6422505118861074
5786,1181,528,-2,0,2.0,19.26751535658322,30,44.021294355392456,30,0.6422505118861074
5787,1181,528,0,0,0.0,19.26751535658322,30,44.021294355392456,30,0.6422505118861074
5788,1183,528,2,0,2.0,19.26751535658322,30,44.021294355392456,30,0.6422505118861074
5789,1182,528,-1,0,1.0,19.26751535658322,30,44.021294355392456,30,0.6422505118861074
5790,1181,528,-1,0,1.0,19.26751535658322,30,44.021294355392456,30,0.6422505118861074
5791,1183,528,2,0,2.0,19.26751535658322,30,44.021294355392456,30,0.6422505118861074
5792,1182,528,-1,0,1.0,19.26751535658322,30,44.021294355392456,30,0.6422505118861074
5793,1181,528,-1,0,1.0,19.26751535658322,30,44.021294355392456,30,0.6422505118861074
5794,1183,528,2,0,2.0,19.26751535658322,30,44.021294355392456,30,0.6422505118861074
5795,1183,528,0,0,0.0,19.26751535658322,30,44.021294355392456,30,0.6422505118861074
5796,1181,528,-2,0,2.0,19.26751535658322,30,44.021294355392456,30,0.6422505118861074
5797,1183,528,2,0,2.0,19.26751535658322,30,44.021294355392456,30,0.6422505118861074
5798,1183,528,0,0,0.0,19.26751535658322,30,44.021294355392456,30,0.6422505118861074
5799,1181,528,-2,0,2.0,19.26751535658322,30,44.021294355392456,30,0.6422505118861074
5800,1183,528,2,0,2.0,19.26751535658322,30,44.021294355392456,30,0.6422505118861074
5801,1183,529,0,1,1.0,19.26751535658322,30,44.021294355392456,30,0.6422505118861074
5802,1181,528,-2,-1,2.23606797749979,19.26751535658322,30,44.021294355392456,30,0.6422505118861074
5803,1183,529,2,1,2.23606797749979,19.26751535658322,30,44.021294355392456,30,0.6422505118861074
5804,1183,529,0,0,0.0,19.26751535658322,30,44.021294355392456,30,0.6422505118861074
5805,1181,529,-2,0,2.0,19.26751535658322,30,44.021294355392456,30,0.6422505118861074
5806,1183,529,2,0,2.0,19.26751535658322,30,44.021294355392456,30,0.6422505118861074
5807,1183,529,0,0,0.0,19.26751535658322,30,44.021294355392456,30,0.6422505118861074
5808,1181,529,-2,0,2.0,19.26751535658322,30,44.021294355392456,30,0.6422505118861074
5809,1183,529,2,0,2.0,19.26751535658322,30,44.021294355392456,30,0.6422505118861074
5810,1183,529,0,0,0.0,19.26751535658322,30,44.021294355392456,30,0.6422505118861074
5811,1182,529,-1,0,1.0,19.26751535658322,30,44.021294355392456,30,0.6422505118861074
5812,1182,529,0,0,0.0,19.26751535658322,30,44.021294355392456,30,0.6422505118861074
5813,1183,529,1,0,1.0,19.26751535658322,30,44.021294355392456,30,0.6422505118861074
5814,1182,529,-1,0,1.0,19.26751535658322,30,44.021294355392456,30,0.6422505118861074
5815,1182,529,0,0,0.0,19.26751535658322,30,44.021294355392456,30,0.6422505118861074
5816,1184,529,2,0,2.0,19.26751535658322,30,44.021294355392456,30,0.6422505118861074
5817,1183,529,-1,0,1.0,19.26751535658322,30,44.021294355392456,30,0.6422505118861074
5818,1181,529,-2,0,2.0,19.26751535658322,30,44.021294355392456,30,0.6422505118861074
5819,1184,529,3,0,3.0,19.26751535658322,30,44.021294355392456,30,0.6422505118861074
5820,1183,529,-1,0,1.0,19.26751535658322,30,44.021294355392456,30,0.6422505118861074
5821,1181,529,-2,0,2.0,19.26751535658322,30,44.021294355392456,30,0.6422505118861074
5822,1183,529,2,0,2.0,19.26751535658322,30,44.021294355392456,30,0.6422505118861074
5823,1184,530,1,1,1.4142135623730951,19.26751535658322,30,44.021294355392456,30,0.6422505118861074
5824,1181,530,-3,0,3.0,19.26751535658322,30,44.021294355392456,30,0.6422505118861074
5825,1183,530,2,0,2.0,19.26751535658322,30,44.021294355392456,30,0.6422505118861074
5826,1184,530,1,0,1.0,19.26751535658322,30,44.021294355392456,30,0.6422505118861074
5827,1182,530,-2,0,2.0,19.26751535658322,30,44.021294355392456,30,0.6422505118861074
5828,1182,530,0,0,0.0,19.26751535658322,30,44.021294355392456,30,0.6422505118861074
5829,1184,530,2,0,2.0,19.26751535658322,30,44.021294355392456,30,0.6422505118861074
5830,1183,530,-1,0,1.0,19.26751535658322,30,44.021294355392456,30,0.6422505118861074
5831,1182,530,-1,0,1.0,19.26751535658322,30,44.021294355392456,30,0.6422505118861074
5832,1183,530,1,0,1.0,19.26751535658322,30,44.021294355392456,30,0.6422505118861074
5833,1183,530,0,0,0.0,19.26751535658322,30,44.021294355392456,30,0.6422505118861074
5834,1181,530,-2,0,2.0,19.26751535658322,30,44.021294355392456,30,0.6422505118861074
5835,1184,530,3,0,3.0,19.26751535658322,30,44.021294355392456,30,0.6422505118861074
5836,1183,530,-1,0,1.0,19.26751535658322,30,44.021294355392456,30,0.6422505118861074
5837,1182,530,-1,0,1.0,19.26751535658322,30,44.021294355392456,30,0.6422505118861074
5838,1184,530,2,0,2.0,19.26751535658322,30,44.021294355392456,30,0.6422505118861074
5839,1184,530,0,0,0.0,19.26751535658322,30,44.021294355392456,30,0.6422505118861074
5840,1182,530,-2,0,2.0,19.26751535658322,30,44.021294355392456,30,0.6422505118861074
5841,1183,530,1,0,1.0,19.26751535658322,30,44.021294355392456,30,0.6422505118861074
5842,1183,530,0,0,0.0,19.26751535658322,30,44.021294355392456,30,0.6422505118861074
5843,1182,530,-1,0,1.0,19.26751535658322,30,44.021294355392456,30,0.6422505118861074
5844,1184,530,2,0,2.0,19.26751535658322,30,44.021294355392456,30,0.6422505118861074
5845,1184,530,0,0,0.0,19.26751535658322,30,44.021294355392456,30,0.6422505118861074
5846,1182,530,-2,0,2.0,19.26751535658322,30,44.021294355392456,30,0.6422505118861074
5847,1183,530,1,0,1.0,19.26751535658322,30,44.021294355392456,30,0.6422505118861074
5848,1184,530,1,0,1.0,19.26751535658322,30,44.021294355392456,30,0.6422505118861074
5849,1182,530,-2,0,2.0,19.26751535658322,30,44.021294355392456,30,0.6422505118861074
5850,1182,531,0,1,1.0,19.26751535658322,30,44.021294355392456,30,0.6422505118861074
5851,1184,530,2,-1,2.23606797749979,19.26751535658322,30,44.021294355392456,30,0.6422505118861074
5852,1182,530,-2,0,2.0,19.26751535658322,30,44.021294355392456,30,0.6422505118861074
5853,1183,531,1,1,1.4142135623730951,19.26751535658322,30,44.021294355392456,30,0.6422505118861074
5854,1184,531,1,0,1.0,19.26751535658322,30,44.021294355392456,30,0.6422505118861074
5855,1182,530,-2,-1,2.23606797749979,19.26751535658322,30,44.021294355392456,30,0.6422505118861074
5856,1183,531,1,1,1.4142135623730951,19.26751535658322,30,44.021294355392456,30,0.6422505118861074
5857,1184,531,1,0,1.0,19.26751535658322,30,44.021294355392456,30,0.6422505118861074
5858,1182,531,-2,0,2.0,19.26751535658322,30,44.021294355392456,30,0.6422505118861074
5859,1183,531,1,0,1.0,19.26751535658322,30,44.021294355392456,30,0.6422505118861074
5860,1184,531,1,0,1.0,19.26751535658322,30,44.021294355392456,30,0.6422505118861074
5861,1182,531,-2,0,2.0,19.26751535658322,30,44.021294355392456,30,0.6422505118861074
5862,1182,531,0,0,0.0,19.26751535658322,30,44.021294355392456,30,0.6422505118861074
5863,1184,531,2,0,2.0,19.26751535658322,30,44.021294355392456,30,0.6422505118861074
5864,1182,531,-2,0,2.0,19.26751535658322,30,44.021294355392456,30,0.6422505118861074
5865,1183,531,1,0,1.0,19.26751535658322,30,44.021294355392456,30,0.6422505118861074
5866,1184,531,1,0,1.0,19.26751535658322,30,44.021294355392456,30,0.6422505118861074
5867,1183,531,-1,0,1.0,19.26751535658322,30,44.021294355392456,30,0.6422505118861074
5868,1182,531,-1,0,1.0,19.26751535658322,30,44.021294355392456,30,0.6422505118861074
5869,1184,531,2,0,2.0,19.26751535658322,30,44.021294355392456,30,0.6422505118861074
5870,1182,531,-2,0,2.0,19.26751535658322,30,44.021294355392456,30,0.6422505118861074
5871,1183,531,1,0,1.0,19.26751535658322,30,44.021294355392456,30,0.6422505118861074
5872,1184,531,1,0,1.0,19.26751535658322,30,44.021294355392456,30,0.6422505118861074
5873,1182,531,-2,0,2.0,19.26751535658322,30,44.021294355392456,30,0.6422505118861074
5874,1182,531,0,0,0.0,19.26751535658322,30,44.021294355392456,30,0.6422505118861074
5875,1184,531,2,0,2.0,19.26751535658322,30,44.021294355392456,30,0.6422505118861074
5876,1183,531,-1,0,1.0,19.26751535658322,30,44.021294355392456,30,0.6422505118861074
5877,1182,531,-1,0,1.0,19.26751535658322,30,44.021294355392456,30,0.6422505118861074
5878,1184,531,2,0,2.0,19.26751535658322,30,44.021294355392456,30,0.6422505118861074
5879,1183,531,-1,0,1.0,19.26751535658322,30,44.021294355392456,30,0.6422505118861074
5880,1182,531,-1,0,1.0,19.26751535658322,30,44.021294355392456,30,0.6422505118861074
5881,1184,531,2,0,2.0,19.26751535658322,30,44.021294355392456,30,0.6422505118861074
5882,1183,531,-1,0,1.0,19.26751535658322,30,44.021294355392456,30,0.6422505118861074
5883,1182,531,-1,0,1.0,19.26751535658322,30,44.021294355392456,30,0.6422505118861074
5884,1184,531,2,0,2.0,19.26751535658322,30,44.021294355392456,30,0.6422505118861074
5885,1183,531,-1,0,1.0,19.26751535658322,30,44.021294355392456,30,0.6422505118861074
5886,1182,531,-1,0,1.0,19.26751535658322,30,44.021294355392456,30,0.6422505118861074
5887,1184,531,2,0,2.0,19.26751535658322,30,44.021294355392456,30,0.6422505118861074
5888,1184,531,0,0,0.0,19.26751535658322,30,44.021294355392456,30,0.6422505118861074
5889,1182,531,-2,0,2.0,19.26751535658322,30,44.021294355392456,30,0.6422505118861074
5890,1184,531,2,0,2.0,19.26751535658322,30,44.021294355392456,30,0.6422505118861074
5891,1182,531,-2,0,2.0,19.26751535658322,30,44.021294355392456,30,0.6422505118861074
5892,1184,531,2,0,2.0,19.26751535658322,30,44.021294355392456,30,0.6422505118861074
5893,1183,531,-1,0,1.0,19.26751535658322,30,44.021294355392456,30,0.6422505118861074
5894,1183,531,0,0,0.0,19.26751535658322,30,44.021294355392456,30,0.6422505118861074
5895,1184,531,1,0,1.0,19.26751535658322,30,44.021294355392456,30,0.6422505118861074
5896,1182,531,-2,0,2.0,19.26751535658322,30,44.021294355392456,30,0.6422505118861074
5897,1185,531,3,0,3.0,19.26751535658322,30,44.021294355392456,30,0.6422505118861074
5898,1182,531,-3,0,3.0,19.26751535658322,30,44.021294355392456,30,0.6422505118861074
5899,1184,532,2,1,2.23606797749979,19.26751535658322,30,44.021294355392456,30,0.6422505118861074
5900,1183,532,-1,0,1.0,19.26751535658322,30,44.021294355392456,30,0.6422505118861074
5901,1183,532,0,0,0.0,19.26751535658322,30,44.021294355392456,30,0.6422505118861074
5902,1184,532,1,0,1.0,19.26751535658322,30,44.021294355392456,30,0.6422505118861074
5903,1182,532,-2,0,2.0,19.26751535658322,30,44.021294355392456,30,0.6422505118861074
5904,1185,532,3,0,3.0,19.26751535658322,30,44.021294355392456,30,0.6422505118861074
5905,1183,531,-2,-1,2.23606797749979,19.26751535658322,30,44.021294355392456,30,0.6422505118861074
5906,1183,532,0,1,1.0,19.26751535658322,30,44.021294355392456,30,0.6422505118861074
5907,1185,532,2,0,2.0,19.26751535658322,30,44.021294355392456,30,0.6422505118861074
5908,1182,532,-3,0,3.0,19.26751535658322,30,44.021294355392456,30,0.6422505118861074
5909,1185,532,3,0,3.0,19.26751535658322,30,44.021294355392456,30,0.6422505118861074
5910,1182,532,-3,0,3.0,19.26751535658322,30,44.021294355392456,30,0.6422505118861074
5911,1184,532,2,0,2.0,19.26751535658322,30,44.021294355392456,30,0.6422505118861074
5912,1184,532,0,0,0.0,19.26751535658322,30,44.021294355392456,30,0.6422505118861074
5913,1182,532,-2,0,2.0,19.26751535658322,30,44.021294355392456,30,0.6422505118861074
5914,1185,532,3,0,3.0,19.26751535658322,30,44.021294355392456,30,0.6422505118861074
5915,1182,532,-3,0,3.0,19.26751535658322,30,44.021294355392456,30,0.6422505118861074
5916,1185,532,3,0,3.0,19.26751535658322,30,44.021294355392456,30,0.6422505118861074
5917,1182,532,-3,0,3.0,19.26751535658322,30,44.021294355392456,30,0.6422505118861074
5918,1184,532,2,0,2.0,19.26751535658322,30,44.021294355392456,30,0.6422505118861074
5919,1184,532,0,0,0.0,19.26751535658322,30,44.021294355392456,30,0.6422505118861074
5920,1183,532,-1,0,1.0,19.26751535658322,30,44.021294355392456,30,0.6422505118861074
5921,1185,532,2,0,2.0,19.26751535658322,30,44.021294355392456,30,0.6422505118861074
5922,1182,532,-3,0,3.0,19.26751535658322,30,44.021294355392456,30,0.6422505118861074
5923,1185,532,3,0,3.0,19.26751535658322,30,44.021294355392456,30,0.6422505118861074
5924,1183,532,-2,0,2.0,19.26751535658322,30,44.021294355392456,30,0.6422505118861074
5925,1182,532,-1,0,1.0,19.26751535658322,30,44.021294355392456,30,0.6422505118861074
5926,1185,532,3,0,3.0,19.26751535658322,30,44.021294355392456,30,0.6422505118861074
5927,1182,532,-3,0,3.0,19.26751535658322,30,44.021294355392456,30,0.6422505118861074
5928,1185,532,3,0,3.0,19.26751535658322,30,44.021294355392456,30,0.6422505118861074
5929,1183,532,-2,0,2.0,19.26751535658322,30,44.021294355392456,30,0.6422505118861074
5930,1183,532,0,0,0.0,19.26751535658322,30,44.021294355392456,30,0.6422505118861074
5931,1185,532,2,0,2.0,19.26751535658322,30,44.021294355392456,30,0.6422505118861074
5932,1182,532,-3,0,3.0,19.26751535658322,30,44.021294355392456,30,0.6422505118861074
5933,1185,532,3,0,3.0,19.26751535658322,30,44.021294355392456,30,0.6422505118861074
5934,1182,532,-3,0,3.0,19.26751535658322,30,44.021294355392456,30,0.6422505118861074
5935,1184,532,2,0,2.0,19.26751535658322,30,44.021294355392456,30,0.6422505118861074
5936,1183,532,-1,0,1.0,19.26751535658322,30,44.021294355392456,30,0.6422505118861074
5937,1183,532,0,0,0.0,19.26751535658322,30,44.021294355392456,30,0.6422505118861074
5938,1185,532,2,0,2.0,19.26751535658322,30,44.021294355392456,30,0.6422505118861074
5939,1182,532,-3,0,3.0,19.26751535658322,30,44.021294355392456,30,0.6422505118861074
5940,1184,532,2,0,2.0,19.26751535658322,30,44.021294355392456,30,0.6422505118861074
5941,1183,532,-1,0,1.0,19.26751535658322,30,44.021294355392456,30,0.6422505118861074
5942,1183,532,0,0,0.0,19.26751535658322,30,44.021294355392456,30,0.6422505118861074
5943,1184,532,1,0,1.0,19.26751535658322,30,44.021294355392456,30,0.6422505118861074
5944,1182,532,-2,0,2.0,19.26751535658322,30,44.021294355392456,30,0.6422505118861074
5945,1185,532,3,0,3.0,19.26751535658322,30,44.021294355392456,30,0.6422505118861074
5946,1182,532,-3,0,3.0,19.26751535658322,30,44.021294355392456,30,0.6422505118861074
5947,1185,532,3,0,3.0,19.26751535658322,30,44.021294355392456,30,0.6422505118861074
5948,1184,532,-1,0,1.0,19.26751535658322,30,44.021294355392456,30,0.6422505118861074
5949,1183,532,-1,0,1.0,19.26751535658322,30,44.021294355392456,30,0.6422505118861074
5950,1185,532,2,0,2.0,19.26751535658322,30,44.021294355392456,30,0.6422505118861074
5951,1182,532,-3,0,3.0,19.26751535658322,30,44.021294355392456,30,0.6422505118861074
5952,1184,532,2,0,2.0,19.26751535658322,30,44.021294355392456,30,0.6422505118861074
5953,1184,532,0,0,0.0,19.26751535658322,30,44.021294355392456,30,0.6422505118861074
5954,1183,532,-1,0,1.0,19.26751535658322,30,44.021294355392456,30,0.6422505118861074
5955,1185,532,2,0,2.0,19.26751535658322,30,44.021294355392456,30,0.6422505118861074
5956,1183,532,-2,0,2.0,19.26751535658322,30,44.021294355392456,30,0.6422505118861074
5957,1183,532,0,0,0.0,19.26751535658322,30,44.021294355392456,30,0.6422505118861074
5958,1184,532,1,0,1.0,19.26751535658322,30,44.021294355392456,30,0.6422505118861074
5959,1182,532,-2,0,2.0,19.26751535658322,30,44.021294355392456,30,0.6422505118861074
5960,1184,532,2,0,2.0,19.26751535658322,30,44.021294355392456,30,0.6422505118861074
5961,1183,532,-1,0,1.0,19.26751535658322,30,44.021294355392456,30,0.6422505118861074
5962,1183,532,0,0,0.0,19.26751535658322,30,44.021294355392456,30,0.6422505118861074
5963,1184,532,1,0,1.0,19.26751535658322,30,44.021294355392456,30,0.6422505118861074
5964,1182,532,-2,0,2.0,19.26751535658322,30,44.021294355392456,30,0.6422505118861074
5965,1185,532,3,0,3.0,19.26751535658322,30,44.021294355392456,30,0.6422505118861074
5966,1183,532,-2,0,2.0,19.26751535658322,30,44.021294355392456,30,0.6422505118861074
5967,1183,532,0,0,0.0,19.26751535658322,30,44.021294355392456,30,0.6422505118861074
5968,1184,532,1,0,1.0,19.26751535658322,30,44.021294355392456,30,0.6422505118861074
5969,1182,532,-2,0,2.0,19.26751535658322,30,44.021294355392456,30,0.6422505118861074
5970,1185,532,3,0,3.0,19.26751535658322,30,44.021294355392456,30,0.6422505118861074
5971,1183,532,-2,0,2.0,19.26751535658322,30,44.021294355392456,30,0.6422505118861074
5972,1184,532,1,0,1.0,19.26751535658322,30,44.021294355392456,30,0.6422505118861074
5973,1184,532,0,0,0.0,19.26751535658322,30,44.021294355392456,30,0.6422505118861074
5974,1183,532,-1,0,1.0,19.26751535658322,30,44.021294355392456,30,0.6422505118861074
5975,1185,532,2,0,2.0,19.26751535658322,30,44.021294355392456,30,0.6422505118861074
5976,1182,532,-3,0,3.0,19.26751535658322,30,44.021294355392456,30,0.6422505118861074
5977,1185,532,3,0,3.0,19.26751535658322,30,44.021294355392456,30,0.6422505118861074
5978,1183,532,-2,0,2.0,19.26751535658322,30,44.021294355392456,30,0.6422505118861074
5979,1184,532,1,0,1.0,19.26751535658322,30,44.021294355392456,30,0.6422505118861074
5980,1184,533,0,1,1.0,19.26751535658322,30,44.021294355392456,30,0.6422505118861074
5981,1182,532,-2,-1,2.23606797749979,19.26751535658322,30,44.021294355392456,30,0.6422505118861074
5982,1185,532,3,0,3.0,19.26751535658322,30,44.021294355392456,30,0.6422505118861074
5983,1183,532,-2,0,2.0,19.26751535658322,30,44.021294355392456,30,0.6422505118861074
5984,1183,533,0,1,1.0,19.26751535658322,30,44.021294355392456,30,0.6422505118861074
5985,1185,533,2,0,2.0,19.26751535658322,30,44.021294355392456,30,0.6422505118861074
5986,1182,533,-3,0,3.0,19.26751535658322,30,44.021294355392456,30,0.6422505118861074
5987,,,,,,19.26751535658322,30,44.021294355392456,30,0.6422505118861074
5988,1143,440,-39,-93,100.84641788382967,19.26751535658322,30,44.021294355392456,30,0.6422505118861074
5989,1142,421,-1,-19,19.026297590440446,19.26751535658322,30,44.021294355392456,30,0.6422505118861074
5990,1152,373,10,-48,49.03060268852505,19.26751535658322,30,44.021294355392456,30,0.6422505118861074
5991,1153,362,1,-11,11.045361017187261,19.26751535658322,30,44.021294355392456,30,0.6422505118861074
5992,1153,364,0,2,2.0,19.26751535658322,30,44.021294355392456,30,0.6422505118861074
5993,1153,369,0,5,5.0,19.26751535658322,30,44.021294355392456,30,0.6422505118861074
5994,1153,374,0,5,5.0,19.26751535658322,30,44.021294355392456,30,0.6422505118861074
5995,1154,377,1,3,3.1622776601683795,19.26751535658322,30,44.021294355392456,30,0.6422505118861074
5996,1153,377,-1,0,1.0,19.26751535658322,30,44.021294355392456,30,0.6422505118861074
5997,1153,375,0,-2,2.0,19.26751535658322,30,44.021294355392456,30,0.6422505118861074
5998,1153,373,0,-2,2.0,19.26751535658322,30,44.021294355392456,30,0.6422505118861074
5999,1152,371,-1,-2,2.23606797749979,19.26751535658322,30,44.021294355392456,30,0.6422505118861074
6000,1152,370,0,-1,1.0,19.26751535658322,30,44.021294355392456,30,0.6422505118861074
6001,1152,370,0,0,0.0,19.26751535658322,30,44.021294355392456,30,0.6422505118861074
6002,1152,371,0,1,1.0,19.26751535658322,30,44.021294355392456,30,0.6422505118861074
6003,1152,371,0,0,0.0,19.26751535658322,30,44.021294355392456,30,0.6422505118861074
6004,1152,371,0,0,0.0,19.26751535658322,30,44.021294355392456,30,0.6422505118861074
6005,1152,371,0,0,0.0,19.26751535658322,30,44.021294355392456,30,0.6422505118861074
6006,1152,371,0,0,0.0,19.26751535658322,30,44.021294355392456,30,0.6422505118861074
6007,1152,371,0,0,0.0,19.26751535658322,30,44.021294355392456,30,0.6422505118861074
6008,1152,370,0,-1,1.0,19.26751535658322,30,44.021294355392456,30,0.6422505118861074
6009,1152,370,0,0,0.0,19.26751535658322,30,44.021294355392456,30,0.6422505118861074
6010,1152,370,0,0,0.0,19.26751535658322,30,44.021294355392456,30,0.6422505118861074
6011,1152,370,0,0,0.0,19.26751535658322,30,44.021294355392456,30,0.6422505118861074
6012,1151,369,-1,-1,1.4142135623730951,19.26751535658322,30,44.021294355392456,30,0.6422505118861074
6013,1151,369,0,0,0.0,19.26751535658322,30,44.021294355392456,30,0.6422505118861074
6014,1151,369,0,0,0.0,19.26751535658322,30,44.021294355392456,30,0.6422505118861074
6015,1151,369,0,0,0.0,19.26751535658322,30,44.021294355392456,30,0.6422505118861074
6016,1151,369,0,0,0.0,19.26751535658322,30,44.021294355392456,30,0.6422505118861074
6017,1151,369,0,0,0.0,19.26751535658322,30,44.021294355392456,30,0.6422505118861074
6018,1151,369,0,0,0.0,19.26751535658322,30,44.021294355392456,30,0.6422505118861074
6019,1151,368,0,-1,1.0,19.26751535658322,30,44.021294355392456,30,0.6422505118861074
6020,1151,368,0,0,0.0,19.26751535658322,30,44.021294355392456,30,0.6422505118861074
6021,1151,368,0,0,0.0,19.26751535658322,30,44.021294355392456,30,0.6422505118861074
6022,1151,368,0,0,0.0,19.26751535658322,30,44.021294355392456,30,0.6422505118861074
6023,1151,368,0,0,0.0,19.26751535658322,30,44.021294355392456,30,0.6422505118861074
6024,1151,368,0,0,0.0,19.26751535658322,30,44.021294355392456,30,0.6422505118861074
6025,1151,368,0,0,0.0,19.26751535658322,30,44.021294355392456,30,0.6422505118861074
6026,1151,368,0,0,0.0,19.26751535658322,30,44.021294355392456,30,0.6422505118861074
6027,1151,368,0,0,0.0,19.26751535658322,30,44.021294355392456,30,0.6422505118861074
6028,1151,367,0,-1,1.0,19.26751535658322,30,44.021294355392456,30,0.6422505118861074
6029,1151,367,0,0,0.0,19.26751535658322,30,44.021294355392456,30,0.6422505118861074
6030,1151,367,0,0,0.0,19.26751535658322,30,44.021294355392456,30,0.6422505118861074
6031,1151,367,0,0,0.0,19.26751535658322,30,44.021294355392456,30,0.6422505118861074
6032,1151,367,0,0,0.0,19.26751535658322,30,44.021294355392456,30,0.6422505118861074
6033,1151,367,0,0,0.0,19.26751535658322,30,44.021294355392456,30,0.6422505118861074
6034,1151,367,0,0,0.0,19.26751535658322,30,44.021294355392456,30,0.6422505118861074
