t_s,i,adc
0.0008125999999997191,0,738
0.0009370000000004097,1,668
0.0010867999999994993,2,613
0.00121120000000019,3,568
0.001334999999999198,4,532
0.00145929999999872,5,503
0.0015836999999994106,6,478
0.0017072000000002419,7,460
0.001830799999998689,8,445
0.001956599999999753,9,434
0.002094200000000157,10,425
0.0025861000000002576,11,417
0.0035460999999994414,12,410
0.004564099999999627,13,407
0.005581799999999859,14,402
0.00655549999999927,15,399
0.007556599999999136,16,396
0.007691399999998794,17,394
0.008670900000000259,18,392
0.009669799999999285,19,393
0.010662899999999809,20,390
0.01167949999999962,21,388
0.012752599999998893,22,387
0.013781999999999073,23,388
0.014654699999999465,24,387
0.015667999999999793,25,388
0.01670790000000011,26,388
0.017715899999998896,27,388
0.01864149999999931,28,386
0.01961030000000008,29,386
0.02062649999999877,30,386
0.021642599999999845,31,388
0.02262490000000028,32,386
0.02361639999999987,33,387
0.024614599999999598,34,388
0.02562129999999918,35,388
0.02669060000000023,36,388
0.02761749999999985,37,386
0.02860489999999949,38,385
0.029600900000000152,39,386
0.030578900000000075,40,388
0.03159449999999886,41,385
0.03260309999999933,42,387
0.0335763,43,385
0.03456669999999917,44,386
0.0355294999999991,45,388
0.03654569999999957,46,385
0.03756209999999882,47,384
0.037695599999999274,48,385
0.03867200000000004,49,386
0.039748299999999404,50,386
0.04068949999999916,51,386
0.041676100000000105,52,387
0.04266229999999993,53,384
0.043682300000000396,54,385
0.044664799999999616,55,385
0.04565979999999925,56,387
0.04663839999999908,57,386
0.04768329999999921,58,387
0.048659100000000066,59,388
0.04964440000000003,60,388
0.05064250000000037,61,386
0.05160029999999871,62,386
0.052628300000000294,63,388
0.05368049999999869,64,386
0.05462069999999919,65,386
0.05561919999999887,66,387
0.05661100000000019,67,385
0.05759549999999969,68,386
0.05859019999999937,69,386
0.05959380000000003,70,388
0.06058550000000018,71,386
0.06158480000000033,72,388
0.06256559999999922,73,386
0.06358179999999969,74,387
0.06463169999999963,75,387
0.06556919999999877,76,387
0.06660619999999895,77,386
0.06691569999999913,78,385
0.06767209999999935,79,388
0.06868120000000033,80,386
0.06967440000000025,81,388
0.07066440000000007,82,386
0.07168010000000002,83,388
0.07267139999999905,84,388
0.07365680000000019,85,386
0.0746513999999987,86,388
0.07566759999999917,87,386
0.07665199999999928,88,387
0.07865900000000003,89,386
0.07878559999999979,90,385
0.0796796999999998,91,388
0.08065899999999893,92,387
0.08162219999999998,93,386
0.08261479999999999,94,386
0.08359450000000024,95,387
0.08460129999999921,96,385
0.08561669999999921,97,386
0.08660650000000025,98,386
0.08760060000000003,99,387
0.08860919999999872,100,386
0.08960899999999938,101,386
0.09061509999999906,102,385
0.0916283,103,386
0.09262519999999874,104,385
0.09371299999999927,105,387
0.0946473000000001,106,388
0.09565409999999908,107,387
0.09666129999999917,108,386
0.09767800000000015,109,387
0.09868529999999964,110,388
0.09967559999999942,111,386
0.10156169999999953,112,388
0.10255669999999917,113,386
0.10357630000000029,114,386
0.10458649999999992,115,388
0.10558389999999918,116,386
0.10665859999999938,117,388
0.10763880000000015,118,388
0.10860299999999867,119,386
0.1096313999999996,120,386
0.11063759999999867,121,389
0.11167249999999918,122,386
0.11265369999999919,123,386
0.11364589999999986,124,385
0.11465619999999888,125,387
0.11564070000000015,126,386
0.11666179999999926,127,387
0.11768679999999954,128,386
0.1186809999999987,129,388
0.12059209999999965,130,388
0.12155549999999948,131,388
0.12256849999999986,132,386
0.12358120000000028,133,388
0.12457669999999865,134,387
0.12560549999999893,135,388
0.12660930000000015,136,387
0.12762329999999977,137,387
0.12864219999999982,138,387
0.12964670000000034,139,387
0.13063859999999927,140,386
0.13162550000000017,141,387
0.13263779999999947,142,386
0.1337294999999994,143,387
0.1346854000000004,144,386
0.13567779999999985,145,385
0.13668129999999934,146,387
0.13767239999999958,147,386
0.1395623999999991,148,386
0.14055379999999928,149,387
0.1415658999999998,150,387
0.14257869999999961,151,387
0.1436143999999988,152,386
0.14459209999999878,153,386
0.14561750000000018,154,386
0.1466656000000004,155,388
0.14761820000000014,156,388
0.14862559999999903,157,386
0.1496429999999993,158,388
0.15064309999999992,159,387
0.15164620000000006,160,387
0.15264699999999998,161,386
0.1536755000000003,162,388
0.1546770999999989,163,387
0.15568309999999919,164,388
0.1566843999999996,165,387
0.1586046999999997,166,386
0.1595645999999995,167,387
0.1606337,168,386
0.1616004999999987,169,386
0.1625943000000003,170,388
0.16357990000000022,171,387
0.16460350000000012,172,386
0.16560879999999933,173,385
0.16661539999999952,174,387
0.16762559999999915,175,386
0.16862710000000014,176,387
0.16963729999999977,177,386
0.1706544999999995,178,389
0.17165939999999935,179,389
0.1726637999999987,180,388
0.17374629999999947,181,387
0.17472659999999962,182,388
0.1766287000000002,183,387
0.1775507999999988,184,387
0.17854789999999987,185,387
0.1795434999999994,186,388
0.1805962999999995,187,388
0.18158599999999936,188,388
0.18259199999999964,189,389
0.18360039999999955,190,386
0.1846205999999988,191,387
0.185627199999999,192,389
0.1866752999999992,193,387
0.18766649999999885,194,388
0.18864149999999924,195,388
0.18971409999999977,196,387
0.1906649999999992,197,387
0.19167369999999906,198,388
0.1926723999999993,199,390
0.19368240000000014,200,388
0.1946728999999987,201,387
0.19656230000000008,202,389
0.19755389999999906,203,388
0.19856680000000004,204,389
0.19957669999999972,205,389
0.20064499999999974,206,387
0.2015988999999987,207,388
0.2026053000000001,208,387
0.20360279999999875,209,388
0.20463059999999977,210,388
0.20564179999999865,211,389
0.20662619999999876,212,388
0.20763580000000026,213,388
0.20865389999999984,214,388
0.20965919999999905,215,387
0.2106716999999989,216,389
0.21164779999999972,217,388
0.2126740999999992,218,388
0.21383739999999918,219,389
0.21554839999999942,220,388
0.21656239999999904,221,389
0.21757889999999946,222,388
0.2185890999999991,223,387
0.21960269999999937,224,387
0.22059929999999994,225,386
0.22165629999999936,226,389
0.2226266999999993,227,388
0.22363089999999985,228,389
0.2246157999999987,229,388
0.2256299999999989,230,386
0.22666259999999916,231,387
0.2276492000000001,232,388
0.2286684000000001,233,386
0.22967470000000034,234,389
0.23067230000000016,235,388
0.23168259999999918,236,388
0.23267399999999938,237,389
0.23454779999999964,238,389
0.23554619999999993,239,388
0.2365820000000003,240,390
0.23767469999999946,241,388
0.23859249999999932,242,387
0.23959879999999956,243,389
0.24064459999999954,244,388
0.24161949999999877,245,388
0.24262729999999877,246,388
0.24359999999999893,247,388
0.24462600000000023,248,389
0.24564170000000018,249,387
0.2466387999999995,250,388
0.24764699999999884,251,388
0.24867749999999944,252,388
0.2496672999999987,253,389
0.25067289999999964,254,388
0.2516715999999999,255,388
0.25359279999999984,256,390
0.2545997,257,388
0.25558700000000023,258,386
0.25659540000000014,259,389
0.25759240000000005,260,388
0.25860149999999926,261,389
0.2595875000000003,262,388
0.2606035999999996,263,388
0.2616177999999998,264,387
0.26261569999999956,265,386
0.2636240999999995,266,388
0.26465289999999975,267,388
0.26564690000000013,268,387
0.2666712999999987,269,388
0.2677043000000001,270,389
0.2686938999999988,271,389
0.2696889999999996,272,386
0.2706841999999998,273,388
0.2725476999999987,274,386
0.2735503999999995,275,389
0.27461559999999885,276,387
0.27555569999999996,277,389
0.27659399999999934,278,386
0.27760419999999897,279,388
0.2786118999999996,280,386
0.2796094,281,388
0.2807175999999991,282,388
0.2816232999999997,283,388
0.2826304000000004,284,388
0.2836388000000003,285,387
0.28468230000000005,286,386
0.2856659999999991,287,388
0.2866724999999999,288,386
0.2876675999999989,289,388
0.2886746000000002,290,388
0.2896758999999989,291,385
0.2915238000000002,292,387
0.2925627999999989,293,388
0.29359249999999903,294,386
0.2946136999999993,295,387
0.2955781000000002,296,388
0.2966072000000004,297,387
0.29761049999999933,298,386
0.2986059000000001,299,387
0.2996315000000003,300,387
0.3006264999999999,301,386
0.30164360000000023,302,386
0.3026433999999991,303,388
0.30363839999999875,304,387
0.30466629999999917,305,386
0.30567160000000015,306,387
0.3066645999999995,307,386
0.30769819999999903,308,385
0.3086922999999988,309,386
0.31055739999999865,310,386
0.3115541000000004,311,386
0.31256729999999955,312,386
0.31358219999999903,313,385
0.3145806999999987,314,386
0.315609499999999,315,385
0.3166183,316,386
0.3176112,317,386
0.31861789999999957,318,388
0.31961319999999915,319,386
0.3207266999999998,320,387
0.3216482000000003,321,386
0.32264119999999963,322,387
0.3236282999999993,323,385
0.3246772999999994,324,387
0.32566839999999964,325,386
0.32667539999999917,326,385
0.32767139999999984,327,388
0.32955439999999925,328,386
0.33054759999999916,329,385
0.3315722000000001,330,387
0.33258159999999926,331,386
0.33361039999999953,332,387
0.3346380999999994,333,386
0.33561839999999954,334,386
0.33661209999999997,335,386
0.33762389999999876,336,386
0.33861709999999867,337,388
0.3396030000000003,338,387
0.34065239999999974,339,387
0.3416441999999993,340,385
0.3426514999999988,341,386
0.34365959999999873,342,388
0.34467599999999976,343,388
0.34568080000000023,344,386
0.3466801000000004,345,385
0.34857169999999904,346,386
0.3495638999999997,347,387
0.35057589999999905,348,385
0.3515859999999993,349,386
0.352580399999999,350,388
0.3535950999999997,351,385
0.35460469999999944,352,388
0.35557969999999983,353,386
0.3566298999999997,354,388
0.3576213999999993,355,387
0.3586262999999992,356,388
0.3596358999999989,357,388
0.3606897999999994,358,386
0.36166500000000035,359,388
0.3627047000000001,360,388
0.3636745999999995,361,389
0.3646799999999999,362,389
0.3656737000000003,363,389
0.3675605999999991,364,389
0.3685565000000004,365,388
0.3695737000000001,366,389
0.37057889999999993,367,388
0.37155570000000004,368,388
0.3726193000000002,369,387
0.3735974999999989,370,387
0.37464039999999876,371,388
0.375623899999999,372,388
0.3766158999999991,373,388
0.37762539999999944,374,388
0.37868749999999984,375,386
0.3796651000000004,376,387
0.38066710000000015,377,387
0.38167050000000025,378,385
0.38267579999999946,379,386
0.38367539999999956,380,385
0.38467319999999994,381,385
0.386547199999999,382,386
0.38755390000000034,383,387
0.38858639999999944,384,387
0.38959410000000005,385,386
0.39058930000000025,386,386
0.39160090000000025,387,386
0.39260230000000007,388,385
0.39361210000000035,389,388
0.3946297999999988,390,388
0.39562070000000027,391,385
0.39662739999999985,392,387
0.3976424999999999,393,387
0.3986388999999999,394,388
0.3996517999999991,395,384
0.4007366000000001,396,387
0.4016921999999994,397,386
0.40268499999999996,398,384
0.40366129999999956,399,386
0.4055471999999991,400,387
0.4065472999999997,401,385
0.40756640000000033,402,388
0.4085796999999989,403,386
0.409578999999999,404,386
0.41059480000000015,405,386
0.41159249999999936,406,386
0.4126031000000001,407,386
0.4136310999999999,408,388
0.41466469999999944,409,388
0.4156443999999997,410,386
0.4166508999999987,411,388
0.41764889999999966,412,388
0.41865989999999975,413,388
0.4196483999999998,414,388
0.4206618999999989,415,387
0.42168779999999906,416,388
0.422682,417,387
0.42455640000000017,418,388
0.42555619999999905,419,386
0.42657909999999966,420,388
0.4276448999999989,421,388
0.4285818999999993,422,388
0.42959199999999953,423,388
0.4305909999999997,424,386
0.43161830000000023,425,386
0.43262479999999925,426,386
0.4336216999999998,427,389
0.4346924999999988,428,386
0.4356606999999997,429,387
0.43665410000000016,430,386
0.4376593,431,388
0.43866599999999956,432,387
0.4396664999999995,433,387
0.4408511999999991,434,388
0.44172109999999876,435,387
0.44356750000000034,436,387
0.4445692999999995,437,388
0.4455853999999988,438,386
0.44659709999999997,439,386
0.447595999999999,440,388
0.44860159999999993,441,387
0.4496021999999993,442,388
0.4506213999999993,443,388
0.4516033000000004,444,387
0.4526158999999996,445,388
0.45362800000000014,446,388
0.4548059000000002,447,387
0.45565440000000024,448,387
0.4566724999999998,449,386
0.45767939999999996,450,388
0.45873079999999966,451,387
0.4596958999999998,452,385
0.46069219999999866,453,384
0.4625743999999994,454,386
0.4635708999999988,455,386
0.46458909999999953,456,386
0.4656196999999995,457,388
0.46660659999999865,458,387
0.4677486000000002,459,388
0.4686792999999998,460,387
0.4696486999999987,461,386
0.47165449999999964,462,388
0.4718260000000001,463,386
0.47267489999999945,464,388
0.4736849000000003,465,385
0.47467239999999933,466,388
0.4756695000000004,467,388
0.47667590000000004,468,385
0.4776758999999995,469,386
0.4786854999999992,470,387
0.47968419999999945,471,388
0.48159049999999937,472,386
0.4825527999999988,473,386
0.48354559999999935,474,388
0.484582099999999,475,388
0.4855924999999992,476,388
0.4866007999999997,477,386
0.48759770000000024,478,388
0.4886032,479,387
0.4896136000000002,480,388
0.49067239999999934,481,388
0.4916324999999997,482,386
0.4926692999999993,483,386
0.4936688999999994,484,386
0.4948022999999999,485,388
0.49567530000000026,486,388
0.4966872999999996,487,388
0.49769489999999905,488,388
0.49868880000000004,489,388
0.5005629000000003,490,388
0.5015546000000004,491,387
0.5025674999999996,492,389
0.5035659999999993,493,388
0.5045957999999988,494,386
0.5056035999999988,495,388
0.5066167999999998,496,388
0.5076909000000001,497,388
0.5086651999999994,498,387
0.5096356999999987,499,387
0.5106425999999988,500,386
0.511657099999999,501,386
0.5126469999999994,502,388
0.5136576000000002,503,388
0.5146502999999996,504,387
0.5156372999999999,505,388
0.5166851999999995,506,388
0.5177101999999998,507,388
0.5195548999999993,508,388
0.5205477999999992,509,386
0.5216595000000002,510,388
0.5226049999999987,511,389
0.5235935999999999,512,388
0.5245935999999993,513,388
0.5255901999999999,514,386
0.5266243999999993,515,388
0.527634299999999,516,386
0.5286322999999999,517,387
0.5296365999999999,518,386
0.5306414999999998,519,387
0.5316127000000002,520,388
0.5326544000000002,521,387
0.5336572999999998,522,388
0.5347790000000003,523,386
0.5356881999999992,524,388
0.5368405000000003,525,385
0.5385621,526,387
0.5395585,527,386
0.5405756999999998,528,386
0.5415785999999994,529,387
0.5426003000000001,530,385
0.5436028999999998,531,384
0.5445975000000001,532,387
0.5456032999999998,533,386
0.5466122000000002,534,386
0.5476232000000003,535,388
0.5486776999999989,536,388
0.5496418999999992,537,388
0.5506370999999994,538,387
0.5516658999999997,539,387
0.5527379999999997,540,386
0.5536747000000002,541,388
0.554682699999999,542,386
0.5556831999999989,543,387
0.5575545999999996,544,387
0.5585475999999989,545,388
0.5595641999999987,546,386
0.560581599999999,547,387
0.5616413999999992,548,388
0.5625973999999996,549,387
0.5635681999999989,550,386
0.5646182,551,388
0.5656211999999989,552,387
0.5666165000000003,553,385
0.5676252999999996,554,387
0.5696025000000002,555,385
0.5697413999999998,556,386
0.5706667999999997,557,388
0.5716672999999997,558,388
0.5726710999999991,559,386
0.5736802999999995,560,387
0.5747055000000003,561,388
0.576566399999999,562,388
0.5775609999999993,563,386
0.5785761999999988,564,388
0.5795516999999997,565,386
0.580578899999999,566,388
0.5815891999999998,567,385
0.5826066000000001,568,386
0.5836116999999987,569,388
0.584655699999999,570,387
0.5856172999999991,571,388
0.5866270999999994,572,388
0.5876374999999996,573,388
0.5887007999999998,574,388
0.5896505999999988,575,386
0.5906655999999995,576,388
0.5916692000000001,577,388
0.5926729999999996,578,388
0.5936722000000003,579,389
0.594688399999999,580,387
0.5965474000000004,581,387
0.5975643999999996,582,388
0.5985820000000004,583,388
0.5995899999999992,584,388
0.6006010999999987,585,388
0.6016399999999997,586,385
0.6026056999999998,587,387
0.6036156999999989,588,386
0.6046303000000002,589,388
0.6056340999999996,590,386
0.6066392,591,387
0.6076360999999988,592,388
0.6086659000000001,593,389
0.6096567999999998,594,388
0.6106602999999993,595,386
0.6116495999999998,596,388
0.6126901999999994,597,387
0.6136806999999997,598,388
0.6155752999999997,599,387
0.6165728000000001,600,387
0.617564999999999,601,388
0.6185943999999992,602,387
0.6195981999999987,603,387
0.6205911999999998,604,388
0.6216018999999999,605,387
0.6226299999999991,606,386
0.6236224999999997,607,386
0.6246257999999987,608,386
0.6256354999999996,609,388
0.6266528999999998,610,387
0.6276337999999999,611,389
0.6286863,612,388
0.6296727000000004,613,387
0.6306744000000002,614,389
0.631685899999999,615,389
0.6326795000000001,616,389
0.6345478999999994,617,388
0.6355658000000002,618,388
0.6365819999999989,619,389
0.6375919000000003,620,387
0.6386018,621,388
0.6395987999999999,622,388
0.6406032999999987,623,388
0.6417035000000002,624,388
0.6426289999999995,625,389
0.6436125999999991,626,388
0.6446386999999998,627,388
0.6456377999999994,628,388
0.6466671000000002,629,386
0.6476600000000001,630,387
0.6486713000000002,631,388
0.6496803,632,389
0.6506732999999993,633,388
0.651672099999999,634,389
0.6535540999999991,635,388
0.654582099999999,636,389
0.655589899999999,637,388
0.6565908999999994,638,389
0.6575987999999988,639,387
0.6585909999999995,640,388
0.659578999999999,641,388
0.6606302999999993,642,388
0.6616222999999994,643,387
0.6626288000000002,644,387
0.6636430999999998,645,389
0.6646418999999995,646,388
0.6656484000000003,647,388
0.6675801999999997,648,389
0.6677147999999988,649,388
0.6687341,650,388
0.6696913999999996,651,388
0.6706846999999989,652,387
0.672548299999999,653,387
0.6735651999999988,654,387
0.6745815999999998,655,386
0.6755642999999996,656,388
0.6765919,657,388
0.6775884999999988,658,386
0.6786177000000002,659,388
0.6796366999999996,660,388
0.6806301999999995,661,388
0.6816687999999989,662,388
0.6826537999999989,663,388
0.6836520999999998,664,387
0.6846593999999993,665,389
0.6856577999999995,666,386
0.6866632999999993,667,388
0.6876737999999989,668,387
0.6886729999999996,669,386
0.6896734000000002,670,388
0.6915250000000004,671,388
0.6925822000000004,672,386
0.6935735999999988,673,386
0.6945889999999988,674,386
0.6956407000000002,675,388
0.696618599999999,676,387
0.6976172999999992,677,386
0.6986252999999998,678,388
0.6996228000000002,679,388
0.7006274999999995,680,388
0.7016255999999998,681,388
0.7026553,682,388
0.7036593,683,386
0.7046516999999994,684,386
0.7056602999999999,685,386
0.7066885000000003,686,388
0.7076583999999997,687,386
0.7087146000000004,688,387
0.7105578000000001,689,386
0.7115784999999999,690,387
0.7125772000000001,691,388
0.7135868999999992,692,387
0.7145914999999992,693,389
0.7155904,694,388
0.7166275999999989,695,388
0.7176248999999988,696,386
0.7186243999999995,697,387
0.7196356000000002,698,388
0.7206358000000002,699,387
0.7217058999999999,700,388
0.7226941999999994,701,386
0.7236291000000001,702,386
0.7246772999999997,703,388
0.7256813999999991,704,386
0.7266744000000003,705,387
0.7276778999999998,706,386
0.7295464000000003,707,387
0.7305823999999994,708,388
0.7315744999999989,709,388
0.7325799999999987,710,386
0.7335902000000001,711,387
0.7346062999999994,712,386
0.7356500999999991,713,388
0.7366177999999994,714,388
0.7376135999999995,715,386
0.7386413999999988,716,387
0.7396142999999995,717,386
0.7406385999999987,718,388
0.7416476999999997,719,387
0.7426668000000003,720,386
0.7436729,721,386
0.7446827000000003,722,387
0.745679599999999,723,388
0.7466750999999991,724,388
0.7485888999999997,725,386
0.7495744999999996,726,389
0.7505673999999996,727,388
0.7515774000000004,728,386
0.7526070999999988,729,387
0.7535977999999997,730,387
0.7546037999999999,731,386
0.7555921999999988,732,387
0.7566299999999995,733,387
0.7576403000000003,734,386
0.7586348999999988,735,386
0.7596612,736,388
0.7606596999999997,737,386
0.7617245999999991,738,386
0.762687399999999,739,388
0.7636941999999998,740,386
0.7655548000000003,741,386
0.7656990999999991,742,386
0.7675456,743,387
0.7685817999999998,744,387
0.7695765999999988,745,387
0.7705888999999999,746,387
0.7715783999999992,747,386
0.7725919000000001,748,387
0.7736046999999999,749,388
0.7746161999999988,750,386
0.775698499999999,751,386
0.7766444000000003,752,388
0.7776350000000001,753,387
0.7786388999999989,754,389
0.7796504999999989,755,389
0.7806672999999993,756,388
0.7816710999999987,757,388
0.7826734000000002,758,388
0.7836756999999999,759,389
0.7846732999999997,760,388
0.7865623999999993,761,388
0.7875386999999989,762,389
0.7886174999999991,763,386
0.7895848999999995,764,388
0.7905929999999994,765,387
0.7915940999999993,766,387
0.7926038000000002,767,387
0.7936174999999999,768,389
0.7946150000000003,769,388
0.7956261999999992,770,388
0.7966417999999997,771,388
0.7976466999999996,772,387
0.7986497999999997,773,388
0.7996485999999994,774,386
0.8006768999999991,775,388
0.8017479999999999,776,386
0.8027148999999998,777,386
0.8036484999999995,778,388
0.8055567000000003,779,388
0.8065790999999987,780,386
0.8075735000000002,781,388
0.8085795999999998,782,386
0.8095894000000001,783,389
0.8106061999999987,784,388
0.8116100999999993,785,388
0.8126145999999999,786,386
0.813616699999999,787,388
0.8146273999999991,788,388
0.8156718999999999,789,388
0.8166555999999989,790,386
0.8176642999999988,791,387
0.8186602000000001,792,388
0.8196475000000003,793,388
0.8206755000000001,794,388
0.8216713000000002,795,388
0.8227149999999988,796,385
0.8245573000000004,797,387
0.8255768999999997,798,385
0.8265756999999994,799,387
0.8275886999999997,800,387
0.8286339999999992,801,388
0.8296198999999991,802,386
0.8306281000000002,803,387
0.8316290999999989,804,388
0.8326257999999989,805,386
0.8336451,806,388
0.8346378999999988,807,388
0.8356256000000002,808,386
0.8366515000000003,809,388
0.8376507999999987,810,388
0.8386798999999989,811,386
0.8396884,812,386
0.8406830999999997,813,386
0.8416809999999995,814,386
0.8435712999999989,815,386
0.8445768999999999,816,387
0.8455741000000003,817,385
0.8465797999999989,818,386
0.8475903999999996,819,388
0.8486063999999995,820,388
0.8496118999999993,821,388
0.8506128000000004,822,386
0.8516007999999999,823,386
0.8526275999999999,824,389
0.8536270999999989,825,389
0.8546395999999987,826,389
0.8557613999999987,827,388
0.8566965,828,389
0.8576795999999991,829,389
0.858684499999999,830,388
0.8596837999999991,831,388
0.8606841000000003,832,386
0.8625477999999998,833,389
0.8635664999999992,834,388
0.8646753,835,388
0.8655777999999987,836,389
0.8666061999999997,837,388
0.8675777999999994,838,388
0.8686565999999996,839,386
0.8696196999999994,840,389
0.8706315999999994,841,387
0.8716416000000002,842,387
0.8726301000000003,843,387
0.8736403999999993,844,389
0.8746528999999992,845,388
0.8756506999999996,846,388
0.8766766999999991,847,386
0.8776878000000004,848,388
0.8786813999999996,849,388
0.8796830999999994,850,388
0.8815565999999997,851,386
0.8826219999999996,852,387
0.8835474999999988,853,386
0.8845811999999995,854,386
0.8855959000000002,855,386
0.8866167999999988,856,388
0.8876210999999987,857,388
0.8886177999999987,858,387
0.8896253999999999,859,387
0.8906337999999998,860,389
0.8916278999999996,861,388
0.8926565999999987,862,386
0.8936750999999994,863,386
0.8946664999999996,864,388
0.8958164999999987,865,386
0.8967150999999998,866,388
0.8976963999999992,867,388
0.8986935000000003,868,388
0.9005476999999988,869,389
0.9016418000000002,870,388
0.9025863999999988,871,388
0.9035954000000004,872,388
0.9046021999999994,873,385
0.9056050999999989,874,388
0.9066151999999992,875,388
0.9076129999999996,876,388
0.908662099999999,877,386
0.9096709000000001,878,388
0.9106307999999999,879,387
0.9116381999999987,880,388
0.9126554999999996,881,388
0.9136503999999999,882,387
0.9146631999999997,883,388
0.9156509999999987,884,386
0.9166896999999992,885,388
0.9178201999999995,886,388
0.9195548999999996,887,388
0.9205682999999993,888,386
0.9215646999999993,889,386
0.9226355999999996,890,388
0.9235930000000003,891,388
0.9245915999999994,892,387
0.9256016000000002,893,388
0.9266183999999988,894,388
0.9276225,895,388
0.9286279000000004,896,386
0.929625999999999,897,386
0.9306543999999999,898,388
0.9316356999999993,899,389
0.9326511999999987,900,389
0.9337117999999993,901,387
0.9346768999999995,902,389
0.9357607999999988,903,388
0.9366962000000001,904,389
0.9385630999999997,905,389
0.9395746999999997,906,388
0.9405670999999991,907,387
0.9415771,908,387
0.9426072999999988,909,388
0.9435977999999992,910,390
0.9446037,911,388
0.9456085999999999,912,389
0.9466158999999994,913,388
0.947603299999999,914,389
0.9486416000000002,915,388
0.9497500999999993,916,389
0.9506681999999991,917,390
0.9516524000000004,918,388
0.9526664,919,389
0.9536803000000003,920,390
0.9546756999999992,921,388
0.9556725000000004,922,388
0.9575569000000002,923,388
0.9585765999999989,924,389
0.9595734,925,389
0.9605791999999997,926,388
0.9615976999999987,927,388
0.9627421999999992,928,388
0.9635914000000003,929,388
0.964604099999999,930,387
0.9656770999999988,931,388
0.9666420999999996,932,388
0.9676361999999994,933,387
0.9686402999999988,934,388
0.9696547999999989,935,387
0.9706526999999987,936,388
0.971662199999999,937,388
0.9726898999999989,938,387
0.9736797999999993,939,389
0.9746749000000001,940,388
0.9765677000000004,941,389
0.9775799000000003,942,385
0.9785699999999995,943,386
0.9795558,944,387
0.980607599999999,945,387
0.9816597999999992,946,388
0.9826274000000002,947,388
0.9836169999999989,948,387
0.9846240999999996,949,388
0.9856365999999994,950,389
0.9866344999999992,951,387
0.9876375,952,389
0.988666199999999,953,389
0.9897052999999989,954,388
0.9906839999999999,955,388
0.9916865999999995,956,387
0.9926843999999999,957,389
0.9936813999999998,958,388
0.9955524999999987,959,387
0.9965795999999987,960,388
0.9975842000000004,961,388
0.9985900000000001,962,387
0.9995995000000004,963,388
1.0005920999999987,964,388
1.001600999999999,965,388
1.0026830999999987,966,388
1.0036246999999996,967,389
1.0046292999999995,968,388
1.0056256000000001,969,388
1.0066562000000001,970,387
1.007662999999999,971,388
1.0086589000000004,972,387
1.0096691,973,388
1.0106760999999995,974,388
1.0116503999999988,975,388
1.0127115999999994,976,388
1.0145570999999993,977,388
1.0155814000000003,978,388
1.016601699999999,979,388
1.0175954999999988,980,389
1.0186034,981,389
1.019598799999999,982,388
1.0206042999999987,983,388
1.0216076999999988,984,388
1.0226167999999998,985,386
1.0236251000000003,986,386
1.024641299999999,987,387
1.025645899999999,988,388
1.0266497999999995,989,387
1.0276522999999997,990,388
1.0286793000000003,991,388
1.029752799999999,992,385
1.0306856,993,387
1.0316720000000004,994,387
1.0335550999999992,995,386
1.0345680999999995,996,388
1.0355662999999993,997,388
1.036594299999999,998,388
1.0376000999999988,999,388
1.0386039999999994,1000,386
1.0396248000000003,1001,388
1.0406663999999992,1002,388
1.0416709999999991,1003,388
1.0427277999999998,1004,388
1.0445858000000001,1005,386
1.0456035000000004,1006,389
1.0466049000000002,1007,388
1.0476264999999998,1008,387
1.048665699999999,1009,387
1.049677599999999,1010,386
1.0506969999999995,1011,388
1.052567999999999,1012,387
1.0535958,1013,389
1.0546037999999989,1014,386
1.055625899999999,1015,385
1.0567171000000002,1016,388
1.0576709999999991,1017,386
1.0586897000000004,1018,388
1.0606296000000004,1019,387
1.0615959000000004,1020,386
1.0626043999999997,1021,386
1.0636250999999994,1022,388
1.0646647999999992,1023,388
1.065669699999999,1024,387
1.0666867,1025,386
1.0685821000000004,1026,389
1.0696655999999987,1027,387
1.0706246999999998,1028,388
1.0716397999999998,1029,388
1.0726607000000001,1030,388
1.0736708000000004,1031,389
1.0755289999999995,1032,389
1.076568,1033,389
1.077596999999999,1034,388
1.078604799999999,1035,388
1.0796250999999994,1036,389
1.080665699999999,1037,388
1.0816701999999996,1038,388
1.0835670000000004,1039,388
1.0845795000000003,1040,388
1.0856011999999993,1041,388
1.0866168999999992,1042,390
1.0876254999999997,1043,390
1.0886655999999988,1044,389
1.0896688,1045,389
1.0915245000000002,1046,388
1.0925835999999993,1047,388
1.0935987999999988,1048,387
1.0946166000000002,1049,388
1.0956238999999997,1050,388
1.096715099999999,1051,386
1.0976911999999999,1052,388
1.0995551999999993,1053,387
1.1005684999999996,1054,388
1.1015952000000002,1055,386
1.1026153999999995,1056,387
1.1036249999999992,1057,388
1.1046662999999999,1058,388
1.1056826999999991,1059,389
1.1075248999999996,1060,388
1.1085823999999995,1061,387
1.1096877000000003,1062,386
1.1106429000000002,1063,389
1.1116457999999998,1064,386
1.1126679999999993,1065,387
1.1136807999999991,1066,386
1.1155475999999993,1067,387
1.1165824000000004,1068,386
1.1176055999999992,1069,388
1.1186247999999992,1070,386
1.119633799999999,1071,388
1.1206506999999988,1072,387
1.1216853999999987,1073,387
1.1235453,1074,388
1.1245716999999988,1075,387
1.1255968000000003,1076,389
1.1266184999999993,1077,389
1.1276251999999989,1078,388
1.1286642999999987,1079,389
1.1296815000000002,1080,387
1.1315472,1081,387
1.1325947999999997,1082,387
1.1335996000000002,1083,388
1.1346156,1084,389
1.1356243,1085,389
1.136702099999999,1086,389
1.1377100999999996,1087,387
1.1395374999999994,1088,388
1.1405808000000004,1089,389
1.1415962000000004,1090,389
1.142616499999999,1091,388
1.1436373,1092,386
1.1446652999999998,1093,387
1.1456806000000004,1094,387
1.1475472,1095,389
1.1485944999999997,1096,388
1.1496329999999997,1097,388
1.1506454000000002,1098,388
1.1516542999999988,1099,388
1.152660899999999,1100,386
1.1536887999999994,1101,388
1.1555245999999997,1102,386
1.1565950999999988,1103,388
1.1585824000000002,1104,388
1.1587283999999993,1105,387
1.1596361999999996,1106,387
1.1606664000000002,1107,388
1.1616812999999997,1108,389
1.1635774999999988,1109,388
1.164599299999999,1110,388
1.1655999000000001,1111,388
1.1666156999999995,1112,388
1.1676374999999997,1113,388
1.1686642000000003,1114,388
1.1696977999999998,1115,391
1.1715245999999997,1116,387
1.1725949999999994,1117,388
1.173601099999999,1118,389
1.1746163000000003,1119,388
1.1756367999999995,1120,388
1.1767111000000003,1121,388
1.1776856999999996,1122,389
1.1795632999999999,1123,389
1.1805892,1124,388
1.181599199999999,1125,388
1.1826156999999995,1126,389
1.1836383999999995,1127,389
1.1846663999999993,1128,389
1.1856829999999992,1129,388
1.1875248999999997,1130,386
1.1885961999999992,1131,388
1.1896760000000004,1132,387
1.1906458999999998,1133,387
1.1916533999999999,1134,388
1.1926617999999998,1135,387
1.193682299999999,1136,388
1.1955473999999988,1137,389
1.1965941999999998,1138,388
1.1976113999999995,1139,388
1.1986168,1140,388
1.199637599999999,1141,389
1.200676399999999,1142,387
1.2017056000000004,1143,389
1.2035599999999995,1144,388
1.2045953999999988,1145,388
1.2056106,1146,390
1.2066172000000002,1147,389
1.2076370999999995,1148,389
1.2086775000000003,1149,388
1.2096792999999995,1150,389
1.2115472999999994,1151,388
1.2125944999999998,1152,389
1.2136116000000001,1153,388
1.2146153000000002,1154,388
1.2156365999999998,1155,388
1.2168212,1156,388
1.217680699999999,1157,387
1.2195251999999996,1158,388
1.2205953999999988,1159,388
1.2216144,1160,388
1.2226307999999992,1161,386
1.2236490999999994,1162,387
1.2246642999999988,1163,388
1.2256719999999994,1164,389
1.2275549999999988,1165,389
1.2285798000000003,1166,388
1.2296322999999987,1167,388
1.2306402999999992,1168,388
1.2316480999999992,1169,388
1.2326768000000001,1170,388
1.2336901999999998,1171,389
1.235552199999999,1172,388
1.236579599999999,1173,390
1.2376015000000002,1174,388
1.2386312000000004,1175,389
1.2396481000000001,1176,389
1.2406644,1177,388
1.2416723999999988,1178,388
1.2436125999999987,1179,389
1.2445959000000002,1180,389
1.2456172999999993,1181,388
1.2466416000000002,1182,389
1.2476479999999999,1183,388
1.248711199999999,1184,389
1.2496908999999992,1185,388
1.2515441999999997,1186,389
1.2525961999999993,1187,389
1.2536179,1188,389
1.254635799999999,1189,388
1.2556893999999996,1190,388
1.2567664999999995,1191,388
1.2576885999999998,1192,389
1.2595665,1193,390
1.260596099999999,1194,390
1.2616140999999992,1195,388
1.2626277999999989,1196,390
1.2636366999999993,1197,388
1.2647956999999987,1198,388
1.2657255999999997,1199,388
1.2675381999999988,1200,389
1.268592,1201,388
1.269624199999999,1202,388
1.2706684,1203,389
1.2716519999999996,1204,388
1.2726699000000004,1205,388
1.2736964999999998,1206,388
1.2755675999999987,1207,389
1.2765953000000003,1208,389
1.2776139999999998,1209,388
1.2786366999999998,1210,388
1.2796483999999992,1211,389
1.2808092000000002,1212,389
1.2816872999999998,1213,389
1.2836103999999988,1214,389
1.2845963999999999,1215,386
1.2856162999999992,1216,389
1.2866391000000004,1217,388
1.2876510999999997,1218,387
1.288671299999999,1219,387
1.2896865999999996,1220,388
1.2915828999999999,1221,388
1.2926009,1222,389
1.2936063999999998,1223,388
1.2946245999999988,1224,388
1.295653999999999,1225,388
1.296805899999999,1226,390
1.297725999999999,1227,389
1.2995430999999993,1228,388
1.3006075,1229,387
1.3016138000000002,1230,387
1.3026357999999991,1231,386
1.3036526999999989,1232,386
1.3046615999999993,1233,388
1.3057002999999998,1234,388
1.3075688000000003,1235,386
1.3085896999999989,1236,388
1.3096189999999996,1237,386
1.3106720000000003,1238,388
1.311653399999999,1239,388
1.3126672,1240,387
1.3136866999999999,1241,388
1.3155395999999993,1242,388
1.3166045999999998,1243,387
1.3176126000000004,1244,388
1.3186342,1245,388
1.3196504999999998,1246,389
1.3206629999999997,1247,390
1.3217020000000002,1248,388
1.3236258999999997,1249,389
1.3246047,1250,388
1.3256134,1251,389
1.3266343000000003,1252,389
1.3276526999999998,1253,387
1.3287525999999996,1254,388
1.3297083999999995,1255,388
1.3315398999999992,1256,388
1.3326072999999994,1257,388
1.3336129000000003,1258,388
1.334633199999999,1259,389
1.3356513000000003,1260,390
1.3367123999999997,1261,389
1.3385591999999988,1262,388
1.3395685999999998,1263,388
1.3405892999999995,1264,390
1.3416189000000003,1265,389
1.3426425999999996,1266,389
1.343661899999999,1267,388
1.344671,1268,390
1.3465457,1269,388
1.3475401999999992,1270,390
1.3486046999999992,1271,390
1.349625099999999,1272,390
1.3506865999999995,1273,389
1.3516680999999995,1274,388
1.3536292999999997,1275,388
1.3545458999999997,1276,386
1.3555823999999994,1277,388
1.3565985999999999,1278,389
1.357616199999999,1279,389
1.3586250999999994,1280,390
1.3596982000000004,1281,389
1.3606870999999998,1282,388
1.3625554999999991,1283,389
1.3635745999999997,1284,389
1.3646034999999994,1285,389
1.3656176999999996,1286,389
1.3666257999999996,1287,388
1.3676657999999993,1288,389
1.3686816999999998,1289,388
1.3705458000000004,1290,390
1.3715823999999994,1291,389
1.3726062999999993,1292,387
1.3736251,1293,388
1.3746340999999997,1294,389
1.3756535000000003,1295,388
1.3766906999999993,1296,388
1.3785518999999997,1297,388
1.3795404999999992,1298,390
1.3806043999999993,1299,388
1.3816246999999997,1300,389
1.3826357999999992,1301,387
1.3836499,1302,387
1.384670999999999,1303,389
1.3865546999999996,1304,387
1.3875692999999991,1305,387
1.3885895000000001,1306,386
1.3896301999999991,1307,387
1.390669899999999,1308,388
1.3917165999999987,1309,386
1.3927014,1310,388
1.3945553000000004,1311,387
1.3955594999999992,1312,389
1.396590699999999,1313,389
1.3976314999999992,1314,388
1.3986453999999995,1315,388
1.3996503999999987,1316,387
1.4006703999999992,1317,388
1.4025622999999996,1318,386
1.4036235000000001,1319,388
1.4046135999999994,1320,386
1.4056283999999994,1321,386
1.4066469999999995,1322,386
1.4076535999999997,1323,390
1.4086752999999987,1324,386
1.4105554999999992,1325,388
1.4115585999999993,1326,385
1.4125911999999996,1327,387
1.4136306999999988,1328,386
1.414644599999999,1329,387
1.4156517999999991,1330,385
1.4166717000000002,1331,387
1.4185534999999998,1332,386
1.4195963000000003,1333,387
1.4205987999999987,1334,387
1.421616499999999,1335,386
1.4226387999999996,1336,386
1.423700499999999,1337,388
1.424684599999999,1338,385
1.4265466999999994,1339,385
1.4275520000000004,1340,385
1.4286043,1341,388
1.4296246999999997,1342,387
1.4306957999999987,1343,386
1.4316566000000002,1344,386
1.4326735,1345,389
1.4345552000000001,1346,388
1.4355808000000003,1347,386
1.4365902999999989,1348,388
1.437631399999999,1349,388
1.438650599999999,1350,387
1.4396603,1351,388
1.4406809000000003,1352,388
1.4425463999999995,1353,388
1.4435637000000003,1354,385
1.4446385999999993,1355,388
1.4456185999999995,1356,387
1.4466377000000001,1357,387
1.4476669999999991,1358,388
1.4486815999999987,1359,387
1.450578199999999,1360,388
1.4515957000000004,1361,387
1.4526117000000003,1362,388
1.4536169,1363,389
1.454653799999999,1364,388
1.4556679999999993,1365,386
1.4566736999999996,1366,388
1.458552899999999,1367,387
1.4595541,1368,388
1.4606204999999992,1369,388
1.4616252999999997,1370,388
1.4626474999999992,1371,386
1.4636680000000002,1372,388
1.4646755999999996,1373,387
1.4665457999999987,1374,387
1.4675954999999998,1375,387
1.4686138,1376,388
1.4696508000000001,1377,386
1.4706949999999992,1378,388
1.4717085,1379,387
1.4726997999999991,1380,388
1.474572199999999,1381,387
1.475569199999999,1382,386
1.4766341999999995,1383,387
1.4776461999999988,1384,386
1.4786491999999996,1385,385
1.479671999999999,1386,387
1.4806755999999996,1387,388
1.482547499999999,1388,386
1.4836203000000001,1389,385
1.4846449999999987,1390,385
1.4856248999999995,1391,386
1.4866385999999991,1392,385
1.4876787,1393,386
1.4886847000000003,1394,386
1.4905744999999992,1395,386
1.4915939999999992,1396,386
1.4926142000000002,1397,386
1.4936249000000004,1398,388
1.4946459999999995,1399,389
1.495667599999999,1400,389
1.4966739999999987,1401,388
1.4985955999999998,1402,388
1.499600299999999,1403,387
1.5006141999999993,1404,387
1.5017164999999988,1405,387
1.5026647000000004,1406,384
1.5036788999999988,1407,387
1.5046774000000003,1408,386
1.5065662,1409,386
1.507587299999999,1410,386
1.5086142999999996,1411,386
1.5096369000000003,1412,386
1.5107078999999999,1413,387
1.5116921999999988,1414,385
1.5127012999999998,1415,385
1.514574999999999,1416,388
1.5155877999999987,1417,387
1.516604599999999,1418,387
1.5176378999999987,1419,388
1.518649,1420,386
1.5196708999999995,1421,386
1.5206872999999987,1422,386
1.5225662,1423,386
1.5235871999999997,1424,386
1.5246537999999994,1425,385
1.5256329999999991,1426,386
1.5266377000000002,1427,388
1.5276788999999997,1428,386
1.5286957,1429,388
1.5305745000000002,1430,388
1.531586599999999,1431,389
1.532604899999999,1432,389
1.5336327,1433,387
1.5346399999999996,1434,388
1.5356705999999996,1435,388
1.5367005000000002,1436,388
1.5385928999999994,1437,388
1.5395672999999999,1438,387
1.5406202999999987,1439,387
1.5416398999999998,1440,385
1.542648999999999,1441,385
1.5436715000000003,1442,388
1.544687699999999,1443,386
1.5465652999999993,1444,386
1.5476260999999987,1445,386
1.5487099000000004,1446,388
1.5496479999999995,1447,387
1.5507258999999998,1448,385
1.5517401999999993,1449,386
1.5527090000000001,1450,388
1.554584199999999,1451,387
1.5556056999999992,1452,388
1.5566209999999998,1453,387
1.5576442000000004,1454,385
1.5586667999999992,1455,386
1.559676099999999,1456,388
1.5606951000000002,1457,388
1.5625733999999998,1458,387
1.5636109999999999,1459,386
1.5646667,1460,387
1.5656406,1461,387
1.5666497999999986,1462,388
1.5676787,1463,388
1.5686964000000003,1464,386
1.5705744999999993,1465,387
1.5715980999999992,1466,387
1.5726137999999992,1467,388
1.573637399999999,1468,388
1.574656899999999,1469,388
1.5756683000000002,1470,388
1.5766859999999987,1471,388
1.5785921999999992,1472,387
1.5796083999999997,1473,386
1.580616299999999,1474,386
1.5816514000000002,1475,386
1.5826665000000002,1476,386
1.5836711999999995,1477,386
1.5846871999999994,1478,386
1.586565199999999,1479,386
1.587564799999999,1480,386
1.5886170999999987,1481,385
1.5896361999999993,1482,387
1.5906900000000004,1483,388
1.5916996999999995,1484,386
1.5935648999999987,1485,386
1.5945807999999992,1486,388
1.5956010000000003,1487,388
1.5966179999999994,1488,388
1.5976318999999997,1489,388
1.5986490999999994,1490,386
1.5996801999999999,1491,388
1.6015482999999993,1492,386
1.6025671,1493,388
1.6036056999999992,1494,386
1.6046704999999992,1495,387
1.6056291999999992,1496,386
1.6066491999999997,1497,388
1.6076914999999996,1498,386
1.609548499999999,1499,388
1.6105657999999998,1500,386
1.6116063999999994,1501,386
1.6126261,1502,388
1.6136413999999988,1503,388
1.6146598999999995,1504,388
1.6156797999999988,1505,388
1.6175622999999995,1506,388
1.618581299999999,1507,388
1.6196009999999994,1508,387
1.6206253000000004,1509,389
1.6216324999999987,1510,387
1.6226500000000001,1511,388
1.6236891999999994,1512,390
1.6255577999999993,1513,388
1.626576,1514,389
1.6275996999999993,1515,388
1.6286284999999996,1516,388
1.629639599999999,1517,389
1.6306601,1518,388
1.6317263000000004,1519,388
1.633549799999999,1520,388
1.6345653000000002,1521,388
1.635599899999999,1522,388
1.6366285999999999,1523,388
1.6376361999999993,1524,386
1.6386787999999992,1525,386
1.639695099999999,1526,388
1.6415483999999996,1527,388
1.6425812999999998,1528,386
1.6436098000000001,1529,388
1.644795499999999,1530,388
1.645655999999999,1531,389
1.6466613999999993,1532,388
1.6476758999999994,1533,387
1.649550099999999,1534,387
1.6505779,1535,388
1.6516003999999995,1536,388
1.6526274999999995,1537,388
1.6536489999999997,1538,387
1.6546614000000002,1539,388
1.6556815999999994,1540,388
1.6575536999999994,1541,388
1.6586044999999991,1542,387
1.6596038999999987,1543,388
1.6606565999999994,1544,386
1.6616444000000001,1545,388
1.6626744000000002,1546,386
1.6636819000000003,1547,388
1.665546599999999,1548,386
1.666595599999999,1549,386
1.6675975999999988,1550,385
1.6686260999999991,1551,387
1.6696467999999989,1552,388
1.6706506999999995,1553,388
1.671737799999999,1554,386
1.6735489999999995,1555,388
1.6745959999999993,1556,388
1.6756001999999999,1557,390
1.6766930000000002,1558,388
1.6776421999999993,1559,389
1.6786525999999995,1560,388
1.6796799999999994,1561,389
1.681546599999999,1562,387
1.682596499999999,1563,387
1.6835981999999987,1564,388
1.6847104999999996,1565,389
1.6856425000000002,1566,388
1.6866520999999999,1567,387
1.6876781999999988,1568,388
1.6895460999999994,1569,388
1.6905953999999994,1570,388
1.6916057999999996,1571,388
1.6926275000000004,1572,389
1.6936479000000002,1573,388
1.6946619999999992,1574,389
1.6956825999999996,1575,389
1.6975537999999997,1576,388
1.6986098999999992,1577,388
1.6996133999999987,1578,387
1.7006262000000003,1579,388
1.7016473999999988,1580,387
1.7026532999999997,1581,388
1.7036777,1582,388
1.7055466,1583,388
1.7065956999999994,1584,389
1.7076117999999987,1585,389
1.7087003999999997,1586,389
1.7096425999999987,1587,389
1.7106659000000004,1588,389
1.7117278999999996,1589,389
1.7135556999999988,1590,388
1.7145805999999997,1591,389
1.7156092999999988,1592,389
1.7170512999999996,1593,388
1.717654099999999,1594,386
1.7186711999999993,1595,386
1.7196821999999994,1596,386
1.7215463999999994,1597,388
1.7225962999999993,1598,388
1.7236107999999994,1599,387
1.7246652999999998,1600,387
1.7256713000000001,1601,387
1.726682499999999,1602,388
1.7276889999999998,1603,387
1.7295552,1604,386
1.7305803999999991,1605,389
1.7316092999999988,1606,389
1.7326265999999997,1607,388
1.7336466000000001,1608,388
1.7346640999999998,1609,388
1.735678,1610,389
1.7375461999999988,1611,388
1.7386339999999993,1612,387
1.7396113999999994,1613,386
1.7406322999999997,1614,386
1.7416421999999994,1615,386
1.7435846000000002,1616,386
1.7437341999999987,1617,388
1.745565299999999,1618,388
1.7465945999999999,1619,388
1.7476092999999988,1620,389
1.7486374999999992,1621,389
1.749645899999999,1622,388
1.7506638999999993,1623,389
1.7517932999999992,1624,388
1.7535820999999991,1625,388
1.7545897000000004,1626,388
1.7556125999999992,1627,388
1.7566448999999995,1628,387
1.7576421999999994,1629,386
1.7586639000000002,1630,386
1.7596914999999989,1631,388
1.7615657999999996,1632,388
1.762595899999999,1633,386
1.7636100999999993,1634,385
1.7646947999999991,1635,386
1.7656676999999998,1636,388
1.7666807999999996,1637,389
1.7677014,1638,388
1.7695747999999991,1639,389
1.7705801999999995,1640,389
1.7716189,1641,389
1.7726422,1642,389
1.7736520999999996,1643,387
1.7746724999999994,1644,387
1.7756977999999997,1645,388
1.7775745999999994,1646,388
1.7786326999999993,1647,386
1.7795822999999995,1648,387
1.780645699999999,1649,388
1.7816466000000002,1650,387
1.7826649999999997,1651,387
1.7836932,1652,386
1.7855659,1653,387
1.7865956999999995,1654,387
1.787614399999999,1655,388
1.788732399999999,1656,386
1.7896421999999994,1657,387
1.7906648,1658,388
1.791898999999999,1659,387
1.7935733999999997,1660,389
1.7946083999999995,1661,387
1.7956117000000003,1662,389
1.7966385000000002,1663,388
1.7976460000000003,1664,386
1.7986639999999987,1665,388
1.7996914000000004,1666,387
1.8015654999999988,1667,388
1.8026084999999998,1668,388
1.803624899999999,1669,386
1.8046992,1670,386
1.8056988999999994,1671,388
1.806668499999999,1672,388
1.8076965999999999,1673,386
1.8095654000000003,1674,386
1.8106071999999998,1675,387
1.8116098999999988,1676,388
1.8126373999999998,1677,388
1.813658199999999,1678,386
1.8146626000000001,1679,386
1.8156900999999994,1680,389
1.817565,1681,386
1.8188069999999996,1682,386
1.8196280999999992,1683,387
1.820646,1684,386
1.8216652,1685,388
1.8226728999999988,1686,388
1.8236960999999994,1687,386
1.825565899999999,1688,386
1.8266080999999996,1689,386
1.8276109999999992,1690,388
1.8286385000000003,1691,389
1.8296606999999998,1692,386
1.8306638,1693,387
1.8318072999999995,1694,386
1.8336031999999989,1695,387
1.8346073999999994,1696,388
1.8356314999999999,1697,386
1.8366312999999987,1698,386
1.8376529000000001,1699,386
1.8386639999999996,1700,386
1.8405489,1701,387
1.8416718000000003,1702,388
1.8426089,1703,387
1.8436094999999995,1704,387
1.8446373999999999,1705,388
1.8457008999999989,1706,388
1.8466643999999999,1707,388
1.8485493000000002,1708,386
1.8495819999999998,1709,388
1.8505950999999996,1710,387
1.8516238999999999,1711,387
1.8526394999999987,1712,387
1.8536577999999988,1713,386
1.8546633999999997,1714,386
1.8565492,1715,386
1.8575657999999997,1716,386
1.8586977999999998,1717,385
1.8596284999999995,1718,386
1.8606376999999998,1719,386
1.8616580000000003,1720,388
1.8626781999999995,1721,386
1.8645493999999996,1722,385
1.8655717999999997,1723,386
1.8665953999999996,1724,386
1.867626099999999,1725,387
1.8686385999999988,1726,388
1.8696579999999994,1727,388
1.8706748999999991,1728,386
1.8725758999999993,1729,387
1.8735847000000003,1730,388
1.8746034999999992,1731,385
1.8756223999999992,1732,387
1.876638999999999,1733,385
1.8776606999999998,1734,388
1.878674499999999,1735,385
1.880568799999999,1736,387
1.8815853999999987,1737,388
1.882603099999999,1738,387
1.8836250000000003,1739,387
1.8846305,1740,388
1.8857126999999991,1741,387
1.886694199999999,1742,387
1.8885588999999996,1743,386
1.889574999999999,1744,388
1.8905917999999993,1745,388
1.8916208999999995,1746,387
1.8926374999999993,1747,386
1.8936589999999995,1748,385
1.8946750999999988,1749,385
1.8965633999999998,1750,388
1.8975890999999994,1751,385
1.8986380999999994,1752,386
1.8996465999999987,1753,386
1.9006530000000001,1754,386
1.9016608000000002,1755,386
1.9026756999999996,1756,386
1.9045486999999994,1757,386
1.9055935999999996,1758,388
1.9066034999999992,1759,387
1.9076234999999997,1760,386
1.9086483999999988,1761,386
1.9096613999999992,1762,387
1.9106834,1763,386
1.9125941999999991,1764,386
1.9136021999999997,1765,386
1.9146273999999988,1766,386
1.9156341999999995,1767,385
1.9166524000000003,1768,386
1.9176582,1769,386
1.9186747000000004,1770,386
1.9205490999999988,1771,386
1.921578199999999,1772,388
1.9226083000000003,1773,388
1.9236302999999992,1774,386
1.9246511000000002,1775,386
1.9257215999999993,1776,388
1.9266946999999988,1777,388
1.9285686000000002,1778,387
1.9295948999999997,1779,388
1.9306029999999996,1780,388
1.9316239999999993,1781,388
1.9326404000000004,1782,386
1.9336504999999988,1783,386
1.9346888,1784,386
1.9365486999999995,1785,388
1.9375780999999996,1786,387
1.9386914999999991,1787,386
1.9396278000000002,1788,386
1.9406689999999998,1789,386
1.9416654999999992,1790,387
1.9426831999999994,1791,388
1.9445709999999998,1792,386
1.9455934999999993,1793,386
1.9466200999999987,1794,388
1.9476259999999996,1795,387
1.9486407000000003,1796,388
1.9496516999999987,1797,387
1.9506743999999987,1798,386
1.9525808999999992,1799,388
1.9536008000000002,1800,387
1.954620799999999,1801,385
1.9556117999999998,1802,388
1.956654499999999,1803,388
1.9576700999999996,1804,385
1.958673899999999,1805,386
1.9605645999999997,1806,388
1.9615904000000004,1807,386
1.9626059999999992,1808,386
1.9636306999999995,1809,388
1.9646495999999996,1810,388
1.9657789999999995,1811,388
1.9666996999999995,1812,387
1.9685594000000002,1813,388
1.9695875999999988,1814,388
1.9706048999999997,1815,386
1.971624199999999,1816,387
1.9726523,1817,386
1.9736732000000003,1818,386
1.9746775000000003,1819,387
1.9765521999999986,1820,388
1.9775794999999992,1821,388
1.9786582,1822,386
1.9796668999999998,1823,386
1.9806440999999992,1824,388
1.9816745999999998,1825,388
1.982690999999999,1826,388
1.9845490999999988,1827,386
1.9855774999999998,1828,386
1.986619899999999,1829,388
1.987621299999999,1830,388
1.9886596,1831,388
1.9897022999999994,1832,388
1.9906863000000001,1833,388
1.9926215999999997,1834,388
1.9935916000000002,1835,388
1.9946176999999992,1836,388
1.9956318,1837,387
1.9966549999999987,1838,386
1.9976614000000001,1839,388
1.9986897,1840,386
2.000568099999999,1841,387
2.001577899999999,1842,389
2.0026209999999995,1843,386
2.0036351999999997,1844,386
2.0046766,1845,388
2.0058317999999993,1846,388
2.006701999999999,1847,386
2.0085724000000003,1848,388
2.009578099999999,1849,387
2.0106202,1850,387
2.0116575,1851,386
2.0126486999999997,1852,386
2.0136728,1853,387
2.0147139000000003,1854,387
2.0165699999999998,1855,387
2.0175807,1856,387
2.0186341999999993,1857,386
2.0197977,1858,387
2.020673799999999,1859,388
2.021688899999999,1860,387
2.0227044999999997,1861,388
2.0245698,1862,386
2.0255793000000004,1863,387
2.026620099999999,1864,387
2.0276376999999997,1865,388
2.0286478999999993,1866,387
2.0296714,1867,386
2.0306943000000004,1868,388
2.0326436,1869,388
2.033586399999999,1870,388
2.0346057999999996,1871,387
2.0366307999999993,1872,388
2.0368008999999994,1873,387
2.0376677,1874,387
2.0386875,1875,388
2.0405698999999995,1876,388
2.0415820999999994,1877,388
2.0426117999999995,1878,387
2.0436464,1879,386
2.044649699999999,1880,388
2.0457082999999994,1881,385
2.0467581,1882,388
2.0485796,1883,388
2.049602199999999,1884,387
2.050612599999999,1885,386
2.0516819999999996,1886,385
2.052652799999999,1887,386
2.0536639,1888,385
2.0546854999999997,1889,385
2.0565746999999988,1890,386
2.0575925999999995,1891,385
2.0586021999999993,1892,385
2.0596973999999992,1893,387
2.060658199999999,1894,385
2.0616636999999987,1895,388
2.0626873999999997,1896,385
2.0645746999999997,1897,388
2.065593,1898,387
2.0666007000000004,1899,388
2.0676306999999987,1900,386
2.0686688999999987,1901,385
2.069673399999999,1902,387
2.0706933999999997,1903,386
2.0726202999999987,1904,386
2.0735963999999996,1905,388
2.0746029999999998,1906,387
2.0756438999999993,1907,386
2.076658,1908,388
2.0776632,1909,386
2.0786832000000004,1910,388
2.080578299999999,1911,386
2.0816011999999997,1912,386
2.0826127000000003,1913,388
2.0836492,1914,388
2.0846549000000003,1915,388
2.0857343999999998,1916,388
2.0875629,1917,388
2.0885695,1918,386
2.089593299999999,1919,386
2.0906021999999993,1920,386
2.091641899999999,1921,386
2.0926601,1922,386
2.0936708,1923,386
2.0955540999999993,1924,388
2.0965670999999997,1925,388
2.0975925999999987,1926,388
2.0986139,1927,388
2.0996714,1928,388
2.1006646999999994,1929,389
2.101664399999999,1930,388
2.1035639999999987,1931,388
2.1045771,1932,387
2.1056048,1933,387
2.1066231,1934,386
2.107634299999999,1935,386
2.1086519,1936,386
2.109674,1937,385
2.1115636999999996,1938,386
2.1126495,1939,385
2.1136052000000003,1940,386
2.1146247999999996,1941,388
2.115650499999999,1942,388
2.1166643999999994,1943,388
2.117685099999999,1944,388
2.1195541,1945,388
2.1205681999999992,1946,386
2.121592399999999,1947,386
2.1226152000000003,1948,388
2.1236432,1949,388
2.1246577999999996,1950,389
2.125762,1951,388
2.1275651,1952,386
2.128571899999999,1953,388
2.129593699999999,1954,386
2.130631899999999,1955,386
2.1316375,1956,386
2.132660699999999,1957,387
2.1336842999999988,1958,386
2.1355535999999997,1959,388
2.1365675,1960,386
2.137592399999999,1961,387
2.1386138,1962,387
2.1397212000000003,1963,387
2.1406647999999997,1964,388
2.141683799999999,1965,388
2.1435543999999993,1966,388
2.144580699999999,1967,386
2.1455925999999987,1968,388
2.1466288000000002,1969,387
2.1476407999999996,1970,387
2.1486628999999997,1971,387
2.149685399999999,1972,386
2.151553999999999,1973,387
2.1526104000000004,1974,388
2.1536133999999993,1975,386
2.1546249,1976,386
2.1556467,1977,386
2.1566516,1978,388
2.1576899999999988,1979,387
2.1595537,1980,389
2.1605811,1981,388
2.1615927999999993,1982,387
2.1626186,1983,388
2.1636457,1984,388
2.1646579999999993,1985,389
2.1656885999999993,1986,387
2.1675641999999993,1987,386
2.1685800000000004,1988,388
2.1696080999999996,1989,386
2.170622699999999,1990,388
2.1716458000000003,1991,386
2.172651199999999,1992,386
2.1736907,1993,387
2.1755537999999994,1994,387
2.1765814,1995,386
2.1775933,1996,386
2.1786139,1997,388
2.1796787,1998,387
2.1806766999999994,1999,387
2.1816921999999987,2000,388
2.183557199999999,2001,387
2.184581399999999,2002,387
2.1855931999999996,2003,386
2.1866138,2004,386
2.187655399999999,2005,386
2.1886596999999988,2006,386
2.1896778,2007,388
2.1915639000000002,2008,387
2.192625699999999,2009,387
2.193636099999999,2010,388
2.1946323999999997,2011,386
2.195655499999999,2012,388
2.196659199999999,2013,388
2.1976759,2014,389
2.1995641,2015,389
2.2005903,2016,388
2.2016139,2017,389
2.202623899999999,2018,388
2.2036467,2019,388
2.2046475999999995,2020,388
2.205691,2021,387
2.2075626999999987,2022,387
2.2085957999999994,2023,388
2.2096123999999993,2024,387
2.2106177999999996,2025,386
2.211647899999999,2026,386
2.2126748000000003,2027,386
2.2136848999999987,2028,389
2.215554299999999,2029,389
2.2165806000000003,2030,388
2.2176054,2031,389
2.2186144,2032,388
2.219831299999999,2033,386
2.220688299999999,2034,387
2.2217053,2035,389
2.223560299999999,2036,387
2.2245884999999994,2037,387
2.2256235999999987,2038,388
2.2266163999999993,2039,386
2.2276127,2040,388
2.2286751000000002,2041,387
2.2296841999999994,2042,387
2.231634399999999,2043,386
2.2326017999999994,2044,385
2.2336352999999995,2045,387
2.2346266999999997,2046,389
2.235646899999999,2047,389
2.2366607,2048,389
2.2376904,2049,389
2.239574899999999,2050,388
2.2405822000000004,2051,387
2.2416048999999987,2052,386
2.2426163,2053,388
2.243646199999999,2054,385
2.2446693,2055,387
2.2456756,2056,388
2.2475936999999995,2057,388
2.2485938,2058,387
2.2496142,2059,388
2.2506334,2060,387
2.2516450999999993,2061,387
2.2526636,2062,386
2.2536766000000004,2063,386
2.2555882999999994,2064,387
2.256590299999999,2065,386
2.257615099999999,2066,387
2.2586358000000004,2067,388
2.2597372,2068,388
2.2606824000000003,2069,388
2.2616987999999996,2070,386
2.2635749,2071,386
2.2645812999999997,2072,388
2.2656048999999996,2073,388
2.2666266000000004,2074,387
2.2676543000000002,2075,388
2.2686697999999996,2076,388
2.2696878,2077,385
2.2715750000000003,2078,386
2.2725992,2079,386
2.2736447,2080,387
2.2746427999999987,2081,387
2.2756469999999993,2082,388
2.2766699999999993,2083,386
2.277685999999999,2084,388
2.2795832999999988,2085,388
2.2805909999999994,2086,388
2.2816133,2087,386
2.2826348999999997,2088,388
2.283654199999999,2089,388
2.284669299999999,2090,387
2.285686199999999,2091,386
2.287592199999999,2092,387
2.2885945999999997,2093,388
2.2896140000000003,2094,388
2.2906367999999997,2095,388
2.2916475999999992,2096,387
2.292672699999999,2097,385
2.293697,2098,386
2.295574199999999,2099,388
2.296590499999999,2100,386
2.297619899999999,2101,386
2.2986351999999997,2102,386
2.2997265999999996,2103,387
2.3006756999999993,2104,389
2.3016886000000003,2105,388
2.3035724,2106,388
2.3045910000000003,2107,385
2.3056202,2108,386
2.3066359999999992,2109,386
2.3076587999999987,2110,386
2.3086743,2111,386
2.309695999999999,2112,387
2.3115723999999993,2113,388
2.3125906,2114,388
2.3136615999999997,2115,386
2.3146281999999996,2116,386
2.3156675999999994,2117,388
2.3166738999999996,2118,388
2.3176983,2119,385
2.3195759000000002,2120,388
2.320591799999999,2121,388
2.3216199999999994,2122,389
2.322636899999999,2123,388
2.323658199999999,2124,386
2.324669799999999,2125,388
2.325687499999999,2126,388
2.3275959000000004,2127,388
2.329604099999999,2128,388
2.3297549999999987,2129,388
2.3306421000000004,2130,388
2.331669399999999,2131,388
2.3326753999999994,2132,389
2.334565399999999,2133,389
2.335583099999999,2134,389
2.3366019,2135,388
2.337614499999999,2136,386
2.3386362999999992,2137,388
2.3397537999999987,2138,388
2.3406930999999993,2139,388
2.3425563999999994,2140,386
2.343574199999999,2141,387
2.3445894000000003,2142,387
2.3456305000000004,2143,389
2.346634699999999,2144,388
2.347658599999999,2145,388
2.3486645999999993,2146,387
2.350550499999999,2147,386
2.3515730999999995,2148,387
2.3525931,2149,388
2.3536804,2150,386
2.354645699999999,2151,388
2.3556618999999994,2152,386
2.3566877,2153,388
2.3585469999999997,2154,387
2.3595825,2155,388
2.3605988,2156,388
2.361616099999999,2157,387
2.3626255,2158,388
2.3636672,2159,389
2.3647365999999987,2160,390
2.3665787,2161,388
2.367588699999999,2162,388
2.368601,2163,388
2.3696165999999987,2164,388
2.3706283,2165,387
2.3716289999999987,2166,388
2.372688,2167,388
2.3745557999999996,2168,388
2.3755682,2169,389
2.376590199999999,2170,388
2.3776326999999995,2171,390
2.3786348000000004,2172,388
2.3797192000000003,2173,390
2.380783899999999,2174,389
2.382547299999999,2175,388
2.383585,2176,387
2.384601,2177,388
2.3856168999999987,2178,388
2.3866289,2179,388
2.3876270999999996,2180,388
2.3887108,2181,388
2.3905557999999996,2182,388
2.3915840999999993,2183,387
2.3925944999999995,2184,389
2.393668,2185,390
2.3946386000000004,2186,388
2.3956698999999997,2187,389
2.396802899999999,2188,390
2.398562499999999,2189,388
2.3995894,2190,388
2.4006112,2191,388
2.4016284,2192,387
2.4026519000000004,2193,388
2.4036615999999995,2194,389
2.404688499999999,2195,389
2.4065727,2196,387
2.4076272999999997,2197,389
2.4086003,2198,388
2.409621399999999,2199,390
2.4106427999999998,2200,387
2.4116578000000004,2201,388
2.4127406999999987,2202,388
2.414549599999999,2203,388
2.415584599999999,2204,389
2.4165934999999994,2205,388
2.417614199999999,2206,388
2.4186549999999993,2207,389
2.4196577,2208,388
2.4207248000000003,2209,389
2.4225657,2210,389
2.4235875999999994,2211,388
2.4245927,2212,389
2.4256133999999996,2213,389
2.426690299999999,2214,388
2.4276593999999996,2215,389
2.4286788,2216,388
2.4305489,2217,388
2.431585,2218,387
2.4325940999999993,2219,388
2.4337032,2220,388
2.4346593999999993,2221,389
2.435658799999999,2222,388
2.4366883,2223,387
2.4385581999999992,2224,387
2.4395881,2225,388
2.4406055999999996,2226,388
2.4416154999999993,2227,389
2.442656399999999,2228,389
2.4436584999999997,2229,389
2.4447713999999987,2230,388
2.4465562999999992,2231,388
2.4476116,2232,388
2.4486194,2233,386
2.449623599999999,2234,388
2.4506496,2235,388
2.4516703999999994,2236,387
2.4526869,2237,387
2.4545581,2238,387
2.4555879999999988,2239,389
2.456605099999999,2240,386
2.4576142999999995,2241,387
2.4586556999999996,2242,387
2.4596716,2243,387
2.4607563,2244,386
2.4625557999999987,2245,388
2.4635876999999997,2246,388
2.4646065999999998,2247,389
2.465617,2248,386
2.4666400999999993,2249,387
2.4676714000000004,2250,388
2.4686874999999997,2251,387
2.4705560999999996,2252,388
2.4715863999999996,2253,389
2.4726052000000003,2254,386
2.473799699999999,2255,386
2.4746571999999993,2256,388
2.4756818999999997,2257,387
2.4768358,2258,388
2.478588499999999,2259,388
2.4795985,2260,385
2.480612299999999,2261,388
2.4816161,2262,387
2.4826420999999996,2263,387
2.483641499999999,2264,389
2.4846754000000004,2265,387
2.4865788,2266,386
2.487634699999999,2267,388
2.4886079,2268,388
2.4896294,2269,388
2.4906387,2270,388
2.491679099999999,2271,387
2.4928093999999987,2272,386
2.4945813999999995,2273,386
2.4955914999999997,2274,388
2.496611399999999,2275,387
2.4976284999999994,2276,387
2.498638099999999,2277,388
2.4996352,2278,388
2.500786999999999,2279,389
2.5025791999999996,2280,389
2.5035898999999997,2281,389
2.5046118999999987,2282,389
2.505628699999999,2283,388
2.506639399999999,2284,388
2.5076789,2285,385
2.5088445000000004,2286,387
2.510569799999999,2287,388
2.5115970999999995,2288,388
2.5126217000000004,2289,388
2.5136778,2290,389
2.5146748,2291,388
2.5156378000000004,2292,389
2.5167050999999994,2293,388
2.518575499999999,2294,388
2.5195808999999993,2295,388
2.5206038,2296,388
2.521643899999999,2297,388
2.5226507,2298,388
2.524671399999999,2299,388
2.5248273999999995,2300,388
2.5265788999999987,2301,388
2.5276587,2302,389
2.5286232999999996,2303,388
2.529638499999999,2304,388
2.530647799999999,2305,388
2.531642399999999,2306,388
2.5326905999999987,2307,388
2.5345660999999993,2308,388
2.5356077,2309,388
2.5366114999999994,2310,387
2.5376279999999998,2311,388
2.538641,2312,386
2.5396634000000002,2313,388
2.5409393,2314,388
2.5425933,2315,387
2.5436113000000002,2316,388
2.5446188999999997,2317,389
2.5456372,2318,386
2.5466599,2319,388
2.5476431999999996,2320,388
2.5486883999999996,2321,386
2.550575199999999,2322,387
2.5515925999999993,2323,386
2.552632599999999,2324,388
2.5536817000000003,2325,387
2.554683899999999,2326,389
2.5556775,2327,388
2.5567244000000002,2328,386
2.5585857,2329,388
2.5596031999999997,2330,388
2.5606025,2331,386
2.561642899999999,2332,388
2.562661799999999,2333,388
2.5636504999999996,2334,388
2.5646863999999994,2335,388
2.566575199999999,2336,386
2.5676550000000002,2337,388
2.568606599999999,2338,387
2.5696434999999997,2339,388
2.57066,2340,388
2.5716655,2341,387
2.573558199999999,2342,388
2.5745705999999995,2343,388
2.5755935,2344,388
2.576603199999999,2345,388
2.577643499999999,2346,388
2.578660599999999,2347,388
2.5796849,2348,388
2.5815694999999987,2349,388
2.5825848999999987,2350,386
2.5836287000000002,2351,387
2.5846321000000003,2352,386
2.585640099999999,2353,387
2.5866621,2354,389
2.5876687999999994,2355,389
2.5895496,2356,388
2.5905661999999996,2357,389
2.5916078000000002,2358,389
2.5926264000000003,2359,388
2.5936564000000004,2360,388
2.594704199999999,2361,388
2.5956563999999993,2362,388
2.597564199999999,2363,389
2.5985768999999994,2364,388
2.5995929999999987,2365,388
2.600615099999999,2366,388
2.6016429,2367,387
2.602667199999999,2368,386
2.6036909,2369,388
2.6055586999999996,2370,388
2.606578599999999,2371,387
2.6076610000000002,2372,387
2.6086368999999987,2373,388
2.6096424999999996,2374,388
2.6106613000000003,2375,388
2.6116799000000004,2376,387
2.6135561000000003,2377,388
2.614568199999999,2378,388
2.6155975,2379,388
2.6166167,2380,388
2.6176271,2381,390
2.6186670999999997,2382,389
2.6197070999999994,2383,388
2.621619299999999,2384,388
2.6226047,2385,387
2.6236093999999994,2386,387
2.6246270999999997,2387,388
2.625636,2388,388
2.6266526999999993,2389,388
2.6276522999999994,2390,388
2.6295561000000003,2391,388
2.6305809999999994,2392,388
2.631590299999999,2393,388
2.6326304999999994,2394,387
2.633636899999999,2395,388
2.634690899999999,2396,388
2.6357087000000003,2397,388
2.637562599999999,2398,389
2.6385918999999998,2399,387
2.639600399999999,2400,389
2.6406165,2401,388
2.6416383000000003,2402,388
2.6426669999999994,2403,389
2.643680699999999,2404,388
2.645555999999999,2405,390
2.6465819999999987,2406,387
2.647681499999999,2407,388
2.648625599999999,2408,386
2.6496399999999998,2409,388
2.6506656999999993,2410,388
2.6517011000000004,2411,388
2.653563199999999,2412,388
2.6545910999999993,2413,388
2.6556005000000003,2414,388
2.6566174999999994,2415,386
2.6576370999999988,2416,388
2.658666,2417,388
2.6596795999999987,2418,387
2.6615865000000003,2419,388
2.662586299999999,2420,388
2.663598199999999,2421,387
2.664617699999999,2422,389
2.6656385,2423,388
2.666668099999999,2424,387
2.6677073999999994,2425,388
2.6695610999999992,2426,388
2.6705939999999995,2427,388
2.671600699999999,2428,386
2.6726238,2429,388
2.673639399999999,2430,388
2.6747169,2431,388
2.6756577999999998,2432,387
2.6775471999999993,2433,389
2.6785964,2434,388
2.6796125999999987,2435,387
2.6806172999999998,2436,388
2.681636899999999,2437,387
2.6826663999999987,2438,388
2.6836897000000004,2439,388
2.6855560999999994,2440,388
2.6865898999999995,2441,388
2.6877221999999996,2442,386
2.6886475999999995,2443,388
2.6896395,2444,385
2.6906809000000003,2445,388
2.6916621999999997,2446,388
2.6935482000000004,2447,385
2.6945970999999993,2448,387
2.6956124,2449,386
2.696617099999999,2450,388
2.6976382999999995,2451,386
2.6986779999999992,2452,388
2.6996931999999987,2453,388
2.7016098,2454,388
2.702597599999999,2455,388
2.7036140999999994,2456,388
2.704616999999999,2457,388
2.705638499999999,2458,387
2.7066793999999987,2459,388
2.7076469000000003,2460,388
2.709555999999999,2461,388
2.710581399999999,2462,386
2.7116042999999994,2463,387
2.7126316999999993,2464,388
2.713647699999999,2465,388
2.7147194999999993,2466,388
2.7157187999999994,2467,386
2.7175779,2468,386
2.7185819999999996,2469,388
2.719673499999999,2470,388
2.7206317999999996,2471,387
2.7216465999999997,2472,386
2.722674699999999,2473,386
2.7236630999999996,2474,388
2.7255658999999994,2475,387
2.7265952,2476,386
2.7276685999999994,2477,386
2.728668899999999,2478,388
2.729641299999999,2479,386
2.7306928,2480,389
2.7317032,2481,388
2.7335832,2482,388
2.7345916,2483,388
2.7356149999999992,2484,387
2.7366349999999997,2485,388
2.737648199999999,2486,387
2.7386913999999987,2487,386
2.7397137999999988,2488,387
2.7416418999999994,2489,387
2.7425990000000002,2490,388
2.7436226999999995,2491,388
2.7446401,2492,388
2.7456476,2493,386
2.7467268999999987,2494,388
2.747710999999999,2495,388
2.7495839999999987,2496,386
2.750605499999999,2497,386
2.7516225999999993,2498,388
2.7526446999999994,2499,388
2.753647899999999,2500,386
2.7548385999999994,2501,387
2.7557028,2502,386
2.757575599999999,2503,386
2.758591599999999,2504,387
2.7596135999999998,2505,389
2.7606292999999997,2506,388
2.7616411999999997,2507,388
2.7627556,2508,388
2.7636938000000004,2509,388
2.7655683,2510,388
2.766596,2511,386
2.7676787999999988,2512,387
2.7686808999999997,2513,388
2.7696414999999988,2514,387
2.7706801,2515,388
2.7716914999999993,2516,389
2.773581,2517,389
2.7745977999999987,2518,388
2.7756133999999992,2519,388
2.776630599999999,2520,388
2.7776414000000003,2521,388
2.778825399999999,2522,387
2.7797286999999997,2523,388
2.781643299999999,2524,386
2.7826142999999988,2525,386
2.7836181999999994,2526,386
2.7846379,2527,388
2.7856609999999993,2528,386
2.7866692000000004,2529,388
2.787694,2530,388
2.7895687000000002,2531,387
2.790591299999999,2532,386
2.7916211000000004,2533,387
2.7926441000000004,2534,388
2.793661199999999,2535,389
2.7949187,2536,388
2.795724699999999,2537,388
2.7975788,2538,389
2.798600199999999,2539,388
2.7996382000000004,2540,388
2.8006288,2541,388
2.8016515,2542,388
2.802661799999999,2543,388
2.803660599999999,2544,387
2.805577999999999,2545,386
2.8066002999999995,2546,386
2.8076068999999997,2547,387
2.8086745000000004,2548,388
2.809671699999999,2549,388
2.8107270999999994,2550,386
2.8125500999999993,2551,388
2.8135849000000004,2552,388
2.814602899999999,2553,386
2.815614,2554,388
2.816635099999999,2555,387
2.8176509999999997,2556,387
2.8186608999999994,2557,386
2.8205621999999995,2558,386
2.8216497999999994,2559,388
2.822610299999999,2560,387
2.8236334000000003,2561,386
2.8246377000000003,2562,387
2.8256517999999993,2563,387
2.8267790999999995,2564,388
2.8285599999999995,2565,387
2.8295741000000003,2566,386
2.830604299999999,2567,386
2.8316336999999994,2568,389
2.8326393000000003,2569,387
2.833659299999999,2570,388
2.8347321,2571,389
2.8365530000000003,2572,389
2.8375854999999994,2573,389
2.838600999999999,2574,388
2.8396171,2575,387
2.840627399999999,2576,388
2.841667899999999,2577,388
2.842772199999999,2578,389
2.8445640999999995,2579,388
2.8455791,2580,389
2.8466030999999994,2581,387
2.8476267999999987,2582,388
2.8486855,2583,387
2.849661899999999,2584,388
2.8506840999999987,2585,387
2.8525479999999988,2586,388
2.8535833999999998,2587,387
2.854600399999999,2588,389
2.8556179000000004,2589,386
2.8566281,2590,386
2.8576680000000003,2591,388
2.8587182,2592,387
2.860556599999999,2593,388
2.8616779,2594,386
2.8626009999999997,2595,388
2.8636178,2596,388
2.8646271,2597,388
2.865667199999999,2598,387
2.8666824999999996,2599,389
2.868556,2600,387
2.8695810999999996,2601,387
2.8705904999999987,2602,388
2.8716327999999987,2603,387
2.8726491000000003,2604,386
2.8736520999999993,2605,388
2.8747799,2606,387
2.8765570999999994,2607,386
2.8775999999999993,2608,386
2.8786078999999987,2609,386
2.879625899999999,2610,388
2.880646799999999,2611,386
2.8816524,2612,387
2.882675599999999,2613,388
2.8845618999999996,2614,388
2.8855902999999987,2615,387
2.8866005999999995,2616,389
2.887618,2617,388
2.888691399999999,2618,386
2.8896540999999996,2619,388
2.8908194,2620,387
2.8925599999999996,2621,387
2.893583399999999,2622,387
2.894591,2623,388
2.895633,2624,385
2.8966475999999997,2625,386
2.8976512999999997,2626,388
2.8986739999999998,2627,387
2.9005624,2628,386
2.9016664,2629,387
2.9026018999999987,2630,389
2.9036206,2631,388
2.904639099999999,2632,386
2.905668799999999,2633,387
2.906721299999999,2634,387
2.9085577999999987,2635,390
2.9095838,2636,387
2.910590899999999,2637,388
2.911632599999999,2638,388
2.912649199999999,2639,390
2.9146047,2640,388
2.914806799999999,2641,388
2.9165685000000003,2642,389
2.9175918999999997,2643,390
2.9186131,2644,388
2.9196175999999987,2645,389
2.920637899999999,2646,389
2.9216670999999987,2647,387
2.9227097000000004,2648,388
2.924562999999999,2649,388
2.925590399999999,2650,386
2.926612799999999,2651,387
2.9276164,2652,388
2.9287098999999994,2653,389
2.9296907,2654,389
2.9306884999999987,2655,388
2.9325484999999993,2656,389
2.9335959999999996,2657,388
2.9346134,2658,388
2.9356174,2659,388
2.9366383000000003,2660,387
2.9376783,2661,389
2.9386881000000002,2662,388
2.9405561000000002,2663,387
2.9416323999999996,2664,389
2.9426422,2665,389
2.943619,2666,387
2.9446391999999992,2667,388
2.9456806999999987,2668,388
2.946683199999999,2669,389
2.948547699999999,2670,388
2.949595799999999,2671,388
2.9506125999999995,2672,388
2.951616999999999,2673,389
2.9526383000000003,2674,388
2.953683399999999,2675,389
2.9547586,2676,388
2.9565704000000004,2677,386
2.9575911,2678,388
2.958613999999999,2679,388
2.9596166000000004,2680,388
2.9606396000000004,2681,387
2.9616781000000003,2682,388
2.9626897999999997,2683,387
2.964565799999999,2684,388
2.9655965999999996,2685,387
2.9666113999999997,2686,388
2.9676285999999994,2687,389
2.968786399999999,2688,389
2.969690999999999,2689,387
2.970678099999999,2690,389
2.9725833999999995,2691,388
2.9735899999999997,2692,388
2.974611399999999,2693,387
2.9756295,2694,388
2.9766385999999994,2695,388
2.977679799999999,2696,387
2.9786962,2697,388
2.9805662,2698,388
2.9816269,2699,386
2.9826366999999987,2700,386
2.9836299000000004,2701,386
2.9846915999999997,2702,388
2.985680199999999,2703,387
2.986688299999999,2704,389
2.9885816,2705,389
2.9895902999999997,2706,386
2.9906118,2707,387
2.9916283999999997,2708,389
2.9926402999999997,2709,388
2.9936796,2710,387
2.9946932000000004,2711,388
2.996585699999999,2712,390
2.997591,2713,389
2.9986122999999996,2714,388
2.9996414,2715,387
3.0006398,2716,387
3.0016806999999996,2717,389
3.0027013,2718,389
3.004574999999999,2719,387
3.005581099999999,2720,386
3.0066030999999995,2721,388
3.0076441000000003,2722,387
3.0087189999999993,2723,387
3.0096840999999994,2724,388
3.0106941999999997,2725,386
3.0126761,2726,386
3.0136097,2727,388
3.0146224999999998,2728,386
3.0156390999999996,2729,386
3.0166489,2730,389
3.0176654999999997,2731,387
3.018684799999999,2732,387
3.0205751999999997,2733,388
3.021599,2734,387
3.022641199999999,2735,386
3.023633499999999,2736,389
3.0246502,2737,388
3.0256790999999996,2738,386
3.0266941000000003,2739,389
3.0285662,2740,388
3.0296085,2741,388
3.0306268999999997,2742,387
3.0316478999999994,2743,388
3.0326608999999998,2744,388
3.0336672999999994,2745,386
3.034685699999999,2746,388
3.0365786999999997,2747,388
3.0375952999999996,2748,388
3.038603,2749,386
3.0396441000000003,2750,387
3.0406581999999993,2751,388
3.041663999999999,2752,388
3.0426859000000004,2753,388
3.0445811000000003,2754,388
3.0456021999999994,2755,388
3.046633,2756,388
3.0476408,2757,386
3.0487494999999996,2758,386
3.049702999999999,2759,388
3.0506896999999995,2760,387
3.0525816999999993,2761,387
3.0536022999999997,2762,388
3.0546118,2763,388
3.0556289000000003,2764,386
3.0566508,2765,386
3.0576782,2766,386
3.0595283999999996,2767,386
3.0605665999999996,2768,388
3.0616541,2769,386
3.0626713,2770,386
3.0636338999999992,2771,386
3.0646509,2772,385
3.0656809000000003,2773,386
3.0675507999999994,2774,385
3.0685661,2775,386
3.0696082999999987,2776,386
3.0706238,2777,387
3.0716298999999996,2778,388
3.0726506999999987,2779,388
3.073691,2780,387
3.075566499999999,2781,388
3.0765896999999995,2782,388
3.0776094999999994,2783,386
3.0786371,2784,388
3.0796396999999995,2785,388
3.08066,2786,386
3.0817096,2787,386
3.0835671,2788,388
3.0845781999999993,2789,385
3.0856095000000003,2790,385
3.0866238999999993,2791,384
3.0876427,2792,384
3.088731299999999,2793,386
3.089709899999999,2794,386
3.091528799999999,2795,386
3.0925668999999996,2796,386
3.093609299999999,2797,385
3.094655699999999,2798,387
3.0956452999999993,2799,386
3.096657499999999,2800,387
3.0976847000000003,2801,387
3.0995650999999995,2802,388
3.1005754000000003,2803,388
3.1015929,2804,388
3.102671299999999,2805,386
3.103648699999999,2806,387
3.1046677000000003,2807,388
3.1056855,2808,388
3.107528499999999,2809,388
3.1085791,2810,388
3.1096459999999997,2811,388
3.1106336,2812,385
3.111642099999999,2813,385
3.1126802,2814,386
3.1136774999999997,2815,386
3.1156083999999993,2816,387
3.1166093999999998,2817,387
3.1176104999999996,2818,386
3.1186279,2819,386
3.1196433,2820,388
3.1206534,2821,388
3.1216928,2822,386
3.123528499999999,2823,387
3.124579299999999,2824,386
3.1256141999999993,2825,387
3.126638099999999,2826,386
3.127661099999999,2827,385
3.1288085,2828,386
3.1297204,2829,388
3.1315592999999993,2830,388
3.132591099999999,2831,386
3.133595699999999,2832,386
3.1346168999999993,2833,386
3.1356541999999994,2834,386
3.136673,2835,386
3.1376735,2836,386
3.1395210999999996,2837,384
3.1406064999999987,2838,388
3.1416053999999995,2839,385
3.1426714999999987,2840,387
3.143640699999999,2841,388
3.1446480999999995,2842,388
3.1456917000000004,2843,387
3.1475519999999992,2844,389
3.148585299999999,2845,388
3.1495932999999994,2846,388
3.1506311999999994,2847,388
3.1516576999999995,2848,388
3.1526813999999987,2849,387
3.153684799999999,2850,387
3.1556713,2851,387
3.1566267000000003,2852,388
3.1576262999999987,2853,386
3.1586388000000003,2854,388
3.159657599999999,2855,386
3.1606615,2856,388
3.1616830999999994,2857,388
3.1635498,2858,386
3.164596099999999,2859,389
3.1656128,2860,388
3.1666276,2861,389
3.1676474999999993,2862,388
3.1687046999999993,2863,388
3.1697235999999993,2864,389
3.1715400000000002,2865,390
3.172596199999999,2866,387
3.173605199999999,2867,388
3.174633,2868,387
3.1756531,2869,387
3.1766720999999993,2870,389
3.177681399999999,2871,388
3.1795472,2872,386
3.1805962999999995,2873,388
3.181612099999999,2874,388
3.182746699999999,2875,388
3.1836462999999995,2876,389
3.184665599999999,2877,388
3.1856761999999996,2878,387
3.1875242999999998,2879,388
3.1885984999999994,2880,388
3.1896182,2881,388
3.190628199999999,2882,388
3.1916469999999997,2883,388
3.192665,2884,389
3.193674399999999,2885,387
3.1955704999999988,2886,389
3.1966149,2887,387
3.1976198,2888,388
3.1986280999999988,2889,388
3.1996478999999987,2890,388
3.2006651999999995,2891,388
3.2016732999999995,2892,387
3.203571799999999,2893,388
3.2045997999999987,2894,388
3.2056202999999996,2895,386
3.207590399999999,2896,386
3.2077387,2897,387
3.2086647,2898,388
3.2097394,2899,387
3.2115831000000004,2900,388
3.2125915000000003,2901,389
3.2136134,2902,388
3.214630399999999,2903,388
3.2156377000000003,2904,389
3.216680799999999,2905,389
3.2177001,2906,389
3.2195875999999988,2907,390
3.2206387000000003,2908,386
3.2216255,2909,388
3.2227829000000003,2910,388
3.223677199999999,2911,388
3.224670999999999,2912,387
3.2256865,2913,388
3.2275755000000004,2914,386
3.2285819,2915,388
3.229602399999999,2916,387
3.2306437999999993,2917,387
3.231647299999999,2918,388
3.2326645000000003,2919,388
3.2336852,2920,387
3.2355574999999988,2921,389
3.2366174999999995,2922,389
3.2376050000000003,2923,387
3.238645199999999,2924,386
3.2396472999999997,2925,388
3.2406648999999987,2926,388
3.2416843999999987,2927,388
3.2435758000000003,2928,386
3.2445813,2929,388
3.245603299999999,2930,388
3.2466448000000003,2931,386
3.247653699999999,2932,387
3.248672899999999,2933,388
3.2497996999999987,2934,389
3.2515424999999993,2935,389
3.252604099999999,2936,389
3.2536120000000004,2937,387
3.2546298999999994,2938,388
3.2556399000000003,2939,388
3.2566841999999987,2940,387
3.257702799999999,2941,388
3.2595758000000004,2942,386
3.2605939999999993,2943,387
3.261604,2944,388
3.2628035000000004,2945,388
3.2636643999999997,2946,386
3.264665899999999,2947,387
3.2657109999999996,2948,388
3.267556899999999,2949,388
3.2685966000000004,2950,388
3.2696030999999994,2951,388
3.2706441999999996,2952,388
3.271659399999999,2953,389
3.2726653,2954,389
3.2736856999999997,2955,389
3.2756004999999995,2956,387
3.2766503,2957,389
3.2776066999999998,2958,388
3.2786446,2959,388
3.2796599000000004,2960,386
3.280664099999999,2961,387
3.281707599999999,2962,388
3.2835476999999997,2963,387
3.2846116999999992,2964,388
3.2856192999999987,2965,386
3.2866380999999993,2966,386
3.287659699999999,2967,387
3.2886638999999995,2968,388
3.2905575999999996,2969,388
3.2915691999999996,2970,386
3.29261,2971,387
3.2936125,2972,388
3.294628399999999,2973,386
3.295650499999999,2974,388
3.296679299999999,2975,388
3.2985619999999987,2976,387
3.2995539999999988,2977,386
3.3006022999999995,2978,387
3.301617199999999,2979,388
3.3027134999999994,2980,388
3.3036882999999992,2981,388
3.304677399999999,2982,388
3.3065648000000003,2983,385
3.3075820999999994,2984,386
3.3086026000000004,2985,388
3.309623199999999,2986,386
3.3106285999999994,2987,388
3.31165,2988,388
3.312690699999999,2989,387
3.3145597,2990,389
3.3155538999999994,2991,389
3.3166496999999993,2992,389
3.3176179,2993,388
3.3186450999999995,2994,388
3.3196598999999996,2995,388
3.320675699999999,2996,386
3.322565299999999,2997,388
3.3235753999999993,2998,387
3.3245933,2999,385
3.3256145000000004,3000,388
3.326643599999999,3001,386
3.3276579999999996,3002,386
3.3286759999999997,3003,389
3.3305930999999998,3004,388
3.3315579,3005,386
3.3325967999999992,3006,388
3.3336170999999997,3007,388
3.3346438000000003,3008,388
3.3356575999999993,3009,387
3.3366773999999992,3010,388
3.3385657,3011,388
3.339589,3012,386
3.3405936999999994,3013,389
3.3416148000000003,3014,387
3.3426972,3015,389
3.343708399999999,3016,387
3.344678,3017,386
3.3465518999999997,3018,389
3.3475586999999987,3019,387
3.3486104,3020,389
3.3496232,3021,389
3.350639899999999,3022,389
3.3516500999999987,3023,388
3.3526923999999987,3024,389
3.3545496000000004,3025,388
3.3555797999999992,3026,388
3.356660999999999,3027,388
3.357631399999999,3028,388
3.3586513999999994,3029,389
3.3596591999999994,3030,388
3.360676699999999,3031,388
3.3625539999999994,3032,387
3.3635599999999997,3033,388
3.3646095999999996,3034,388
3.3656232,3035,389
3.366640499999999,3036,388
3.3676522,3037,388
3.3686916,3038,387
3.3705645000000004,3039,388
3.3715826999999994,3040,388
3.3726085999999995,3041,388
3.3736268999999997,3042,386
3.3746402999999994,3043,388
3.3756503999999996,3044,388
3.3766885,3045,386
3.3785627,3046,388
3.3795716000000002,3047,387
3.380594499999999,3048,388
3.3816141,3049,386
3.3826789,3050,388
3.3837089999999996,3051,388
3.384680399999999,3052,388
3.386564699999999,3053,388
3.3875887999999996,3054,387
3.3886056,3055,386
3.389614999999999,3056,388
3.3906545,3057,388
3.3916579999999996,3058,387
3.3926745,3059,388
3.3945556999999997,3060,387
3.395558099999999,3061,387
3.3967289999999988,3062,388
3.3976387,3063,388
3.3986590999999997,3064,388
3.3996706999999997,3065,387
3.4006761,3066,388
3.4026441999999992,3067,386
3.4035893,3068,388
3.4046056999999994,3069,386
3.405616499999999,3070,388
3.4066558999999987,3071,387
3.4076699999999995,3072,387
3.408676999999999,3073,388
3.4105711999999997,3074,386
3.4115684,3075,388
3.412605899999999,3076,386
3.413618399999999,3077,388
3.4146558000000002,3078,387
3.4156703999999998,3079,388
3.416676299999999,3080,388
3.4185648000000004,3081,388
3.4195881999999997,3082,389
3.4206053,3083,388
3.4216141999999987,3084,388
3.4226557999999994,3085,388
3.4237529999999996,3086,388
3.4246790999999988,3087,386
3.4265656,3088,388
3.427552199999999,3089,386
3.4286155999999988,3090,386
3.4296236999999987,3091,387
3.4306491999999995,3092,388
3.4316698999999993,3093,386
3.4326758,3094,386
3.4345841000000004,3095,386
3.4355887999999997,3096,387
3.436665999999999,3097,388
3.4376470999999995,3098,388
3.4386498000000003,3099,389
3.4396953999999997,3100,388
3.4406929,3101,389
3.4425784999999998,3102,389
3.4435687999999995,3103,387
3.444606199999999,3104,388
3.4456264999999995,3105,389
3.4466561999999996,3106,387
3.4476703000000004,3107,388
3.448687999999999,3108,386
3.450599799999999,3109,387
3.4515915999999986,3110,387
3.4526063999999987,3111,387
3.453628499999999,3112,389
3.4546583,3113,388
3.4556781999999995,3114,388
3.4566979,3115,388
3.458578299999999,3116,389
3.4595670999999992,3117,386
3.460605299999999,3118,387
3.4616255000000002,3119,389
3.4626564,3120,388
3.4637461,3121,388
3.464702299999999,3122,388
3.4665687,3123,388
3.467592999999999,3124,388
3.4686205999999995,3125,388
3.469636399999999,3126,388
3.4706414,3127,388
3.471669499999999,3128,386
3.4726910999999987,3129,386
3.4745837,3130,388
3.4755784,3131,386
3.4766506999999987,3132,388
3.4776416999999995,3133,387
3.4786661,3134,387
3.4796745,3135,385
3.4806898000000004,3136,388
3.4825837999999987,3137,386
3.4836010999999996,3138,386
3.4846068,3139,388
3.4856274999999997,3140,385
3.4867058999999987,3141,385
3.487693499999999,3142,386
3.488720299999999,3143,387
3.490605799999999,3144,388
3.4915754000000003,3145,388
3.4926095999999998,3146,388
3.4936375,3147,387
3.4946786999999997,3148,388
3.4956826999999997,3149,388
3.4975477,3150,386
3.4985839999999993,3151,386
3.5006050999999996,3152,388
3.500745,3153,388
3.5016859999999994,3154,386
3.502663199999999,3155,386
3.5037177999999987,3156,388
3.505548899999999,3157,389
3.5065853999999987,3158,387
3.507580599999999,3159,387
3.5086180000000002,3160,387
3.5096264,3161,388
3.510663899999999,3162,388
3.5116829999999997,3163,388
3.5135480999999995,3164,388
3.5145850999999997,3165,388
3.515605599999999,3166,388
3.5166568,3167,388
3.5177578,3168,386
3.5186718999999993,3169,388
3.5196951,3170,388
3.5215657,3171,388
3.522600299999999,3172,387
3.5235671999999987,3173,386
3.5246253999999997,3174,388
3.525638599999999,3175,388
3.5266617999999994,3176,386
3.5276870000000002,3177,386
3.529550199999999,3178,386
3.5306201999999995,3179,387
3.5316066,3180,388
3.5326392,3181,386
3.533780799999999,3182,387
3.5346570999999987,3183,387
3.5356778,3184,388
3.537564999999999,3185,388
3.5385881999999995,3186,386
3.5395749999999992,3187,389
3.540617899999999,3188,388
3.541640899999999,3189,386
3.5426520999999997,3190,388
3.5437312999999993,3191,388
3.5455503999999998,3192,387
3.546579699999999,3193,388
3.547608199999999,3194,387
3.548623599999999,3195,386
3.549788399999999,3196,387
3.5506645,3197,386
3.5516854999999996,3198,388
3.5535499999999995,3199,386
3.554588899999999,3200,386
3.5555743999999994,3201,386
3.5566604999999996,3202,388
3.5576597999999997,3203,389
3.558654299999999,3204,387
3.5596759000000002,3205,387
3.561565,3206,388
3.5625956999999993,3207,387
3.5636153000000004,3208,387
3.564625099999999,3209,386
3.5657005,3210,388
3.5666645999999993,3211,388
3.567686,3212,386
3.5695499999999996,3213,389
3.5706144,3214,388
3.571596999999999,3215,388
3.5726169,3216,387
3.573656099999999,3217,385
3.5746705,3218,387
3.575677299999999,3219,387
3.5775647999999993,3220,386
3.5785883,3221,387
3.5796089999999996,3222,386
3.5806155000000004,3223,388
3.5816903,3224,388
3.5826823999999995,3225,388
3.5837446999999987,3226,387
3.5855511999999994,3227,386
3.5865817,3228,388
3.5875836000000003,3229,386
3.5886183000000003,3230,388
3.5896400999999987,3231,390
3.5906634000000004,3232,389
3.591690399999999,3233,388
3.5935837999999993,3234,388
3.5945903999999995,3235,389
3.5956143999999988,3236,389
3.5966796,3237,388
3.597708299999999,3238,390
3.5986814000000003,3239,388
3.5996916999999993,3240,388
3.6015777,3241,389
3.602591199999999,3242,386
3.603592599999999,3243,388
3.6046274999999994,3244,388
3.6056402999999992,3245,387
3.6066646999999996,3246,388
3.6076873999999997,3247,387
3.6095689999999987,3248,388
3.6106157999999997,3249,388
3.611616699999999,3250,387
3.6126392999999997,3251,387
3.6136535999999992,3252,388
3.6146747,3253,388
3.6156986,3254,390
3.6175774999999994,3255,388
3.6185896,3256,388
3.6195924999999995,3257,388
3.620627899999999,3258,388
3.6216416999999996,3259,389
3.6226646000000002,3260,388
3.6237424999999988,3261,389
3.6255708999999996,3262,388
3.626594599999999,3263,388
3.6276073999999987,3264,388
3.6286290999999995,3265,388
3.6296941999999994,3266,390
3.630667899999999,3267,389
3.6316886000000004,3268,388
3.6335686999999997,3269,387
3.6345934,3270,387
3.6355845,3271,388
3.6366294999999997,3272,389
3.6376796000000002,3273,388
3.638676499999999,3274,387
3.6396993999999996,3275,388
3.6415784999999996,3276,388
3.6426035999999993,3277,389
3.6436145999999994,3278,387
3.6446369999999995,3279,388
3.6456647999999987,3280,388
3.6466753999999995,3281,388
3.6476974999999996,3282,387
3.6495777999999994,3283,388
3.650646499999999,3284,388
3.6515895,3285,388
3.652630799999999,3286,388
3.6536539999999995,3287,388
3.6546655999999995,3288,388
3.656549499999999,3289,388
3.6575689999999987,3290,388
3.658593099999999,3291,386
3.6596174,3292,386
3.660627999999999,3293,386
3.6616757,3294,389
3.6626665999999997,3295,388
3.664568899999999,3296,386
3.665585799999999,3297,386
3.6666024999999998,3298,388
3.6676047999999994,3299,388
3.6686292,3300,388
3.669653799999999,3301,385
3.670675299999999,3302,386
3.6725505,3303,386
3.6735691,3304,388
3.6745925999999987,3305,385
3.675618199999999,3306,385
3.6766290999999995,3307,388
3.6776918999999992,3308,387
3.678687199999999,3309,386
3.6805588,3310,388
3.681577899999999,3311,389
3.6826036999999996,3312,386
3.6836044,3313,389
3.6846287999999987,3314,389
3.685653499999999,3315,388
3.686675599999999,3316,388
3.6885496,3317,389
3.6895825,3318,387
3.6906418,3319,386
3.691639799999999,3320,387
3.6926579000000004,3321,386
3.6936655,3322,388
3.6956381999999994,3323,388
3.6965588,3324,388
3.6975914000000003,3325,388
3.698602599999999,3326,389
3.6996050999999994,3327,388
3.7006429,3328,388
3.7016539999999996,3329,388
3.702676799999999,3330,389
3.7045639999999995,3331,388
3.7055925999999992,3332,386
3.7066026,3333,388
3.7076268,3334,387
3.7086501,3335,389
3.7096652999999993,3336,388
3.7106855000000003,3337,387
3.7125600999999993,3338,389
3.7135906,3339,389
3.7146019,3340,388
3.7156064000000004,3341,389
3.7166406999999992,3342,388
3.717691799999999,3343,387
3.718685599999999,3344,388
3.7205592000000003,3345,388
3.7215907,3346,389
3.7226152,3347,386
3.7236262,3348,386
3.7246492,3349,386
3.725670599999999,3350,387
3.726685699999999,3351,387
3.728558699999999,3352,385
3.7295914000000003,3353,387
3.7306574,3354,386
3.7316032999999997,3355,386
3.7326432,3356,387
3.7336647999999997,3357,386
3.7346749999999993,3358,388
3.7365502999999993,3359,386
3.7375816000000004,3360,386
3.738605399999999,3361,388
3.7396189999999994,3362,387
3.7406404999999996,3363,388
3.7416716,3364,385
3.7426925000000004,3365,387
3.744576499999999,3366,386
3.7455999,3367,385
3.7466212,3368,385
3.7476056,3369,386
3.7486406,3370,386
3.7496641000000004,3371,386
3.750675599999999,3372,387
3.7525690999999988,3373,388
3.7535825999999997,3374,388
3.7546036999999988,3375,386
3.755617299999999,3376,388
3.7566410999999995,3377,388
3.7577157999999997,3378,387
3.7586803,3379,387
3.760568899999999,3380,388
3.7615815,3381,389
3.7626060999999993,3382,388
3.763608999999999,3383,387
3.7646404999999987,3384,388
3.7656636999999993,3385,388
3.766674199999999,3386,387
3.7685689,3387,388
3.7695816000000004,3388,387
3.7706231,3389,388
3.7716507999999997,3390,388
3.7726568,3391,389
3.7736859000000003,3392,388
3.7746993999999994,3393,389
3.7765778,3394,388
3.777591299999999,3395,386
3.778614599999999,3396,386
3.7796173999999993,3397,387
3.7806409,3398,388
3.7816642,3399,388
3.7826880000000003,3400,387
3.784605299999999,3401,390
3.7855925999999993,3402,387
3.7866153999999987,3403,388
3.787639799999999,3404,388
3.788651399999999,3405,388
3.789676199999999,3406,388
3.7906882999999993,3407,388
3.7925815000000007,3408,389
3.7935826000000006,3409,387
3.794605699999998,3410,388
3.7956076000000003,3411,389
3.7966406,3412,387
3.7977331999999997,3413,387
3.7987119999999983,3414,388
3.800578399999999,3415,388
3.8015909999999984,3416,388
3.8026151000000006,3417,386
3.8036408999999978,3418,386
3.8046536999999994,3419,386
3.8056741999999986,3420,388
3.8066934000000003,3421,386
3.8085705999999995,3422,386
3.809596499999998,3423,387
3.810647499999998,3424,386
3.8116826999999986,3425,386
3.8126885,3426,387
3.8136814,3427,389
3.814721800000001,3428,388
3.816589999999998,3429,389
3.8176123000000004,3430,388
3.8186213,3431,388
3.819654700000001,3432,386
3.8206689999999988,3433,388
3.8216769,3434,385
3.822704999999999,3435,385
3.8246506999999994,3436,386
3.825615199999998,3437,386
3.8266415999999985,3438,387
3.8276204000000007,3439,388
3.8286818999999994,3440,386
3.829803599999998,3441,387
3.8307097,3442,387
3.8326050999999985,3443,387
3.8336357999999997,3444,386
3.8346181,3445,388
3.8356424999999987,3446,387
3.836686199999999,3447,386
3.8378017,3448,388
3.838785399999999,3449,388
3.8405914999999986,3450,386
3.8416020999999994,3451,386
3.8426150999999997,3452,386
3.8436178000000005,3453,386
3.8446648000000003,3454,387
3.845679999999998,3455,388
3.847559799999999,3456,387
3.848582999999998,3457,390
3.849609000000001,3458,388
3.850969799999998,3459,386
3.8518553000000004,3460,387
3.8526944999999984,3461,388
3.853698399999999,3462,386
3.855575599999998,3463,388
3.856599899999999,3464,388
3.857670800000001,3465,387
3.8587579000000005,3466,388
3.859701600000001,3467,388
3.860926199999998,3468,388
3.8617941999999985,3469,388
3.8635668999999986,3470,386
3.864721199999998,3471,388
3.865663399999999,3472,386
3.8666844000000005,3473,388
3.867656799999999,3474,389
3.868701699999999,3475,388
3.8697145000000006,3476,387
3.8715632999999983,3477,388
3.8725860999999995,3478,388
3.8736101000000005,3479,387
3.8746387999999996,3480,387
3.8756287,3481,387
3.876691600000001,3482,387
3.8778748000000007,3483,388
3.8795633999999986,3484,387
3.8805718999999996,3485,388
3.881598099999998,3486,388
3.8826383,3487,388
3.8836893000000003,3488,387
3.8846682,3489,388
3.885688299999998,3490,386
3.8875589999999995,3491,387
3.8885869,3492,388
3.8896157000000002,3493,387
3.890684399999998,3494,389
3.8916888000000007,3495,388
3.892713699999998,3496,388
3.8936802999999998,3497,388
3.895551900000001,3498,386
3.8965749999999986,3499,388
3.8976305999999994,3500,386
3.8987908000000004,3501,388
3.8997098,3502,388
3.900756900000001,3503,388
3.901710099999999,3504,388
3.9035665999999978,3505,388
3.9046865000000004,3506,387
3.9056584,3507,388
3.9066460999999997,3508,385
3.9077439,3509,386
3.9086663,3510,388
3.909689,3511,387
3.911552399999998,3512,385
3.9125866999999985,3513,386
3.9136121999999993,3514,387
3.914725999999998,3515,387
3.915759900000001,3516,388
3.9166734000000005,3517,388
3.9180484,3518,386
3.9195846000000003,3519,389
3.9206225000000003,3520,388
3.9216431000000007,3521,388
3.9226473000000013,3522,387
3.923713799999998,3523,388
3.9246872999999987,3524,387
3.9257035999999985,3525,386
3.9275680999999985,3526,386
3.9285984999999997,3527,387
3.929654599999999,3528,388
3.9306376999999983,3529,387
3.9317132999999984,3530,387
3.9326912999999983,3531,389
3.933695099999998,3532,389
3.935559900000001,3533,389
3.9365859999999984,3534,388
3.9375947999999994,3535,387
3.9386387999999997,3536,387
3.9396154999999986,3537,388
3.9406637999999994,3538,388
3.941683600000001,3539,388
3.943549000000001,3540,386
3.9446854999999985,3541,386
3.9456184999999984,3542,388
3.946638,3543,387
3.9476547999999987,3544,386
3.9486634999999985,3545,386
3.949684099999999,3546,386
3.9515478,3547,388
3.9525988000000005,3548,388
3.9536137999999994,3549,387
3.954619300000001,3550,388
3.9556176,3551,386
3.9566680000000005,3552,388
3.957756700000001,3553,387
3.959583500000001,3554,388
3.960618499999999,3555,386
3.9616228000000007,3556,388
3.9626300000000008,3557,387
3.963650099999999,3558,386
3.964665,3559,388
3.965674100000001,3560,387
3.9675632000000007,3561,386
3.968590800000001,3562,387
3.9696137,3563,388
3.9706176999999983,3564,386
3.971673799999998,3565,388
3.972690400000001,3566,388
3.9736911,3567,386
3.9755629,3568,387
3.9765933999999987,3569,387
3.9776129000000005,3570,388
3.9786186999999984,3571,386
3.979640700000001,3572,387
3.9806825000000003,3573,387
3.981684699999999,3574,386
3.983608699999998,3575,388
3.984652099999998,3576,388
3.9856583000000008,3577,388
3.9866421999999986,3578,387
3.9886701,3579,387
3.9888198999999993,3580,388
3.989691699999998,3581,388
3.9915877,3582,386
3.992593199999998,3583,387
3.993614000000001,3584,388
3.9946167999999993,3585,389
3.995657699999999,3586,388
3.9966773999999994,3587,388
3.9976857999999993,3588,387
3.999579999999998,3589,388
4.0005801000000005,3590,388
4.001621199999999,3591,389
4.002639899999998,3592,389
4.003628299999999,3593,388
4.004663699999998,3594,388
4.005690699999999,3595,389
4.007591999999999,3596,388
4.008598199999998,3597,390
4.0096144,3598,389
4.010632399999999,3599,389
4.0117668,3600,388
4.012684,3601,387
4.0137015,3602,388
4.015578699999999,3603,389
4.016589400000001,3604,389
4.017610999999999,3605,387
4.018630299999998,3606,388
4.0196194,3607,388
4.0206616,3608,388
4.021701799999999,3609,388
4.0235992,3610,388
4.0246271,3611,388
4.0256793,3612,387
4.026633699999998,3613,389
4.0276432,3614,388
4.028663999999999,3615,389
4.029692600000001,3616,389
4.031569399999999,3617,389
4.032582999999999,3618,388
4.033610199999998,3619,389
4.034629299999999,3620,389
4.0356199,3621,388
4.036664999999999,3622,388
4.037724999999998,3623,390
4.039599899999999,3624,389
4.040597399999999,3625,387
4.0416159,3626,389
4.0426404,3627,387
4.043650599999999,3628,389
4.044672200000001,3629,388
4.0456933,3630,388
4.0475694,3631,387
4.048592199999998,3632,388
4.049620300000001,3633,389
4.050645599999999,3634,388
4.051672,3635,388
4.052733400000001,3636,388
4.053707599999999,3637,388
4.055585499999999,3638,389
4.056594799999999,3639,387
4.057612899999999,3640,389
4.058630600000001,3641,389
4.059655599999999,3642,389
4.060663099999999,3643,387
4.061703299999998,3644,388
4.0635781999999985,3645,389
4.064624800000001,3646,389
4.065656999999998,3647,389
4.066644099999998,3648,390
4.0676399,3649,388
4.068713899999999,3650,388
4.069696699999998,3651,388
4.071572,3652,388
4.072596900000001,3653,388
4.0736115999999996,3654,388
4.074630199999998,3655,388
4.0756537,3656,388
4.076660999999998,3657,388
4.077703499999998,3658,388
4.079622799999999,3659,388
4.0806155,3660,387
4.081623499999999,3661,388
4.0826408,3662,390
4.083640299999999,3663,388
4.0856423,3664,388
4.0865604,3665,389
4.0875956,3666,387
4.0886332,3667,388
4.089639699999999,3668,389
4.0906538999999995,3669,387
4.091805399999998,3670,388
4.092720100000001,3671,388
4.0945776999999985,3672,389
4.0955899,3673,388
4.096610299999998,3674,389
4.0976265000000005,3675,390
4.098630400000001,3676,389
4.099631299999999,3677,388
4.1006711,3678,390
4.102551500000001,3679,388
4.103571599999999,3680,389
4.104592499999999,3681,390
4.105690899999999,3682,388
4.106633800000001,3683,389
4.107655699999999,3684,388
4.108676199999998,3685,387
4.110559599999998,3686,387
4.1115782,3687,387
4.1126036,3688,387
4.1136292999999995,3689,388
4.114636900000001,3690,388
4.115632599999998,3691,388
4.116682900000001,3692,387
4.118620700000001,3693,388
4.119595399999998,3694,388
4.1206116,3695,389
4.121625999999999,3696,387
4.122632499999998,3697,388
4.1236554000000005,3698,388
4.124674899999999,3699,388
4.126559499999999,3700,390
4.1275781999999985,3701,389
4.1286013,3702,389
4.129622600000001,3703,388
4.130630400000001,3704,389
4.131698,3705,388
4.132763699999998,3706,387
4.134570499999999,3707,387
4.135581599999998,3708,388
4.1366017,3709,389
4.137623999999999,3710,388
4.138631499999999,3711,389
4.139654199999999,3712,388
4.140673400000001,3713,389
4.1425573,3714,389
4.143587,3715,389
4.144599599999999,3716,387
4.145753799999998,3717,388
4.1466475,3718,389
4.147687600000001,3719,388
4.148685999999998,3720,388
4.150552900000001,3721,389
4.151588799999999,3722,390
4.1525946000000005,3723,389
4.153618699999999,3724,388
4.154638500000001,3725,389
4.1556682999999985,3726,389
4.156686699999998,3727,386
4.158594699999998,3728,388
4.159607300000001,3729,386
4.1605995,3730,387
4.161618699999998,3731,386
4.1626398999999985,3732,388
4.163660499999999,3733,387
4.164694399999998,3734,387
4.1665603,3735,389
4.167591399999999,3736,388
4.168599399999998,3737,388
4.169620299999998,3738,389
4.170638399999998,3739,386
4.171747100000001,3740,387
4.172733600000001,3741,388
4.17455,3742,387
4.1755982,3743,387
4.176608299999998,3744,388
4.177627300000001,3745,386
4.178649199999999,3746,386
4.179665,3747,387
4.180688100000001,3748,388
4.1825571,3749,387
4.1836839999999995,3750,388
4.184593899999999,3751,388
4.185700499999999,3752,388
4.186647699999998,3753,388
4.187665199999998,3754,388
4.188678899999999,3755,386
4.190549399999998,3756,388
4.191598199999998,3757,388
4.192619499999999,3758,389
4.1936472999999985,3759,388
4.194656899999998,3760,388
4.1957509,3761,389
4.196690799999999,3762,388
4.198595099999999,3763,390
4.1996338999999985,3764,390
4.200631999999999,3765,388
4.201636099999998,3766,389
4.202651100000001,3767,389
4.2036762,3768,388
4.204679800000001,3769,388
4.2065482,3770,389
4.207598300000001,3771,388
4.208624,3772,388
4.2096284,3773,387
4.210656400000001,3774,386
4.211701399999999,3775,389
4.2127669999999995,3776,386
4.214550299999999,3777,387
4.215598499999999,3778,387
4.2166177000000005,3779,389
4.2176273,3780,387
4.2186488,3781,389
4.219674000000001,3782,388
4.220680299999998,3783,386
4.222561599999999,3784,388
4.2236127,3785,387
4.224618100000001,3786,387
4.2256812,3787,388
4.226702899999999,3788,387
4.2276783999999985,3789,388
4.2286888000000005,3790,386
4.2305575,3791,386
4.231589199999998,3792,388
4.232607899999998,3793,387
4.2336177,3794,388
4.234644499999998,3795,388
4.235687299999999,3796,388
4.236677499999999,3797,387
4.238586399999999,3798,386
4.239635,3799,388
4.240641700000001,3800,386
4.241645999999999,3801,387
4.242664699999999,3802,388
4.243640899999999,3803,388
4.244738999999999,3804,386
4.246585199999998,3805,388
4.2475904,3806,388
4.248608000000001,3807,388
4.249628699999999,3808,388
4.2506558000000005,3809,388
4.251671599999998,3810,389
4.2527413,3811,388
4.2545869,3812,388
4.2555969000000005,3813,387
4.256659499999998,3814,388
4.257662199999999,3815,388
4.2586589,3816,388
4.2597047,3817,386
4.2606967000000004,3818,389
4.262571399999999,3819,388
4.2635872,3820,389
4.264606499999999,3821,386
4.265729,3822,388
4.266652099999998,3823,388
4.267693600000001,3824,388
4.2687162,3825,389
4.270586699999999,3826,387
4.271648500000001,3827,387
4.2726167,3828,388
4.2736348,3829,388
4.2746435,3830,387
4.275675700000001,3831,387
4.276697500000001,3832,388
4.278589700000001,3833,388
4.279641999999999,3834,386
4.280636399999999,3835,387
4.281631699999998,3836,389
4.282655599999998,3837,388
4.283680699999998,3838,388
4.2846948000000005,3839,388
4.286568800000001,3840,388
4.2876589,3841,386
4.288626999999998,3842,388
4.289646300000001,3843,386
4.290651699999998,3844,386
4.291672299999998,3845,388
4.292753600000001,3846,386
4.294582999999999,3847,387
4.2956040999999985,3848,388
4.296616399999998,3849,388
4.297640099999999,3850,388
4.298661299999999,3851,388
4.299670299999999,3852,386
4.300686200000001,3853,386
4.302577499999998,3854,388
4.303671900000001,3855,388
4.3046319,3856,388
4.305775999999998,3857,386
4.306720800000001,3858,388
4.3076583,3859,388
4.3087070999999995,3860,388
4.310587999999999,3861,388
4.311605499999999,3862,389
4.312615000000001,3863,389
4.313630400000001,3864,388
4.3146512,3865,387
4.315678699999999,3866,386
4.3166957,3867,388
4.3185675,3868,388
4.319690399999999,3869,387
4.3206330999999984,3870,389
4.3216477,3871,388
4.3226707,3872,388
4.3236718,3873,388
4.3255507999999985,3874,388
4.326567399999998,3875,388
4.3276091,3876,386
4.3286187,3877,387
4.329637699999999,3878,387
4.330658799999998,3879,389
4.331665000000001,3880,389
4.333583699999998,3881,388
4.334568999999998,3882,388
4.3356937,3883,387
4.336753899999998,3884,388
4.337679399999999,3885,388
4.338702299999998,3886,388
4.339677699999999,3887,388
4.3415599,3888,388
4.342577800000001,3889,388
4.3435998,3890,388
4.3446189,3891,389
4.345709599999999,3892,387
4.3466871000000005,3893,386
4.347688999999999,3894,388
4.349552599999999,3895,386
4.3505684,3896,386
4.351656800000001,3897,387
4.352636699999998,3898,388
4.3536401,3899,387
4.3546625,3900,388
4.355683799999998,3901,389
4.357557199999999,3902,388
4.358569599999999,3903,388
4.3596734999999995,3904,386
4.3606342,3905,387
4.361643300000001,3906,387
4.362663000000001,3907,386
4.363685699999998,3908,386
4.365548499999999,3909,386
4.3665959,3910,388
4.367610499999998,3911,389
4.3686285,3912,389
4.3696579,3913,387
4.370652400000001,3914,388
4.371682100000001,3915,388
4.373566099999998,3916,388
4.3745712999999995,3917,388
4.3755925,3918,388
4.376633999999999,3919,389
4.378581499999999,3920,388
4.3787299,3921,389
4.379674299999998,3922,386
4.381563499999999,3923,387
4.382596599999999,3924,389
4.383601899999999,3925,387
4.3846183,3926,386
4.3856599,3927,388
4.386693900000001,3928,387
4.387650600000001,3929,387
4.3895573,3930,388
4.390583199999998,3931,388
4.3915924,3932,388
4.3926345,3933,386
4.3936503999999985,3934,388
4.394653299999998,3935,387
4.395674700000001,3936,386
4.397565400000001,3937,386
4.3985956,3938,388
4.399703599999999,3939,388
4.400647499999998,3940,388
4.401657099999998,3941,386
4.402663799999999,3942,387
4.403662199999999,3943,387
4.405548799999998,3944,388
4.406597299999998,3945,388
4.407601100000001,3946,388
4.4086201,3947,388
4.409640199999998,3948,388
4.4106676,3949,387
4.411685899999998,3950,386
4.413565200000001,3951,389
4.414584399999999,3952,387
4.415592499999999,3953,387
4.4166335,3954,389
4.417655199999999,3955,388
4.418662399999999,3956,386
4.419663700000001,3957,390
4.421548399999999,3958,389
4.422599099999999,3959,387
4.423603199999999,3960,388
4.4246199,3961,390
4.425639999999998,3962,389
4.426743999999999,3963,389
4.427759399999999,3964,390
4.429560500000001,3965,389
4.4305924999999995,3966,390
4.431612600000001,3967,390
4.432619599999999,3968,390
4.433640699999998,3969,390
4.4346682999999985,3970,389
4.4356835,3971,390
4.437557399999999,3972,388
4.438583000000001,3973,388
4.439696699999999,3974,389
4.440625600000001,3975,388
4.441639200000001,3976,388
4.442683200000001,3977,388
4.443734799999998,3978,389
4.445558800000001,3979,388
4.446584599999998,3980,388
4.447613099999998,3981,389
4.448619099999998,3982,389
4.4496398,3983,389
4.450679000000001,3984,388
4.4516831,3985,387
4.453587299999999,3986,387
4.454588000000001,3987,388
4.455611300000001,3988,388
4.456620600000001,3989,388
4.457639799999999,3990,390
4.458680099999999,3991,388
4.459687800000001,3992,388
4.461548499999999,3993,386
4.462598499999999,3994,387
4.4636146,3995,388
4.464618299999998,3996,387
4.465640799999999,3997,388
4.4667353,3998,388
4.467681800000001,3999,386
